15847
2188474.924197 -2557530.142725 -439187.205480 -0.323547
2188200.837095 -2557771.220521 -439302.111679 -0.020828
2188400.710429 -2557530.317778 -439162.465997 -0.322828
2188495.275536 -2557793.427965 -439124.041893 0.338825
2188131.884310 -2557769.788645 -438980.623248 -0.297582
2188277.220028 -2557619.888380 -438920.862634 0.362280
2188156.034042 -2557854.465283 -438792.242380 -0.595431
2188479.704956 -2557465.931863 -438674.914539 0.468435
2188614.042626 -2557829.228465 -438607.352933 -0.796676
2188209.049726 -2557911.230861 -438612.234103 -0.010200
2188249.692595 -2557807.507883 -438481.506292 -0.649085
2188325.857119 -2558044.783969 -438446.276896 1.525625
2188437.899952 -2557576.802670 -438242.609457 -0.126892
2188290.676369 -2557878.681793 -438189.833583 -0.290631
2188298.618297 -2557782.510472 -438034.763534 -1.590742
2188313.868261 -2557608.776642 -437842.983502 -0.446907
2188034.929747 -2557825.963171 -437924.475192 0.253234
2188413.671863 -2557607.633679 -437747.511930 -0.572846
2188243.920317 -2557764.552812 -437760.630418 0.145422
2188264.671035 -2557791.066872 -437681.509567 0.597210
2188532.105593 -2557733.959820 -437602.538713 0.457059
2188665.189780 -2557950.757371 -437538.168334 0.796315
2188340.067781 -2557898.155074 -437354.182834 -0.356889
2188181.642699 -2557962.103949 -437368.027518 -0.102884
2188227.567475 -2557795.509954 -437265.328513 -1.090894
2188173.172865 -2558016.851276 -437291.381574 0.012387
2188223.225153 -2557972.570334 -437188.402300 -0.369115
2188191.255559 -2558005.451178 -437184.637133 -0.168047
2188583.233542 -2557891.796814 -437115.642836 0.525885
2188343.543435 -2557758.194338 -436985.405100 -0.008749
2188190.248094 -2557860.414678 -436976.936986 0.991898
2188301.770657 -2557918.805579 -436937.023027 0.030270
2188315.970682 -2557918.411220 -436855.490606 -0.131615
2188349.131504 -2558152.932463 -436928.086481 0.398485
2188178.372217 -2558032.071099 -436797.337906 0.248596
2188028.583313 -2557983.795323 -436821.333279 0.373225
2188388.300437 -2557763.621278 -436638.065977 0.558388
2188285.377403 -2557879.944344 -436646.814320 0.555985
2188152.893323 -2557936.145266 -436584.261059 -0.459974
2188092.090477 -2558081.373832 -436651.467371 0.093665
2188405.686613 -2557768.656788 -436536.501584 -0.009494
2188397.063918 -2557769.798020 -436488.652029 -0.020141
2188314.827600 -2557819.308634 -436480.884877 0.570731
2188306.728090 -2557978.663768 -436467.826068 -0.037825
2188203.869580 -2557980.308528 -436445.227602 0.235458
2188133.470239 -2558093.161675 -436429.011777 -0.149340
2188216.202777 -2557935.566003 -436368.222694 -0.015983
2188265.896750 -2558175.037154 -436392.757373 0.735132
2188232.529767 -2557980.461749 -436309.263300 -0.011475
2188250.090087 -2558003.817798 -436264.295913 -0.019227
2188314.861273 -2558179.609445 -436262.221859 1.075813
2188585.438587 -2558147.565236 -436204.307003 1.324677
2188331.838760 -2558188.271984 -436122.038219 -0.440038
2188328.570321 -2558018.583545 -436109.498000 0.265029
2188293.205812 -2557987.886816 -436054.470588 -0.009408
2188070.829576 -2558199.973460 -436050.240495 -0.011743
2188487.840475 -2558079.134644 -435981.219724 0.344657
2188195.343467 -2558422.093686 -436030.790006 0.314515
2188056.639077 -2558228.132847 -435963.042922 -0.011714
2188282.068691 -2558385.284773 -435943.832408 1.308792
2188261.125461 -2558114.562116 -435832.954361 -0.146376
2188432.986648 -2558165.197509 -435817.927205 -1.349900
2188266.935476 -2558079.601537 -435801.591146 -0.017068
2188378.895228 -2557994.298849 -435765.887525 -0.007647
2188118.564004 -2558215.006759 -435782.477367 -0.007350
2188400.100575 -2558001.428750 -435706.321079 -0.011968
2188281.835636 -2558427.495870 -435756.716879 -0.571842
2188049.972019 -2558269.367853 -435729.901884 -0.010075
2188446.551283 -2558214.372273 -435625.402926 -0.488867
2188302.378126 -2558325.652932 -435659.421679 -0.096502
2188407.776175 -2558027.504174 -435580.035026 -0.018706
2188057.877842 -2558297.344858 -435613.037399 -0.019516
2188186.648135 -2558149.194623 -435540.977521 -1.219628
2188232.136786 -2558376.139198 -435559.788505 -0.343928
2188296.688694 -2558149.025706 -435487.586790 -0.025040
2188168.192029 -2558264.869196 -435492.157279 -0.017224
2188096.293760 -2558317.679330 -435471.797324 -0.022101
2188268.566359 -2558011.142713 -435309.514504 -0.326973
2188264.842653 -2558196.808141 -435403.774593 -0.019407
2188297.001123 -2558396.366724 -435415.302648 0.909120
2188405.926768 -2558411.201902 -435392.411110 1.142034
2188267.202611 -2558216.438213 -435306.787112 -0.020105
2188398.788820 -2558141.047853 -435250.391802 -0.015812
2188388.026375 -2558152.228187 -435224.128943 -0.015949
2188401.874773 -2558117.509047 -435188.716342 -0.377203
2188329.118540 -2558209.123107 -435186.428289 -0.015030
2188125.687017 -2558352.418815 -435192.574251 -0.015664
2188319.381339 -2558221.160829 -435146.251004 -0.018069
2188377.971716 -2558187.880730 -435090.238098 -0.013401
2188188.997635 -2558328.397153 -435081.585742 -0.005016
2188170.686916 -2558219.717020 -434966.127524 -0.374297
2188323.487687 -2558209.007687 -434994.439600 0.013882
2188386.415463 -2558200.911703 -434970.676387 -0.009152
2188070.179994 -2558431.070050 -435013.731750 -0.016003
2188213.478169 -2558334.586436 -434968.477924 0.901706
2188454.428851 -2558121.892271 -434861.733895 -0.810488
2188513.909965 -2558434.050489 -434884.050382 -0.958302
2188141.409634 -2558217.687345 -434829.147855 -1.613130
2188223.425849 -2558200.265503 -434803.144367 0.094110
2188265.314515 -2558407.359421 -434828.989848 0.533954
2188394.505528 -2558135.768988 -434731.949819 -0.392973
2188151.748923 -2558554.646204 -434812.405589 0.154986
2188074.465868 -2558463.278033 -434788.196988 -0.051925
2188078.469246 -2558492.570272 -434763.060775 -0.013035
2188345.655299 -2558306.083905 -434684.759823 -0.248179
2188353.677784 -2558162.692477 -434607.189653 -0.560369
2188196.693999 -2558493.855215 -434689.223765 0.032597
2188388.295681 -2558511.595091 -434649.649600 -0.412135
2188207.958478 -2558351.820613 -434646.607492 0.528053
2188119.123500 -2558481.987838 -434607.487913 0.363828
2188106.993457 -2558491.574766 -434564.461228 -0.010943
2188154.597690 -2558461.458400 -434549.527145 -0.008552
2188366.570055 -2558312.327155 -434473.819605 -0.011482
2188214.442411 -2558440.324321 -434474.904219 -0.016911
2188176.829097 -2558412.489554 -434467.373371 1.463705
2188335.165421 -2558486.473260 -434437.429772 1.034923
2188099.160954 -2558524.089377 -434433.272374 -0.004245
2188214.235389 -2558712.255759 -434485.816374 0.565718
2188448.634219 -2558327.342970 -434299.800323 -0.332340
2188137.983990 -2558510.201244 -434322.134268 -0.311019
2188114.245122 -2558448.790259 -434251.575283 -1.394523
2188208.275835 -2558476.305677 -434215.891024 0.057119
2188504.499071 -2558447.679045 -434205.833956 0.592227
2188135.988532 -2558547.860426 -434165.608819 0.003508
2187897.059553 -2557766.428154 -439196.489213 -0.401717
2188056.945995 -2558016.481905 -439241.576241 0.441390
2188022.673356 -2557844.852309 -439144.290668 0.088403
2188123.931812 -2557878.891861 -439097.390015 -0.327137
2188068.191124 -2558094.299969 -439050.730702 0.226501
2187918.475814 -2557767.163783 -438907.403448 0.103829
2188230.748308 -2557984.991856 -438836.714412 -1.779735
2188011.496188 -2558100.058490 -438826.991664 0.810561
2187779.691855 -2558125.032519 -438771.372320 0.821763
2187680.824552 -2558121.504123 -438648.776445 -0.488066
2187919.027630 -2558222.460350 -438588.449418 -0.564710
2187759.764612 -2558029.112510 -438510.288208 -1.717147
2187869.803181 -2558318.741642 -438513.552804 0.250504
2187960.062081 -2558107.408839 -438421.267145 0.572807
2187906.550238 -2557831.601554 -438304.124244 -0.152579
2187832.702140 -2558188.162952 -438255.576247 -1.765234
2187819.429280 -2558149.078769 -438180.287077 -0.205275
2187749.748924 -2557998.392064 -438111.207857 0.402738
2187594.233355 -2558043.505229 -438029.843721 0.005890
2188018.479575 -2557896.877834 -437917.432198 -0.860075
2187674.989458 -2558085.608299 -437945.244706 -0.173603
2187829.554818 -2557962.666049 -437843.176689 -0.060374
2187662.357533 -2558054.988005 -437832.616401 0.014679
2187750.226742 -2558082.119841 -437776.640220 0.319096
2187672.346049 -2558106.229431 -437745.519807 0.016775
2187735.488371 -2558001.443714 -437688.912392 0.007801
2187790.191787 -2558341.170392 -437668.194079 -0.418562
2187894.099961 -2558410.907208 -437673.116773 -0.490620
2187770.485846 -2558011.832878 -437574.672530 0.012122
2187810.898392 -2558068.262272 -437541.645317 -0.314666
2187803.727607 -2557987.794511 -437484.789920 0.010399
2188173.793657 -2558240.576709 -437509.355442 1.771816
2187774.433621 -2558194.260500 -437454.210818 -0.913829
2187944.192675 -2558255.428271 -437509.877909 0.387159
2187793.279326 -2558251.623648 -437407.371507 0.226721
2187650.887296 -2558175.112983 -437372.585150 0.010932
2187660.783835 -2558175.912578 -437323.096008 0.014923
2187720.614791 -2558123.089987 -437271.734659 0.012653
2187751.762899 -2558465.652592 -437237.626267 -0.408206
2187840.660183 -2558018.316456 -437186.100857 0.011977
2187733.089311 -2558296.710579 -437214.618225 -0.734651
2187665.161077 -2558161.738494 -437187.885742 0.873654
2187716.649149 -2558179.032715 -437144.097121 0.013330
2187665.078288 -2558229.015525 -437126.511525 0.017623
2187843.303101 -2558280.326496 -437093.929820 -0.713598
2187714.521246 -2558205.556570 -437051.306241 -0.351901
2187750.105741 -2558202.929328 -437042.475081 0.015925
2188008.140402 -2558020.202091 -436921.294784 1.572325
2188007.427937 -2558401.440194 -436961.166299 -1.314853
2187668.699376 -2558278.304941 -436944.322243 0.012899
2187755.017749 -2558440.025030 -437030.921156 0.317753
2187969.675157 -2558352.491509 -436864.286129 -0.634797
2187650.499065 -2558319.937536 -436856.477838 0.023656
2188081.877452 -2558195.850784 -436807.048293 0.143342
2187943.939698 -2558068.835278 -436676.423405 -0.454961
2187735.836702 -2558451.019650 -436795.000631 -0.078674
2187925.216765 -2558092.398932 -436686.267543 0.006951
2187933.190975 -2558535.896327 -436761.398495 0.776065
2187913.028952 -2558117.261461 -436643.105523 -0.002908
2187612.746461 -2558396.018039 -436695.049579 0.008106
2187700.730949 -2558328.630658 -436643.006839 0.002908
2187612.480975 -2558407.826725 -436633.126150 0.007641
2188086.318028 -2558287.986894 -436551.185110 -0.478333
2187904.225272 -2558172.447647 -436505.427958 -0.000720
2187891.263389 -2558505.458769 -436600.312178 0.533487
2187945.678842 -2558162.474496 -436427.805924 -0.006031
2187907.436536 -2558203.680389 -436409.809256 0.001759
2187762.532239 -2558187.328939 -436410.183952 0.497544
2188051.437310 -2558382.230524 -436399.588843 -0.382250
2187755.934167 -2558342.383227 -436391.791310 0.012257
2187926.002693 -2558235.511237 -436317.437989 -0.001289
2187644.401552 -2558438.034552 -436362.650011 0.000550
2187700.129825 -2558399.116983 -436332.295307 0.004931
2187980.904434 -2558215.956810 -436271.358916 -0.007104
2187828.058519 -2558238.689177 -436271.106505 0.684691
2187684.742160 -2558432.096944 -436289.264351 0.382560
2187737.043477 -2558392.719284 -436252.139117 -0.001814
2187736.604790 -2558398.308235 -436206.289895 0.014973
2187934.741516 -2558302.791449 -436142.394071 -0.002827
2187876.784534 -2558409.752985 -436156.313788 1.324495
2187775.194934 -2558389.471326 -436114.319482 0.005286
2187955.791582 -2558484.442603 -436102.522991 1.288470
2187860.390654 -2558470.215989 -435994.247715 -0.345266
2187980.139512 -2558276.506957 -435986.203294 -0.011721
2187689.048017 -2558511.035237 -436027.316483 0.008390
2187902.880767 -2558398.614705 -435955.725879 1.297225
2187819.709688 -2558514.790178 -435857.563399 -0.317592
2187855.704218 -2558374.706978 -435886.096849 -0.049361
2187724.582430 -2558496.959050 -435892.338832 0.002347
2187995.804772 -2558472.139299 -435829.615257 0.371210
2187684.280354 -2558623.839795 -435852.648506 0.157237
2187981.462902 -2558317.730568 -435743.470881 -0.003873
2187747.142974 -2558496.183617 -435771.727312 -0.005493
2187682.162822 -2558549.461241 -435769.024500 -0.002705
2187730.421081 -2558303.056592 -435602.008672 -0.374364
2187702.705811 -2558545.505118 -435702.521380 -0.001713
2187781.226225 -2558722.620095 -435629.142145 -0.363817
2188108.106099 -2558475.973314 -435584.130266 -1.234401
2188066.172871 -2558489.817477 -435557.401723 -0.275579
2187756.801971 -2558513.848749 -435554.904451 -0.222334
2187656.061652 -2558620.377164 -435554.962678 -0.000681
2187911.830244 -2558596.022832 -435438.702635 -0.319255
2188015.801249 -2558601.018237 -435519.513092 0.949250
2187740.713993 -2558775.426242 -435525.005318 -1.400070
2187560.386712 -2558503.245877 -435396.368825 -0.361854
2187653.383035 -2558638.615130 -435465.359991 -0.002606
2187675.877311 -2558579.837905 -435448.064235 0.734330
2187950.003334 -2558375.951725 -435339.142561 -1.438801
2187574.137642 -2558455.924301 -435388.391235 0.762899
2188186.358249 -2558583.496658 -435362.046255 0.235508
2187964.968099 -2558456.905429 -435317.863426 -0.009793
2188004.562825 -2558354.669544 -435320.656225 0.454442
2187663.405929 -2558630.443358 -435333.860081 0.351325
2187960.766902 -2558462.590243 -435249.063292 -0.011022
2187922.034749 -2558504.070545 -435238.441615 -0.009836
2187723.775880 -2558645.317168 -435264.289791 -0.005507
2187673.085022 -2558685.238114 -435243.033634 -0.004447
2187844.866612 -2558579.225013 -435179.638033 -0.011953
2187746.601053 -2558661.743956 -435172.747883 0.000435
2188051.578078 -2558436.333496 -435077.347175 -0.008912
2187996.873722 -2558492.414037 -435082.433405 -0.000318
2187917.369950 -2558683.603957 -435101.011050 -0.062115
2187762.732917 -2558685.497490 -435055.264898 -0.003738
2187947.384168 -2558524.424690 -434984.581239 -0.223142
2187804.953200 -2558656.439288 -434997.625560 -0.007840
2187770.556839 -2558692.388333 -434980.210652 -0.008788
2187929.149648 -2558330.663349 -434866.732615 0.581076
2188032.656751 -2558674.313247 -434975.946786 0.350806
2187865.127106 -2558682.000105 -434898.732506 0.183890
2187559.859793 -2558523.389480 -434834.014369 -1.376731
2187737.976263 -2558907.161049 -434899.096817 -0.123181
2187689.909052 -2558864.535006 -434794.082868 -0.332446
2187768.291628 -2558703.373819 -434800.591763 -0.013230
2187911.388878 -2558597.508435 -434743.924197 -0.009574
2187774.899739 -2558653.217635 -434728.698188 -0.212766
2187677.756742 -2558783.292060 -434750.665993 -0.010124
2187889.947786 -2558602.055623 -434670.557345 -1.613682
2187680.304270 -2558815.925904 -434627.166827 -0.494528
2187597.215789 -2558765.381206 -434588.749356 -0.407247
2187743.606950 -2558966.944579 -434661.365012 0.081170
2187778.879439 -2558729.718374 -434598.071054 -0.011391
2187684.640309 -2558794.277526 -434598.932210 -0.008710
2187822.195479 -2558736.471363 -434534.245306 -0.015364
2187919.143536 -2558654.796596 -434486.309355 -0.016219
2187926.215888 -2558436.266032 -434440.410307 0.546273
2187694.528349 -2558824.228503 -434475.933331 -0.071974
2187740.621140 -2558805.209529 -434464.930687 -0.010296
2187655.189125 -2558843.576698 -434455.749560 -0.007739
2187736.765011 -2558875.919033 -434352.262809 -0.384131
2188017.467542 -2558605.990451 -434331.834776 0.001834
2187987.214782 -2558702.036423 -434343.309415 0.546111
2187581.860222 -2558726.251868 -434296.778152 -0.665501
2187823.930982 -2558683.902178 -434289.860604 0.579203
2187782.777428 -2558783.851219 -434268.904202 -0.008575
2187666.471974 -2558865.422734 -434280.531937 -0.004491
2187772.736299 -2558742.485291 -434230.331600 1.236324
2187869.946514 -2558737.822566 -434199.279859 -0.010864
2188011.207584 -2558689.445900 -434147.605011 -0.075111
2187519.081037 -2558075.020099 -439286.607495 -0.315766
2187587.105579 -2558229.937414 -439425.728420 0.383945
2187334.619382 -2558162.257653 -439266.197992 0.967361
2187542.773795 -2558255.895399 -439205.018640 1.309205
2187567.388697 -2557936.004642 -439025.821438 -0.426277
2187469.462392 -2558196.016287 -439044.853337 0.206935
2187604.259622 -2558118.222785 -439038.142577 0.390888
2187699.089027 -2558329.263678 -438943.993122 1.215725
2187632.737959 -2558052.726847 -438877.161693 0.414728
2187318.423618 -2558083.370957 -438798.354239 0.490578
2187228.672732 -2558205.577595 -438792.367979 -0.048161
2187454.666980 -2558201.054845 -438707.417988 -1.105125
2187274.793151 -2558166.455589 -438687.067940 -0.041033
2187689.066005 -2558165.752574 -438630.283375 -0.277962
2187654.422508 -2558292.328181 -438571.201713 -0.779023
2187185.983501 -2558248.521661 -438590.730392 -0.182704
2187359.352310 -2558407.799441 -438576.608410 -0.691444
2187251.242563 -2558431.929919 -438593.479739 0.998581
2187629.267811 -2558312.436485 -438522.835613 0.018721
2187457.503676 -2558051.845653 -438422.903050 -0.015322
2187230.798382 -2558356.602407 -438453.600658 -0.268871
2187290.977001 -2558274.820233 -438411.292121 -0.032639
2187210.054635 -2558255.075365 -438380.974884 -1.071902
2187514.169551 -2558214.627678 -438251.959046 -0.330619
2187275.714322 -2558462.643512 -438357.705488 -1.730934
2187542.941813 -2558102.329125 -438254.225284 -1.133028
2187323.921159 -2558243.851837 -438288.827861 0.990705
2187282.404018 -2558398.214586 -438282.752834 -0.039395
2187288.152282 -2558313.185827 -438222.025050 0.229341
2187359.157381 -2558544.274228 -438253.875494 1.036853
2187448.272648 -2558323.276204 -438124.763034 -0.685645
2187388.884890 -2558562.414083 -438164.552491 -0.476044
2187275.241390 -2558353.031926 -438133.322848 0.908456
2187515.575591 -2558278.575971 -438058.000975 0.266714
2187497.623242 -2558504.817998 -438089.127306 0.120704
2187255.425534 -2558389.064594 -438053.392641 0.569059
2187453.742959 -2558488.217544 -438049.098340 0.637949
2187530.941677 -2558159.280051 -437922.240222 -0.007445
2187378.881706 -2558195.373415 -437889.480298 -0.427495
2187389.079485 -2558481.429908 -437932.216392 0.446590
2187365.583329 -2558344.663582 -437847.258888 -0.026292
2187620.990205 -2558362.002969 -437823.805072 0.626367
2187459.451375 -2558296.198253 -437762.505021 -0.002870
2187435.832261 -2558475.563464 -437769.432311 -0.467454
2187305.687184 -2558415.989717 -437748.987708 -0.019357
2187411.755258 -2558372.404599 -437677.670493 -0.503108
2187371.043810 -2558228.372987 -437656.319780 0.219631
2187570.934072 -2558207.610527 -437530.716389 -0.347122
2187302.615387 -2558405.671376 -437640.834168 1.190948
2187302.631081 -2558451.278817 -437618.236700 -0.020441
2187197.810301 -2558531.675235 -437624.149712 -0.020548
2187499.075869 -2558519.953890 -437573.731869 0.507957
2187391.042246 -2558383.632898 -437519.073782 -0.011555
2187329.367101 -2558438.326454 -437516.371018 -0.018642
2187563.970279 -2558550.389438 -437514.791634 -0.796058
2187282.253126 -2558528.001573 -437487.680427 -0.767412
2187341.447826 -2558356.845893 -437427.928127 0.733723
2187414.478141 -2558378.526042 -437410.598254 0.001065
2187477.519941 -2558421.025315 -437381.855003 -1.247853
2187426.263165 -2558376.348245 -437368.885505 -0.006204
2187434.920220 -2558375.397318 -437351.601663 0.001900
2187314.084708 -2558478.732453 -437367.474644 -0.016307
2187366.594171 -2558419.148508 -437323.221241 -0.450265
2187346.522811 -2558457.125689 -437315.058910 0.523982
2187565.308079 -2558283.951449 -437243.784235 -0.000015
2187693.937121 -2558603.934725 -437212.045127 -0.343548
2187204.162149 -2558590.180427 -437268.375641 -0.016597
2187449.468155 -2558401.934426 -437196.172945 -0.001436
2187500.304468 -2558516.091783 -437175.703868 -0.476429
2187560.938319 -2558560.914386 -437119.895842 -0.460296
2187587.786035 -2558307.678406 -437095.499577 -0.003874
2187556.408113 -2558340.994285 -437083.406155 0.003047
2187398.791098 -2558473.097762 -437095.249744 0.004441
2187578.353902 -2558345.856544 -437009.712195 0.001772
2187561.341159 -2558372.812163 -436996.095397 0.000920
2187561.341159 -2558372.812163 -436996.095397 0.000920
2187505.915654 -2558408.330920 -436970.624966 0.000130
2187355.694683 -2558534.930882 -436987.131866 -0.016107
2187307.383979 -2558571.841485 -436978.868106 -0.020522
2187401.653351 -2558499.409322 -436948.960089 -0.001461
2187498.887237 -2558431.417314 -436897.010865 0.004392
2187444.142745 -2558546.252657 -436922.021113 0.681843
2187438.740519 -2558478.402158 -436883.027148 0.001871
2187519.722938 -2558431.007094 -436847.380878 -0.195000
2187681.881692 -2558565.937021 -436855.630280 0.600610
2187369.495233 -2558806.708038 -436959.647794 0.346966
2187425.679024 -2558717.945849 -436832.767234 -0.479708
2187319.769526 -2558592.799979 -436794.225317 -0.010394
2187464.379104 -2558485.862969 -436735.743362 0.000709
2187330.952812 -2558592.083378 -436739.752604 -0.011699
2187294.990485 -2558818.570939 -436756.122236 -0.961909
2187601.074690 -2558409.019561 -436655.115134 -0.004658
2187166.478427 -2558504.356263 -436748.547283 0.360959
2187368.492194 -2558749.354397 -436680.651459 -1.069239
2187308.024527 -2558573.535765 -436639.319317 -0.583581
2187371.899638 -2558579.140532 -436631.408086 -0.014190
2187592.560468 -2558436.039038 -436558.866379 -0.001170
2187205.972263 -2558720.816793 -436619.528513 -0.008617
2187466.244755 -2558535.517199 -436514.130132 0.000506
2187463.585336 -2558541.923279 -436494.675910 0.000241
2187352.680876 -2558523.141089 -436481.537858 0.261728
2187261.573606 -2558705.955218 -436503.272338 -0.017376
2187469.520690 -2558752.437913 -436498.793721 1.415221
2187282.767417 -2558695.820635 -436463.904797 -0.015366
2187415.474443 -2558699.005076 -436452.729978 1.680201
2187387.828993 -2558628.083904 -436406.372759 -0.006476
2187209.423966 -2558766.819498 -436401.727474 -0.021647
2187355.040776 -2558735.955086 -436381.581904 1.751162
2187207.035239 -2558771.025590 -436338.396674 -0.882574
2187278.154753 -2558507.470763 -436288.409837 -0.063629
2187269.424671 -2558743.231753 -436313.225162 -0.021524
2187460.408849 -2558609.575528 -436249.729143 -0.002188
2187479.570439 -2558604.155935 -436217.870762 -0.003303
2187575.241263 -2558743.905464 -436182.432861 -0.482661
2187561.324478 -2558542.191827 -436183.670893 -0.006541
2187503.035103 -2558597.421102 -436173.953992 -0.002224
2187595.475517 -2558563.100314 -436133.917873 -0.439898
2187258.077054 -2558712.991711 -436092.059861 -0.546956
2187460.406413 -2558666.758804 -436103.413954 -0.003016
2187570.379928 -2558837.240859 -436126.584815 0.300361
2187405.977287 -2558686.840814 -436080.997503 -0.014514
2187529.437793 -2558652.125118 -436041.072237 -0.001426
2187398.478895 -2558657.075479 -436049.508462 1.030300
2187386.763506 -2558776.894427 -436025.335886 -0.006324
2187222.156923 -2558863.923389 -436029.195645 -0.014066
2187323.217595 -2558801.188693 -435971.612385 -0.016049
2187269.227055 -2558718.226219 -435883.762056 -0.481223
2187250.725296 -2558689.092685 -435909.316099 -0.900831
2187238.857112 -2558892.981930 -435960.115063 0.684118
2187539.067395 -2558490.901285 -435773.137690 -0.494487
2187531.844948 -2558593.906895 -435760.791785 -0.527443
2187510.181182 -2558728.948434 -435787.082095 -0.003778
2187527.604553 -2558902.897613 -435804.231621 -0.019568
2187595.748982 -2558640.738502 -435720.819573 -0.011670
2187155.267671 -2558778.512935 -435770.816351 0.189733
2187209.053241 -2558918.771405 -435775.113760 -0.043602
2187370.188432 -2558831.262533 -435738.175924 -0.009688
2187233.785357 -2558636.806762 -435664.233573 -0.693064
2187392.163196 -2558690.067963 -435664.951055 0.058316
2187460.697839 -2558770.682199 -435661.957793 0.000092
2187468.738501 -2558713.672837 -435651.886404 0.508143
2187504.696307 -2558639.339737 -435603.327314 1.771930
2187566.158043 -2558691.741388 -435594.102067 -0.010365
2187452.020705 -2558791.842736 -435592.970083 -0.008120
2187459.071748 -2558828.793254 -435586.546905 0.512635
2187528.722963 -2558762.403514 -435565.027622 0.780421
2187289.187199 -2558915.758656 -435558.622490 -0.019156
2187597.981011 -2558686.632356 -435451.059095 -0.001549
2187250.454550 -2558828.058272 -435449.306474 -0.402871
2187349.891906 -2558892.401483 -435452.168586 -0.012106
2187426.692563 -2558726.910617 -435386.663992 -1.247357
2187350.235609 -2558903.006254 -435401.653123 -0.014328
2187535.050196 -2558755.082308 -435338.758995 1.009893
2187538.733508 -2558766.162594 -435310.796268 -0.000063
2187316.980218 -2559138.119164 -435368.425989 -0.726388
2187499.757402 -2558846.725995 -435302.115263 0.001815
2187401.811122 -2559042.763164 -435390.640218 0.383570
2187470.741810 -2558845.054545 -435231.347254 0.006825
2187503.058914 -2558824.062796 -435211.424555 0.003544
2187595.199125 -2558765.328225 -435159.851715 -0.000452
2187569.196081 -2558790.570857 -435141.739642 0.001950
2187419.522351 -2558908.471894 -435156.765732 -0.005835
2187269.867395 -2559024.449044 -435155.394182 -0.005870
2187319.462964 -2558737.040905 -435061.222812 -0.804813
2187448.491899 -2558839.550526 -435057.188994 0.031305
2187595.423473 -2558868.076845 -435023.395780 -0.218189
2187547.697256 -2558860.521856 -435016.375688 -0.006935
2187538.438555 -2558878.876576 -434998.301619 -0.008339
2187462.807634 -2559002.609492 -435035.373389 0.509514
2187370.712550 -2558978.256605 -434971.924540 -0.006981
2187400.778849 -2558961.744881 -434948.435553 -0.002158
2187392.355515 -2558971.126093 -434928.426896 -0.004277
2187488.991363 -2558811.630867 -434894.870910 1.243588
2187645.995473 -2558816.309082 -434860.094779 -0.336268
2187599.795178 -2559008.866996 -434931.015112 0.823159
2187510.452706 -2558900.166603 -434838.421479 0.002415
2187390.766596 -2559118.473327 -434845.713422 -0.659121
2187344.943195 -2559060.126190 -434762.945512 -0.328556
2187237.714752 -2559114.558850 -434802.190645 -0.004307
2187546.163799 -2558782.971499 -434714.001681 0.203980
2187262.180129 -2559090.510994 -434776.026134 -0.001413
2187075.321706 -2558848.032251 -434678.065211 -1.503936
2187220.160716 -2559119.417074 -434723.442290 -0.002490
2187470.554429 -2558949.870535 -434656.050992 -1.381050
2187437.157068 -2558777.851982 -434548.426025 -0.484154
2187443.529338 -2558672.648341 -434570.562138 -1.729228
2187370.217658 -2559169.102110 -434624.032878 -0.766985
2187521.554867 -2559041.202813 -434631.049155 1.600404
2187466.529904 -2558917.664892 -434586.895862 0.427906
2187553.655306 -2558843.383105 -434546.137141 0.777851
2187492.213610 -2559045.505208 -434583.056962 0.042009
2187456.939315 -2558879.184881 -434539.905183 0.578837
2187427.337272 -2558845.302572 -434516.934552 0.706746
2187401.061036 -2558874.893581 -434507.174230 0.851254
2187520.593078 -2558786.084082 -434454.909153 -1.658696
2187526.777259 -2558959.232019 -434483.133832 0.029727
2187358.291148 -2559053.216169 -434454.092631 -0.000762
2187219.688024 -2559145.426565 -434455.652048 0.003927
2187508.758741 -2558967.530716 -434397.900023 0.002465
2187600.488518 -2558979.525000 -434370.914803 -0.654022
2187586.243524 -2558914.772816 -434342.952603 0.001105
2187617.825890 -2558980.891289 -434349.638651 0.215901
2187563.065506 -2558943.486597 -434299.262946 0.003491
2187454.634226 -2558808.770720 -434268.920625 1.393983
2187542.017442 -2558852.223859 -434310.199910 0.477970
2187511.635099 -2558987.189691 -434251.266785 -0.987600
2187432.729811 -2558978.653540 -434263.526019 1.447967
2187450.819438 -2559111.553706 -434247.011785 -0.730214
2187324.680106 -2559101.065146 -434236.485519 0.013171
2186857.362800 -2558347.253172 -439412.178746 -0.027248
2186781.598829 -2558383.433697 -439414.402275 0.413772
2186754.183848 -2558395.558400 -439397.531142 -0.023641
2186831.472417 -2558466.572641 -439460.320052 0.350589
2187172.253941 -2558276.518887 -439270.845473 -0.959057
2187042.056636 -2558500.813847 -439296.829562 -0.403451
2186932.179638 -2558338.135975 -439272.487896 -0.048171
2187023.397498 -2558233.305999 -439204.972189 0.042620
2187035.180919 -2558461.000294 -439219.754534 0.130472
2186965.643367 -2558565.510644 -439202.083500 -1.293149
2187242.611919 -2558357.069818 -439113.584455 -0.996992
2187154.488649 -2558556.795803 -439150.133015 0.820734
2186903.172299 -2558356.644509 -439062.103050 -0.037449
2187055.463803 -2558246.085948 -439004.937769 -0.037263
2186822.273980 -2558447.698102 -439023.073936 -0.005487
2187119.270974 -2558417.595199 -438896.281351 -0.329256
2186803.943928 -2558470.737569 -438997.878789 0.666919
2186938.307217 -2558327.905374 -438981.991635 0.489603
2186800.283416 -2558488.526243 -438935.392185 -0.001875
2187007.318424 -2558305.164530 -438862.820552 0.472538
2187087.082315 -2558280.442486 -438831.398248 -0.025656
2186912.415019 -2558541.904770 -438865.211960 -0.216238
2187036.345550 -2558669.035188 -438770.688702 -0.332376
2186880.038301 -2558725.616859 -438830.395148 0.071031
2186891.599061 -2558469.641925 -438753.986359 -0.029777
2186853.898477 -2558508.538339 -438740.039045 0.006454
2186748.657065 -2558593.119543 -438755.747105 0.441712
2186965.024133 -2558554.616071 -438704.104499 0.626437
2187009.476155 -2558373.291291 -438645.650282 0.499332
2186817.492777 -2558595.225949 -438656.546847 0.005533
2186765.363320 -2558669.719816 -438655.294469 0.008532
2186965.436746 -2558480.172264 -438583.176680 -0.012090
2187131.691615 -2558398.265955 -438540.160345 -0.022099
2186787.984185 -2558510.681750 -438518.517896 -0.888608
2186998.459491 -2558515.676309 -438427.720387 -0.432547
2187171.448054 -2558483.736954 -438462.084041 0.294248
2187060.404986 -2558513.373102 -438442.946834 0.131963
2187035.666206 -2558493.909353 -438424.788797 -0.010043
2187059.300281 -2558354.336560 -438354.671340 -0.709687
2187138.139758 -2558461.264148 -438326.872412 -0.013206
2187148.440854 -2558719.985384 -438371.144312 0.135205
2187001.966464 -2558476.582902 -438299.229884 0.718311
2187064.942892 -2558532.248274 -438267.838083 -0.012988
2186845.034968 -2558704.445698 -438286.077552 0.013292
2187005.882662 -2558645.067826 -438213.688899 -0.676486
2186823.140374 -2558738.172917 -438217.128734 0.013406
2187091.228230 -2558696.989283 -438148.448969 -0.504186
2187063.924478 -2558417.906083 -438037.110204 -0.452159
2187122.107891 -2558667.512062 -438115.435202 -0.389258
2187157.503758 -2558484.025797 -438071.946844 -0.008783
2187101.209273 -2558526.623650 -438062.437714 -0.009431
2187018.572006 -2558541.635685 -438099.672694 0.589329
2186842.185615 -2558786.150561 -438071.756964 0.015085
2187039.976863 -2558585.473805 -437994.743788 -0.013757
2187219.167417 -2558785.012222 -438009.116521 1.264733
2187096.833011 -2558578.726730 -437940.437147 -0.594325
2187140.270252 -2558621.635707 -437916.028028 -0.228416
2187085.826664 -2558578.253027 -437870.342269 -0.002136
2187042.120734 -2558627.021027 -437857.662858 -0.007538
2186899.786424 -2558773.152386 -437875.953563 -0.010713
2186935.848738 -2558987.765688 -437830.720985 -0.503892
2187033.776400 -2558666.581419 -437743.676087 -0.000408
2187006.491125 -2558471.143000 -437762.821752 0.448854
2186854.321535 -2558834.806259 -437754.171830 0.016933
2186731.682345 -2558730.835985 -437641.175338 -0.347715
2186851.858703 -2558971.080658 -437733.411198 -0.049672
2187083.342363 -2558631.623822 -437649.525557 -0.004543
2186843.183400 -2558869.984058 -437650.953989 0.013350
2186827.337263 -2558748.310081 -437631.642336 0.385564
2187093.682905 -2558788.443520 -437578.129423 -0.326132
2186921.193384 -2558556.877650 -437540.741563 0.758337
2187131.572382 -2558912.816158 -437633.239594 0.512753
2187166.100552 -2558849.561653 -437476.142196 -0.379980
2186786.831463 -2558777.424215 -437522.007985 0.967880
2187146.327790 -2558755.090448 -437459.648533 -0.400744
2187167.953929 -2558600.292749 -437399.175707 -0.004337
2187143.860196 -2558754.131133 -437476.173379 0.416159
2187089.466927 -2558502.846495 -437349.582251 -0.279227
2187120.622058 -2558617.137645 -437356.891024 0.592832
2187019.179514 -2558930.059381 -437375.332884 -0.783088
2186788.606784 -2558939.905864 -437308.475928 -0.481206
2186834.962799 -2558985.425732 -437351.639301 0.016309
2187051.427465 -2558500.500878 -437240.836738 0.398638
2186952.462704 -2558856.113218 -437278.392126 -0.007867
2187003.282693 -2558792.152787 -437219.390817 -0.002480
2186926.486534 -2558703.863212 -437168.583748 0.229744
2186841.859299 -2559021.071160 -437206.086553 0.021316
2186694.293189 -2558814.585922 -437169.963373 0.790619
2186843.612792 -2559009.662769 -437170.893394 0.015319
2187026.986671 -2558779.283665 -437079.316402 0.054544
2187038.143651 -2558846.095087 -437088.285447 0.226211
2186851.950299 -2558769.748808 -437039.386554 -0.101676
2186803.501527 -2559006.762241 -437052.398194 0.021959
2187096.462088 -2558859.121312 -436981.429154 0.010179
2186875.157328 -2558725.784812 -436937.434996 -0.909457
2186895.271874 -2558936.396649 -436956.458034 0.001441
2186940.504489 -2558851.714508 -436899.121869 -1.008955
2186888.354068 -2558949.960196 -436906.097463 -0.001785
2187044.682224 -2558812.942132 -436869.977337 0.003257
2187083.432485 -2558781.325446 -436839.388953 0.002495
2186804.863617 -2559029.505601 -436864.369402 0.015768
2187158.562268 -2558729.866862 -436773.726487 0.004026
2186993.478575 -2558872.662990 -436780.203504 -0.000904
2187149.813261 -2558702.843948 -436709.430733 -0.981453
2187214.832857 -2558881.206528 -436720.429328 0.334758
2186813.069140 -2559050.913134 -436730.194698 0.010115
2187112.189331 -2558768.763142 -436631.556464 -0.717776
2186844.322330 -2559023.199165 -436697.910572 0.017775
2186827.135812 -2558899.514581 -436665.410717 0.713300
2187132.998752 -2558794.383337 -436582.685950 -1.534161
2186930.836943 -2558966.255787 -436598.637577 0.001185
2187071.331331 -2558780.492334 -436499.908772 -1.189545
2187007.337093 -2558905.214451 -436545.678446 -0.000274
2186888.438861 -2559017.307451 -436546.040335 -0.002563
2186715.331961 -2558855.303346 -436494.520676 -1.677405
2186940.399777 -2558912.375748 -436392.221989 -0.375073
2186788.362469 -2558870.390117 -436349.879077 -0.339064
2187268.714094 -2558929.585818 -436409.196309 0.379529
2187012.667854 -2558828.558362 -436358.641631 -0.572295
2186933.418707 -2559073.516007 -436394.597438 -0.343173
2186835.155735 -2559094.388186 -436381.168235 0.013933
2186730.802454 -2559035.632677 -436338.365716 -0.386951
2186785.115849 -2558947.086713 -436330.943923 0.855810
2186807.804379 -2559125.371307 -436322.823304 0.021247
2187081.386884 -2558910.930948 -436253.249910 -0.014286
2187131.989599 -2558874.927788 -436236.136127 -0.005848
2186899.554988 -2559182.415232 -436282.228650 0.099025
2186872.373175 -2558809.955040 -436121.754022 -0.347949
2186907.963162 -2558866.355961 -436115.219922 -0.449703
2187014.244369 -2558993.413295 -436190.313127 0.602251
2186933.774492 -2559053.505808 -436233.590670 0.447201
2187161.509423 -2559124.472894 -436156.950240 -0.605484
2186963.173890 -2559022.115743 -436138.610400 -0.003353
2186978.570619 -2559010.888845 -436122.068656 0.003974
2187003.024658 -2558996.029020 -436095.140236 -0.000605
2187019.326831 -2559035.287774 -436074.332895 -0.113472
2187155.211692 -2559109.456938 -436090.159932 1.550240
2186811.076538 -2559162.589318 -436068.209877 0.008581
2187101.652390 -2558977.822610 -435995.416370 0.225140
2187004.940932 -2559030.872720 -435987.616594 -0.002575
2186790.915204 -2559191.402668 -436017.587915 0.010713
2187160.308925 -2558968.984960 -435917.841659 -0.259511
2186884.362213 -2559133.404674 -435948.547505 0.003417
2187002.957577 -2559071.961325 -435892.439268 0.004686
2186994.371264 -2559090.152574 -435876.035796 -0.364280
2186826.845021 -2559188.572394 -435888.660378 0.009157
2186971.381683 -2558935.730432 -435786.235731 -0.429527
2186975.641431 -2559136.019383 -435802.690195 -0.263020
2187027.400643 -2559117.664330 -435792.957533 -0.001789
2186764.010596 -2558950.036433 -435754.125242 1.264619
2186985.527971 -2559138.574254 -435745.588118 -0.005179
2186936.000378 -2559157.769435 -435735.384669 -0.004246
2187108.674787 -2559052.189846 -435649.148457 -0.004797
2187181.213231 -2558997.644740 -435637.876989 -0.007086
2187078.439532 -2559074.783635 -435629.698657 -0.003767
2186661.145020 -2559006.060400 -435624.444130 1.130934
2186849.676654 -2558885.447063 -435517.270765 -1.432559
2186917.016857 -2559206.049057 -435576.248779 -0.004736
2186922.427605 -2558899.915128 -435423.464950 -0.509772
2187114.566655 -2559065.502316 -435493.662919 -0.002150
2186954.456594 -2558858.533742 -435438.761723 -0.267260
2187186.491227 -2559050.651915 -435421.686533 -0.608981
2186915.957338 -2559227.099377 -435477.232639 -0.004490
2186817.418129 -2559008.118880 -435390.925057 -0.361350
2187131.357664 -2559077.743269 -435387.699118 -0.003741
2187045.690382 -2559144.583322 -435382.244576 -0.002570
2187053.425595 -2559140.424526 -435371.751940 -0.001767
2186842.040803 -2559304.289824 -435384.367068 -0.000477
2187157.655536 -2558978.704854 -435290.353392 -0.400551
2186745.589829 -2559052.733384 -435214.405523 -0.376702
2186949.096966 -2559276.730261 -435289.258923 0.022583
2186687.437747 -2559080.788459 -435227.599148 -1.328557
2187009.566183 -2559207.854412 -435244.261068 0.000144
2186902.210990 -2559304.713533 -435291.572136 0.569143
2186835.134766 -2559326.334095 -435233.820837 0.018109
2186764.924188 -2559149.590838 -435208.982471 0.532049
2187007.535501 -2559209.258411 -435169.978956 0.006589
2186959.915226 -2559247.499763 -435163.650838 0.003041
2186855.573377 -2559285.581798 -435161.126743 0.358748
2186900.859600 -2559301.522204 -435110.425468 0.005049
2186803.700914 -2559383.440446 -435117.692340 0.018996
2187168.277052 -2559175.157298 -435000.093508 -0.301584
2187171.218781 -2559150.037617 -434977.591210 0.004484
2186959.071240 -2559267.959417 -434988.771832 -0.005212
2187172.241010 -2559151.026163 -434937.482706 0.006618
2187207.564141 -2559160.824325 -434868.779016 -0.748607
2187163.648171 -2559161.826474 -434863.272005 -0.002636
2187000.929741 -2559250.596039 -434880.425368 -0.000809
2186891.776077 -2559331.918688 -434879.022847 0.006508
2187002.184044 -2559314.850655 -434817.388199 -1.559263
2186983.518926 -2559276.862527 -434809.691468 0.005537
2187057.311581 -2559229.692031 -434774.475687 0.003993
2186874.572577 -2559392.581833 -434735.908107 -0.525589
2186695.539697 -2559101.899633 -434681.947849 -0.449061
2187068.750760 -2559024.488161 -434634.919716 -1.500277
2187023.934464 -2559274.714960 -434676.289931 0.006052
2187147.518050 -2559195.264303 -434616.334778 -0.198604
2187104.039620 -2559225.809407 -434622.064345 0.002570
2187168.684370 -2559276.740818 -434604.822263 1.513925
2186879.831048 -2559408.826028 -434599.575901 0.012111
2186885.017257 -2559441.872059 -434593.828693 0.155700
2186870.339069 -2559419.703944 -434563.598879 0.059521
2186826.801897 -2559437.011109 -434532.867485 0.023072
2186983.092497 -2559452.887041 -434459.844992 -0.361334
2186900.800729 -2559377.471456 -434493.024255 0.009762
2186945.735446 -2559343.833272 -434474.104380 0.012538
2187043.250395 -2559280.356526 -434421.652584 0.012025
2187117.430192 -2559157.999747 -434361.615642 -0.760745
2187056.078733 -2559327.321616 -434398.370328 1.024504
2186986.366616 -2559077.740613 -434332.678137 1.223739
2187045.907048 -2559274.100416 -434331.899284 0.023118
2187047.069960 -2559390.846359 -434353.828729 1.665534
2186730.767011 -2559360.032089 -434321.276946 0.106466
2186980.368103 -2559321.445524 -434285.490808 0.020953
2186472.595733 -2558597.712207 -439502.664666 0.988441
2186464.677660 -2558669.568706 -439486.504496 -0.034791
2186601.100664 -2558902.471466 -439521.688078 1.053292
2186488.803436 -2558640.957479 -439449.111702 -0.033079
2186646.914867 -2558483.430890 -439382.689023 -0.032115
2186525.879548 -2558642.306668 -439365.931252 -0.035357
2186477.670033 -2558836.999815 -439313.857931 -0.422843
2186640.256377 -2558536.097648 -439274.553682 -0.030952
2186453.019031 -2558723.174546 -439283.402694 -0.023749
2186770.876969 -2558679.649437 -439248.160151 0.558641
2186498.007793 -2558697.938043 -439231.672365 -0.034534
2186503.915363 -2558695.921490 -439218.484619 -0.028167
2186774.988863 -2558860.887979 -439280.415219 0.343589
2186485.264565 -2558720.114308 -439175.299814 -0.028004
2186463.605726 -2558749.168128 -439143.209315 -0.015403
2186536.191955 -2558721.691232 -439108.563827 -0.023441
2186448.169001 -2558826.816067 -439110.138421 -0.019031
2186450.973354 -2558830.957791 -439100.682511 -0.031298
2186620.997436 -2558682.896589 -439036.230860 -0.170210
2186477.194428 -2558793.830358 -439043.358705 1.087589
2186847.700890 -2558775.533464 -438978.499546 0.023780
2186655.471585 -2558621.634422 -438936.574967 -0.016484
2186584.242658 -2558705.777809 -438943.320374 -0.011423
2186503.303287 -2558804.684880 -438899.095990 -0.644140
2186372.678754 -2558928.943204 -438951.581893 -0.012384
2186680.609540 -2558627.105768 -438857.899815 -0.015965
2186344.119167 -2558806.420034 -438922.045147 0.420634
2186426.889718 -2558902.102663 -438860.280326 -0.012748
2186368.360228 -2558941.408769 -438853.825068 -0.009349
2186437.265408 -2558897.577243 -438825.079144 -0.009062
2186662.240170 -2558930.247980 -438775.718850 -0.605296
2186519.510874 -2558658.537195 -438735.942711 0.540123
2186467.204768 -2558880.442882 -438716.034642 -0.004980
2186655.304689 -2558707.115988 -438592.855520 -0.520397
2186719.467116 -2558691.314906 -438622.565654 -0.005954
2186687.292991 -2558714.535879 -438622.950671 -0.012783
2186518.629429 -2558668.588585 -438606.502487 0.499487
2186588.349357 -2559085.229322 -438697.118581 0.372590
2186513.754871 -2558872.592905 -438586.011615 -0.012790
2186586.009484 -2558817.614227 -438528.758581 -0.008192
2186549.209286 -2558850.689741 -438529.408437 -0.011754
2186478.677798 -2558919.053801 -438528.218252 -0.013246
2186672.904748 -2558785.276057 -438453.660093 -0.006481
2186625.682831 -2558811.947999 -438428.375188 -0.007412
2186623.599123 -2558803.323073 -438421.600659 0.201525
2186722.127811 -2558833.271025 -438476.671254 0.377644
2186663.827262 -2558813.411644 -438379.110444 -0.010630
2186618.669690 -2558669.483430 -438336.668885 -0.009847
2186568.692273 -2559058.836349 -438401.183644 0.267619
2186412.639825 -2559024.444149 -438357.207194 -0.010170
2186478.284313 -2558981.290552 -438326.847254 -0.007614
2186440.947431 -2559015.392186 -438317.883327 -0.003470
2186438.074701 -2559024.930915 -438293.325496 -0.004205
2186722.593264 -2558821.369936 -438209.556840 -0.002942
2186590.367214 -2558876.832361 -438187.739071 -0.581929
2186560.446714 -2558854.735956 -438225.733282 0.614101
2186597.328218 -2558948.616068 -438174.261926 -0.002236
2186579.931957 -2558968.541106 -438162.229185 -0.001092
2186773.670078 -2558829.202063 -438100.623374 0.002027
2186703.144250 -2558898.884196 -438094.720653 -0.005840
2186618.533179 -2558988.866379 -438080.739459 -0.002835
2186697.183934 -2558928.018290 -438061.737784 -0.003539
2186642.139679 -2558981.668521 -438042.524309 -0.000245
2186662.525382 -2558969.643877 -438026.812699 0.002887
2186709.166529 -2558928.990875 -438005.051537 0.001458
2186532.963902 -2558742.502623 -437960.105338 1.582932
2186583.810480 -2559040.205815 -437984.468126 0.000536
2186653.741938 -2558957.813072 -438007.664141 0.351612
2186682.902370 -2559173.357142 -437975.192804 1.027912
2186776.810777 -2558882.328532 -437872.903172 0.001705
2186655.451223 -2558931.462540 -437808.124113 -0.374390
2186657.684029 -2558759.080580 -437820.925644 0.429543
2186429.242793 -2559141.382474 -437894.682088 -0.000760
2186722.764069 -2558936.329443 -437804.098079 0.002565
2186633.620321 -2559004.237261 -437801.710146 -0.007654
2186316.449187 -2558941.544893 -437767.907837 -0.822083
2186600.276436 -2558856.213140 -437734.766090 1.606476
2186478.099741 -2558850.935284 -437706.830014 0.328919
2186413.062542 -2559184.263060 -437754.181803 -0.003101
2186484.959373 -2559132.727808 -437700.936693 0.002848
2186485.807156 -2558931.045020 -437565.752655 -0.407477
2186570.628130 -2559082.147124 -437640.359644 0.002393
2186604.395059 -2559066.812481 -437621.378623 -0.001931
2186662.734518 -2559044.573131 -437608.083079 0.003152
2186671.330693 -2558983.648688 -437578.552697 0.017478
2186807.276926 -2558989.861859 -437524.868360 -0.003037
2186384.664431 -2559240.301690 -437574.140713 -0.000387
2186444.141135 -2559208.791698 -437555.094603 0.000276
2186547.971703 -2558948.280569 -437476.350233 -1.431664
2186721.080000 -2559043.205912 -437487.812342 -0.004766
2186793.913156 -2558993.602725 -437469.979697 0.094492
2186383.357369 -2559258.245809 -437515.001864 -0.008000
2186805.357316 -2559022.980057 -437414.203868 -0.125234
2186682.809245 -2559081.768303 -437422.087222 0.192974
2186665.588768 -2559113.509368 -437387.989848 -1.365567
2186468.183104 -2559110.022993 -437316.398528 -0.360396
2186492.466480 -2559255.919577 -437398.691052 -0.002051
2186427.097837 -2559273.905483 -437383.939537 -0.004787
2186742.584744 -2559043.411188 -437279.655888 -0.001468
2186560.778590 -2559214.017128 -437267.085278 -0.982876
2186538.741189 -2559208.361888 -437273.443061 0.002312
2186319.944595 -2559015.042857 -437196.546983 -1.158689
2186391.610628 -2559024.966223 -437191.700677 -0.064760
2186474.600015 -2559249.169465 -437231.808298 0.006144
2186741.810357 -2558977.600397 -437182.580425 0.503309
2186685.896683 -2558883.635225 -437074.172363 -1.696258
2186619.837411 -2559189.649202 -437140.266972 0.241079
2186710.231775 -2559106.711493 -437074.840865 0.005790
2186655.439389 -2559170.035469 -437076.978406 0.419833
2186622.206792 -2559163.887686 -437046.358232 -0.001430
2186623.652368 -2559165.227676 -437032.996424 0.002900
2186644.131201 -2559150.575498 -436998.726103 -0.001099
2186718.155807 -2559207.499159 -436977.503443 -0.200053
2186636.640515 -2559160.359609 -436958.690482 -0.002484
2186680.765942 -2559031.009799 -436849.177262 -0.370550
2186712.590113 -2559102.892372 -436900.226805 0.011655
2186404.903861 -2559327.499004 -436927.984778 -0.001521
2186461.331025 -2559286.287790 -436892.674212 -0.005655
2186833.699514 -2559199.304783 -436894.954953 0.528393
2186535.619431 -2559240.586663 -436832.436883 -0.000754
2186491.620752 -2559271.229619 -436819.028141 0.000180
2186740.887265 -2559133.683650 -436741.793673 -0.007899
2186413.148910 -2559327.898068 -436795.795812 -0.000279
2186507.471530 -2559269.636453 -436765.375939 -0.006159
2186417.246318 -2559293.671511 -436749.581938 0.267172
2186455.082539 -2559311.980505 -436735.336719 -0.006355
2186547.958712 -2559262.515905 -436687.676082 -0.001292
2186548.971268 -2559397.452766 -436761.100090 0.355213
2186392.924098 -2559358.575946 -436666.235560 -0.003097
2186428.751863 -2559337.467544 -436632.918305 -0.002960
2186459.075987 -2559201.559458 -436607.090392 0.627334
2186429.602468 -2559338.847377 -436606.968023 0.001870
2186546.667779 -2559287.365326 -436574.139026 -0.001024
2186293.303469 -2559335.132683 -436499.225063 -0.358373
2186419.005917 -2559353.554746 -436544.199988 -0.000655
2186477.497456 -2559322.445856 -436515.073418 0.000172
2186627.094047 -2559200.280960 -436495.705917 0.630792
2186821.358683 -2559196.018042 -436453.308205 0.091534
2186715.561531 -2559218.900236 -436438.588584 -0.000291
2186632.689725 -2559258.614099 -436433.887272 0.001199
2186503.694389 -2559140.747965 -436413.364581 0.314700
2186647.953824 -2559238.363331 -436377.413008 0.007910
2186535.736596 -2559091.808468 -436334.932792 -1.004865
2186760.169937 -2559159.176251 -436315.372417 0.001222
2186373.376324 -2559409.678335 -436362.973831 0.005570
2186703.811873 -2559135.505784 -436266.847972 -1.114140
2186433.512671 -2559373.386233 -436320.869959 0.007779
2186529.612908 -2559312.558413 -436287.564376 0.001880
2186522.935141 -2559387.176054 -436265.678417 -1.430343
2186356.102318 -2559441.717658 -436269.982263 -0.002024
2186743.074592 -2559190.843513 -436190.048202 0.002031
2186719.733261 -2559227.922167 -436184.195060 0.660489
2186761.781230 -2559184.268896 -436147.326943 -0.000651
2186437.272868 -2559441.063936 -436213.556276 0.965813
2186550.852419 -2559326.919640 -436164.603077 -0.068368
2186652.029760 -2559313.809331 -436128.914956 -0.403056
2186670.851551 -2559258.909334 -436111.976863 0.920797
2186584.728802 -2559476.585235 -436106.082554 -1.428539
2186612.674034 -2559302.061838 -436083.225964 0.003200
2186681.464303 -2559349.830188 -436073.404442 0.014270
2186745.860681 -2559240.759445 -436049.745460 0.687651
2186756.632386 -2559217.641179 -436011.536710 0.004910
2186473.806019 -2559413.589824 -436050.118329 -0.002189
2186400.490161 -2559455.038147 -436016.131622 0.002269
2186452.918539 -2559333.042098 -435961.860442 -0.846734
2186504.798568 -2559399.916631 -435984.901277 -0.001244
2186404.243726 -2559460.435025 -435964.122447 -0.001949
2186466.493472 -2559423.572299 -435949.488336 -0.001293
2186509.213657 -2559068.993984 -435871.371108 0.240489
2186421.387700 -2559457.433288 -435930.702753 -0.001797
2186404.381943 -2559469.895654 -435920.364925 0.006558
2186506.842236 -2559413.561743 -435880.878512 -0.010601
2186626.126321 -2559344.109002 -435856.490780 -0.004754
2186768.290352 -2559252.884232 -435814.160742 -0.003862
2186640.903334 -2559257.551598 -435838.111076 0.645600
2186507.745852 -2559261.869981 -435862.513527 0.341381
2186668.031275 -2559343.292236 -435787.504482 -0.005879
2186690.166248 -2559343.983204 -435754.113010 -0.007326
2186377.531754 -2559511.642356 -435794.222741 -0.003433
2186696.783874 -2559361.543980 -435716.686818 0.007027
2186747.530113 -2559347.185005 -435700.666801 0.002426
2186475.529005 -2559471.428440 -435725.653042 0.002794
2186389.977628 -2559520.411397 -435707.173436 -0.000775
2186820.750025 -2559348.330988 -435639.769408 -0.133061
2186449.313875 -2559497.404020 -435667.443108 0.002207
2186486.948953 -2559489.921054 -435657.922764 -0.001145
2186508.671304 -2559483.192398 -435622.209717 0.000898
2186397.508660 -2559541.405142 -435610.609132 0.005790
2186476.506167 -2559486.985655 -435590.779493 -0.197600
2186546.307012 -2559574.277944 -435559.377332 -0.800510
2186489.178303 -2559380.808896 -435549.604160 0.588197
2186355.283367 -2559604.122843 -435553.916021 0.014856
2186594.536449 -2559391.382540 -435480.625005 0.158400
2186672.608449 -2559399.099307 -435448.637671 0.015500
2186776.134302 -2559334.367963 -435434.563864 0.007621
2186755.057372 -2559350.134804 -435420.077465 0.004751
2186403.381508 -2559616.165342 -435458.586049 0.007167
2186600.132923 -2559449.310059 -435420.651519 0.012785
2186464.305636 -2559403.413711 -435457.842355 0.369890
2186585.306987 -2559463.900078 -435358.134159 0.012022
2186654.632944 -2559418.193807 -435319.683976 0.007677
2186695.313213 -2559403.237831 -435297.836020 0.008371
2186662.789409 -2559417.362989 -435284.869567 0.010508
2186695.669126 -2559405.051546 -435278.469683 0.004318
2186382.756833 -2559611.482952 -435312.488470 0.011091
2186389.121112 -2559623.566248 -435292.242885 -0.521611
2186376.152340 -2559598.706769 -435279.380452 0.010727
2186440.185058 -2559567.941958 -435231.662989 0.009503
2186522.005759 -2559580.967168 -435230.920592 0.344673
2186610.035245 -2559466.037703 -435175.776504 0.004215
2186702.185952 -2559525.956737 -435128.015300 -0.481253
2186549.536392 -2559506.243546 -435156.190534 0.006829
2186558.977806 -2559503.865432 -435129.590054 0.005110
2186617.866396 -2559477.627222 -435068.236640 0.007162
2186454.172423 -2559583.156255 -435072.879425 0.011553
2186553.628949 -2559523.561790 -435034.570944 0.004920
2186495.112913 -2559547.122948 -435025.225040 -0.775270
2186451.295373 -2559609.643069 -435032.480880 0.009929
2186797.068504 -2559478.874250 -434907.369317 -0.627562
2186646.014549 -2559485.013858 -434928.796553 0.008608
2186755.204940 -2559444.207541 -434887.156605 0.011481
2186576.965265 -2559526.568865 -434882.634431 0.009465
2186627.566150 -2559502.776489 -434871.830391 0.002169
2186547.092468 -2559547.028763 -434860.140536 0.017648
2186737.983069 -2559418.994594 -434784.602167 0.087462
2186729.853099 -2559460.293914 -434761.761270 0.009303
2186523.818037 -2559433.291091 -434787.992957 0.733942
2186536.852745 -2559681.292957 -434712.051422 -0.469586
2186553.271719 -2559553.138887 -434728.353536 0.015022
2186630.780175 -2559501.389031 -434690.349355 0.013780
2186632.811166 -2559370.793748 -434635.205045 0.190096
2186473.064420 -2559707.273905 -434671.006222 -0.212862
2186724.741500 -2559468.684728 -434592.168493 0.015396
2186345.774502 -2559677.471176 -434627.900088 0.030920
2186227.814219 -2559426.006371 -434576.571234 -0.167787
2186375.343081 -2559655.210071 -434581.891840 0.026664
2186536.989274 -2559613.912116 -434609.876491 0.500174
2186434.717668 -2559612.205482 -434539.019546 0.030108
2186650.737902 -2559483.660861 -434472.348803 0.024965
2186531.620162 -2559551.399172 -434476.888637 0.029284
2186583.183135 -2559523.053627 -434454.580737 0.027180
2186600.348820 -2559515.865380 -434413.516141 0.023738
2186743.416479 -2559531.017354 -434399.768149 -0.273462
2186346.523367 -2559672.049480 -434431.435199 0.028627
2186303.378839 -2559683.209480 -434411.388370 0.035094
2186422.150472 -2559629.030784 -434393.178984 0.029654
2186482.907005 -2559572.399340 -434341.842526 0.030578
2186302.796097 -2559413.567216 -434288.480378 -1.105706
2186187.626498 -2558946.949424 -439532.675376 -0.030206
2186247.217060 -2558884.427473 -439440.486098 -0.482938
2185980.545657 -2559047.134315 -439503.805260 -0.060375
2186286.647305 -2559074.232892 -439453.630202 0.362949
2186292.099280 -2559009.926131 -439343.757596 -0.451792
2186075.140801 -2559090.898608 -439379.474001 -0.026703
2186002.692096 -2558894.144906 -439292.954698 1.154988
2186121.974273 -2559064.168457 -439285.727092 -0.026110
2186286.773471 -2558843.744697 -439216.096552 -0.457706
2186243.712174 -2558997.212724 -439247.326235 -0.025885
2186177.268486 -2559045.884422 -439230.837703 -0.023563
2186151.615078 -2559037.437287 -439130.047122 -0.353891
2186293.396414 -2558979.694796 -439147.757768 -0.024221
2186223.853978 -2559098.046954 -439161.547999 1.461691
2186144.950729 -2558878.199509 -439098.452926 1.265204
2186126.291545 -2559078.179021 -439103.740943 0.952181
2185969.020714 -2559239.186642 -439113.365847 0.736609
2186280.985263 -2559016.004827 -439006.290213 0.073203
2186220.003012 -2559017.421773 -439002.711227 0.106191
2186045.362860 -2559189.189557 -439023.046320 1.085113
2186054.342634 -2559217.794290 -438992.645079 -0.012032
2186248.720407 -2559038.812370 -438924.144697 -0.014002
2186002.202528 -2559266.309813 -438921.323498 -0.012104
2186100.360937 -2559075.488711 -438872.679779 0.743260
2186112.212739 -2559222.137607 -438870.500771 -0.006273
2186072.457354 -2559232.918889 -438846.715797 -0.009001
2186022.706298 -2559111.568352 -438883.751748 0.356490
2186196.638494 -2559167.730830 -438770.949477 -0.006081
2186339.270741 -2559006.304694 -438706.597084 -0.013386
2186151.351913 -2558964.186023 -438697.528438 1.461879
2186151.821347 -2559332.038623 -438729.254268 -0.741505
2185987.986385 -2559417.629250 -438703.493602 0.356405
2186074.029917 -2559284.742202 -438628.075275 -0.008326
2186042.961160 -2559346.936051 -438609.273569 -0.007305
2185841.603899 -2559094.022541 -438535.350356 -0.501319
2186254.363828 -2559063.626427 -438459.058274 -0.417188
2186012.611276 -2559393.874957 -438513.457524 -0.371913
2186143.314179 -2559246.510776 -438453.377919 -0.002343
2186197.385347 -2559058.633760 -438352.616651 -0.516193
2185994.690314 -2559374.537246 -438419.165399 0.018020
2186112.683193 -2558952.994538 -438237.340865 -0.350064
2186314.814032 -2559114.291334 -438312.472988 -0.002728
2186369.304305 -2559326.484579 -438267.632018 -0.410590
2186295.392402 -2559235.769759 -438284.928866 -1.069119
2186002.796409 -2559395.084831 -438280.622505 -0.205661
2186012.957687 -2559384.822280 -438253.176838 -0.003222
2186112.859735 -2559135.513407 -438124.525057 -0.483011
2186066.111059 -2559348.247745 -438200.955374 -0.006710
2186044.408613 -2559368.136381 -438180.427648 -0.000452
2186013.743224 -2559265.624861 -438093.963419 -0.573634
2186258.856756 -2559211.302877 -438095.459694 -0.002196
2186323.239632 -2559184.000274 -438072.504018 0.132102
2185986.572349 -2559423.017541 -438120.458591 -0.001665
2186097.607971 -2559523.231222 -438028.093002 -0.340559
2186172.374124 -2559309.745400 -438010.198927 0.000673
2185958.596585 -2559449.844883 -438002.505083 -1.225925
2186336.963056 -2559191.629649 -437941.855512 0.002548
2186159.926140 -2559217.552689 -437943.830829 0.920386
2186155.161216 -2558969.554040 -437931.072464 0.326270
2186144.529827 -2559303.456395 -437867.166522 -0.075989
2186273.855112 -2559315.785300 -437862.871460 0.002724
2186328.005392 -2559267.027991 -437831.651881 0.005304
2185993.520381 -2559359.228271 -437840.945209 -0.489503
2185966.487274 -2559487.758481 -437855.119373 0.003225
2186043.783409 -2559421.729105 -437827.243643 -0.000005
2186011.537219 -2559128.145293 -437794.145877 0.428510
2186084.578951 -2559413.703968 -437754.444571 0.004678
2185957.701413 -2559513.735513 -437763.054946 0.006787
2186181.603183 -2559376.807206 -437703.599727 0.008466
2186427.250517 -2559355.506226 -437662.817270 0.494380
2186427.250517 -2559355.506226 -437662.817270 0.494380
2186029.419232 -2559467.090955 -437662.583990 0.006806
2186308.363001 -2559301.864878 -437589.793269 -0.003106
2186285.577317 -2559224.185504 -437552.842628 -0.196229
2186150.959063 -2559403.387924 -437569.728394 -0.001914
2186085.206356 -2559437.667459 -437565.405055 -0.003470
2186086.187624 -2559401.222600 -437527.534256 -0.133756
2186166.034570 -2559425.322409 -437501.763918 1.083986
2186330.393398 -2559407.004659 -437470.613916 1.375044
2186080.902174 -2559325.555842 -437363.468690 -0.438473
2185961.283508 -2559530.556877 -437440.572833 -0.006075
2186244.022228 -2559368.152854 -437385.204976 -0.006206
2186245.853907 -2559373.276594 -437357.516586 -0.000838
2186117.417080 -2559441.747499 -437350.796308 0.000471
2186293.181481 -2559346.153814 -437287.306658 -0.001698
2186211.888677 -2559405.360186 -437294.594732 -0.002623
2185940.275681 -2559580.210747 -437301.375195 -0.001472
2186290.605762 -2559360.232351 -437205.388558 -0.000912
2186173.321016 -2559374.339959 -437184.068140 -0.824465
2186169.438969 -2559508.903783 -437128.115333 -0.384037
2185946.065690 -2559455.394084 -437150.633804 -1.490832
2186000.268655 -2559551.964320 -437167.722460 0.004575
2186257.545285 -2559246.921821 -437056.238587 0.131480
2186171.947998 -2559440.404377 -437069.895433 0.005570
2186264.206997 -2559399.299350 -437056.456121 0.009037
2186180.614826 -2559441.273683 -437045.203655 0.000660
2186285.585835 -2559400.385953 -437012.146267 0.005467
2186169.674282 -2559352.732163 -436911.654506 -0.404577
2185939.458077 -2559631.912982 -437001.959210 0.003393
2186093.609530 -2559534.634655 -436951.259590 -0.016776
2186006.080624 -2559690.560319 -436975.126961 1.308073
2186076.306617 -2559491.702924 -436881.487277 -0.288336
2186063.413358 -2559569.695147 -436884.526480 0.008462
2185965.112355 -2559643.195900 -436871.691207 -0.002118
2186282.072901 -2559408.649117 -436778.158910 0.005320
2186266.652032 -2559425.420230 -436770.102821 0.253173
2186226.491789 -2559459.279040 -436765.638638 0.001674
2186075.697140 -2559595.101521 -436774.066697 0.003100
2186142.164136 -2559585.542559 -436719.485424 0.001237
2186208.360089 -2559496.414449 -436689.731521 -0.003562
2186302.398945 -2559426.535003 -436634.140573 0.001462
2186297.471490 -2559465.462147 -436592.286906 -0.723496
2186202.631956 -2559517.315161 -436607.497931 0.000232
2186002.524508 -2559334.356950 -436485.172721 -0.617735
2186154.412164 -2559385.420709 -436519.586507 0.898587
2186097.410728 -2559231.551226 -436511.670154 0.538987
2185977.494503 -2559671.166516 -436558.260720 0.001604
2185984.957686 -2559664.295584 -436541.848582 0.185254
2186100.113849 -2559609.736352 -436496.919411 -0.000137
2185929.695074 -2559700.399767 -436502.111704 -0.000519
2186320.894286 -2559446.074077 -436413.430972 -0.002860
2186206.880375 -2559418.589347 -436399.815428 0.836918
2186145.478381 -2559620.644295 -436400.363173 0.001235
2186097.363444 -2559641.220264 -436387.409795 -0.004622
2186132.544017 -2559499.386146 -436359.178629 0.375446
2186212.897688 -2559623.163234 -436345.390783 0.006407
2186075.022237 -2559672.139058 -436318.950758 -0.400043
2185909.506205 -2559722.588102 -436321.421389 0.000585
2186355.019049 -2559610.765775 -436289.361177 1.649453
2186254.495719 -2559377.822670 -436209.075959 -0.470934
2186132.459003 -2559321.127026 -436165.505695 -0.823398
2186226.911788 -2559574.140111 -436210.280385 0.000255
2186009.221320 -2559681.798435 -436205.420190 0.008622
2185946.430427 -2559722.044158 -436180.409269 0.010764
2186306.161231 -2559561.133360 -436122.131853 0.961553
2186131.748261 -2559616.473126 -436095.228206 0.014288
2186081.999125 -2559644.500075 -436085.904808 0.002056
2185916.372978 -2559641.441520 -436108.503658 0.467148
2185918.442673 -2559771.489126 -436041.296376 -0.946240
2186138.013722 -2559627.917443 -436000.698570 0.003645
2186207.757013 -2559584.820928 -435973.984984 0.007493
2186021.301451 -2559700.995672 -435979.020961 0.004207
2185943.034159 -2559840.940028 -435984.911051 -0.773630
2186166.901270 -2559630.729655 -435897.587086 -0.000563
2185899.236261 -2559771.726763 -435931.608151 0.838814
2186009.285519 -2559716.294677 -435871.607645 0.005761
2186021.335162 -2559713.597286 -435856.997005 0.001738
2185978.919958 -2559737.371242 -435841.999735 0.002138
2186120.811477 -2559691.788349 -435786.011324 0.000353
2186104.079664 -2559694.348411 -435766.806812 0.003407
2186031.601967 -2559719.671752 -435761.723769 0.004104
2186243.804538 -2559544.069989 -435682.680877 0.220197
2186269.042687 -2559667.651446 -435751.718961 0.385081
2185870.843388 -2559791.490252 -435702.866439 -0.236839
2186087.894669 -2559713.497125 -435656.863464 0.004173
2185944.886977 -2559789.175648 -435649.202447 0.002265
2185963.936670 -2559781.232403 -435639.095879 0.004616
2185980.780697 -2559515.918677 -435619.677610 0.473386
2185998.838509 -2559882.495033 -435548.474485 -0.444895
2185976.014512 -2559775.950733 -435560.413861 -0.464347
2186001.979543 -2559811.960434 -435537.762653 -0.458909
2186019.688765 -2559779.174133 -435511.463873 -0.552636
2186002.227857 -2559769.477078 -435510.602907 -0.472940
2186077.032601 -2559740.465855 -435492.200692 0.006126
2186037.269362 -2559736.018449 -435533.952544 0.407953
2186078.566417 -2559691.431731 -435443.805191 -0.082053
2186195.908394 -2559692.717734 -435400.015163 0.005809
2186126.721424 -2559722.999076 -435392.281466 0.004327
2186118.561699 -2559722.729171 -435362.138109 0.012940
2186208.962218 -2559690.903635 -435345.735063 0.011328
2186229.313679 -2559681.478039 -435318.341725 0.009626
2186217.806005 -2559684.422015 -435305.531663 0.009242
2186250.652575 -2559675.741241 -435289.473867 0.009232
2185799.599191 -2559659.809904 -435245.806905 -0.835518
2186275.398387 -2559576.765694 -435218.259407 0.362507
2185966.020268 -2559839.201137 -435259.432153 0.015837
2186030.304442 -2559803.509004 -435239.201108 0.020200
2185912.402879 -2559833.337796 -435213.716806 0.016248
2186019.134562 -2559816.221353 -435197.991398 0.016001
2185906.301264 -2559834.218801 -435183.778454 0.012324
2185871.171659 -2559837.266766 -435151.099302 0.015245
2185842.251318 -2559879.967118 -435140.546395 -0.006006
2185831.502600 -2559851.804247 -435125.780441 0.013140
2185909.327209 -2559856.915943 -435125.501571 0.793037
2185978.684629 -2559819.886834 -435077.262535 0.011440
2185873.294789 -2559672.469454 -435058.805099 1.104543
2185917.793674 -2559796.772071 -435042.249701 0.013640
2186260.035910 -2559719.808384 -434975.640768 0.011322
2186183.072481 -2559726.101001 -434964.788152 -0.406187
2186184.902972 -2559737.124776 -434956.306208 0.012333
2186107.776168 -2559522.350531 -434851.515286 -0.522240
2185837.958115 -2559846.686167 -434961.667733 0.017145
2185970.849725 -2559908.015154 -434896.227545 -0.470114
2186066.138701 -2559796.902613 -434918.147782 0.016974
2185924.738507 -2559810.260815 -434877.639836 0.016040
2186054.687144 -2560004.546045 -434907.572794 0.421716
2185793.407994 -2559831.408736 -434855.864024 -0.119728
2185841.213058 -2559851.073135 -434841.064253 0.017434
2185835.051902 -2559663.407956 -434786.461346 0.144483
2186027.062391 -2559774.068666 -434781.463691 -0.309749
2185901.207546 -2559828.572168 -434775.786828 0.027089
2185922.535416 -2559816.347325 -434755.666711 0.025434
2186098.806073 -2559776.548492 -434727.840700 0.031314
2186137.905676 -2559780.192162 -434713.889169 0.164701
2185941.614817 -2559834.536408 -434711.575045 1.444413
2185959.623151 -2559791.149575 -434678.230498 0.020594
2186076.373255 -2559769.879778 -434654.629897 0.020638
2186132.760919 -2559891.682189 -434646.947687 -0.612728
2186020.853313 -2559772.407124 -434603.091142 0.030195
2186181.590578 -2559669.288562 -434570.825654 -0.242316
2185818.165381 -2559858.002787 -434596.998154 -0.010505
2185825.481394 -2559847.096319 -434588.253340 0.028651
2185946.033939 -2560070.763994 -434685.356753 0.361664
2186149.698790 -2559620.016661 -434444.099579 -0.527931
2185794.450806 -2559865.902069 -434535.859466 0.035075
2186234.124144 -2559709.730778 -434465.378039 0.020896
2185762.627900 -2559854.466073 -434489.673796 0.125099
2186118.730438 -2559736.927891 -434435.813715 0.034388
2186158.171362 -2559768.162122 -434411.579910 -0.204499
2185822.517302 -2559857.517938 -434438.303500 0.039245
2186036.261946 -2559609.282451 -434362.146149 1.721174
2186099.127413 -2559718.745910 -434357.206727 0.034617
2185959.700008 -2559322.470943 -439640.883869 1.029531
2185531.839763 -2559409.786371 -439635.786375 -0.013535
2185460.047934 -2559318.346528 -439599.441581 0.051267
2185569.626387 -2559393.080889 -439596.487619 -0.011117
2185901.495216 -2559195.339564 -439527.235063 0.068195
2185627.944789 -2559366.366589 -439537.595845 -0.016110
2185871.512386 -2559234.371913 -439384.785483 -0.491875
2185777.825428 -2559151.875627 -439406.160085 0.132747
2185837.686313 -2559452.435026 -439442.936412 -0.505779
2185748.853856 -2559045.174576 -439344.404209 0.506501
2185617.400791 -2559437.160386 -439381.589468 -0.011976
2185657.779030 -2559497.696896 -439370.734642 -0.127611
2185675.041612 -2559423.517878 -439345.946188 -0.009435
2185834.962748 -2559376.028736 -439228.297734 -0.382059
2185960.684442 -2559300.288831 -439248.366764 -0.480404
2185870.508890 -2559274.068795 -439221.090667 -0.022295
2185550.838830 -2559520.554793 -439236.608942 -0.007655
2185734.630049 -2559201.597871 -439161.478832 1.258613
2185699.503411 -2559414.372780 -439175.209778 -0.014354
2185523.860271 -2559454.660683 -439137.501098 -0.389204
2185747.030728 -2559395.223316 -439017.597382 -0.398458
2185756.039454 -2559323.989317 -439057.445894 -0.236137
2185634.243608 -2559165.836122 -439014.985711 -0.126672
2185573.905309 -2559528.987688 -439055.875084 -0.602008
2185551.275743 -2559539.911193 -439034.830996 -0.330608
2185583.779190 -2559259.906630 -438989.157067 0.534849
2185909.929058 -2559324.422665 -438922.716126 -0.011182
2185928.125926 -2559324.293374 -438880.853639 -0.014672
2185843.315321 -2559375.647579 -438883.518848 -0.011505
2185539.175311 -2559607.976820 -438913.319547 0.002177
2185689.225127 -2559416.478866 -438790.766348 0.650245
2185778.635203 -2559424.746601 -438792.749137 0.988289
2185595.637527 -2559601.342168 -438787.607901 0.001949
2185781.424917 -2559215.889188 -438679.518053 0.468432
2185807.945821 -2559465.042120 -438702.525380 -0.004685
2185641.391615 -2559571.791874 -438699.986394 -0.003091
2185706.515412 -2559532.685939 -438677.782120 -0.002687
2185569.399170 -2559635.493998 -438668.229362 -1.325256
2185506.225491 -2559314.804613 -438605.831305 0.101615
2185682.074865 -2559666.182229 -438632.452898 -0.423848
2185874.098757 -2559455.391656 -438562.591516 -0.017232
2185393.736967 -2559402.493069 -438529.388244 -0.586244
2185625.565525 -2559630.335381 -438536.514943 -0.002639
2185939.820907 -2559417.921623 -438468.901517 -0.007355
2185741.112783 -2559552.652705 -438467.155518 0.000519
2185568.280563 -2559562.336280 -438462.412270 0.426869
2185651.233935 -2559588.841611 -438434.237532 -0.038659
2185771.517015 -2559545.434525 -438322.259857 -0.457754
2185693.213984 -2559609.137974 -438336.069384 0.000508
2185834.307346 -2559365.464162 -438255.880629 0.446327
2185932.912982 -2559499.313820 -438257.325852 1.260417
2185543.136409 -2559443.132233 -438205.372311 -1.593889
2185751.242252 -2559239.875829 -438120.558989 -0.513910
2185628.598308 -2559542.278584 -438180.945723 0.299553
2185628.454845 -2559683.639370 -438178.868424 0.005874
2185494.527382 -2559575.275032 -438073.265506 -0.369432
2185601.966014 -2559711.312569 -438149.907129 0.007838
2185522.984424 -2559775.864619 -438138.173385 0.003790
2185573.449813 -2559751.650447 -438081.307839 0.008572
2185881.818844 -2559640.305109 -438019.735889 1.481812
2185610.382708 -2559856.408094 -438004.409791 -1.052805
2185482.428342 -2559444.320151 -437861.826703 -0.534279
2185421.423766 -2559560.485002 -437882.784912 -0.760134
2185771.470543 -2559648.218969 -437881.497728 1.288147
2185434.567076 -2559608.831924 -437854.205537 0.105938
2185693.773003 -2559704.475722 -437814.042635 -0.002543
2185866.769450 -2559603.050634 -437758.869083 -0.019296
2185874.557000 -2559614.327584 -437747.648047 0.424739
2185839.125102 -2559612.891464 -437739.063685 -0.006138
2185882.358377 -2559577.010845 -437698.528772 -0.009378
2185562.345983 -2559500.514990 -437613.589664 -0.371419
2185792.342505 -2559592.899244 -437575.249885 -0.386201
2185503.338016 -2559787.036209 -437682.990844 0.006540
2185640.070878 -2559722.549375 -437639.559928 0.004269
2185542.429509 -2559772.485278 -437623.897819 -0.003668
2185696.726917 -2559515.626734 -437546.731217 -0.166074
2185634.247915 -2559734.126035 -437532.946553 0.001943
2185913.115259 -2559562.246278 -437466.264521 -0.013519
2185890.794815 -2559582.456353 -437431.313407 -0.016901
2185721.411449 -2559691.128305 -437439.650562 -0.002411
2185399.013375 -2559655.138646 -437480.800743 0.338282
2185656.298940 -2559603.138469 -437431.958118 0.398486
2185480.171468 -2559859.051883 -437391.199182 0.011686
2185876.786294 -2559611.424027 -437312.212153 -0.011331
2185731.946496 -2559711.752725 -437320.395302 0.213916
2185539.132311 -2559796.132351 -437326.272221 1.006745
2185566.161664 -2559888.550288 -437251.812104 -0.584519
2185673.271374 -2559899.658408 -437178.233029 -0.319157
2185688.496549 -2559755.007850 -437212.102492 0.006746
2185610.676366 -2559487.429237 -437115.653793 -0.636202
2185590.020530 -2559710.311050 -437159.878307 -0.579939
2185586.284162 -2559833.161949 -437162.996020 0.007139
2185484.631500 -2559890.907102 -437167.666745 0.009116
2185659.144925 -2559788.040957 -437089.288800 0.001849
2185688.778460 -2559442.880515 -436995.722016 -0.037006
2185892.773567 -2559816.907156 -437036.638292 0.080790
2185629.324493 -2559808.314696 -437004.808179 0.001653
2185675.118273 -2559793.575199 -436996.602169 0.003519
2185382.432151 -2559681.429283 -436961.351235 0.557103
2185500.898367 -2559684.597713 -436909.194926 -1.390189
2185875.513158 -2559790.247402 -436842.574644 -0.509350
2185862.217395 -2559706.377620 -436863.136965 -0.006280
2185847.341260 -2559714.132503 -436841.297695 -0.005113
2185634.031933 -2559826.026648 -436839.794108 0.003765
2185648.300732 -2559822.974057 -436810.038357 -0.919855
2185546.104501 -2560037.576498 -436824.929026 -1.379362
2185504.380800 -2559883.076285 -436781.845093 -0.002504
2185885.639939 -2559767.248338 -436719.286793 -0.101353
2185682.994558 -2559880.255794 -436665.076219 -0.387859
2185546.172719 -2559901.816123 -436785.494507 0.381153
2185553.704626 -2559859.478495 -436691.651669 0.001602
2185719.648170 -2559802.501216 -436555.981522 -0.399107
2185881.256848 -2559760.830654 -436595.805471 1.101261
2185875.306958 -2559727.532392 -436556.148920 -0.010996
2185845.700420 -2559734.925381 -436543.859087 -0.016360
2185819.053774 -2559750.761154 -436525.539420 -0.008217
2185515.718614 -2559900.493683 -436549.379220 -0.003007
2185333.618405 -2559733.483322 -436501.245078 1.158318
2185446.761734 -2559926.500587 -436504.952801 0.007506
2185764.461335 -2559779.516198 -436437.944086 0.365355
2185728.511888 -2559749.675399 -436422.565092 0.897362
2185823.116362 -2559749.343827 -436403.095282 -0.001809
2185878.615303 -2559723.793561 -436371.584675 -0.005930
2185651.091944 -2559800.984426 -436351.150536 -0.354924
2185720.368416 -2559810.955145 -436341.558793 0.005060
2185489.306375 -2559917.829745 -436360.748315 0.006045
2185395.744565 -2559867.276393 -436292.150655 -0.604980
2185813.494816 -2559777.938186 -436282.342991 -0.006487
2185685.242484 -2559833.266993 -436263.156102 -0.520623
2185644.679203 -2559872.216668 -436270.465412 -0.145201
2185765.538772 -2559811.549977 -436216.934411 0.004510
2185625.026571 -2559879.666600 -436207.354124 0.007263
2185646.917225 -2559874.577260 -436181.942937 0.008466
2185579.187626 -2559929.132013 -436116.068689 -0.414143
2185611.658005 -2559890.558899 -436153.072043 0.008981
2185585.028169 -2559924.836867 -436143.289837 0.286130
2185540.856984 -2559905.585569 -436111.830267 0.006212
2185442.517885 -2559942.389340 -436094.750861 0.006154
2185741.407833 -2559727.630832 -435969.228051 -0.405145
2185388.888399 -2559894.041383 -436041.974997 -1.582373
2185528.364440 -2559911.010726 -436042.841018 0.005214
2185483.164801 -2559926.705558 -436028.133657 0.003477
2185547.067043 -2559905.566769 -436009.328762 0.005778
2185668.265543 -2559890.538535 -435967.842271 0.004293
2185700.940219 -2559767.798463 -435930.309583 0.054889
2185742.073052 -2559879.039782 -435930.844338 0.008385
2185800.340765 -2559864.237908 -435905.014199 -0.007427
2185567.893371 -2559901.945325 -435886.979997 0.001368
2185355.228971 -2559954.849796 -435879.768033 -0.273478
2185521.144956 -2559954.512208 -435832.321054 -0.111892
2185351.345845 -2559971.453837 -435822.091219 -0.205095
2185469.864253 -2559830.532006 -435739.765238 -1.469729
2185437.664207 -2559966.347727 -435773.746452 0.009439
2185597.162352 -2559904.634243 -435718.989132 0.595854
2185714.307280 -2559861.082234 -435682.866353 0.005419
2185757.426628 -2559842.391225 -435666.585802 0.014128
2185817.896354 -2559822.607024 -435638.782573 -0.001173
2185593.482542 -2559905.232136 -435639.574540 0.015402
2185373.524136 -2560012.147754 -435638.039010 0.016548
2185410.471733 -2559993.339979 -435626.927497 0.012892
2185552.328077 -2559936.581459 -435566.796735 0.016957
2185767.646031 -2559965.003652 -435548.051448 -0.005565
2185854.126866 -2560003.207268 -435537.936237 0.476185
2185673.869258 -2559844.793277 -435490.738650 -0.093071
2185362.275723 -2560033.911464 -435530.796444 0.011446
2185738.262828 -2559869.176695 -435430.209406 0.011978
2185758.685140 -2559859.476289 -435412.450398 0.021314
2185629.592381 -2559924.917039 -435414.114629 0.021268
2185734.482334 -2559872.856087 -435386.165830 0.016425
2185727.288820 -2559879.482960 -435365.330102 0.013778
2185720.664420 -2559913.290323 -435332.729862 -1.311627
2185656.444071 -2559921.607398 -435408.976449 0.360844
2185485.837260 -2560041.690337 -435296.663541 -0.757175
2185401.031162 -2560050.953903 -435315.512310 -0.286975
2185785.030148 -2559857.985236 -435252.005068 0.004170
2185472.964196 -2559986.531252 -435267.536441 0.014636
2185574.363784 -2560208.883804 -435223.937257 -0.433942
2185552.846623 -2559968.801035 -435207.712148 0.021794
2185580.973050 -2559958.364426 -435158.779238 0.024272
2185599.035502 -2559922.924623 -435127.153160 -0.219740
2185669.205633 -2559906.912747 -435127.651398 0.024720
2185676.291285 -2559916.773106 -435086.950769 -1.106583
2185526.411960 -2559975.706590 -435100.026802 0.028966
2185619.929757 -2559927.391909 -435071.267077 0.027444
2185689.424017 -2559924.030865 -435021.158464 -0.703721
2185766.220566 -2559870.760300 -435002.167369 0.007722
2185425.117965 -2560063.638809 -435028.208046 0.030411
2185569.058588 -2560109.380702 -435028.755463 0.631974
2185360.783628 -2559958.820585 -434959.641567 -0.558864
2185507.494826 -2559976.359317 -434948.974057 -0.337044
2185728.873112 -2560173.903370 -434881.730274 -0.416619
2185651.491311 -2559876.287499 -434865.667029 -0.073099
2185476.125039 -2560017.353860 -434874.906082 0.035950
2185410.653879 -2560057.146671 -434856.632982 0.038148
2185778.728433 -2559873.531611 -434791.989388 0.015882
2185755.403381 -2559891.890365 -434756.835089 0.020582
2185660.946540 -2559919.921058 -434749.100811 0.037546
2185569.108827 -2559900.360943 -434727.880332 -0.367300
2185602.564255 -2559995.662906 -434731.262084 0.160728
2185695.160312 -2560181.963987 -434736.633654 -0.183063
2185643.140129 -2559930.058379 -434687.358940 0.036208
2185767.222758 -2559878.111851 -434653.139542 0.023964
2185720.097717 -2559902.313621 -434639.535600 0.038995
2185491.242875 -2560385.874870 -434725.969921 0.939890
2185536.445573 -2559987.413184 -434611.447113 0.046193
2185690.943841 -2559918.990671 -434565.309844 0.050238
2185368.972478 -2560083.201603 -434600.928991 0.054006
2185727.764785 -2559903.588873 -434522.727828 0.044863
2185384.512060 -2560073.918746 -434555.697485 0.053922
2185730.237571 -2559997.335280 -434562.420818 0.356182
2185635.453280 -2559946.732397 -434480.707780 0.053093
2185523.812625 -2560003.493184 -434474.416043 0.056159
2185510.073100 -2560133.000976 -434466.668852 -0.153021
2185668.308663 -2559981.529596 -434425.206258 1.444599
2185282.982544 -2559553.075545 -439673.329077 0.239084
2185273.438736 -2559623.139556 -439667.134950 -0.017835
2185250.159290 -2559637.517932 -439648.203144 -0.010327
2185463.051455 -2559648.954536 -439610.883601 -1.612317
2185394.928559 -2559535.711785 -439580.355782 -0.005247
2185480.148502 -2559522.848723 -439538.647746 -0.008727
2185324.029765 -2559598.071220 -439544.192580 0.272081
2185243.435671 -2559591.218520 -439585.109295 0.314785
2185358.585710 -2559656.225979 -439485.782977 0.217497
2185330.514413 -2559638.726828 -439449.375826 -0.003201
2185146.824858 -2559715.365801 -439437.057023 -0.002486
2185130.846556 -2559744.071370 -439431.859316 0.001098
2185388.795161 -2559608.070459 -439359.311934 -0.001897
2185462.438216 -2559556.740223 -439342.872617 -0.004135
2185335.738329 -2559712.923454 -439358.361953 0.777736
2185282.369959 -2559464.937324 -439322.848936 0.413309
2185348.207345 -2559549.103311 -439195.282433 -0.422365
2185107.603716 -2559537.614427 -439225.077607 -1.666569
2185187.288213 -2559729.067689 -439250.376530 -0.000241
2185467.649796 -2559554.374173 -439201.069039 0.570038
2185359.661034 -2559661.440059 -439161.613694 -0.003063
2185383.395751 -2559665.255443 -439137.271280 0.003437
2185224.812812 -2559563.371951 -439070.627850 -0.885271
2185156.756418 -2559538.307854 -439082.629134 0.365859
2185396.159530 -2559685.368747 -439060.364377 0.002557
2185472.996397 -2559591.138710 -438928.228564 -0.545624
2185354.375416 -2559729.960384 -438979.505917 0.012677
2185251.169746 -2559776.343401 -438973.597527 0.000286
2185154.678507 -2559816.548535 -438957.424097 0.003586
2185200.157374 -2559793.777473 -438942.067700 0.002281
2185056.313586 -2559871.702084 -438906.055787 -0.123587
2185113.575787 -2559779.675369 -438823.654928 -0.667957
2185300.478846 -2559786.900047 -438832.560989 0.006595
2185246.902188 -2559793.991304 -438829.827672 0.007329
2185203.868758 -2559805.361341 -438802.250697 0.007785
2184901.990719 -2559668.589102 -438767.830440 0.746964
2185301.640761 -2559802.936146 -438751.049114 0.008801
2185198.926442 -2559640.429821 -438701.562464 0.588962
2185072.882464 -2559821.585688 -438732.851608 0.907585
2185482.531459 -2559746.623485 -438723.313168 0.377620
2185156.045943 -2559892.842129 -438666.559654 -0.000326
2185510.084943 -2559754.099523 -438607.478811 0.000770
2185320.702448 -2559460.344680 -438569.631338 0.329915
2185405.291217 -2559789.318173 -438530.820714 0.003421
2185452.796338 -2559765.432154 -438486.908377 0.007940
2185296.074697 -2559627.734821 -438460.043217 0.790577
2185070.746142 -2559970.907225 -438482.575013 0.004134
2185262.880462 -2559852.843959 -438424.810256 -0.001676
2185466.874551 -2559759.584000 -438367.989830 0.000661
2185444.106023 -2559775.399656 -438347.610974 0.003235
2185412.965965 -2559797.346981 -438339.724000 0.009763
2185255.909244 -2559861.540949 -438337.809445 0.002200
2185192.521985 -2559804.436679 -438322.336469 0.551192
2185102.963006 -2559942.279272 -438320.674415 0.004023
2185429.177026 -2559867.451663 -438232.261118 -1.058620
2185186.791823 -2559776.947288 -438217.403668 0.323718
2185477.627320 -2559781.143601 -438182.043223 0.007801
2185466.169674 -2559790.697707 -438172.639300 0.013529
2185358.229961 -2559848.553404 -438157.420184 0.013491
2185412.745414 -2559828.437658 -438148.193165 0.013018
2185173.642015 -2559832.116672 -438120.743368 0.418085
2185273.184028 -2559874.817202 -438103.798856 0.006008
2185190.072566 -2559915.446687 -438094.744268 0.005745
2184916.749738 -2559788.700560 -438107.840128 0.517095
2185151.006722 -2559836.437043 -437997.082270 -0.492253
2185068.047081 -2559823.714307 -437947.575387 -0.367885
2185144.675621 -2559895.271766 -438011.618682 -0.007156
2184998.878144 -2559770.227221 -437946.382535 -1.349568
2185168.708408 -2560076.250794 -438069.977418 0.408577
2185131.834750 -2559957.680337 -437963.919834 0.005631
2185240.150957 -2559900.857850 -437922.191205 0.004435
2185122.077178 -2559956.617574 -437910.923196 0.008040
2185323.158280 -2559864.682065 -437829.305320 0.009043
2185215.887232 -2559921.811696 -437830.452942 0.005317
2185225.434192 -2560004.860892 -437807.056298 -0.378998
2185370.799503 -2559673.781871 -437719.947133 -0.075972
2185371.056614 -2559741.425799 -437802.111809 0.319043
2184907.143939 -2559889.670388 -437733.191831 0.379120
2185383.121837 -2559691.180002 -437731.323432 0.322898
2185404.877269 -2559836.645689 -437663.133293 0.007095
2185029.014399 -2560047.381853 -437693.065012 -0.001614
2185151.052966 -2559884.375887 -437645.798591 -0.037695
2185234.151961 -2559928.480927 -437620.029866 0.005331
2185186.638204 -2559963.530667 -437572.902015 -0.000912
2185213.785318 -2559857.203244 -437537.734751 -0.778967
2185458.852946 -2559844.307952 -437518.080205 0.341677
2185001.502356 -2560066.818361 -437560.322366 0.801728
2185117.291264 -2559995.335412 -437524.858184 0.011762
2185330.719978 -2559899.600942 -437484.119919 0.008457
2185176.311649 -2559973.305355 -437468.190781 0.002259
2184985.489872 -2559924.233754 -437491.426800 0.450060
2185207.326702 -2559973.176288 -437405.533234 0.003445
2185015.881982 -2560050.906002 -437404.044173 0.008274
2185358.294362 -2559914.879910 -437353.428727 0.012827
2185378.293862 -2559876.002201 -437298.060766 -0.519592
2185093.675630 -2560041.436361 -437320.365953 0.002291
2185184.638871 -2559988.629054 -437276.860413 0.002648
2185213.941358 -2559972.730308 -437258.697938 0.005762
2185218.473791 -2560067.210465 -437244.060891 -1.293547
2185019.690721 -2559958.611700 -437222.914259 -0.195815
2184995.142219 -2560068.223632 -437208.381032 -0.288544
2185475.490883 -2559922.230560 -437162.701136 0.150064
2185001.579611 -2560073.072295 -437177.658054 0.002579
2185053.105452 -2560008.167088 -437132.878851 -0.178237
2184967.382500 -2559996.438863 -437177.037327 0.428879
2185475.527759 -2559985.145236 -437075.233543 0.351817
2185441.256787 -2559924.286538 -437033.923078 0.015885
2185401.578607 -2559931.344026 -437019.869352 0.006591
2185087.765809 -2560062.565154 -437029.342083 0.007081
2185235.972659 -2560209.230952 -437008.745378 -0.677390
2185175.209710 -2560032.919831 -436969.085330 -0.003882
2185114.904898 -2559858.052822 -436895.434502 -0.336408
2185261.162733 -2560175.066790 -436948.321116 0.299714
2184977.462842 -2560145.280824 -436918.855878 -0.030059
2185028.171046 -2560086.236684 -436894.423616 0.002509
2185332.809673 -2559821.785199 -436863.320971 0.595237
2184995.473302 -2560104.085977 -436852.897029 0.002723
2184947.837696 -2560125.523211 -436823.552925 0.000971
2185343.035887 -2559968.013332 -436758.966514 0.009545
2185103.495309 -2560078.275454 -436765.521399 -0.134984
2185086.281025 -2560062.355214 -436747.021654 0.002669
2184976.247918 -2560117.160953 -436731.036811 0.000651
2185237.941946 -2560007.088423 -436663.878739 -0.002325
2185223.940596 -2560013.732029 -436627.063044 -0.000280
2185134.863844 -2560070.134886 -436552.841201 -0.315303
2185210.015557 -2560293.802284 -436666.054856 1.195758
2185078.320148 -2560040.697338 -436584.490582 0.319103
2185090.482510 -2560099.116482 -436552.704237 0.224261
2185207.871652 -2560013.754877 -436508.117403 0.002972
2185048.678709 -2560097.049797 -436515.052625 -0.000246
2185220.365047 -2560007.549757 -436462.647294 -0.000671
2185355.451446 -2559963.166377 -436445.670634 0.013019
2185213.270345 -2560013.834274 -436426.581954 0.003081
2185186.622189 -2560147.211827 -436405.150608 -0.984414
2185162.029735 -2560039.383352 -436362.714491 -0.060063
2185273.911861 -2559995.526248 -436344.527307 0.016651
2185299.195572 -2559992.541628 -436324.597917 0.017256
2185260.793140 -2560005.039571 -436319.699235 0.016082
2185250.468314 -2560132.568517 -436260.819605 -0.511555
2185267.830170 -2560009.891727 -436263.642600 0.014499
2185390.196061 -2560149.710032 -436263.449909 -0.325384
2185059.321786 -2560137.815235 -436262.288515 0.011238
2185104.581302 -2560100.248448 -436237.104375 0.003451
2185242.414368 -2560195.462471 -436223.093199 -0.426209
2185056.305864 -2560185.019144 -436222.415101 1.255524
2185017.618085 -2560131.471386 -436177.316658 0.007514
2185141.789186 -2560276.249100 -436171.405943 -1.619480
2185185.431893 -2560303.798260 -436157.110847 -0.474391
2185025.686539 -2560137.687622 -436112.101712 0.058828
2185111.928592 -2560214.423561 -436022.982377 -0.325551
2184926.963732 -2560208.164749 -436074.948172 -0.268250
2184910.825228 -2560136.605826 -436051.815663 0.143771
2185266.697248 -2560288.190256 -436041.171474 0.650752
2184993.207600 -2560255.570871 -436018.568377 0.949093
2185265.448951 -2560061.498970 -435931.824568 0.158103
2185072.482908 -2560125.670788 -435928.812295 0.006082
2185407.107422 -2560086.236484 -435888.760535 0.515513
2185267.514986 -2560045.253950 -435857.485206 0.030601
2184913.175041 -2560242.098098 -435870.312991 0.008211
2185328.903938 -2560024.669948 -435773.072580 0.027581
2185384.369596 -2560122.530472 -435781.115233 -0.073065
2184908.068023 -2560241.782518 -435804.354929 0.010315
2184955.127862 -2560224.411147 -435767.350794 0.010908
2184978.386412 -2560216.939743 -435750.342120 0.008150
2185332.578311 -2560328.197678 -435717.211398 -0.878717
2185234.317886 -2560078.634908 -435677.602672 0.027373
2185176.972866 -2560055.508630 -435646.731223 -0.185168
2185102.916173 -2560338.246293 -435679.726253 -0.252313
2184931.621741 -2560254.589708 -435645.112636 0.010769
2184905.711739 -2560268.653920 -435616.628012 0.013293
2184980.822915 -2560315.250550 -435607.754895 -0.129337
2185083.420239 -2560317.595393 -435604.723466 0.760693
2185081.215604 -2560182.364180 -435549.950919 0.020075
2185184.320864 -2560119.726818 -435529.291099 0.016302
2185032.744191 -2560189.066449 -435531.143114 0.739376
2184952.343050 -2560253.269594 -435500.625250 0.014913
2185340.518941 -2560049.407980 -435439.264551 0.031417
2185325.731056 -2560060.636177 -435410.103117 0.026503
2185263.950182 -2560102.837949 -435400.201256 0.030340
2185276.856757 -2560095.731768 -435385.414030 0.027163
2185143.534731 -2560189.965210 -435352.621050 0.022073
2185072.089022 -2560258.162243 -435341.263457 -0.674740
2185123.273529 -2560242.486180 -435281.866015 -0.486561
2185435.823991 -2560227.090259 -435285.152933 -1.071540
2185112.030217 -2560198.577442 -435276.677622 0.017814
2184935.756600 -2560197.160764 -435328.001411 0.328325
2184880.543412 -2560310.127629 -435239.411777 0.035233
2185012.929153 -2560433.443541 -435246.631925 0.074409
2185158.244190 -2560174.458463 -435175.483245 0.021542
2184920.965237 -2560296.448371 -435198.862959 0.026504
2184903.579567 -2560303.865534 -435181.899770 0.021496
2185440.969111 -2560348.884564 -435093.278220 -0.566125
2185151.355511 -2560187.221009 -435097.305744 0.022012
2185057.333346 -2560297.617071 -435093.378041 0.012790
2184986.539290 -2560263.167075 -435077.152516 0.026458
2185216.990053 -2560287.617232 -435035.517069 0.098975
2185144.524305 -2560199.065177 -434999.442658 0.025406
2185231.117461 -2560147.247914 -434980.530392 0.039237
2185125.724617 -2560217.590716 -434955.896238 0.027573
2185095.956942 -2560161.063178 -434902.844624 -0.417404
2185132.394919 -2560224.152238 -434903.544017 0.036050
2184999.479633 -2560270.023392 -434904.743018 0.038001
2184951.715038 -2560272.725563 -434885.847447 0.038041
2185181.791987 -2560202.514447 -434831.896281 0.036020
2184978.757012 -2560262.288580 -434816.509304 0.035021
2185209.222510 -2560402.950117 -434803.804822 -0.248091
2185047.619947 -2560253.996021 -434759.303800 0.039502
2184854.732895 -2560326.311009 -434735.172821 -1.009494
2185433.909865 -2560351.502461 -434710.662018 0.235807
2185133.723629 -2560216.254083 -434673.229199 0.045522
2185145.865563 -2560211.771856 -434656.362001 0.049408
2184923.468302 -2560350.539650 -434653.856033 -0.294322
2184978.016677 -2560399.108116 -434641.769390 -0.170661
2185204.861822 -2560189.533830 -434555.339309 0.065758
2185015.754687 -2560219.786796 -434543.622197 0.052390
2185160.432850 -2560200.139929 -434496.450280 0.048913
2185093.672007 -2560195.304885 -434461.784963 0.059086
2184906.643601 -2559811.323852 -439718.111022 -0.001554
2184654.706898 -2559846.081818 -439783.028023 0.334778
2185019.278498 -2559746.841154 -439665.872587 0.003857
2184622.581627 -2560017.726069 -439698.923275 0.007931
2184785.906118 -2559917.100989 -439635.802570 0.010267
2184742.149182 -2560081.352182 -439644.241207 0.635399
2184756.047345 -2559937.481068 -439581.888528 -0.003622
2184764.202026 -2559834.042655 -439512.961069 -0.164404
2184995.456489 -2559796.954060 -439489.283105 -0.001724
2184943.054680 -2559743.144174 -439430.214727 -1.188318
2184895.618142 -2559909.562459 -439455.456226 0.169664
2184887.899076 -2559953.411909 -439449.031318 0.618737
2184946.822915 -2559828.944890 -439381.749234 0.006367
2184634.237720 -2559763.768547 -439369.774437 0.435589
2184744.562769 -2560199.221962 -439502.685200 0.328691
2184549.526669 -2559826.190042 -439297.138685 -1.141731
2184663.503618 -2559951.521087 -439314.965001 0.638015
2184980.667890 -2559847.458070 -439249.397212 -0.001335
2185061.844844 -2559976.929266 -439183.845236 -0.409600
2184993.886296 -2559859.069214 -439168.344571 0.001907
2184613.738182 -2560078.692817 -439191.272749 -0.579142
2184829.777363 -2560003.029376 -439132.520518 -0.462038
2184991.991499 -2559960.622089 -439085.298866 1.146556
2184599.252866 -2560096.454983 -439079.146787 0.010473
2184876.294512 -2559981.687622 -439037.251310 0.183544
2184749.398597 -2560018.889666 -439025.408236 0.007659
2184985.365819 -2559900.093288 -438955.199184 0.006222
2185093.511075 -2559988.307992 -438989.898289 0.570199
2184790.035827 -2560023.714757 -438917.035668 0.012751
2184867.205502 -2560020.075223 -438884.581911 0.007855
2184796.675881 -2560091.931336 -438889.463676 0.228098
2184900.732687 -2560009.068794 -438822.969379 0.000569
2184719.897884 -2560098.035280 -438830.638976 1.349951
2184715.469516 -2560154.792536 -438804.925223 -1.737453
2184717.568742 -2560072.732598 -438762.681934 -0.000394
2184719.689745 -2560079.223874 -438735.445639 0.005841
2184769.501019 -2560073.738780 -438684.280758 0.003145
2184767.150354 -2560069.740688 -438647.540202 0.001829
2184927.675540 -2560020.260052 -438600.087937 0.010411
2184754.492807 -2560316.133299 -438644.853190 0.602393
2184661.757182 -2559983.851719 -438536.667227 -0.363216
2184672.105426 -2560068.909476 -438609.406796 0.405905
2184840.935721 -2559917.415750 -438470.524270 0.146093
2184731.601634 -2560074.098093 -438469.218538 0.004839
2185022.906883 -2559968.661966 -438402.170815 0.000130
2184625.257521 -2560109.741920 -438420.483245 0.819414
2184582.248209 -2560184.824474 -438398.761263 0.099659
2184956.948276 -2560112.961074 -438326.647783 -1.172603
2184981.014090 -2559990.273799 -438267.464978 -0.002439
2184776.330698 -2560251.710353 -438283.725212 -0.238824
2184894.213288 -2559862.206599 -438157.211940 -0.545825
2184925.399705 -2560026.579295 -438140.539662 0.010608
2184707.018341 -2560122.466646 -438071.403755 -0.339004
2184639.710165 -2560208.671268 -438151.618486 0.320237
2184908.138686 -2560035.257731 -438063.874803 -0.939663
2184646.133774 -2560188.545718 -438093.503788 0.360684
2184947.298558 -2559982.667545 -437998.970487 -0.934041
2184560.621668 -2560236.295014 -438029.084901 0.007156
2184865.208612 -2560050.447045 -437973.322230 -0.003106
2184617.352176 -2560161.854930 -437978.249691 0.015762
2184655.176832 -2560178.137941 -437955.382245 -0.003828
2184804.061939 -2560125.755014 -437904.248894 0.226006
2184834.639381 -2560113.411037 -437885.909898 -0.003450
2184558.664648 -2560248.310076 -437883.834174 -0.003259
2184685.883410 -2560009.327092 -437753.712270 -0.436191
2184532.881326 -2560255.485759 -437837.103978 0.145700
2184998.227618 -2560140.558152 -437842.648026 0.366892
2184537.320038 -2560270.516764 -437765.398957 -0.000044
2184940.914368 -2560076.063082 -437705.061314 -0.008785
2184709.747599 -2560103.526474 -437702.713869 1.165888
2184790.796103 -2560268.233589 -437686.229989 -0.631307
2184759.744589 -2560020.691314 -437631.620884 1.196762
2184837.843947 -2560398.528567 -437667.153706 1.515241
2184927.629414 -2560176.106722 -437516.667468 -0.373632
2184763.840464 -2560262.788245 -437523.390215 -0.367586
2184658.232857 -2560246.184136 -437569.175922 -0.004772
2184591.891052 -2560277.945092 -437553.328006 0.005753
2184904.442028 -2560187.497576 -437567.819692 0.334980
2184723.174064 -2560243.983140 -437460.645810 0.001619
2184726.038160 -2560094.738347 -437474.444521 0.382364
2184790.029494 -2560174.496485 -437361.475905 -0.009618
2184866.156789 -2560440.151613 -437363.467944 -0.595676
2184680.967371 -2560267.832587 -437315.316861 0.008100
2185046.748259 -2560305.804861 -437296.595686 0.244893
2184966.620753 -2560386.447588 -437259.098341 -0.386603
2184698.724180 -2560223.540566 -437290.785966 0.380093
2184699.785830 -2560187.666404 -437134.721280 -0.606141
2184710.233796 -2560243.349928 -437170.448785 -0.003695
2184701.767826 -2560243.991398 -437160.958676 -0.001752
2184713.776061 -2560244.372403 -437140.174473 0.002878
2184510.856966 -2560323.751784 -437113.513451 0.596784
2184842.135144 -2560118.053908 -436962.806921 -0.512990
2184883.346565 -2560164.832624 -436994.898144 -0.003939
2184781.533132 -2560254.461343 -436975.716142 -0.013413
2184549.898279 -2560374.421042 -436998.589428 0.323557
2184788.840962 -2560436.270701 -436959.470464 -0.339961
2184639.141565 -2560294.981231 -436925.294490 -0.005432
2184899.909262 -2560149.159751 -436858.555145 -0.004683
2184674.950174 -2560270.337422 -436852.449365 -0.212633
2184868.957629 -2560169.375121 -436792.923448 -0.007265
2184720.716477 -2560252.921109 -436793.630596 -0.006193
2184780.561497 -2560207.343697 -436777.716034 0.346711
2184881.339805 -2560167.725762 -436720.401650 -0.011066
2184670.412147 -2560282.793778 -436713.304435 0.002418
2184646.010346 -2560326.511814 -436702.999031 -1.042619
2184606.023393 -2560348.775690 -436670.577364 -0.536584
2184600.501533 -2560326.725682 -436653.222885 0.000985
2184803.734575 -2560453.252752 -436659.242807 1.059618
2184579.005298 -2560345.623639 -436600.591060 0.004801
2184893.753677 -2560188.507982 -436534.386098 0.120194
2184892.669048 -2560205.790449 -436480.320415 -0.673668
2184497.050753 -2560276.712589 -436516.304885 0.497822
2184793.705359 -2560252.295772 -436463.862854 -1.345702
2184916.039184 -2560265.459042 -436443.834817 -0.381745
2184661.103541 -2560317.997529 -436446.911384 0.008562
2184874.643448 -2560194.335934 -436384.093674 0.005745
2184927.552283 -2560280.948086 -436385.979049 0.293000
2184554.533220 -2560381.419692 -436402.848145 0.004813
2184855.942366 -2560211.406827 -436335.711187 -0.004261
2184741.876141 -2560462.491339 -436271.949904 -0.415519
2184647.375026 -2560346.341411 -436297.493154 0.010116
2184630.251179 -2560268.488866 -436264.160499 -0.028412
2184781.999846 -2560677.303942 -436273.096619 -0.559026
2184930.823949 -2560379.121145 -436236.489384 0.547337
2184517.752630 -2560394.437113 -436199.311814 0.005128
2184806.685522 -2560224.457547 -436129.932168 -0.354717
2184896.429553 -2560217.830316 -436094.187638 -0.001221
2184900.851986 -2560240.931796 -436086.524879 0.484062
2184716.444925 -2560326.188351 -436062.239909 -0.003530
2184781.268390 -2560572.936765 -436142.624857 0.408783
2184778.170202 -2560295.216872 -435984.224396 -0.009061
2184835.521019 -2560489.720429 -436051.490288 0.575622
2184617.322158 -2560427.584078 -435962.216490 -0.660504
2184466.220175 -2560378.013510 -435926.178031 0.008803
2184521.688962 -2560435.186494 -435828.617387 -0.344134
2184786.867552 -2560304.680644 -435844.418956 -0.004344
2184802.953044 -2560308.605242 -435786.634691 -0.004194
2184761.884511 -2560314.523468 -435772.575620 0.000477
2184654.180432 -2560346.754427 -435765.099117 0.017470
2184808.142702 -2560537.355857 -435769.122911 0.818511
2184699.857099 -2560501.274809 -435707.544925 -0.180888
2184788.673754 -2560638.327648 -435687.934460 0.189207
2184609.885494 -2560401.075915 -435607.679788 1.653080
2184697.192524 -2560324.329300 -435518.616197 0.008325
2184838.335479 -2560308.446921 -435462.997855 0.010094
2184740.888134 -2560314.787836 -435429.622974 0.015951
2184875.649026 -2560461.791025 -435377.583065 0.144193
2184859.739297 -2560451.546639 -435324.715946 0.285802
2184817.784547 -2560306.385891 -435218.648492 0.018242
2184512.868202 -2560697.509850 -435201.384241 -0.394279
2184373.862837 -2560562.278342 -435109.945635 -0.658606
2184922.834691 -2560457.137160 -435034.705325 -1.056700
2184515.204487 -2560710.565991 -434940.814254 -0.315720
2184953.399221 -2560640.008710 -434884.157552 -0.038392
2184860.717087 -2560471.614609 -434757.989213 -0.729474
2184808.871679 -2560422.458232 -434644.427043 0.160867
2184671.525134 -2560768.779239 -434624.393304 1.095798
2184579.617183 -2560016.787459 -439722.010287 -0.005885
2184617.369994 -2560066.208128 -439708.864621 0.760903
2184191.467962 -2560238.471871 -439710.699743 0.008519
2184481.964000 -2560065.487296 -439644.371416 -0.008839
2184273.364065 -2560190.339719 -439649.409645 -0.003091
2184367.532736 -2560144.960974 -439622.481040 -0.004555
2184546.914663 -2560107.712487 -439569.078059 -1.192099
2184534.715645 -2560059.109614 -439529.415948 0.048741
2184412.343692 -2560137.040959 -439518.578580 -0.001365
2184605.560921 -2560140.747721 -439471.185155 -0.470064
2184431.595702 -2560132.667390 -439459.264914 -0.001741
2184357.647103 -2560427.592397 -439488.408989 0.644068
2184379.244881 -2560177.522322 -439382.502018 0.000666
2184406.982144 -2560164.641940 -439348.655527 0.001830
2184567.443914 -2560066.791143 -439308.948244 0.007463
2184337.173665 -2560158.500937 -439318.553636 0.989565
2184550.007051 -2560087.174085 -439301.287610 0.407227
2184461.429201 -2560179.999854 -439236.453509 -0.216057
2184082.060125 -2560188.364308 -439228.499187 -0.375785
2184326.229506 -2560239.640543 -439218.826846 0.004405
2184092.770779 -2560185.759003 -439123.021602 -0.515444
2184048.601693 -2560191.165442 -439153.889032 0.131575
2184540.633252 -2560128.452396 -439167.829784 0.319578
2184349.943554 -2560243.096317 -439089.597324 0.005481
2184552.798678 -2560229.834299 -439109.146926 0.523776
2184302.306339 -2560271.648953 -439049.259517 0.007381
2184174.424827 -2560123.688121 -439079.452060 0.326891
2184520.566455 -2560164.746568 -438973.511021 -0.001086
2184329.697384 -2560076.347530 -438916.136243 -0.480094
2184270.504292 -2560278.943024 -438946.958527 0.007557
2184348.888245 -2560247.545640 -438929.293375 0.000572
2184320.234362 -2560263.683109 -438924.784764 0.087600
2184191.519387 -2560335.985338 -438902.492117 0.007991
2184225.928712 -2560450.328039 -438882.483622 -0.042359
2184384.711201 -2560241.374822 -438812.168767 0.001744
2184263.186686 -2560312.594476 -438789.918253 0.000967
2184480.208565 -2560208.932991 -438724.540090 0.004723
2184333.376923 -2560479.584207 -438770.491842 1.700371
2184307.433921 -2560312.345058 -438684.506404 -0.003207
2184280.381639 -2560330.492532 -438679.311065 -0.007612
2184255.033865 -2560334.290600 -438636.757122 -0.004904
2184223.363569 -2560281.004598 -438542.099961 -0.555409
2184211.145285 -2560217.605506 -438524.624288 -0.552416
2184271.785419 -2560336.341971 -438614.667267 0.350217
2184454.720475 -2560134.486693 -438480.073023 0.825513
2184224.958259 -2560286.637173 -438507.621692 0.626872
2184409.575640 -2560291.875148 -438421.068346 0.003015
2184416.049251 -2560518.750860 -438431.899402 -0.814981
2184337.168464 -2560367.948718 -438399.877818 -0.197574
2184512.686420 -2560238.317441 -438321.539265 0.008192
2184260.783745 -2560561.158577 -438424.840467 0.805233
2184495.009973 -2560281.085032 -438280.552776 -0.528476
2184509.805641 -2560273.440792 -438314.059821 0.563188
2184288.737170 -2560351.739142 -438256.551588 0.007468
2184268.839449 -2560368.569017 -438219.731323 0.006799
2184338.891796 -2560361.667539 -438201.667839 0.163308
2184335.203995 -2560332.078250 -438175.055317 0.005168
2184227.771888 -2560402.993294 -438159.283746 0.000202
2184360.443422 -2560355.735058 -438122.498607 0.195784
2184527.349954 -2560254.050702 -438053.140930 0.007951
2184462.812804 -2560387.830995 -438043.633720 0.128599
2184385.906670 -2560327.477723 -438017.397847 -0.001189
2184106.108860 -2560322.352093 -437990.889063 -1.698557
2184076.120910 -2560360.548187 -437992.689852 0.498391
2184110.913938 -2560435.368838 -437882.507620 -0.364695
2184300.373281 -2560445.458072 -437934.247334 0.190914
2184244.430284 -2560295.932677 -437857.882163 -0.106493
2184328.473439 -2560373.810429 -437862.015531 0.000592
2184516.381592 -2560407.581877 -437918.260027 0.353554
2184206.456704 -2560601.239127 -437844.190765 -1.277274
2184311.269575 -2560531.533220 -437744.358461 -0.398522
2184250.765389 -2560633.970916 -437799.244561 0.172280
2184151.220999 -2560454.979811 -437739.318904 -0.002309
2184255.209022 -2560652.136218 -437750.801926 -0.234828
2184060.128726 -2560453.567538 -437665.082394 0.001528
2184386.502320 -2560380.766557 -437632.790156 0.002313
2184162.154707 -2560417.184314 -437606.738005 -0.247097
2184172.392029 -2560456.952284 -437600.560185 -0.001335
2184159.200798 -2560406.169298 -437582.254564 -0.247542
2184366.349078 -2560402.403760 -437558.464376 0.218371
2184409.394437 -2560378.530921 -437533.994210 0.009854
2184365.394150 -2560393.984223 -437508.504508 0.007439
2184109.274457 -2560448.025741 -437505.117585 0.001080
2184516.462722 -2560354.706847 -437459.247452 0.003182
2184293.765011 -2560429.404756 -437446.534262 -0.128294
2184371.631319 -2560406.812374 -437409.759016 0.004912
2184373.583360 -2560410.134008 -437392.500629 -0.001037
2184420.934797 -2560394.848320 -437363.464840 0.011440
2184186.397293 -2560457.326657 -437349.682438 0.002392
2184318.292667 -2560432.952326 -437319.886181 0.004604
2184095.338375 -2560460.109993 -437300.225487 0.543727
2184413.860554 -2560405.737508 -437240.929537 0.001939
2184107.662146 -2560426.082266 -437288.689069 0.409597
2184566.674429 -2560570.320933 -437219.701063 -0.555793
2184202.329779 -2560445.992595 -437150.211542 0.004092
2184131.539144 -2560443.265806 -437126.530681 -0.004175
2184528.511663 -2560543.454198 -437103.838085 -0.545946
2184329.079897 -2560800.679640 -437189.403698 0.662645
2184274.402560 -2560453.378505 -437044.620818 0.001788
2184374.844265 -2560427.352027 -436992.241252 0.001060
2184379.529492 -2560408.157016 -436907.788242 -0.417324
2184172.437262 -2560439.392363 -436969.715994 -0.002703
2184470.320823 -2560721.854682 -436988.204752 0.543550
2184449.243861 -2560767.058653 -437043.059948 0.403984
2184140.720166 -2560460.459533 -436880.472136 0.004847
2184171.774959 -2560455.019429 -436847.054894 0.004959
2184361.633033 -2560425.972946 -436804.041647 0.004340
2184289.084815 -2560797.498655 -436923.122238 0.358630
2184172.029710 -2560493.973688 -436685.490337 -0.384657
2184186.847258 -2560460.192580 -436722.690097 0.004747
2184309.138753 -2560455.123298 -436669.897933 0.014189
2184554.975837 -2560765.280322 -436599.546064 -0.322406
2184264.885318 -2560462.669979 -436581.895140 0.011808
2184408.664175 -2560498.585593 -436562.230555 0.210084
2184190.323612 -2560621.532592 -436605.111963 0.620408
2184321.629230 -2560453.684288 -436460.214968 0.014205
2184296.564119 -2560463.400553 -436453.071944 0.014016
2184225.609723 -2560574.776350 -436419.524815 -0.590336
2184351.706989 -2560650.558906 -436432.404791 1.440012
2184249.174512 -2560543.204329 -436338.633825 -1.335347
2184320.501097 -2560465.581437 -436301.065110 0.009703
2184434.031097 -2560792.600468 -436321.513389 0.173487
2184338.100960 -2560824.310675 -436287.603419 1.164398
2184233.005513 -2560585.943731 -436168.735861 -1.606767
2184361.537745 -2560517.731690 -436116.394395 -0.786264
2184150.439641 -2560958.912485 -436096.258020 -1.288921
2184336.094585 -2560781.643347 -436052.405540 -0.107670
2184363.920561 -2560554.359034 -435860.934668 -0.407137
2184385.236056 -2560503.939837 -435832.104073 -1.344996
2184361.252354 -2560684.768906 -435698.202296 -0.403519
2184216.814236 -2560774.241743 -435682.771111 0.799054
2184477.567054 -2560708.859242 -435568.365340 0.662849
2184053.183434 -2560839.153827 -435527.827113 0.280115
2184472.049186 -2560878.979902 -435348.249612 -0.328558
2184227.806329 -2560818.575500 -435379.564234 0.637724
2184301.877082 -2560612.005066 -435152.606559 0.111513
2184084.686853 -2560812.964784 -435002.339675 -0.333061
2184266.395506 -2560886.523126 -434929.873541 0.651426
2184403.642604 -2560777.063087 -434778.925005 -1.623076
2184273.868579 -2560841.132484 -434659.246932 -0.441677
2184406.813028 -2560936.862586 -434743.318282 0.320377
2188066.206374 -2557645.032269 -439303.105685 -0.204684
2188053.613458 -2557628.412413 -439289.063034 -0.184069
2188159.167851 -2557798.745846 -439312.545220 0.319466
2188218.854943 -2557893.507370 -439305.809146 0.236952
2188211.728223 -2557870.285117 -439290.298351 0.221470
2188209.108721 -2557867.381604 -439284.879936 0.199777
2188054.868213 -2557639.056982 -439244.892066 -0.034976
2188088.947138 -2557690.568928 -439247.880650 -0.244100
2188208.861650 -2557871.291154 -439263.761821 0.222854
2188099.602621 -2557710.029373 -439232.395607 -0.235167
2188104.245799 -2557718.316992 -439226.143226 -0.243915
2188068.558818 -2557668.973913 -439198.714632 -0.006186
2188106.170199 -2557726.099795 -439201.593379 -0.166652
2188211.216558 -2557885.899434 -439207.413525 0.225298
2188205.457645 -2557876.359581 -439210.748962 -0.237921
2188086.788396 -2557702.158217 -439172.417917 -0.243899
2188107.975308 -2557734.607297 -439172.745003 -0.242664
2188239.358346 -2557931.640691 -439193.856575 -0.244011
2188108.587956 -2557748.594917 -439119.380741 -0.046400
2188109.178405 -2557748.019678 -439115.148390 0.039497
2188053.552544 -2557665.100746 -439101.997207 -0.242340
2188115.406341 -2557760.162280 -439100.382698 0.083690
2188226.539589 -2557926.146649 -439121.399160 0.206038
2188180.280882 -2557858.673499 -439104.623956 0.188476
2188060.599269 -2557680.603467 -439077.897000 -0.246817
2188106.913342 -2557751.553383 -439077.611496 0.081598
2188078.189179 -2557709.696630 -439066.936327 -0.247162
2188165.416999 -2557842.941553 -439067.915790 -0.209520
2188099.354867 -2557749.952381 -439026.679855 -0.165852
2188039.871987 -2557663.871768 -439000.974301 -0.049262
2188082.957815 -2557739.819925 -439009.296399 -0.062931
2188197.161630 -2557901.508466 -439017.554986 -0.246311
2188057.277830 -2557696.145053 -438973.426495 -0.232672
2188053.103604 -2557694.669801 -438948.253241 -0.202121
2188021.730820 -2557649.660727 -438931.650884 -0.171679
2188058.338937 -2557708.308974 -438919.033042 -0.220487
2188130.543810 -2557818.602796 -438920.284281 0.105992
2188078.089999 -2557746.031011 -438880.449718 -0.233880
2188082.824847 -2557761.576319 -438838.057165 -0.247390
2188213.525875 -2557956.301689 -438865.890551 -0.204768
2188151.085302 -2557867.019050 -438833.091165 0.202260
2188157.036166 -2557877.946622 -438823.926126 0.220079
2188217.573666 -2557968.985141 -438832.483748 0.190286
2188084.543856 -2557771.753144 -438798.909740 -0.088505
2188160.657567 -2557886.638246 -438807.429230 0.073731
2188214.681642 -2557968.875149 -438810.546865 0.215636
2188026.905457 -2557692.319817 -438753.891541 -0.251271
2188066.186737 -2557753.922966 -438746.248256 -0.144074
2188092.546595 -2557794.553198 -438744.850535 0.003145
2188081.732733 -2557785.332109 -438706.711390 0.197470
2188195.844135 -2557953.996201 -438737.492017 -0.217058
2188102.473790 -2557818.873935 -438698.884087 0.225078
2188052.954088 -2557747.281075 -438676.482795 0.178199
2188081.823178 -2557791.536715 -438676.207260 0.178471
2188098.864230 -2557830.550814 -438668.594344 0.111510
2188054.981278 -2557756.905887 -438648.066283 0.182862
2188090.018114 -2557817.800471 -438623.218360 -0.062319
2188034.292030 -2557730.385318 -438613.821804 0.212083
2188093.773635 -2557820.826813 -438620.076005 0.162464
2188034.138013 -2557734.422513 -438594.219629 0.166967
2188047.812314 -2557759.846592 -438578.708024 -0.001722
2188060.898538 -2557777.374288 -438584.679120 0.213039
2188080.767666 -2557808.118912 -438582.809058 0.180736
2188084.067120 -2557829.764156 -438563.113634 -0.025081
2188058.672459 -2557780.397082 -438550.389686 0.222074
2188037.856019 -2557749.824255 -438543.448858 0.246210
2188048.430805 -2557781.040039 -438535.493071 0.580764
2188069.400348 -2557803.387469 -438514.800062 0.197571
2188098.078511 -2557850.690046 -438509.534131 0.203024
2188073.447665 -2557816.827275 -438480.100949 0.187393
2188099.717693 -2557856.393981 -438482.953969 0.125952
2188211.221583 -2558023.593932 -438500.653739 0.042593
2188120.532222 -2557898.843829 -438458.846088 -0.176392
2188211.507022 -2558032.349545 -438457.074868 0.031136
2188187.636533 -2558000.408891 -438434.124431 0.209873
2188106.590129 -2557882.921206 -438400.815381 0.177093
2188105.998596 -2557883.491134 -438392.468676 0.197211
2188095.960577 -2557870.012868 -438382.659020 0.176188
2188099.748235 -2557875.937692 -438379.804676 0.110627
2188098.301262 -2557877.193792 -438363.375180 0.144525
2188114.476575 -2557904.523261 -438350.211988 0.220962
2188060.408403 -2557825.142394 -438333.316105 0.119229
2188080.594342 -2557857.101618 -438327.503352 0.149193
2188145.700067 -2557952.920752 -438346.973800 -0.210419
2188109.294206 -2557899.785087 -438333.062949 -0.241517
2188116.825133 -2557914.250360 -438319.476318 0.129648
2188097.399750 -2557887.786775 -438301.725526 -0.011018
2188105.221599 -2557901.858038 -438290.931715 0.106739
2188156.785640 -2557985.590366 -438296.907334 -0.804140
2188198.305530 -2558043.304442 -438295.846981 0.153540
2188092.323165 -2557887.727245 -438261.664786 0.104358
2188085.989993 -2557880.850332 -438247.220296 0.221516
2188096.434652 -2557896.985538 -438246.548384 0.136536
2188076.739589 -2557868.216592 -438236.585008 0.115678
2188099.636401 -2557900.054410 -438237.022748 0.541762
2188189.884963 -2558037.996748 -438255.618967 -0.242176
2188210.507440 -2558070.685324 -438250.523018 -0.237881
2188214.342549 -2558077.835976 -438243.953107 -0.247352
2188055.354301 -2557847.278510 -438178.117966 0.182661
2188199.128446 -2558064.512352 -438192.295927 0.048390
2188062.245978 -2557865.941421 -438150.273733 0.235026
2188021.810805 -2557805.707809 -438127.422802 0.220133
2188022.582268 -2557812.347000 -438109.845935 -0.326545
2188005.720456 -2557787.754442 -438092.408149 -0.039678
2188090.187112 -2557913.046025 -438112.982960 -0.219994
2188019.514425 -2557819.223334 -438087.891492 -0.111809
2188202.631921 -2558089.314675 -438091.182730 0.221694
2188082.836744 -2557912.625235 -438054.803114 -0.248544
2188144.312792 -2558005.997403 -438060.365973 -0.240922
2188178.337056 -2558060.008953 -438048.927234 0.213713
2188113.609476 -2557967.203053 -438017.577007 -0.067637
2188204.005355 -2558103.740480 -438027.143547 0.211814
2188103.312317 -2557955.644222 -437995.153402 -0.232742
2188137.845338 -2558008.250887 -437996.678130 -0.248172
2188128.390383 -2557998.544051 -437970.945247 -0.243870
2188140.936974 -2558018.375264 -437968.889968 -0.244904
2188208.391308 -2558120.417629 -437975.036086 -0.082527
2188140.873057 -2558022.691674 -437946.237173 0.207949
2188090.198429 -2557950.627410 -437917.129207 -0.246432
2188104.056476 -2557972.623207 -437913.292118 -0.145339
2188100.881348 -2557968.937089 -437906.980715 -0.248822
2188175.329351 -2558081.996674 -437911.257243 0.207992
2188079.427794 -2557940.186763 -437885.829429 -0.240200
2188188.525085 -2558103.191359 -437906.315073 -0.126676
2188090.899755 -2557959.636191 -437875.471227 -0.226545
2188107.846920 -2557986.586350 -437870.744097 -0.040997
2188197.657450 -2558123.563623 -437872.997302 0.206679
2188185.819035 -2558105.598080 -437871.881057 -0.240190
2188176.710163 -2558093.152280 -437863.967133 -0.227914
2188133.851914 -2558033.112779 -437835.927579 0.201342
2188207.633066 -2558142.175827 -437854.514961 -0.136184
2188173.753278 -2558092.712964 -437842.538789 -0.224551
2188114.106980 -2558007.843755 -437810.235010 0.200129
2188127.789936 -2558028.263262 -437811.955298 0.040512
2188092.025277 -2557977.133897 -437793.254851 -0.241687
2188181.208386 -2558113.129081 -437796.324997 0.205912
2188135.975329 -2558047.400335 -437778.943616 -0.249836
2188068.301478 -2557949.477195 -437748.676569 0.107163
2188114.974904 -2558019.517502 -437755.433549 -0.010680
2188073.721189 -2557960.180913 -437735.785301 0.047009
2188076.610595 -2557971.083355 -437701.450037 -0.251763
2188100.374185 -2558008.112349 -437698.124200 -0.166319
2188087.302124 -2557989.477647 -437691.386915 -0.248406
2188101.846655 -2558012.843647 -437684.745793 -0.249236
2188080.161637 -2557984.029957 -437663.515865 0.000082
2188100.067263 -2558017.701062 -437645.513489 -0.247062
2188088.658821 -2558005.671224 -437617.141199 0.206551
2188133.835358 -2558074.849770 -437616.912263 -0.202192
2188088.459673 -2558012.886462 -437577.911770 -0.136251
2188058.023550 -2557968.331378 -437566.842990 -0.224310
2188092.550514 -2558021.421490 -437565.436043 -0.225746
2188051.092607 -2557965.444129 -437526.324520 0.129184
2188022.016049 -2557922.003805 -437521.259195 -0.218535
2188050.435001 -2557968.585033 -437505.475476 0.130778
2188039.951378 -2557952.581407 -437504.709372 -0.200949
2187967.864775 -2557847.251390 -437479.421884 -0.246585
2188023.664145 -2557931.331924 -437484.727694 -0.187094
2188102.050065 -2558049.786600 -437493.426906 -0.012620
2187978.828650 -2557886.258621 -437451.361071 -0.044878
2188011.252064 -2557921.376297 -437435.975413 -0.237572
2188073.597115 -2558018.495077 -437429.275697 0.101219
2188024.714801 -2557950.008159 -437395.595888 -0.002282
2187987.771810 -2557897.002488 -437377.723115 0.026702
2188124.607181 -2558103.345400 -437393.808634 0.197520
2188095.690483 -2558062.682447 -437374.226973 -0.080581
2188005.350704 -2557931.973885 -437334.949858 0.060747
2187947.756086 -2557851.426045 -437295.624639 -0.007263
2187947.692011 -2557852.335019 -437290.423547 -0.007342
2187948.478278 -2557854.446355 -437285.417451 -0.008407
2187948.412949 -2557855.348461 -437280.218507 -0.008208
2187949.177435 -2557857.323187 -437275.336053 -0.008115
2187949.146139 -2557858.393931 -437270.151470 -0.009059
2187949.925255 -2557860.464877 -437265.159794 -0.008500
2187950.766432 -2557862.839159 -437260.212677 -0.008443
2187950.239998 -2557862.965687 -437254.888552 -0.007605
2187950.607037 -2557864.503359 -437249.791515 -0.007895
2187950.978107 -2557866.061080 -437244.700144 -0.008265
2187950.894878 -2557866.873432 -437239.497561 -0.006942
2187955.108169 -2557886.697684 -437232.898922 -0.483466
2187951.593085 -2557869.758654 -437229.359277 -0.011146
2187952.414025 -2557872.050954 -437224.315338 -0.007311
2187951.471015 -2557871.599166 -437218.990430 -0.008889
2187951.803092 -2557874.503443 -437206.348269 0.218348
2187979.436769 -2557916.985467 -437205.447070 0.111778
2187980.206137 -2557920.191636 -437195.501249 0.101595
2187957.955756 -2557888.815768 -437181.270468 0.135010
2187965.359341 -2557901.032381 -437176.897290 0.187326
2188164.102541 -2558196.172874 -437223.189241 0.178962
2187987.325904 -2557936.180271 -437169.295285 0.201469
2188016.991334 -2557982.319924 -437164.690575 0.172473
2188075.992629 -2558071.348426 -437170.259646 -0.217475
2187971.422663 -2557921.263467 -437118.335218 0.211933
2187977.921994 -2557931.867998 -437115.333697 0.187616
2188012.977434 -2557984.815024 -437118.948519 0.201609
2188018.062143 -2557993.921497 -437112.144121 0.216364
2187979.332045 -2557938.001609 -437094.376003 0.218826
2188002.925739 -2557974.835833 -437090.155442 -0.143476
2188025.280086 -2558009.399063 -437087.886962 -0.250529
2188163.390992 -2558216.783451 -437108.528091 0.086034
2188184.557019 -2558248.939159 -437110.659848 -0.119245
2188182.240754 -2558248.140168 -437095.662863 0.186731
2188189.523854 -2558261.011263 -437086.722474 0.207146
2188056.412138 -2558063.755842 -437052.428137 -0.156890
2188028.571765 -2558024.638554 -437034.460122 -0.014936
2188011.928823 -2558001.000080 -437024.914520 -0.250777
2188028.728887 -2558029.820261 -437009.246557 0.074217
2188156.936210 -2558221.264888 -437034.120161 0.215564
2188134.619775 -2558188.323746 -437026.372582 -0.171283
2188048.787608 -2558063.360916 -436993.472973 0.092843
2188115.467379 -2558163.671172 -437002.848798 0.212399
2187989.877493 -2557979.678801 -436957.905691 0.069646
2188143.812997 -2558209.604755 -436989.368822 0.211716
2188018.397518 -2558023.324218 -436959.283272 -0.247111
2188077.278339 -2558113.691205 -436958.173323 0.144014
2187983.533583 -2557975.407912 -436931.100732 -0.085202
2187991.677814 -2557989.895618 -436920.825600 0.129015
2187992.041568 -2557991.293541 -436916.351706 0.101114
2188044.812751 -2558069.428777 -436929.209800 -0.220256
2188104.919338 -2558161.511632 -436928.922470 0.028521
2187985.213686 -2557984.721497 -436895.497611 -0.090979
2188041.882855 -2558071.298109 -436896.257135 0.069716
2187991.075091 -2557997.014173 -436878.137168 0.064625
2188040.810360 -2558071.819727 -436884.635017 -0.125801
2188010.279043 -2558028.805259 -436865.094240 -0.183637
2187980.219893 -2557987.382303 -436841.560062 0.068669
2187977.926428 -2557985.160742 -436834.771460 -0.121906
2187981.709122 -2557992.871218 -436824.525394 0.039536
2187975.954276 -2557985.594485 -436816.224592 -0.007180
2187976.388589 -2557987.431892 -436811.312894 -0.007192
2187976.720760 -2557988.825530 -436806.069615 -0.006463
2187977.494630 -2557991.481231 -436798.511883 -0.014963
2187977.831803 -2557992.852305 -436793.482717 -0.007196
2187978.164937 -2557994.235883 -436788.313446 -0.010878
2187981.300378 -2558007.932084 -436791.117266 0.603386
2187978.880902 -2557997.213362 -436778.145632 -0.007506
2187981.428928 -2558002.628061 -436771.052136 -0.006375
2187980.854250 -2558002.521718 -436765.669362 -0.006573
2187981.694243 -2558004.880712 -436760.776784 -0.012284
2187982.449200 -2558007.443034 -436753.198817 -0.010380
2187983.704421 -2558010.364267 -436748.348230 -0.009863
2187983.618673 -2558011.162463 -436743.146763 -0.007980
2187984.002309 -2558012.782442 -436738.057986 -0.008557
2187984.778403 -2558014.837161 -436733.070493 -0.006890
2187985.155473 -2558016.423374 -436727.984620 -0.006728
2187985.082078 -2558017.267854 -436722.862665 -0.009741
2187985.012368 -2558018.154754 -436717.628490 -0.011883
2187986.237861 -2558020.946494 -436712.682996 -0.006342
2187986.113457 -2558022.154245 -436704.936936 -0.009849
2187986.492694 -2558023.750340 -436699.851411 -0.009764
2187986.856623 -2558025.269124 -436694.769436 -0.008304
2187987.658182 -2558027.451797 -436689.789406 -0.007827
2187988.026893 -2558028.999544 -436684.687065 -0.008408
2187987.948882 -2558029.837063 -436679.484139 -0.007164
2187989.627329 -2558033.351841 -436674.725845 -0.007371
2187989.550609 -2558034.202128 -436669.496225 -0.008452
2187989.915526 -2558035.726914 -436664.409354 -0.007453
2187990.263837 -2558037.155468 -436659.386130 -0.010536
2187990.633276 -2558038.703473 -436654.298427 -0.010045
2187990.994963 -2558040.205285 -436649.236074 -0.006582
2187991.382640 -2558041.848807 -436644.138774 -0.008215
2187991.744202 -2558043.360655 -436639.035281 -0.008190
2187992.553611 -2558045.579465 -436634.070537 -0.007106
2187993.303653 -2558047.516491 -436629.027433 -0.008015
2187970.704462 -2558015.302117 -436617.248073 0.028615
2187994.505757 -2558051.397416 -436618.990665 -0.006514
2187994.871169 -2558052.930268 -436613.880082 -0.007596
2187995.674423 -2558055.101655 -436608.996355 -0.009663
2187996.035032 -2558056.608701 -436603.892724 -0.009822
2187996.837734 -2558058.817891 -436598.814390 -0.006807
2187996.748969 -2558059.582505 -436593.700093 -0.008107
2187997.115451 -2558061.122523 -436588.582549 -0.009572
2187997.470876 -2558062.603290 -436583.478487 -0.009365
2187997.783591 -2558063.866677 -436578.380541 -0.005286
2187998.511392 -2558066.915926 -436568.165077 -0.006442
2187998.922352 -2558068.668476 -436563.100559 -0.006932
2187998.877482 -2558069.669867 -436557.912419 -0.006633
2187999.222299 -2558071.096703 -436552.809861 -0.005509
2188000.030647 -2558073.311613 -436547.839181 -0.004510
2187999.968232 -2558074.213802 -436542.706284 -0.009233
2188000.315422 -2558075.654310 -436537.596699 -0.008702
2188000.233744 -2558076.476229 -436532.379410 -0.008298
2188001.045885 -2558078.712615 -436527.399633 -0.008451
2188000.956902 -2558079.499088 -436522.175808 -0.008055
2188001.320092 -2558081.015959 -436517.085625 -0.007045
2188002.546349 -2558084.411791 -436509.617318 -0.007675
2188002.904595 -2558085.902479 -436504.531836 -0.005931
2188002.775486 -2558086.504730 -436499.227988 -0.009279
2188004.093153 -2558089.718995 -436494.472994 -0.005080
2188003.995056 -2558090.469694 -436489.205061 -0.007655
2188003.486105 -2558090.677792 -436483.897448 -0.005973
2188003.848193 -2558092.175720 -436478.871272 -0.010156
2188004.233049 -2558093.794876 -436473.811978 -0.008240
2188005.017859 -2558095.898246 -436468.813514 -0.007822
2188004.925234 -2558096.663953 -436463.599141 -0.006439
2188006.618449 -2558100.253149 -436458.844950 -0.007049
2188006.128549 -2558100.554424 -436453.546850 -0.006037
2188006.912073 -2558102.669821 -436448.454679 -0.002654
2188007.702876 -2558104.791497 -436443.518577 -0.008343
2188007.196106 -2558105.007895 -436438.214400 -0.006328
2188007.987413 -2558107.149775 -436433.192012 -0.008591
2188036.077290 -2558149.187010 -436437.488309 -0.105306
2188007.891296 -2558109.114337 -436422.838502 -0.005672
2188008.217747 -2558110.449758 -436417.728827 -0.003434
2188009.046349 -2558112.748910 -436412.847572 -0.007238
2188009.391409 -2558114.183837 -436407.715121 -0.008244
2188011.071419 -2558117.702732 -436402.976587 -0.006803
2188011.383877 -2558118.980699 -436397.810082 -0.008301
2188011.788919 -2558120.700107 -436392.758634 -0.007115
2188012.538789 -2558123.243187 -436385.152018 -0.006777
2187998.990205 -2558105.323633 -436370.546692 0.148644
2188015.410305 -2558129.988322 -436372.920236 -0.005334
2188016.207747 -2558132.153412 -436367.931780 -0.004900
2188017.008222 -2558134.333761 -436362.939946 -0.005207
2188019.128859 -2558138.517681 -436358.379063 -0.009153
2188019.899035 -2558140.568832 -436353.277836 -0.005641
2188021.546947 -2558143.918915 -436348.580394 -0.008909
2188022.757515 -2558146.623707 -436343.698181 -0.007481
2188024.417810 -2558150.663303 -436336.341845 -0.007794
2188024.371532 -2558151.651626 -436331.176765 -0.005536
2188026.025253 -2558155.052258 -436326.387185 -0.006162
2188025.951874 -2558155.914777 -436321.173692 -0.005972
2188028.820177 -2558162.039792 -436311.498855 -0.005772
2188029.608978 -2558164.145188 -436306.587246 -0.008990
2188030.006312 -2558165.847708 -436301.430796 -0.005178
2188031.208836 -2558168.507365 -436296.568875 -0.001295
2188031.140668 -2558169.386151 -436291.409354 -0.007599
2188031.942435 -2558171.569708 -436286.437045 -0.006165
2188032.759426 -2558173.818173 -436281.512439 -0.001859
2188033.576572 -2558176.089114 -436276.495354 -0.005260
2188034.769620 -2558178.709563 -436271.597116 -0.003843
2188035.160525 -2558180.369548 -436266.494267 -0.005690
2188035.941174 -2558182.433131 -436261.585251 -0.008090
2188037.598484 -2558185.865413 -436256.730331 -0.003834
2188040.068676 -2558191.501291 -436247.076581 -0.005755
2188045.930133 -2558215.924698 -436243.490225 -0.231392
2188046.586421 -2558211.196827 -436245.324991 0.572679
2188045.932629 -2558203.154314 -436232.994909 -0.004898
2188047.566134 -2558206.417349 -436228.364002 -0.001463
2188048.817615 -2558209.365457 -436223.320825 -0.005697
2188049.607756 -2558211.501427 -436218.302982 -0.007163
2188055.145733 -2558232.563021 -436222.076996 0.567667
2188051.623185 -2558216.381189 -436208.565471 -0.005217
2188052.851026 -2558220.382090 -436198.581970 -0.000401
2188053.551847 -2558222.094412 -436193.442247 -0.005710
2188054.415970 -2558224.574935 -436188.548040 -0.002052
2188056.804309 -2558237.108056 -436180.244266 -0.209648
2188054.678663 -2558227.446642 -436175.581316 -0.005522
2188054.562717 -2558237.450145 -436169.574392 0.234484
2188049.982402 -2558234.018771 -436144.135168 -0.681317
2188046.885374 -2558221.749642 -436142.565677 -0.002215
2188046.357576 -2558222.486871 -436134.607630 -0.004822
2188046.257745 -2558223.227470 -436129.341101 -0.006981
2188045.771488 -2558223.530294 -436124.108500 -0.000183
2188045.250789 -2558223.682917 -436118.773116 0.000254
2188044.313049 -2558223.279082 -436113.317931 -0.001000
2188043.819986 -2558223.550156 -436108.077253 -0.005274
2188043.321692 -2558223.816656 -436102.740119 -0.006447
2188043.254003 -2558224.699158 -436097.561726 -0.003410
2188042.738365 -2558224.877484 -436092.226090 -0.003201
2188041.779880 -2558224.967552 -436084.251020 -0.008797
2188041.270461 -2558225.191535 -436078.843250 -0.004411
2188040.741444 -2558225.301828 -436073.508908 -0.003094
2188041.574987 -2558227.617688 -436068.665186 -0.003808
2188040.625019 -2558227.157073 -436063.187741 -0.006007
2188040.143287 -2558227.493007 -436057.903407 -0.004050
2188039.628433 -2558227.681708 -436052.540309 -0.006030
2188040.000256 -2558229.235667 -436047.476386 -0.003185
2188039.073518 -2558228.882037 -436042.044648 -0.003219
2188039.421367 -2558230.329405 -436036.917242 -0.003924
2188038.815561 -2558230.679953 -436028.923915 -0.003712
2188039.255521 -2558232.558625 -436023.956796 -0.008342
2188039.168513 -2558233.342387 -436018.781865 -0.003398
2188039.075805 -2558234.733613 -436010.916452 -0.007465
2188038.524377 -2558234.744661 -436005.509957 0.000016
2188042.095569 -2558252.929662 -435998.637940 -0.185049
2188038.796376 -2558237.636281 -435992.665594 -0.004175
2188039.153951 -2558239.123885 -435987.576541 -0.002089
2188039.071322 -2558239.919758 -435982.455729 -0.003839
2188039.477929 -2558241.675165 -435977.279745 -0.001903
2188039.445570 -2558242.738819 -435972.090591 -0.002323
2188039.680383 -2558244.212428 -435964.445126 -0.000183
2188039.644447 -2558245.248981 -435959.305997 -0.006691
2188039.651375 -2558246.524863 -435954.048066 -0.004911
2188039.525707 -2558247.131993 -435948.791484 -0.004051
2188039.465069 -2558248.052966 -435943.599903 -0.002488
2188038.939994 -2558248.180104 -435938.277605 -0.000321
2188038.897236 -2558249.201003 -435933.045924 -0.003400
2188038.264099 -2558250.612252 -435919.985379 -0.004242
2188041.471695 -2558267.492229 -435904.373486 0.023916
2188038.710496 -2558255.322206 -435896.738357 -0.005783
2188040.373084 -2558265.875507 -435887.744455 -0.567846
2188039.835593 -2558266.785065 -435865.906712 -0.288607
2188031.810965 -2558252.558873 -435857.813485 -0.089256
2188042.681677 -2558284.216363 -435853.162527 -0.293598
2188038.027823 -2558266.052196 -435836.741855 -0.001818
2188037.544058 -2558266.380737 -435831.463390 -0.009563
2188036.996552 -2558266.372374 -435826.225016 0.001331
2188036.142967 -2558266.394916 -435820.766815 -0.006147
2188036.031294 -2558267.039863 -435815.661192 -0.004372
2188035.525730 -2558267.282712 -435810.265847 -0.009507
2188035.911207 -2558268.883104 -435805.295875 0.000441
2188035.822033 -2558269.701010 -435799.915293 -0.000786
2188035.332196 -2558269.990142 -435794.673375 -0.005149
2188034.800030 -2558270.089375 -435789.315931 -0.005177
2188034.328635 -2558270.474377 -435784.051342 -0.002085
2188034.686922 -2558271.976752 -435778.912723 -0.004000
2188034.628668 -2558272.916024 -435773.693242 -0.004904
2188034.980555 -2558274.377142 -435768.592160 -0.003183
2188034.896767 -2558275.198960 -435763.322424 -0.006432
2188034.839038 -2558276.131831 -435758.141305 -0.003886
2188035.207457 -2558277.676444 -435753.040920 -0.003558
2188035.144753 -2558278.590912 -435747.830877 -0.003070
2188035.026645 -2558279.230856 -435742.595497 -0.000940
2188035.446702 -2558281.030035 -435737.523539 -0.001687
2188035.836997 -2558282.668286 -435732.495706 0.003138
2188035.309383 -2558282.779187 -435727.197932 -0.002840
2188035.231528 -2558283.627215 -435721.944069 -0.005152
2188035.117961 -2558284.906578 -435714.101217 -0.005405
2188035.502206 -2558286.528369 -435709.013101 -0.005014
2188035.383059 -2558287.162694 -435703.778741 -0.002568
2188035.349897 -2558288.218650 -435698.602651 -0.001440
2188035.703892 -2558289.698422 -435693.475011 -0.002194
2188036.484484 -2558291.781970 -435688.463942 -0.001886
2188035.975380 -2558291.990043 -435683.138783 -0.000930
2188036.812293 -2558294.350276 -435678.163520 -0.001704
2188036.742064 -2558295.225587 -435672.957139 -0.000429
2188037.090647 -2558296.680290 -435667.811616 -0.002203
2188038.311603 -2558299.437759 -435662.931010 -0.000755
2188038.214929 -2558300.784102 -435655.178314 -0.005396
2188039.439346 -2558303.566438 -435650.245864 0.002184
2188038.927499 -2558303.752372 -435644.967539 -0.003355
2188038.907064 -2558304.870860 -435639.798694 -0.002512
2188039.257806 -2558306.328985 -435634.684914 -0.001761
2188039.571133 -2558308.821059 -435624.396092 0.000564
2188043.102175 -2558325.897915 -435621.335717 -0.058222
2188040.275246 -2558311.757131 -435614.140377 -0.000474
2188040.627168 -2558313.224919 -435609.014306 -0.000859
2188040.995453 -2558314.766938 -435603.925593 0.000741
2188040.931957 -2558315.677072 -435598.715367 0.001281
2188041.300246 -2558317.207961 -435593.681801 -0.003172
2188041.221754 -2558318.062564 -435588.372686 0.000878
2188044.786515 -2558335.325309 -435591.775103 0.656714
2188041.038508 -2558319.599582 -435577.957757 -0.004127
2188041.910694 -2558322.126088 -435573.034130 -0.003012
2188042.239128 -2558323.472865 -435567.917198 -0.000898
2188042.632726 -2558325.141644 -435562.829871 -0.000951
2188042.996690 -2558326.665699 -435557.719114 -0.000860
2188042.036560 -2558326.144180 -435552.277113 0.000999
2188042.842838 -2558328.351793 -435547.290305 0.001593
2188042.746961 -2558329.102439 -435542.060874 0.002948
2188043.123391 -2558331.293222 -435534.409344 -0.005043
2188043.473291 -2558332.756451 -435529.247048 0.002344
2188043.865105 -2558334.419133 -435524.146863 0.001489
2188044.607496 -2558336.313652 -435519.120457 0.003293
2188045.014676 -2558338.046272 -435514.053646 0.004124
2188044.960175 -2558338.997629 -435508.861039 0.005460
2188044.185453 -2558335.863808 -435499.087506 -0.340444
2188045.651934 -2558341.853516 -435498.690577 0.002012
2188046.894080 -2558344.718203 -435493.810889 0.002318
2188046.824310 -2558345.600928 -435488.581253 0.001684
2188047.196233 -2558347.163176 -435483.479756 0.002209
2188047.881575 -2558348.783320 -435478.391890 0.003047
2188048.327737 -2558350.710119 -435473.338591 0.002223
2188049.130066 -2558352.881203 -435468.439523 -0.000290
2188049.933179 -2558355.082282 -435463.404870 0.007429
2188053.585274 -2558371.834728 -435457.885546 -0.274720
2188051.546393 -2558359.494876 -435453.479325 0.001987
2188042.766287 -2558346.646291 -435449.522193 -0.159446
2188054.017140 -2558365.150842 -435443.729471 0.004269
2188055.221745 -2558367.838879 -435438.793893 0.002536
2188055.505290 -2558366.378731 -435438.181648 0.479446
2188051.950596 -2558372.893950 -435386.072113 0.005588
2188051.430486 -2558373.030511 -435380.822401 0.003299
2188055.703886 -2558396.028252 -435368.626535 -0.007240
2188050.760858 -2558376.114405 -435359.883038 0.006182
2188050.237280 -2558376.270652 -435354.463057 0.000473
2188053.908848 -2558395.868365 -435356.691952 0.402926
2188082.126560 -2558426.641870 -435346.709623 0.020177
2188050.354743 -2558385.067684 -435326.216510 -0.243073
2188049.363369 -2558380.794553 -435323.046017 0.005953
2188049.334654 -2558381.869698 -435317.880459 0.008146
2188048.841071 -2558382.134325 -435312.653025 0.005739
2188048.776829 -2558383.056052 -435307.374965 0.001095
2188049.541464 -2558385.059166 -435302.368847 0.003202
2188049.454574 -2558385.867878 -435297.071140 0.009256
2188049.376314 -2558387.301468 -435289.338925 0.005407
2188049.754093 -2558388.893066 -435284.236639 0.005653
2188050.050080 -2558390.083548 -435279.079421 0.006950
2188050.386498 -2558391.480912 -435273.913067 0.004840
2188050.931207 -2558397.129959 -435274.657759 0.499323
2188049.045616 -2558391.780893 -435263.304161 0.001614
2188048.516618 -2558391.869497 -435258.061690 0.000572
2188048.916071 -2558393.589675 -435252.871496 0.002593
2188047.347216 -2558389.581687 -435249.138857 0.197569
2188047.882456 -2558393.926931 -435242.206528 0.005349
2188048.266708 -2558395.548656 -435237.119277 0.006155
2188048.651452 -2558397.161973 -435232.091563 0.001345
2188048.533729 -2558398.422688 -435224.231593 0.000713
2188048.942408 -2558400.156253 -435219.190082 0.003731
2188048.395257 -2558400.182375 -435213.814703 0.003740
2188048.772234 -2558401.772471 -435208.700704 0.002998
2188049.130571 -2558403.269057 -435203.583761 0.003369
2188049.503069 -2558404.832531 -435198.486992 0.004402
2188049.857691 -2558406.313646 -435193.360158 0.004220
2188049.815092 -2558407.321158 -435188.181955 0.006351
2188050.156517 -2558408.718720 -435183.134305 0.003098
2188050.092229 -2558409.629379 -435177.901066 0.002087
2188050.470875 -2558411.240398 -435172.721463 0.006612
2188050.836465 -2558412.757681 -435167.684842 0.002381
2188051.674663 -2558415.131236 -435162.686724 0.000249
2188051.563428 -2558415.806462 -435157.443482 0.001824
2188051.929123 -2558417.338841 -435152.332374 0.002340
2188052.661819 -2558419.153132 -435147.448627 0.006493
2188052.689647 -2558420.551078 -435142.114148 0.001345
2188052.146225 -2558420.583257 -435136.787630 0.005130
2188052.510005 -2558422.114031 -435131.645821 0.003218
2188053.354477 -2558424.509823 -435126.680005 0.003138
2188053.264228 -2558425.274788 -435121.519273 -0.000300
2188058.776453 -2558445.701838 -435114.492341 0.635747
2188053.334176 -2558430.832274 -435093.046569 0.001819
2188053.120176 -2558433.458551 -435077.338580 0.000466
2188057.863276 -2558457.589816 -435070.439524 -0.284280
2188053.374435 -2558436.293697 -435064.308613 0.005736
2188053.743361 -2558437.828488 -435059.268889 0.001290
2188054.142921 -2558440.117207 -435051.680941 0.008251
2188053.548295 -2558439.925142 -435046.208435 0.003875
2188053.501692 -2558440.917635 -435041.006738 0.004372
2188054.415962 -2558447.685422 -435012.562775 0.003511
2188057.644651 -2558467.709852 -434984.107522 -0.210054
2188059.526477 -2558475.123912 -434960.779149 0.533630
2188056.741286 -2558467.384512 -434927.321585 -0.004013
2188056.725424 -2558468.504663 -434922.237824 0.004405
2188057.100429 -2558470.084786 -434917.126203 0.004315
2188056.576032 -2558470.217682 -434911.778767 0.005354
2188057.400832 -2558472.516152 -434906.810007 0.006800
2188104.974893 -2558544.745326 -434909.650173 0.197097
2188057.689520 -2558474.898311 -434896.446389 0.006203
2188058.068545 -2558476.480500 -434891.421059 0.002400
2188058.861019 -2558479.239305 -434883.792748 0.010800
2188058.735950 -2558479.849660 -434878.537728 0.001997
2188059.102022 -2558481.377482 -434873.452171 0.004945
2188059.919539 -2558483.643152 -434868.466305 0.005406
2188060.269333 -2558485.097830 -434863.340766 0.006177
2188060.179377 -2558485.883829 -434858.081933 0.005237
2188061.039685 -2558488.350512 -434853.159008 0.008169
2188061.404184 -2558489.888455 -434847.996699 0.004565
2188061.737984 -2558491.263590 -434842.869177 0.006353
2188061.673737 -2558492.174242 -434837.633754 0.005534
2188065.663687 -2558505.775476 -434839.802342 0.521286
2188063.696779 -2558497.126309 -434827.728332 0.006454
2188069.459048 -2558522.693783 -434823.655343 -0.023932
2188064.816549 -2558501.200104 -434815.109352 0.007051
2188065.230948 -2558502.974049 -434810.021804 0.006387
2188065.552225 -2558504.276219 -434804.935149 0.012282
2188065.077886 -2558504.672923 -434799.541764 0.006106
2188064.212703 -2558504.617694 -434794.133147 0.015249
2188064.789601 -2558514.874015 -434782.535278 -0.526542
2188061.794466 -2558503.848809 -434777.853318 0.005185
2188060.868221 -2558503.460073 -434772.573590 0.008147
2188060.352763 -2558503.642284 -434767.207345 0.007133
2188060.284182 -2558504.534270 -434761.957193 0.005597
2188059.311457 -2558503.958322 -434756.464071 0.004909
2188059.251630 -2558504.902384 -434751.168024 0.009618
2188058.780938 -2558505.282234 -434745.937538 0.006040
2188059.131395 -2558506.731096 -434740.854519 0.010322
2188058.998252 -2558507.308517 -434735.551697 0.009110
2188059.001626 -2558508.551999 -434730.356201 0.006972
2188058.952135 -2558509.530331 -434725.149886 0.007793
2188061.836124 -2558524.043871 -434725.559234 0.293126
2188058.370637 -2558510.602107 -434714.597073 0.010469
2188058.298724 -2558511.473504 -434709.362238 0.010514
2188058.234841 -2558512.366633 -434704.220968 0.007139
2188058.170322 -2558513.296377 -434698.884383 0.008849
2188058.086330 -2558514.104223 -434693.659732 0.010667
2188057.974335 -2558514.785108 -434688.371696 0.009186
2188057.961717 -2558515.939481 -434683.210473 0.011148
2188057.444453 -2558516.109951 -434677.858651 0.011531
2188057.809287 -2558518.228078 -434670.256537 0.009791
2188057.751624 -2558519.174317 -434665.010143 0.008034
2188057.669728 -2558519.996045 -434659.771232 0.008399
2188057.621695 -2558520.977509 -434654.582196 0.010749
2188057.138698 -2558521.314075 -434649.261906 0.011204
2188056.085302 -2558521.545691 -434638.620282 0.007949
2188056.483703 -2558523.255737 -434633.444944 0.012003
2188056.387744 -2558525.220333 -434623.074704 0.006455
2188055.846196 -2558525.267022 -434617.721612 0.008454
2188055.793405 -2558526.235958 -434612.483152 0.007059
2188055.755397 -2558527.258865 -434607.333296 0.011759
2188055.149865 -2558528.223907 -434596.719412 0.011326
2188055.596784 -2558530.146287 -434591.707865 0.004108
2188056.410969 -2558536.340663 -434589.410277 0.168314
2188054.962238 -2558530.958779 -434581.117440 0.007760
2188054.457343 -2558531.194938 -434575.751494 0.006172
2188054.859071 -2558532.899341 -434570.680341 0.007977
2188054.767318 -2558533.671366 -434565.439542 0.009115
2188054.696750 -2558534.555941 -434560.176726 0.006926
2188054.648118 -2558535.536447 -434554.977912 0.008475
2188054.989564 -2558536.945611 -434549.863837 0.011068
2188054.412114 -2558538.050680 -434539.258368 0.009430
2188054.386184 -2558539.144671 -434534.065725 0.009877
2188054.340683 -2558540.119208 -434528.972657 0.009401
2188054.220191 -2558541.363935 -434521.111460 0.009894
2188054.181236 -2558542.402684 -434515.873461 0.007537
2188054.511766 -2558544.391916 -434508.053171 0.011836
2188053.841418 -2558543.810290 -434502.600892 0.015079
2188054.718884 -2558546.967731 -434495.128058 0.009496
2188059.140316 -2558564.018262 -434472.503322 -0.112228
2188057.401834 -2558556.444792 -434467.276617 0.011525
2188056.314440 -2558558.971915 -434446.164102 0.012032
2188056.060936 -2558562.006048 -434427.875630 0.005370
2188029.487440 -2558536.921534 -434403.615709 -0.130700
2188056.687111 -2558566.997075 -434407.222574 0.009075
2188057.902622 -2558569.732631 -434402.312899 0.010088
2188057.850494 -2558570.684081 -434397.161008 0.015891
2188057.393283 -2558571.150311 -434391.841866 0.015136
2188057.787812 -2558575.938566 -434386.486370 -0.050773
2188053.054372 -2558582.539805 -434302.239433 -0.506804
2188040.978669 -2558564.482992 -434294.291392 -0.010484
2188052.234999 -2558582.427389 -434291.555319 0.008945
2188052.600190 -2558583.958610 -434286.435800 0.009676
2188052.112450 -2558584.275690 -434281.088341 0.008739
2188052.464432 -2558585.742238 -434275.959271 0.009640
2188052.386170 -2558586.581839 -434270.719191 0.010216
2188052.338479 -2558587.567440 -434265.516855 0.011766
2188052.227449 -2558588.225468 -434260.356152 0.010652
2188052.620068 -2558589.894429 -434255.236531 0.009429
2188052.560395 -2558590.814362 -434250.054884 0.013578
2188052.472437 -2558592.230834 -434242.160982 0.009502
2188052.853140 -2558593.821359 -434237.122596 0.016075
2188052.568128 -2558597.327904 -434216.148685 0.004775
2188052.079170 -2558597.628436 -434210.844754 0.007535
2188040.420759 -2558594.643875 -434192.610439 -0.230295
2188052.384888 -2558600.704933 -434197.895433 0.007638
2188052.420551 -2558602.037274 -434186.556762 -0.288066
2188053.032400 -2558603.950554 -434185.103134 0.007788
2188013.236988 -2558547.096107 -434165.176741 0.224697
2188053.367454 -2558606.577221 -434174.676687 0.011103
2188053.738921 -2558608.120524 -434169.648797 0.008332
2188053.204649 -2558608.221204 -434164.223080 0.004366
2188034.502763 -2558581.345494 -434155.813298 -0.188226
2188019.212472 -2558562.592433 -434132.897689 -0.072742
2188056.417443 -2558618.803220 -434136.576362 0.009447
2188054.984103 -2558618.088371 -434128.232018 0.009631
2188054.028103 -2558617.584526 -434122.787020 0.012474
2187558.902746 -2557829.695330 -439342.231127 -0.203030
2187589.268320 -2557875.864348 -439342.736045 -0.221968
2187582.939685 -2557870.684217 -439320.330804 -0.220446
2187686.610976 -2558027.484569 -439327.027976 0.222389
2187609.208459 -2557912.839061 -439308.985807 -0.222674
2187568.560297 -2557863.225355 -439246.568621 -0.210760
2187746.712286 -2558133.908251 -439251.740650 0.231824
2187586.361988 -2557896.653287 -439214.446384 -0.191697
2187736.645417 -2558120.679215 -439241.153515 0.121388
2187593.556279 -2557910.202936 -439201.044425 -0.197662
2187555.074256 -2557857.013542 -439173.516084 -0.217284
2187595.084004 -2557923.080164 -439147.542640 -0.215203
2187691.800193 -2558076.373293 -439118.131950 -0.218995
2187720.818889 -2558120.093673 -439120.484389 -0.221576
2187637.525660 -2558001.851321 -439075.763425 -0.221336
2187709.138727 -2558108.509417 -439088.267246 -0.183568
2187669.944471 -2558053.556123 -439065.340688 -0.192920
2187617.210565 -2557976.970685 -439044.774006 -0.224425
2187702.481153 -2558109.665466 -439057.354814 0.644184
2187609.665062 -2557973.255282 -439003.293509 -0.175101
2187614.082936 -2557986.936119 -438969.148860 0.012731
2187597.466376 -2557963.517865 -438959.094979 -0.082595
2187777.978226 -2558232.941525 -438988.546564 0.221107
2187571.910349 -2557930.245675 -438929.444935 0.029332
2187702.187206 -2558125.477925 -438947.624796 -0.219054
2187580.328648 -2557947.837364 -438906.014413 -0.220141
2187661.860914 -2558072.016775 -438906.993147 0.106275
2187672.629280 -2558087.956724 -438908.444336 -0.197524
2187612.821724 -2558003.876390 -438871.983758 -0.056110
2187602.314519 -2557989.473181 -438863.736390 -0.037187
2187623.561084 -2558021.042978 -438867.548169 -0.203680
2187561.693778 -2557932.145963 -438840.311041 -0.036589
2187572.810987 -2557951.204580 -438829.145577 0.013923
2187653.140632 -2558071.804807 -438838.963879 -0.203996
2187567.743353 -2557947.889887 -438806.464986 -0.192547
2187717.062634 -2558171.852991 -438825.512085 0.099156
2187670.766122 -2558107.177207 -438795.222934 0.234210
2187589.362628 -2557988.831624 -438765.767997 -0.092284
2187590.534347 -2557992.762457 -438754.913499 0.189473
2187665.718829 -2558103.870153 -438772.731486 -0.223264
2187609.009229 -2558022.845274 -438744.427088 0.173527
2187610.912889 -2558029.630455 -438724.419567 -0.192507
2187565.527999 -2557965.469918 -438699.133505 0.076842
2187666.416869 -2558121.618910 -438687.784855 0.247010
2187595.582192 -2558016.176110 -438674.379649 -0.208824
2187647.547022 -2558095.599205 -438672.862201 0.233728
2187601.232934 -2558030.497583 -438644.266101 0.048213
2187714.536823 -2558199.347038 -438663.923201 -0.114184
2187637.843584 -2558089.934426 -438625.708605 0.023192
2187639.849915 -2558095.122572 -438614.516599 -0.152413
2187642.635517 -2558103.395808 -438593.984255 0.114217
2187590.342012 -2558027.322036 -438574.908040 -0.222919
2187623.062699 -2558080.354634 -438558.176642 0.099962
2187595.574879 -2558041.007857 -438545.170744 -0.220660
2187617.968430 -2558083.748108 -438538.970995 -0.411619
2187625.633268 -2558091.434159 -438521.481335 -0.088541
2187617.222432 -2558081.313049 -438507.590514 -0.020293
2187771.370371 -2558309.709902 -438541.486114 0.001678
2187600.462898 -2558060.145929 -438485.120926 -0.137709
2187729.366672 -2558252.532378 -438506.044154 -0.174027
2187688.026142 -2558192.368139 -438491.216837 -0.217265
2187624.863463 -2558101.565891 -438462.862917 0.105589
2187621.716200 -2558099.193709 -438451.066685 0.018028
2187624.680868 -2558104.005734 -438448.985523 -0.211239
2187600.830205 -2558074.523379 -438413.563979 0.066458
2187661.485935 -2558167.829406 -438409.802632 0.245579
2187605.854047 -2558085.414163 -438397.455694 -0.075486
2187699.945169 -2558227.469811 -438404.287200 0.120457
2187627.287712 -2558132.034483 -438323.154730 -0.212624
2187671.524050 -2558200.560412 -438318.871972 0.025391
2187621.876054 -2558128.516133 -438299.910174 0.070343
2187589.932506 -2558083.707451 -438279.348632 -0.075119
2187595.091278 -2558092.251903 -438276.072861 -0.221389
2187624.848805 -2558140.494795 -438261.461989 0.092819
2187688.983151 -2558235.364882 -438273.913781 -0.097229
2187621.671200 -2558137.301611 -438252.539695 -0.136617
2187592.820061 -2558102.240042 -438224.293401 0.103674
2187758.467319 -2558346.416300 -438249.385972 0.199809
2187571.488912 -2558071.960255 -438194.672782 0.031491
2187591.900806 -2558109.107157 -438163.465935 0.041521
2187709.051672 -2558282.261856 -438195.343004 -0.171314
2187628.485184 -2558168.426710 -438144.727426 0.025269
2187702.040694 -2558281.743284 -438138.525845 0.228133
2187605.493094 -2558140.226521 -438109.348331 0.191843
2187583.714601 -2558108.103190 -438103.545176 -0.156284
2187760.856876 -2558371.997930 -438135.343068 0.233817
2187549.972251 -2558062.103380 -438075.618753 0.018020
2187550.330300 -2558063.578079 -438070.612649 0.015114
2187550.705802 -2558065.160040 -438065.525796 0.014666
2187551.468331 -2558067.762534 -438057.945330 0.015108
2187551.836253 -2558069.307566 -438052.853354 0.014879
2187551.777760 -2558070.247090 -438047.680680 0.016613
2187552.578059 -2558072.423189 -438042.683896 0.015285
2187553.361752 -2558074.516166 -438037.685666 0.015070
2187553.735604 -2558076.084384 -438032.619342 0.016482
2187554.088763 -2558077.536440 -438027.604653 0.013345
2187554.031418 -2558078.483379 -438022.425069 0.014279
2187554.838296 -2558080.688288 -438017.445101 0.014029
2187555.630140 -2558082.819738 -438012.456117 0.013866
2187557.328629 -2558086.407864 -438007.725619 0.014405
2187557.658898 -2558087.771837 -438002.599121 0.013933
2187558.040936 -2558089.384033 -437997.521127 0.014045
2187559.696624 -2558092.765527 -437992.756596 0.014559
2187563.115624 -2558111.172702 -437987.739054 -0.243413
2187560.864369 -2558096.453733 -437982.792366 0.012939
2187562.136228 -2558099.440842 -437977.961519 0.013754
2187562.473584 -2558100.838165 -437972.842071 0.013381
2187562.842316 -2558102.386866 -437967.750036 0.013174
2187562.325424 -2558102.579893 -437962.415731 0.012358
2187563.137143 -2558104.802888 -437957.459338 0.013656
2187556.699585 -2558108.814246 -437957.542991 0.226874
2187564.296255 -2558108.475314 -437947.379164 0.013607
2187565.078873 -2558111.171870 -437939.825308 0.014904
2187566.297118 -2558113.882530 -437935.026691 0.011417
2187566.672966 -2558115.466190 -437929.935249 0.010893
2187567.472791 -2558117.629822 -437924.977154 0.012784
2187568.265466 -2558119.768941 -437919.975507 0.011778
2187568.605219 -2558121.164480 -437914.908882 0.015691
2187568.561421 -2558122.190342 -437909.684240 0.012179
2187569.361413 -2558124.356268 -437904.722084 0.013835
2187570.163547 -2558126.541426 -437899.724931 0.012436
2187570.966900 -2558128.724253 -437894.762299 0.013816
2187571.780991 -2558130.940871 -437889.884680 0.010939
2187571.697849 -2558131.784336 -437884.590758 0.014972
2187574.571567 -2558138.492523 -437872.441107 0.011051
2187574.497297 -2558139.359372 -437867.237131 0.011387
2187575.294879 -2558141.537629 -437862.171168 0.015169
2187576.508632 -2558144.815318 -437854.898436 0.009685
2187577.320560 -2558147.057100 -437849.864724 0.015296
2187578.535819 -2558149.774986 -437844.973885 0.014956
2187579.679017 -2558153.962889 -437832.392036 0.011372
2187580.468259 -2558156.083015 -437827.394636 0.011036
2187581.230015 -2558158.683223 -437819.804133 0.010842
2187582.032439 -2558160.864217 -437814.827849 0.011061
2187582.378485 -2558162.302163 -437809.721096 0.011447
2187582.330047 -2558163.291012 -437804.547065 0.012315
2187582.250822 -2558164.110994 -437799.434366 0.010063
2187582.637845 -2558165.745161 -437794.362958 0.010327
2187582.529898 -2558167.084391 -437786.462039 0.013360
2187583.316866 -2558169.192484 -437781.467779 0.013205
2187583.676580 -2558170.695580 -437776.372629 0.013601
2187584.469417 -2558172.813161 -437771.462763 0.009462
2187743.893808 -2558407.991134 -437811.674940 -0.197671
2187585.204539 -2558175.890920 -437761.301314 0.011296
2187587.219607 -2558181.386372 -437748.870666 0.012524
2187588.019964 -2558183.554516 -437743.904687 0.013911
2187589.172722 -2558187.179709 -437733.885124 0.008961
2187590.780501 -2558191.554491 -437723.942009 0.010221
2187592.019875 -2558194.380932 -437719.100495 0.012601
2187593.690032 -2558197.836578 -437714.334035 0.012021
2187593.617234 -2558198.706141 -437709.143913 0.013617
2187594.833106 -2558202.043289 -437701.663415 0.011914
2187570.412180 -2558166.345405 -437693.364500 -0.132142
2187597.724375 -2558208.245770 -437692.008363 0.011105
2187599.379060 -2558211.623628 -437687.243960 0.011959
2187600.617516 -2558214.449332 -437682.388108 0.013078
2187603.129782 -2558219.641706 -437675.354793 0.010977
2187605.197581 -2558224.166549 -437668.117325 0.012511
2187612.759373 -2558239.326766 -437649.300972 0.012252
2187615.286157 -2558243.993467 -437644.785191 0.015169
2187617.780280 -2558249.135347 -437637.586668 0.011182
2187618.161123 -2558250.713428 -437632.621799 0.010402
2187627.218146 -2558265.071134 -437629.632023 0.022500
2187620.625854 -2558256.516704 -437621.995932 0.053825
2187611.021287 -2558243.219862 -437615.371221 0.009472
2187614.001518 -2558247.589939 -437615.576689 -0.208983
2187606.481523 -2558238.971236 -437601.132723 0.011582
2187602.887496 -2558235.128850 -437592.405955 0.009802
2187610.572032 -2558248.439200 -437583.943505 0.016744
2187597.892593 -2558230.701445 -437575.692046 0.009637
2187596.045363 -2558229.474012 -437567.351843 0.013057
2187594.202647 -2558228.250154 -437559.096106 0.012728
2187592.353211 -2558226.987642 -437550.857799 0.014351
2187590.968811 -2558225.889163 -437545.378178 0.009235
2187590.037698 -2558225.555369 -437539.873626 0.012957
2187589.104771 -2558225.192906 -437534.452214 0.012880
2187588.166497 -2558224.801583 -437529.039539 0.014186
2187586.762639 -2558224.214565 -437520.995940 0.011337
2187586.256621 -2558224.455437 -437515.675445 0.011119
2187585.749938 -2558224.689347 -437510.368378 0.012119
2187585.271655 -2558225.063008 -437505.074046 0.012101
2187584.733471 -2558225.151996 -437499.715287 0.011043
2187584.633372 -2558225.887937 -437494.504752 0.012867
2187584.164735 -2558226.312294 -437489.201818 0.011466
2187583.662556 -2558226.565310 -437483.908690 0.013302
2187583.591152 -2558227.446149 -437478.696255 0.012920
2187583.945893 -2558228.925923 -437473.586266 0.012440
2187583.008244 -2558228.537455 -437468.172497 0.013533
2187583.376563 -2558230.084401 -437463.067420 0.012502
2187582.866508 -2558230.305810 -437457.741764 0.012205
2187582.820039 -2558231.277224 -437452.673504 0.011459
2187583.159869 -2558232.686957 -437447.543577 0.010432
2187582.659244 -2558232.954215 -437442.223975 0.009940
2187582.587300 -2558233.826867 -437437.031744 0.011327
2187582.084885 -2558234.083597 -437431.717886 0.011357
2187582.473005 -2558235.723022 -437426.639893 0.011324
2187582.362661 -2558236.405951 -437421.433102 0.014128
2187581.899515 -2558236.859747 -437416.121369 0.011761
2187581.794750 -2558237.578002 -437410.886170 0.011779
2187581.750709 -2558238.562813 -437405.812119 0.010535
2187581.666054 -2558239.384665 -437400.567663 0.008333
2187581.601750 -2558240.293779 -437395.382132 0.009863
2187581.527167 -2558241.152409 -437390.191673 0.011476
2187581.450825 -2558242.010083 -437384.970091 0.010861
2187581.826378 -2558243.587459 -437379.886273 0.011010
2187581.327304 -2558243.858445 -437374.580751 0.011781
2187581.669227 -2558245.276445 -437369.457722 0.011074
2187581.605435 -2558246.192722 -437364.253515 0.011023
2187581.542195 -2558247.111172 -437359.051777 0.010878
2187582.331346 -2558249.225220 -437354.065902 0.011773
2187582.222554 -2558249.919535 -437348.843312 0.013178
2187581.745662 -2558250.912422 -437340.968590 0.012667
2187581.660071 -2558251.702185 -437335.837740 0.009446
2187582.044246 -2558253.339032 -437330.680685 0.013777
2187581.940282 -2558254.041977 -437325.527332 0.009999
2187581.445231 -2558254.332750 -437320.222695 0.010591
2187583.296841 -2558263.224997 -437321.566826 0.515066
2187581.724747 -2558256.669630 -437309.909190 0.010953
2187581.665708 -2558257.606294 -437304.717493 0.011372
2187581.578605 -2558258.405771 -437299.509242 0.012706
2187581.107328 -2558258.791095 -437294.311059 0.009609
2187581.439870 -2558260.163040 -437289.180585 0.009269
2187582.651022 -2558262.853385 -437284.301538 0.010548
2187582.198236 -2558263.369369 -437278.938324 0.013847
2187581.703035 -2558263.638342 -437273.724961 0.011204
2187582.060704 -2558265.131912 -437268.611673 0.010500
2187581.975343 -2558265.942836 -437263.392317 0.010531
2187582.724781 -2558267.837930 -437258.487261 0.010360
2187582.252690 -2558268.244474 -437253.179936 0.008961
2187582.186550 -2558269.170479 -437247.879945 0.011656
2187581.714959 -2558269.554669 -437242.678148 0.008407
2187581.580458 -2558270.124315 -437237.433785 0.010044
2187581.546987 -2558271.179635 -437232.279459 0.011924
2187581.037318 -2558271.411945 -437226.914979 0.008477
2187581.403606 -2558272.943974 -437221.819860 0.008566
2187581.353386 -2558273.924361 -437216.628421 0.008584
2187581.681405 -2558275.267482 -437211.520069 0.010341
2187581.632805 -2558276.250482 -437206.349936 0.012032
2187581.557207 -2558277.109408 -437201.133412 0.011742
2187581.917168 -2558278.591846 -437196.117625 0.008319
2187581.856214 -2558279.512696 -437190.946861 0.010829
2187581.787076 -2558280.404687 -437185.727814 0.009908
2187582.126295 -2558281.831543 -437180.502761 0.011745
2187582.513036 -2558283.444812 -437175.502269 0.007690
2187582.020068 -2558283.738248 -437170.223808 0.010158
2187582.373634 -2558285.208616 -437165.119704 0.010578
2187582.319842 -2558286.165292 -437159.949160 0.012492
2187582.676325 -2558287.650641 -437154.841686 0.012447
2187583.452020 -2558289.693128 -437149.866064 0.015154
2187584.235034 -2558292.399945 -437142.253160 0.012003
2187584.159757 -2558293.260362 -437137.035269 0.011762
2187584.550152 -2558294.889206 -437132.043030 0.008030
2187585.321060 -2558296.912995 -437127.043959 0.009162
2187585.670384 -2558298.363189 -437121.935868 0.009444
2187586.056164 -2558299.991336 -437116.848102 0.008954
2187586.840394 -2558302.077289 -437111.868146 0.010592
2187586.770451 -2558302.960095 -437106.666817 0.011385
2187587.154206 -2558304.554215 -437101.680974 0.008672
2187587.520331 -2558306.088023 -437096.574726 0.007947
2187588.741249 -2558308.850209 -437091.595818 0.011023
2187589.110908 -2558310.379265 -437086.586471 0.007521
2187590.744432 -2558314.263091 -437079.221281 0.007998
2187591.096297 -2558315.723264 -437074.121555 0.008983
2187591.910429 -2558317.955744 -437069.158524 0.009895
2187592.271839 -2558319.463269 -437064.061435 0.010416
2187592.631771 -2558320.966523 -437058.954114 0.009910
2187593.005503 -2558322.532555 -437053.868674 0.010542
2187600.343994 -2558333.664668 -437053.790260 -0.140997
2187592.844916 -2558324.200537 -437043.437046 0.011006
2187592.779673 -2558325.089434 -437038.311926 0.006973
2187592.278579 -2558325.348689 -437033.004606 0.007811
2187593.071031 -2558327.480947 -437028.003636 0.007267
2187593.003731 -2558328.366438 -437022.841437 0.011095
2187592.951131 -2558329.340567 -437017.622424 0.009060
2187592.870548 -2558330.169740 -437012.418777 0.010371
2187592.366980 -2558330.422575 -437007.085826 0.009242
2187592.730325 -2558331.941639 -437001.979789 0.008796
2187593.095105 -2558333.465667 -436996.882971 0.008994
2187593.027483 -2558334.352310 -436991.709170 0.011891
2187592.958830 -2558335.246428 -436986.486012 0.010688
2187593.736219 -2558337.280059 -436981.584383 0.008945
2187593.682322 -2558338.243480 -436976.380516 0.008303
2187594.467873 -2558340.337763 -436971.390680 0.009260
2187594.829961 -2558341.844732 -436966.308829 0.010807
2187595.654212 -2558344.137798 -436961.306365 0.008006
2187576.744886 -2558319.179098 -436941.031324 0.121617
2187597.562438 -2558350.315915 -436943.688705 0.004376
2187598.778460 -2558353.654712 -436936.166451 0.010530
2187734.997842 -2558557.960514 -436953.008592 0.244172
2187626.796672 -2558398.223781 -436926.023991 -0.031729
2187579.242819 -2558329.312145 -436906.802328 -0.192148
2187727.281017 -2558550.068248 -436931.942992 -0.194581
2187615.971367 -2558387.721827 -436894.614585 -0.139912
2187610.086175 -2558382.635328 -436874.354168 0.007165
2187610.426686 -2558384.039302 -436869.246265 0.008280
2187610.809373 -2558385.660532 -436864.121797 0.004958
2187612.479645 -2558389.104995 -436859.386249 0.007607
2187614.978213 -2558393.948517 -436853.444495 0.073415
2187614.052149 -2558393.302702 -436849.403256 0.009232
2187614.425464 -2558394.869456 -436844.304659 0.008791
2187615.666264 -2558397.705760 -436839.434957 0.009105
2187616.497755 -2558400.019789 -436834.491777 0.010738
2187618.468696 -2558405.279316 -436822.078094 0.007148
2187617.106532 -2558404.300599 -436816.534616 0.006299
2187615.292961 -2558402.598385 -436810.873378 0.006091
2187613.904016 -2558401.483654 -436805.334415 0.007549
2187612.095233 -2558399.805822 -436799.672784 0.006970
2187610.292568 -2558398.150841 -436794.044490 0.008716
2187608.477233 -2558396.443076 -436788.371591 0.007668
2187607.117427 -2558395.467930 -436782.861099 0.009434
2187605.297137 -2558393.738927 -436777.176281 0.007731
2187604.353171 -2558393.317991 -436771.741265 0.007905
2187602.977970 -2558392.274215 -436766.198405 0.008085
2187602.454495 -2558392.425304 -436760.861732 0.008255
2187601.991524 -2558392.862139 -436755.600599 0.010420
2187601.901389 -2558393.630996 -436750.447498 0.006020
2187601.391723 -2558393.864738 -436745.050884 0.010987
2187601.330771 -2558394.772969 -436739.927272 0.006963
2187601.258065 -2558395.659917 -436734.635611 0.011293
2187601.179892 -2558396.482522 -436729.507222 0.008237
2187600.673518 -2558396.718756 -436724.175120 0.007594
2187601.063142 -2558398.366382 -436719.077592 0.006127
2187600.965521 -2558399.111741 -436713.858034 0.007534
2187600.901933 -2558400.024061 -436708.655868 0.007918
2187600.829298 -2558400.871573 -436703.538463 0.005432
2187601.190105 -2558402.368135 -436698.463350 0.007827
2187601.110826 -2558403.212216 -436693.218623 0.005917
2187600.621894 -2558403.544084 -436687.845193 0.011226
2187600.556755 -2558404.435032 -436682.705262 0.006318
2187600.478525 -2558405.297192 -436677.400405 0.009721
2187600.828039 -2558406.744860 -436672.293233 0.010521
2187600.744183 -2558408.151118 -436664.577336 0.007050
2187600.664511 -2558408.983562 -436659.369487 0.008035
2187600.599698 -2558409.888536 -436654.170316 0.008935
2187600.515045 -2558410.698068 -436648.953698 0.009550
2187600.896166 -2558412.301316 -436643.860130 0.009120
2187601.261462 -2558413.805094 -436638.855011 0.006541
2187601.212145 -2558414.809941 -436633.560343 0.008890
2187601.112854 -2558415.548547 -436628.332096 0.009717
2187601.475334 -2558417.061903 -436623.222380 0.009276
2187601.406462 -2558417.944359 -436618.030401 0.010961
2187601.760530 -2558419.414343 -436612.922180 0.011395
2187601.752184 -2558420.568176 -436607.870888 0.009732
2187601.666115 -2558421.367517 -436602.664764 0.011519
2187601.566921 -2558422.119554 -436597.385418 0.008065
2187601.490136 -2558422.964959 -436592.181795 0.009383
2187603.575271 -2558435.159490 -436585.220367 -0.322452
2187600.882653 -2558423.923501 -436581.646167 0.011906
2187601.283012 -2558425.619980 -436576.563282 0.011004
2187601.194895 -2558426.415011 -436571.333008 0.010924
2187601.572333 -2558427.978693 -436566.329697 0.007564
2187601.044903 -2558428.106113 -436561.003642 0.009190
2187601.438234 -2558429.766926 -436555.923329 0.008902
2187601.798796 -2558431.286519 -436550.740813 0.013330
2187601.303692 -2558431.556542 -436545.502245 0.009159
2187601.654272 -2558433.014035 -436540.375955 0.008247
2187601.588344 -2558433.913419 -436535.173644 0.008911
2187601.521246 -2558434.805763 -436529.975620 0.010053
2187601.443234 -2558435.648900 -436524.755027 0.010060
2187601.375033 -2558436.535885 -436519.555970 0.011193
2187601.721754 -2558437.969402 -436514.445126 0.011855
2187601.670986 -2558438.919108 -436509.353939 0.010125
2187601.612410 -2558439.857242 -436504.144295 0.009546
2187601.969412 -2558441.345899 -436499.019985 0.008492
2187601.892728 -2558442.195650 -436493.798987 0.008274
2187602.208822 -2558444.087998 -436486.093855 0.009806
2187602.996018 -2558446.172321 -436481.177978 0.006354
2187603.389047 -2558447.851547 -436476.007315 0.009498
2187603.739944 -2558449.298069 -436470.928618 0.012586
2187604.104194 -2558450.795650 -436465.919549 0.009922
2187604.474937 -2558452.346329 -436460.822151 0.009902
2187604.381370 -2558453.110222 -436455.602893 0.011343
2187604.773663 -2558454.789913 -436450.415649 0.012915
2187604.701862 -2558455.638824 -436445.302609 0.011026
2187605.069978 -2558457.185063 -436440.173016 0.008489
2187604.961160 -2558458.478487 -436432.387227 0.011889
2187605.319995 -2558459.981784 -436427.240335 0.008753
2187606.455065 -2558464.124879 -436414.580297 0.012183
2187606.414296 -2558465.136052 -436409.432870 0.015620
2187607.203739 -2558467.255299 -436404.410937 0.014109
2187608.775248 -2558472.038366 -436391.907720 0.010541
2187609.511465 -2558474.523434 -436384.203238 0.014667
2187607.463015 -2558475.903941 -436360.504138 0.010576
2187606.058958 -2558475.332392 -436352.335092 0.009109
2187603.726262 -2558473.800476 -436341.330015 0.008718
2187602.820305 -2558473.555812 -436335.942071 0.010404
2187602.315555 -2558473.795258 -436330.619066 0.010696
2187601.815282 -2558474.055673 -436325.303639 0.011269
2187601.752926 -2558474.975346 -436320.086706 0.010633
2187601.648282 -2558475.688687 -436314.843465 0.010815
2187601.582435 -2558476.590883 -436309.625821 0.010371
2187601.508613 -2558477.453216 -436304.406819 0.010373
2187601.009593 -2558477.699552 -436299.177000 0.007423
2187601.370373 -2558479.202541 -436294.067650 0.007354
2187601.301761 -2558480.090213 -436288.851749 0.007280
2187601.671603 -2558481.631303 -436283.767536 0.008693
2187601.616192 -2558482.578196 -436278.579683 0.010024
2187602.810679 -2558485.803881 -436271.063371 0.008421
2187602.728021 -2558486.621267 -436265.845086 0.009033
2187602.247106 -2558486.978196 -436260.527776 0.008267
2187602.587827 -2558488.381099 -436255.413761 0.009160
2187602.523640 -2558489.287529 -436250.210421 0.009971
2187602.458997 -2558490.193292 -436245.000900 0.010032
2187602.386461 -2558491.039528 -436239.878845 0.007588
2187602.314862 -2558491.913159 -436234.657709 0.007185
2187602.696914 -2558493.515861 -436229.573628 0.007915
2187602.631116 -2558494.418524 -436224.352991 0.007143
2187602.105724 -2558494.558113 -436219.010265 0.007463
2187602.484444 -2558496.150531 -436213.900781 0.006053
2187603.272966 -2558498.238038 -436208.987924 0.003114
2187603.196330 -2558499.102266 -436203.692537 0.007674
2187604.003221 -2558501.296698 -436198.716889 0.008831
2187604.788674 -2558503.370435 -436193.799268 0.005688
2187604.303725 -2558503.703566 -436188.495421 0.006277
2187604.678412 -2558505.271200 -436183.402453 0.006668
2187605.035092 -2558506.760657 -436178.262587 0.004456
2187605.416224 -2558508.352722 -436173.200606 0.006996
2187605.726477 -2558509.610288 -436168.048075 0.007097
2187605.719198 -2558510.797016 -436162.867636 0.005646
2187606.487668 -2558512.809166 -436157.847293 0.005852
2187606.435451 -2558513.770277 -436152.663337 0.007359
2187606.789848 -2558515.222786 -436147.630915 0.003669
2187607.601794 -2558517.437632 -436142.673542 0.005894
2187607.523066 -2558518.281240 -436137.426615 0.004181
2187607.911000 -2558519.913180 -436132.342102 0.004264
2187609.118642 -2558522.587856 -436127.431683 0.004239
2187609.491541 -2558524.147367 -436122.334061 0.004307
2187611.550974 -2558528.623131 -436115.068371 0.005700
2187611.930753 -2558530.213192 -436109.987907 0.006837
2187613.158323 -2558532.980967 -436105.106680 0.007716
2187613.968395 -2558535.175927 -436100.199063 0.003615
2187614.785201 -2558537.420290 -436095.223575 0.004266
2187615.572323 -2558539.525816 -436090.203105 0.003029
2187617.232639 -2558542.943881 -436085.345337 0.007573
2187618.030703 -2558545.079617 -436080.436495 0.004354
2187623.510094 -2558569.578479 -436080.294921 0.079380
2187620.071046 -2558550.074468 -436070.566568 0.004975
2187622.174210 -2558554.155515 -436065.907106 0.005503
2187596.860391 -2558518.495377 -436050.756330 0.169982
2187623.307749 -2558557.688648 -436055.783240 0.006104
2187623.264906 -2558558.695298 -436050.603054 0.007339
2187623.636230 -2558560.226136 -436045.597597 0.004764
2187624.000356 -2558561.747641 -436040.472582 0.003246
2187623.455594 -2558562.400210 -436032.537402 0.003936
2187623.803109 -2558563.834942 -436027.423583 0.004835
2187624.151480 -2558565.885619 -436019.722087 0.004619
2187624.071571 -2558566.715245 -436014.502764 0.005417
2187624.457633 -2558568.335734 -436009.421856 0.006051
2187624.395658 -2558569.228114 -436004.321198 0.004824
2187624.337750 -2558570.186458 -435999.020855 0.007676
2187624.204956 -2558570.765205 -435993.740140 0.007149
2187624.160874 -2558572.353718 -435986.069087 0.005228
2187624.466909 -2558573.598719 -435980.882623 0.002887
2187624.309179 -2558575.858622 -435967.944814 0.000118
2187624.784950 -2558577.899873 -435962.984402 0.004583
2187624.800389 -2558580.795324 -435944.604911 0.009216
2187622.068642 -2558580.613732 -435925.779677 -0.001377
2187621.888468 -2558581.552241 -435917.942638 0.014184
2187621.436156 -2558582.037791 -435912.687376 0.006031
2187621.351359 -2558582.844869 -435907.457276 0.006215
2187621.296455 -2558583.813740 -435902.172005 0.010329
2187621.641582 -2558585.830262 -435894.545780 0.006241
2187621.102325 -2558585.898651 -435889.196264 0.007164
2187621.033639 -2558586.785516 -435883.971052 0.006614
2187620.983930 -2558587.754689 -435878.797428 0.009067
2187620.905194 -2558588.589688 -435873.576610 0.009621
2187621.278398 -2558590.148350 -435868.483586 0.010395
2187620.772726 -2558590.379503 -435863.158671 0.010952
2187620.744713 -2558591.457139 -435857.987952 0.012106
2187626.266687 -2558615.250152 -435861.466472 0.523031
2187621.843126 -2558594.806676 -435847.890410 0.007097
2187621.342943 -2558595.055456 -435842.603344 0.010453
2187620.901526 -2558595.629255 -435837.196374 0.010197
2187621.213668 -2558596.896174 -435832.036757 0.009815
2187620.719916 -2558597.148820 -435826.888076 0.002949
2187620.997325 -2558598.901075 -435818.932512 -0.002266
2187620.884855 -2558599.512157 -435813.919054 0.018103
2187596.150705 -2558564.701565 -435801.225657 0.060204
2187598.764414 -2558575.014324 -435800.209834 0.140412
2187620.218267 -2558606.518925 -435763.594009 -0.031456
2187624.530349 -2558631.168981 -435757.759998 -0.622829
2187621.482010 -2558612.005152 -435754.323717 0.010001
2187620.110760 -2558610.973143 -435748.777423 0.010222
2187620.973692 -2558613.446863 -435743.802381 0.007897
2187620.814620 -2558614.471302 -435736.061585 0.008719
2187619.861793 -2558615.212820 -435725.468567 0.010612
2187620.423668 -2558619.245809 -435707.453866 0.007717
2187620.795140 -2558620.821418 -435702.244478 0.009815
2187620.740296 -2558621.769409 -435697.047931 0.010717
2187620.689064 -2558622.719353 -435691.926460 0.007106
2187621.890078 -2558625.400632 -435686.829435 0.013532
2187626.931253 -2558634.244374 -435680.432951 -0.227461
2187621.685221 -2558628.641941 -435668.696264 0.012117
2187621.567559 -2558629.271145 -435663.519379 0.008661
2187609.614783 -2558614.830197 -435644.238993 -0.200308
2187622.553807 -2558635.752185 -435637.702112 0.013930
2187623.210538 -2558639.030789 -435624.909212 0.009449
2187623.201648 -2558640.166908 -435619.879095 0.021248
2187623.964763 -2558642.138118 -435614.927305 0.006494
2187623.538541 -2558642.769883 -435609.569766 0.020355
2187622.963091 -2558643.274111 -435601.601176 0.010293
2187623.350304 -2558644.903421 -435596.501655 0.009614
2187622.699162 -2558646.262092 -435583.263084 0.017429
2187622.785789 -2558652.481708 -435552.251678 0.008981
2187622.572780 -2558654.492533 -435539.158645 0.009035
2187623.422944 -2558656.868930 -435534.318698 0.008209
2187607.804870 -2558647.694079 -435529.917603 0.023134
2187592.702225 -2558628.141350 -435516.064198 0.131964
2187623.216569 -2558659.541720 -435518.560829 0.000652
2187623.515914 -2558660.726912 -435513.463531 0.006695
2187623.054578 -2558661.175483 -435508.151934 0.005497
2187621.506413 -2558663.542191 -435484.358795 0.015026
2187621.328536 -2558664.500032 -435476.498802 0.007519
2187621.294396 -2558665.548193 -435471.312372 0.008094
2187621.176935 -2558666.193845 -435466.057997 0.009003
2187620.606364 -2558667.915247 -435453.005095 0.005353
2187620.558382 -2558668.901497 -435447.787583 0.004334
2187620.038079 -2558669.058136 -435442.457763 0.005906
2187620.799301 -2558671.034022 -435437.416872 0.005523
2187620.314210 -2558671.370264 -435432.075164 0.003563
2187620.271332 -2558672.368713 -435426.909494 0.006554
2187620.619970 -2558673.814185 -435421.763507 0.005065
2187620.988323 -2558675.344931 -435416.672523 0.006746
2187620.908248 -2558676.173905 -435411.436602 0.006558
2187620.863220 -2558677.159329 -435406.278858 0.010390
2187621.232415 -2558678.691914 -435401.209218 0.003132
2187621.178751 -2558679.660738 -435395.933974 0.008436
2187621.506746 -2558680.986205 -435390.858431 0.003683
2187621.891815 -2558682.600909 -435385.768057 0.004112
2187621.371869 -2558682.758742 -435380.434703 0.005543
2187621.309412 -2558683.653219 -435375.301211 0.001860
2187621.694292 -2558685.287836 -435370.116313 0.005366
2187621.656408 -2558686.305821 -435364.983980 0.000017
2187621.979205 -2558687.631838 -435359.781900 0.006568
2187621.943934 -2558688.659213 -435354.663935 0.002255
2187622.311859 -2558690.190261 -435349.557192 0.002868
2187623.097977 -2558692.289307 -435344.527832 0.001606
2187623.022527 -2558693.139033 -435339.299746 0.001928
2187623.381193 -2558694.623971 -435334.194666 0.003092
2187623.308904 -2558695.488896 -435328.969161 0.003413
2187623.699545 -2558697.129556 -435323.881578 0.003750
2187624.048153 -2558698.548809 -435318.847580 0.001052
2187624.872214 -2558700.840366 -435313.795231 0.006007
2187625.238054 -2558702.345378 -435308.761422 0.002108
2187624.745309 -2558702.641508 -435303.425255 0.001249
2187625.106737 -2558704.141902 -435298.309824 0.001531
2187625.460123 -2558705.604457 -435293.187732 0.001802
2187625.387387 -2558706.469664 -435287.951301 0.001275
2187625.758774 -2558708.012905 -435282.871509 0.003661
2187625.696104 -2558708.924270 -435277.652559 0.003888
2187625.623798 -2558709.784736 -435272.442725 0.005315
2187625.999631 -2558711.342069 -435267.400432 0.000028
2187626.377431 -2558712.912961 -435262.334699 0.003292
2187626.726967 -2558714.365130 -435257.172868 0.000577
2187626.671881 -2558715.314953 -435251.952492 0.000014
2187626.601367 -2558716.183025 -435246.747372 0.001872
2187626.933211 -2558717.547229 -435241.583833 0.000257
2187627.768060 -2558719.863476 -435236.658419 0.004493
2187628.154261 -2558721.485387 -435231.561854 0.004583
2187628.072575 -2558722.301828 -435226.337991 0.005700
2187628.444902 -2558723.855600 -435221.226805 0.005598
2187629.222437 -2558725.885347 -435216.304823 0.003559
2187629.181393 -2558726.927657 -435210.986088 0.004470
2187629.106291 -2558727.761153 -435205.837436 0.000737
2187629.907478 -2558729.923304 -435200.850425 0.002232
2187629.821518 -2558730.724487 -435195.601355 0.001568
2187630.214638 -2558732.373881 -435190.529064 0.003252
2187630.571536 -2558733.853800 -435185.405281 0.003248
2187630.949454 -2558735.431354 -435180.314167 0.004458
2187631.318547 -2558736.967172 -435175.211769 0.005397
2187631.206486 -2558737.638828 -435169.954118 0.005772
2187631.610878 -2558739.353211 -435164.845596 0.003785
2187632.001959 -2558740.976160 -435159.848706 0.001142
2187632.339744 -2558742.363969 -435154.708081 0.001264
2187633.092304 -2558745.505482 -435144.508622 0.002572
2187633.903779 -2558747.718773 -435139.527424 0.003750
2187634.707597 -2558749.896797 -435134.529559 0.004361
2187635.069634 -2558751.397491 -435129.425061 0.005517
2187635.434303 -2558752.916255 -435124.297155 0.004808
2187635.787205 -2558754.380091 -435119.156791 0.003631
2187636.191534 -2558756.085564 -435114.087894 0.004988
2187636.533905 -2558757.496792 -435108.941469 0.004086
2187636.465911 -2558758.378666 -435103.728034 0.005331
2187636.835942 -2558759.915794 -435098.637810 0.007148
2187636.770329 -2558760.813690 -435093.408538 0.006900
2187637.153006 -2558762.395622 -435088.401037 0.004063
2187637.082836 -2558763.268459 -435083.179715 0.004696
2187637.031227 -2558764.229216 -435077.980177 0.005805
2187637.379479 -2558765.672283 -435072.827561 0.004241
2187636.892306 -2558765.991341 -435067.500823 0.003893
2187636.385290 -2558766.211484 -435062.172732 0.005123
2187636.315420 -2558767.092037 -435056.926847 0.003554
2187635.387340 -2558766.734684 -435051.505536 0.005249
2187634.885444 -2558766.976634 -435046.185568 0.006574
2187634.377956 -2558767.198915 -435040.835657 0.006019
2187633.874876 -2558767.414451 -435035.616041 0.005118
2187633.316087 -2558768.609809 -435025.023473 0.001987
2187633.265716 -2558769.576970 -435019.821835 0.002914
2187632.756264 -2558769.786976 -435014.484562 0.003433
2187632.691113 -2558770.682001 -435009.273412 0.004628
2187631.751622 -2558770.275411 -435003.815885 0.004013
2187632.134820 -2558771.874293 -434998.740117 0.006350
2187631.637615 -2558772.145880 -434993.399614 0.005746
2187631.569270 -2558773.040669 -434988.126466 0.001993
2187631.070141 -2558773.294211 -434982.817506 0.004198
2187630.989006 -2558774.110360 -434977.598874 0.005947
2187630.919379 -2558774.991685 -434972.352415 0.004509
2187630.849562 -2558775.863219 -434967.140014 0.005983
2187630.770666 -2558776.699538 -434961.886563 0.004637
2187630.697793 -2558778.141015 -434954.183570 0.003492
2187630.621805 -2558779.588476 -434946.382448 0.005173
2187630.111874 -2558779.801537 -434941.018961 0.003485
2187630.039938 -2558780.664072 -434935.799090 0.004624
2187630.001403 -2558781.689891 -434930.599036 0.004886
2187629.914765 -2558782.484521 -434925.354920 0.004948
2187629.839930 -2558783.338254 -434920.112237 0.004254
2187629.775767 -2558784.238860 -434914.896282 0.005073
2187629.704812 -2558785.106363 -434909.675750 0.005972
2187629.652462 -2558786.060399 -434904.483279 0.007914
2187630.036400 -2558787.652011 -434899.461323 0.003950
2187629.956093 -2558788.498642 -434894.124709 0.006650
2187629.884241 -2558789.362023 -434888.902077 0.007458
2187629.817997 -2558790.261418 -434883.649371 0.005375
2187629.753999 -2558791.147342 -434878.506456 0.001480
2187630.103948 -2558792.586703 -434873.396231 0.003546
2187630.069960 -2558793.633431 -434868.202500 0.003955
2187629.993592 -2558794.478096 -434862.963346 0.003873
2187629.928007 -2558795.368521 -434857.757669 0.005567
2187629.875876 -2558796.329077 -434852.542686 0.005780
2187629.815554 -2558797.248576 -434847.326924 0.006264
2187629.771055 -2558798.251043 -434842.098387 0.004797
2187630.115189 -2558799.668295 -434836.959085 0.004618
2187630.474005 -2558801.159709 -434831.819372 0.003606
2187630.421866 -2558802.100605 -434826.693845 0.000369
2187629.915072 -2558802.308843 -434821.406251 0.005226
2187629.860818 -2558803.266924 -434816.158750 0.002629
2187629.825981 -2558804.322895 -434810.896946 0.008430
2187630.608429 -2558806.385232 -434805.935138 0.002964
2187630.096977 -2558806.581447 -434800.606677 0.004592
2187630.835781 -2558809.054806 -434792.947268 0.003818
2187630.811823 -2558810.149784 -434787.760243 0.004266
2187630.746017 -2558811.031552 -434782.595620 -0.001082
2187630.233105 -2558811.803373 -434774.765423 0.007716
2187631.343530 -2558815.834052 -434761.958004 0.004305
2187631.726752 -2558818.049817 -434754.251661 0.003032
2187632.499606 -2558820.083714 -434749.197387 0.001417
2187614.959453 -2558798.180123 -434725.662838 -0.068455
2187602.933930 -2558783.838828 -434703.787221 -0.041322
2187627.827084 -2558831.564405 -434651.763080 0.005282
2187627.769873 -2558832.472768 -434646.674120 -0.004922
2187626.151394 -2558834.497312 -434622.723324 0.000137
2187616.087520 -2558821.636903 -434610.055283 0.234732
2187625.579858 -2558836.224539 -434609.563055 0.000278
2187611.186254 -2558829.109477 -434596.772883 -0.133754
2187625.459418 -2558838.047105 -434599.200223 -0.002984
2187625.809088 -2558839.474042 -434594.121368 0.001926
2187625.729829 -2558840.261961 -434589.067168 -0.003859
2187624.817639 -2558840.026047 -434583.445999 0.001798
2187624.290026 -2558841.936022 -434570.443469 0.001400
2187623.674600 -2558842.273792 -434562.274178 0.000243
2187623.744366 -2558843.815037 -434557.182872 0.002213
2187624.009090 -2558844.815509 -434552.124472 -0.006452
2187543.273362 -2558725.067131 -434537.654253 -0.017984
2187624.380437 -2558854.587016 -434505.378216 -0.003479
2187623.823233 -2558854.565627 -434499.987468 -0.003351
2187623.314405 -2558854.777190 -434494.639335 -0.003383
2187624.997192 -2558858.280091 -434489.869818 -0.002118
2187624.077100 -2558857.963715 -434484.432659 -0.002063
2187623.995732 -2558858.782704 -434479.185254 -0.002088
2187623.923081 -2558859.642628 -434473.949710 -0.002004
2187624.223766 -2558862.042488 -434463.670543 -0.006225
2187623.704734 -2558862.216199 -434458.257916 0.000080
2187623.675795 -2558863.271512 -434453.133119 -0.004391
2187623.620388 -2558864.232732 -434447.826532 -0.000495
2187623.997574 -2558865.787233 -434442.801600 -0.003755
2187623.897612 -2558866.494625 -434437.622174 0.003323
2187625.108913 -2558870.389979 -434427.548121 -0.005192
2187624.654488 -2558870.875506 -434422.199638 -0.008995
2187624.132516 -2558871.044279 -434416.743613 -0.006066
2187624.455390 -2558872.322147 -434411.732650 -0.004208
2187624.816817 -2558875.027521 -434401.442190 -0.002894
2187625.213929 -2558876.714227 -434396.282601 -0.007986
2187625.107365 -2558877.409528 -434391.020020 -0.007522
2187625.052242 -2558878.353879 -434385.797311 -0.007389
2187625.818916 -2558880.925935 -434378.298027 -0.006925
2187625.770456 -2558881.932826 -434372.948327 -0.007183
2187625.667196 -2558882.602895 -434367.861888 -0.002866
2187625.633046 -2558883.662083 -434362.603384 -0.007222
2187625.160727 -2558884.072237 -434357.180499 -0.005158
2187624.513256 -2558886.008810 -434341.478609 -0.005565
2187624.389311 -2558887.827727 -434331.033166 -0.004213
2187623.877159 -2558888.009063 -434325.732420 0.000274
2187623.833616 -2558889.029195 -434320.440687 -0.006154
2187623.778595 -2558889.946509 -434315.337459 -0.006684
2187623.272264 -2558890.187903 -434309.903302 -0.003044
2187622.785339 -2558890.510326 -434304.548336 -0.004915
2187622.679573 -2558891.205220 -434299.300545 -0.003138
2187623.076909 -2558892.882527 -434294.178937 -0.004969
2187622.583239 -2558893.150114 -434288.918932 -0.009064
2187622.539723 -2558894.132862 -434283.771584 -0.003461
2187622.485769 -2558895.102870 -434278.469458 -0.009859
2187621.985901 -2558895.357743 -434273.123041 -0.010053
2187621.930614 -2558896.296106 -434267.917239 -0.008352
2187622.297753 -2558897.822215 -434262.790202 -0.008418
2187621.806680 -2558898.115751 -434257.465406 -0.007383
2187621.740208 -2558899.002939 -434252.238956 -0.006624
2187622.119025 -2558900.585638 -434247.120401 -0.006781
2187621.649407 -2558900.965104 -434241.896262 -0.009703
2187622.026698 -2558902.535433 -434236.795376 -0.008125
2187621.942119 -2558903.341460 -434231.529321 -0.009487
2187621.422811 -2558903.507076 -434226.147654 -0.011046
2187621.836802 -2558905.254064 -434221.079103 -0.009644
2187621.756547 -2558906.078412 -434215.825818 -0.009969
2187622.120533 -2558907.584502 -434210.714033 -0.008593
2187622.079110 -2558908.592247 -434205.508469 -0.007685
2187621.582487 -2558908.863100 -434200.161289 -0.008204
2187621.945221 -2558910.370454 -434195.019475 -0.008985
2187622.321962 -2558911.940719 -434189.907206 -0.008537
2187621.384998 -2558911.539489 -434184.457156 -0.007768
2187340.127691 -2558441.331367 -439451.462249 -0.235473
2187162.652899 -2558183.166903 -439394.055676 -0.167802
2187152.336595 -2558173.052670 -439365.502214 0.069556
2187158.803239 -2558183.138982 -439364.038542 -0.144153
2187141.211305 -2558160.883662 -439341.463314 0.215514
2187225.648068 -2558284.917497 -439362.297956 -0.231407
2187140.154699 -2558162.397804 -439325.468707 0.222034
2187207.261056 -2558262.342031 -439335.528015 0.192545
2187157.860411 -2558192.015551 -439311.862675 0.223255
2187209.284923 -2558267.781235 -439323.797753 0.044445
2187156.419686 -2558191.872046 -439301.492955 0.209796
2187156.370130 -2558192.744092 -439296.929278 0.180154
2187158.513305 -2558196.656576 -439293.918302 0.103014
2187156.236642 -2558194.671626 -439285.811007 0.209685
2187176.463867 -2558227.727474 -439273.488591 -0.056177
2187241.074667 -2558326.869975 -439268.019086 -0.236379
2187158.760878 -2558214.571456 -439203.547032 0.213483
2187153.742498 -2558210.062777 -439188.118874 0.031618
2187243.428021 -2558345.564701 -439191.718123 0.213739
2187163.000294 -2558230.013988 -439157.862574 0.221233
2187226.109372 -2558324.345247 -439165.245677 0.149667
2187261.140015 -2558379.675316 -439154.359568 -0.123812
2187143.146244 -2558211.299751 -439099.702795 0.162202
2187208.346943 -2558311.255993 -439094.538573 0.216816
2187124.471944 -2558189.147236 -439068.004198 0.089042
2187112.525280 -2558173.793801 -439053.633781 0.010711
2187113.335652 -2558175.992722 -439048.660961 0.011077
2187114.553702 -2558179.304547 -439041.201566 0.011522
2187114.496427 -2558180.249096 -439036.010643 0.011698
2187115.682300 -2558184.014492 -439025.960621 0.012882
2187116.054865 -2558185.551004 -439020.954393 0.009270
2187116.872956 -2558187.805209 -439015.903455 0.013141
2187117.258698 -2558189.404998 -439010.905236 0.009248
2187118.488170 -2558192.181008 -439005.938483 0.012687
2187118.862144 -2558193.725803 -439000.926776 0.008516
2187120.501179 -2558197.606483 -438993.555233 0.008154
2187120.453346 -2558198.588928 -438988.402867 0.010984
2187119.955578 -2558198.878619 -438983.076998 0.009608
2187120.329152 -2558200.433051 -438978.007285 0.011156
2187120.274305 -2558201.391192 -438972.809397 0.010734
2187120.195013 -2558202.233595 -438967.586253 0.009926
2187120.562740 -2558203.767465 -438962.479942 0.008889
2187121.376345 -2558205.977248 -438957.532242 0.011122
2187121.734535 -2558208.075236 -438949.841365 0.009726
2187121.671101 -2558208.970971 -438944.735724 0.007008
2187122.053428 -2558211.157360 -438937.193084 0.005639
2187122.389040 -2558212.556329 -438931.972102 0.008044
2187122.328087 -2558213.480032 -438926.791328 0.009341
2187122.693581 -2558215.002652 -438921.683258 0.008444
2187122.645760 -2558215.990806 -438916.506004 0.009099
2187123.020325 -2558217.539289 -438911.490691 0.004699
2187123.811468 -2558219.665369 -438906.415187 0.008351
2187124.608503 -2558221.803582 -438901.423138 0.008217
2187124.995226 -2558223.421839 -438896.357724 0.009101
2187131.224333 -2558251.866555 -438894.417732 -0.141469
2187127.069381 -2558228.524867 -438886.621675 0.006319
2187128.296523 -2558231.269414 -438881.750069 0.007427
2187128.672276 -2558232.840637 -438876.653958 0.006536
2187129.050133 -2558234.417570 -438871.578934 0.007504
2187129.415653 -2558235.940065 -438866.474060 0.006607
2187130.654089 -2558238.741220 -438861.600845 0.006792
2187130.601114 -2558239.680548 -438856.530940 0.006186
2187130.954194 -2558241.164643 -438851.317171 0.007949
2187131.775428 -2558243.398712 -438846.435108 0.004425
2187131.722837 -2558244.365530 -438841.247091 0.004674
2187132.094377 -2558245.913658 -438836.162236 0.005129
2187132.468766 -2558247.473851 -438831.085057 0.006054
2187132.401405 -2558248.373666 -438825.868905 0.004996
2187132.767460 -2558249.896681 -438820.773290 0.004990
2187132.697469 -2558250.779037 -438815.575969 0.005689
2187133.073778 -2558252.349628 -438810.494976 0.006154
2187133.895718 -2558254.604086 -438805.534442 0.006742
2187133.834772 -2558255.530981 -438800.339119 0.006994
2187134.217256 -2558257.128656 -438795.271317 0.008105
2187134.131485 -2558257.923027 -438790.122912 0.003449
2187134.074771 -2558258.885538 -438784.856528 0.008043
2187134.442142 -2558260.398370 -438779.842844 0.004169
2187133.635672 -2558257.873571 -438773.546196 -0.034056
2187136.819721 -2558267.351168 -438762.306116 0.005366
2187138.519864 -2558270.913546 -438757.565933 0.005470
2187144.820023 -2558284.199413 -438738.528483 0.002660
2187146.458260 -2558287.484151 -438733.653588 0.006519
2187147.720177 -2558290.379405 -438728.886576 0.003176
2187156.107982 -2558308.257604 -438702.555337 0.006948
2187159.028331 -2558314.542087 -438692.903070 0.005148
2187160.666560 -2558318.397560 -438685.640701 0.003091
2187163.160423 -2558324.085060 -438675.901290 0.002570
2187163.549205 -2558325.708084 -438670.864739 0.005984
2187165.207087 -2558329.074027 -438666.071481 0.004533
2187166.458365 -2558331.938833 -438661.207364 0.004554
2187238.837932 -2558440.493415 -438668.113676 0.195399
2187169.807245 -2558339.419365 -438649.170843 -0.000884
2187143.243549 -2558313.390627 -438626.572926 -0.163286
2187176.397360 -2558354.494924 -438622.336436 0.001671
2187179.647642 -2558363.343328 -438602.444148 0.002591
2187181.112607 -2558370.024905 -438579.602892 0.001403
2187205.051010 -2558406.747644 -438577.934416 0.123860
2187226.268114 -2558439.598281 -438573.478974 0.214135
2187182.611871 -2558375.321341 -438563.542048 -0.087494
2187185.560957 -2558380.899194 -438557.273155 -0.006239
2187184.228405 -2558380.045539 -438551.940039 -0.002948
2187183.716867 -2558380.281188 -438546.534718 0.000713
2187181.920229 -2558378.671725 -438540.991801 -0.002257
2187180.110607 -2558377.016245 -438535.360320 -0.001073
2187179.170591 -2558376.632642 -438529.928787 -0.001494
2187177.793940 -2558375.605556 -438524.390253 -0.001588
2187176.870467 -2558375.299476 -438518.977427 -0.001629
2187176.787911 -2558376.126159 -438513.747780 -0.002670
2187176.282999 -2558376.373931 -438508.441053 -0.001857
2187176.227907 -2558377.324504 -438503.266243 -0.000281
2187175.727850 -2558377.581383 -438498.033151 -0.004282
2187175.660743 -2558378.496281 -438492.746123 -0.000584
2187175.604557 -2558379.426940 -438487.642090 -0.003618
2187175.964188 -2558380.937719 -438482.452488 -0.000372
2187175.466824 -2558381.223456 -438477.144327 -0.000207
2187175.402029 -2558382.114756 -438472.025058 -0.004039
2187175.760586 -2558383.603326 -438466.916440 -0.004434
2187175.705090 -2558384.555863 -438461.724265 -0.004387
2187176.077792 -2558386.107945 -438456.645696 -0.003277
2187176.010065 -2558387.000773 -438451.448551 -0.002768
2187175.945093 -2558387.907706 -438446.249672 -0.002345
2187176.309000 -2558389.419908 -438441.154240 -0.002268
2187176.249657 -2558390.353994 -438435.958972 -0.001935
2187176.193506 -2558391.300753 -438430.777416 -0.000941
2187176.962864 -2558393.920603 -438423.171488 -0.002482
2187177.317215 -2558395.387130 -438418.067957 -0.002130
2187177.694886 -2558396.948834 -438413.064135 -0.006034
2187178.075008 -2558398.536096 -438407.992872 -0.004959
2187178.426855 -2558400.006400 -438402.810819 -0.000488
2187179.243692 -2558402.221105 -438397.926245 -0.003758
2187179.624205 -2558403.830058 -438392.761259 0.000082
2187179.987462 -2558405.320567 -438387.753695 -0.002936
2187181.232005 -2558408.153868 -438382.881376 -0.003216
2187181.564881 -2558407.240368 -438381.115870 0.323215
2187183.270104 -2558413.107938 -438373.020206 -0.003167
2187184.083280 -2558415.322065 -438368.051691 -0.002535
2187185.753340 -2558418.746400 -438363.273557 -0.003448
2187186.999678 -2558421.582826 -438358.428079 -0.001586
2187188.254744 -2558424.466397 -438353.566011 -0.001768
2187189.503054 -2558427.319583 -438348.691024 -0.002513
2187190.742800 -2558430.125462 -438343.835721 -0.001027
2187191.978548 -2558432.901196 -438339.034055 -0.005384
2187193.656661 -2558436.381241 -438334.182072 -0.002405
2187195.320308 -2558440.382650 -438326.835078 -0.002392
2187196.536943 -2558443.058451 -438322.054888 -0.003732
2187199.064969 -2558448.300154 -438314.934797 -0.002730
2187199.858947 -2558450.422630 -438309.948575 -0.002203
2187199.799984 -2558451.359299 -438304.748925 -0.002376
2187199.297384 -2558451.619450 -438299.434802 -0.002280
2187197.909590 -2558450.537483 -438293.885058 -0.002434
2187196.515235 -2558449.438038 -438288.272622 -0.007332
2187195.173207 -2558448.559627 -438282.831375 -0.001708
2187193.351287 -2558446.850013 -438277.159652 -0.002902
2187192.396880 -2558446.401357 -438271.695391 -0.004979
2187191.475463 -2558446.092709 -438266.333928 -0.000809
2187190.536155 -2558445.692275 -438260.994463 -0.004314
2187189.610478 -2558445.373463 -438255.585009 -0.003720
2187189.102900 -2558445.610990 -438250.261940 -0.004152
2187188.599414 -2558445.889130 -438244.843102 -0.001983
2187188.076464 -2558446.024442 -438239.637814 -0.002105
2187187.604291 -2558446.438733 -438234.312212 -0.005020
2187187.527108 -2558447.282940 -438229.119932 -0.003374
2187186.583145 -2558446.871948 -438223.715836 -0.001024
2187186.526876 -2558447.822982 -438218.511537 -0.001874
2187186.457747 -2558448.710764 -438213.304112 -0.001802
2187186.364815 -2558449.486687 -438208.068257 -0.002664
2187185.020605 -2558448.591994 -438202.659085 -0.004680
2187185.815173 -2558450.735658 -438197.583300 -0.001135
2187184.861052 -2558450.268673 -438192.213449 -0.005838
2187185.659533 -2558452.427903 -438187.154387 -0.001173
2187184.724621 -2558452.049041 -438181.816592 -0.004567
2187184.663078 -2558452.972241 -438176.618848 -0.004482
2187184.595127 -2558453.863002 -438171.423503 -0.003481
2187184.551393 -2558454.872532 -438166.235517 -0.003851
2187184.025938 -2558455.020451 -438160.915030 -0.002503
2187183.918738 -2558455.729457 -438155.661243 -0.003830
2187183.034701 -2558455.612186 -438150.276192 -0.004155
2187182.999047 -2558456.657434 -438145.107344 -0.003497
2187183.319353 -2558457.941529 -438140.066956 -0.006138
2187182.801506 -2558458.120549 -438134.775321 -0.003068
2187182.316368 -2558458.492197 -438129.346374 -0.003014
2187182.259561 -2558459.416574 -438124.253366 -0.005145
2187181.763678 -2558459.722853 -438118.874050 -0.000162
2187181.188308 -2558460.834280 -438108.439573 -0.003304
2187181.108623 -2558461.676099 -438103.202907 -0.005037
2187180.627286 -2558462.035261 -438097.917870 -0.003983
2187180.551724 -2558462.890600 -438092.711263 -0.003496
2187180.027134 -2558463.048848 -438087.364665 -0.004497
2187180.413983 -2558464.663924 -438082.315130 -0.002018
2187179.896178 -2558464.853278 -438076.979887 -0.002552
2187179.840370 -2558465.800316 -438071.801453 -0.001117
2187179.779875 -2558466.715055 -438066.670727 -0.005992
2187179.710587 -2558467.598719 -438061.476300 -0.004926
2187179.620607 -2558468.388601 -438056.242618 -0.005624
2187179.991261 -2558469.931694 -438051.155804 -0.005093
2187180.372929 -2558471.528791 -438046.072647 -0.005020
2187180.300076 -2558472.396447 -438040.870613 -0.004329
2187180.670289 -2558473.938812 -438035.777663 -0.004254
2187180.607522 -2558474.835386 -438030.676064 -0.006655
2187180.115138 -2558475.145500 -438025.364898 -0.006863
2187179.610093 -2558475.392357 -438020.054823 -0.006329
2187179.536368 -2558476.256896 -438014.847481 -0.005865
2187179.018742 -2558476.446744 -438009.513298 -0.006451
2187178.959232 -2558477.383030 -438004.301481 -0.007376
2187178.899611 -2558478.311835 -437999.119385 -0.006069
2187178.403408 -2558478.600869 -437993.814890 -0.005431
2187178.765838 -2558480.101793 -437988.735145 -0.003833
2187177.818044 -2558479.662978 -437983.376973 -0.007947
2187177.756983 -2558480.606259 -437978.092624 -0.004424
2187177.699919 -2558481.550555 -437972.898479 -0.004037
2187177.621839 -2558482.397383 -437967.673671 -0.004972
2187177.132150 -2558482.701382 -437962.455767 -0.008222
2187177.051139 -2558483.530578 -437957.244019 -0.007853
2187176.977396 -2558484.397020 -437952.027615 -0.008127
2187176.918900 -2558485.331909 -437946.843026 -0.007093
2187177.293307 -2558486.893178 -437941.756930 -0.006590
2187177.224860 -2558487.781809 -437936.558244 -0.006020
2187176.722670 -2558488.042805 -437931.248516 -0.005388
2187177.094792 -2558489.595521 -437926.150114 -0.006009
2187177.027997 -2558490.475619 -437921.032574 -0.009281
2187176.951853 -2558491.329729 -437915.817398 -0.009417
2187176.881404 -2558492.232195 -437910.507098 -0.007098
2187176.802308 -2558493.046774 -437905.407908 -0.008104
2187176.316233 -2558493.385270 -437900.109578 -0.007771
2187176.239330 -2558494.235245 -437894.895764 -0.007731
2187176.197108 -2558495.251660 -437889.708466 -0.007932
2187177.853953 -2558498.605673 -437884.944405 -0.006588
2187176.910488 -2558498.207829 -437879.492986 -0.008245
2187176.854889 -2558499.157155 -437874.307580 -0.007346
2187177.657056 -2558501.320239 -437869.318356 -0.007516
2187177.978544 -2558503.218118 -437861.704727 -0.010174
2187178.780820 -2558505.402370 -437856.617020 -0.007803
2187183.402086 -2558530.609810 -437847.319693 -0.306674
2187178.597862 -2558508.156300 -437841.128282 -0.009032
2187178.967494 -2558506.908644 -437835.081453 -0.044879
2187179.760405 -2558511.811836 -437831.048323 -0.008192
2187180.573351 -2558514.026463 -437826.065976 -0.008547
2187181.359696 -2558516.111207 -437821.074426 -0.007807
2187181.289038 -2558516.971963 -437815.956627 -0.010795
2187182.500887 -2558520.274239 -437808.398641 -0.007123
2187182.877043 -2558521.844216 -437803.313766 -0.006758
2187183.246954 -2558523.365124 -437798.314132 -0.009446
2187183.174924 -2558524.236957 -437793.109775 -0.009056
2187183.115529 -2558525.171200 -437787.907409 -0.009129
2187182.602849 -2558525.382743 -437782.583533 -0.009128
2187182.528754 -2558526.247269 -437777.366330 -0.009388
2187182.023571 -2558526.490661 -437772.064283 -0.008088
2187181.501443 -2558526.666864 -437766.690213 -0.011349
2187181.025830 -2558527.041796 -437761.454678 -0.006594
2187180.532036 -2558527.346843 -437756.132813 -0.007518
2187180.019874 -2558527.542592 -437750.895569 -0.010953
2187179.946706 -2558528.411240 -437745.680257 -0.011111
2187179.443511 -2558528.669653 -437740.357677 -0.011667
2187179.368920 -2558529.527887 -437735.156631 -0.010526
2187178.864621 -2558529.779456 -437729.839831 -0.010523
2187178.795590 -2558530.667316 -437724.630241 -0.010499
2187178.722466 -2558531.532842 -437719.429050 -0.009734
2187178.658253 -2558532.438021 -437714.248006 -0.007654
2187179.019644 -2558533.925843 -437709.207310 -0.013282
2187178.539039 -2558534.303294 -437703.846687 -0.007695
2187178.896196 -2558535.783639 -437698.738106 -0.008017
2187178.836799 -2558536.699366 -437693.624058 -0.011465
2187178.316934 -2558536.876960 -437688.291876 -0.011513
2187178.685865 -2558538.431176 -437683.108119 -0.008027
2187178.168729 -2558538.603967 -437677.864399 -0.011652
2187178.104286 -2558539.512743 -437672.662723 -0.011378
2187178.034629 -2558540.393649 -437667.469042 -0.010104
2187182.308672 -2558560.976645 -437664.038514 -0.158874
2187178.328687 -2558542.786714 -437657.170041 -0.009178
2187178.263646 -2558543.692330 -437651.968971 -0.008819
2187177.755867 -2558543.926345 -437646.652483 -0.008395
2187177.698834 -2558544.871228 -437641.453830 -0.008395
2187177.644602 -2558545.842344 -437636.202005 -0.013071
2187177.555026 -2558546.601199 -437631.116335 -0.011959
2187177.050698 -2558546.851175 -437625.804921 -0.011343
2187176.976037 -2558547.710030 -437620.598854 -0.010704
2187176.904808 -2558548.586217 -437615.391404 -0.010444
2187176.849837 -2558549.539372 -437610.201035 -0.009887
2187176.809957 -2558550.563201 -437605.029373 -0.008869
2187176.699300 -2558551.252475 -437599.782193 -0.009082
2187176.635629 -2558552.166544 -437594.573365 -0.009470
2187177.434128 -2558554.308478 -437589.592258 -0.008595
2187177.360086 -2558555.176337 -437584.360150 -0.010195
2187177.295460 -2558556.061298 -437579.265689 -0.011585
2187177.661836 -2558557.585517 -437574.164645 -0.011906
2187178.022478 -2558559.078498 -437569.076868 -0.010452
2187177.953927 -2558559.967478 -437563.871366 -0.010319
2187177.891207 -2558560.886874 -437558.659848 -0.010842
2187178.644362 -2558563.420803 -437551.066599 -0.009915
2187178.085142 -2558564.626732 -437540.550948 -0.009855
2187177.989353 -2558565.990973 -437532.760713 -0.008489
2187177.500635 -2558566.317220 -437527.454585 -0.008372
2187178.278657 -2558568.363577 -437522.447898 -0.008296
2187177.782707 -2558568.649619 -437517.157644 -0.006324
2187177.276456 -2558568.877839 -437511.907295 -0.011226
2187177.202630 -2558569.741268 -437506.698377 -0.010718
2187177.567353 -2558571.273876 -437501.515696 -0.007035
2187177.936216 -2558572.810075 -437496.417928 -0.006974
2187177.429469 -2558573.030535 -437491.188023 -0.010107
2187177.369343 -2558573.960946 -437485.984022 -0.010158
2187177.729935 -2558575.448333 -437480.918966 -0.007027
2187177.676403 -2558576.414078 -437475.704032 -0.008461
2187177.604297 -2558577.280030 -437470.520685 -0.006185
2187177.978673 -2558578.840262 -437465.435118 -0.005470
2187177.883362 -2558579.609859 -437460.169545 -0.008414
2187178.252018 -2558581.145949 -437455.066976 -0.008721
2187178.615978 -2558582.655668 -437449.975614 -0.008012
2187178.107113 -2558582.883761 -437444.659706 -0.007244
2187177.985830 -2558584.737233 -437434.260350 -0.006775
2187177.909405 -2558585.571860 -437429.128613 -0.010532
2187177.864574 -2558586.564707 -437423.982936 -0.006888
2187177.778106 -2558587.373069 -437418.739432 -0.008484
2187177.702443 -2558588.226903 -437413.531753 -0.007831
2187177.629298 -2558589.078404 -437408.397405 -0.011917
2187177.985487 -2558590.573518 -437403.192641 -0.009300
2187177.935449 -2558591.546551 -437398.020292 -0.007536
2187177.389213 -2558591.593334 -437392.684124 -0.005883
2187177.795286 -2558593.294196 -437387.680964 -0.011336
2187178.942534 -2558596.873627 -437377.593591 -0.009701
2187178.455956 -2558597.233598 -437372.175064 -0.008504
2187178.490249 -2558600.077184 -437367.233295 -0.015306
2187177.887835 -2558598.373787 -437361.760468 -0.009897
2187178.212599 -2558599.693788 -437356.645348 -0.008220
2187177.654436 -2558599.667766 -437351.366615 -0.000891
2187177.474809 -2558600.038866 -437346.009526 -0.005306
2187177.160731 -2558601.208417 -437340.812294 -0.008604
2187176.661927 -2558601.491673 -437335.473488 -0.010573
2187177.476505 -2558603.707870 -437330.515015 -0.008845
2187176.611048 -2558603.577109 -437319.186265 -0.643953
2187176.866965 -2558605.280261 -437317.386275 -0.008227
2187176.370867 -2558605.583644 -437312.008803 -0.002938
2187177.111266 -2558608.040016 -437304.480705 -0.006031
2187176.630068 -2558608.403041 -437299.175508 -0.006403
2187177.480540 -2558610.793373 -437294.235727 -0.005695
2187176.930491 -2558610.805010 -437288.978024 -0.007840
2187176.840613 -2558611.593389 -437283.746432 -0.008259
2187176.329513 -2558611.812455 -437278.420210 -0.008138
2187177.222673 -2558616.751118 -437269.950486 -0.113342
2187177.045219 -2558615.385852 -437265.631703 -0.008008
2187177.404083 -2558616.874795 -437260.521108 -0.008357
2187177.327701 -2558617.727365 -437255.302160 -0.008524
2187177.617699 -2558620.079749 -437245.094184 -0.010060
2187186.729767 -2558634.708571 -437241.273731 0.037207
2187177.029198 -2558621.750825 -437231.989364 -0.008863
2187177.397173 -2558623.290333 -437226.854038 -0.011759
2187177.333677 -2558624.198181 -437221.672642 -0.009836
2187177.240363 -2558624.966928 -437216.451392 -0.008853
2187177.630176 -2558626.600151 -437211.380115 -0.008211
2187177.112420 -2558626.787610 -437206.046673 -0.008181
2187177.481478 -2558628.320904 -437200.960915 -0.007265
2187177.419178 -2558629.240605 -437195.753993 -0.007289
2187177.783413 -2558630.750217 -437190.668399 -0.006009
2187177.314406 -2558631.156519 -437185.445245 -0.011013
2187177.636335 -2558632.467305 -437180.309242 -0.010814
2187177.581790 -2558633.437190 -437175.042295 -0.005728
2187177.929394 -2558634.856921 -437169.995589 -0.010679
2187177.845627 -2558635.669742 -437164.788739 -0.009261
2187177.359280 -2558636.005830 -437159.487645 -0.008898
2187177.729564 -2558637.543968 -437154.407066 -0.007456
2187177.656931 -2558638.413215 -437149.195439 -0.007262
2187176.511340 -2558634.141013 -437143.134936 -0.001318
2187177.957984 -2558640.825730 -437138.963873 -0.011487
2187177.888202 -2558641.708153 -437133.756709 -0.011096
2187176.953363 -2558641.346737 -437128.328365 -0.011206
2187177.321040 -2558642.877576 -437123.223134 -0.011628
2187177.237524 -2558643.690674 -437118.019802 -0.009948
2187177.614508 -2558645.261772 -437112.940509 -0.008871
2187177.540933 -2558646.126500 -437107.727829 -0.008680
2187177.483657 -2558647.069929 -437102.525673 -0.008750
2187177.407107 -2558647.917801 -437097.321678 -0.007615
2187177.752860 -2558649.343100 -437092.200963 -0.007774
2187176.309064 -2558645.095455 -437086.133675 -0.013884
2187177.202988 -2558650.576217 -437081.772792 -0.011365
2187177.547636 -2558651.994873 -437076.656689 -0.011198
2187177.486291 -2558652.915403 -437071.465534 -0.009924
2187177.847905 -2558654.415700 -437066.365066 -0.009654
2187177.805951 -2558655.431701 -437061.178245 -0.009389
2187177.721881 -2558656.244999 -437055.961785 -0.008860
2187178.073357 -2558657.678617 -437050.927155 -0.002078
2187178.450840 -2558659.256011 -437045.841090 -0.012399
2187178.384277 -2558660.170692 -437040.553080 -0.008152
2187181.525383 -2558678.373173 -437036.077304 -0.225818
2187177.766778 -2558661.688344 -437027.493153 -0.011592
2187178.143707 -2558663.277858 -437022.322408 -0.007462
2187178.488741 -2558664.680289 -437017.296317 -0.010300
2187178.444280 -2558665.684310 -437012.106889 -0.010316
2187178.357864 -2558666.485305 -437006.892742 -0.009139
2187178.302911 -2558667.438928 -437001.695451 -0.009060
2187178.222886 -2558668.272222 -436996.479070 -0.008531
2187178.159978 -2558669.171884 -436991.353697 -0.012546
2187178.089949 -2558670.069947 -436986.062460 -0.008296
2187178.014437 -2558670.924588 -436980.850690 -0.007944
2187178.368393 -2558672.369051 -436975.832191 -0.010648
2187178.293805 -2558673.227579 -436970.623396 -0.010115
2187177.704863 -2558673.049340 -436965.336871 -0.000969
2187178.193131 -2558675.179871 -436960.232010 -0.010057
2187178.503782 -2558677.043935 -436952.511635 -0.009510
2187178.438244 -2558677.945220 -436947.312578 -0.008645
2187177.961960 -2558678.326290 -436942.031373 -0.007240
2187178.699852 -2558680.792559 -436934.393021 -0.008448
2187180.474960 -2558693.044842 -436919.937078 -0.669650
2187178.051871 -2558682.768377 -436918.747694 -0.010386
2187178.398474 -2558684.192178 -436913.650110 -0.008572
2187178.315969 -2558685.635223 -436905.797271 -0.012883
2187178.674167 -2558687.110233 -436900.728786 -0.009496
2187178.569827 -2558687.827883 -436895.488661 -0.009290
2187178.513724 -2558688.775607 -436890.291048 -0.008985
2187178.414025 -2558689.494027 -436885.157098 -0.010904
2187178.393696 -2558690.612718 -436879.989800 -0.010722
2187178.754196 -2558692.106685 -436874.887475 -0.010168
2187178.649968 -2558692.822773 -436869.656079 -0.009358
2187178.626991 -2558693.934681 -436864.461259 -0.011035
2187178.549999 -2558694.780346 -436859.255357 -0.010036
2187178.894054 -2558696.197285 -436854.132232 -0.010040
2187178.406656 -2558696.528133 -436848.828428 -0.009794
2187178.330228 -2558697.379284 -436843.610950 -0.009534
2187178.682577 -2558698.813963 -436838.599128 -0.011758
2187178.195991 -2558699.150729 -436833.287217 -0.011978
2187178.109859 -2558699.951887 -436828.076821 -0.010696
2187178.491479 -2558701.549033 -436822.982310 -0.010971
2187178.425954 -2558702.447603 -436817.793904 -0.009306
2187178.348773 -2558703.298778 -436812.559979 -0.010354
2187178.715658 -2558704.819295 -436807.481611 -0.008489
2187178.629660 -2558705.623395 -436802.261279 -0.007764
2187178.555860 -2558706.490989 -436797.028920 -0.009179
2187178.521371 -2558707.541901 -436791.849381 -0.008720
2187178.440383 -2558708.369976 -436786.633002 -0.008278
2187178.800926 -2558709.864827 -436781.529174 -0.007808
2187179.181212 -2558711.450028 -436776.456495 -0.006399
2187178.668266 -2558711.647669 -436771.189316 -0.011773
2187178.612097 -2558712.605704 -436765.934366 -0.005513
2187178.442427 -2558714.197562 -436755.633941 -0.014102
2187195.479074 -2558754.616185 -436739.320583 -0.179319
2187180.153497 -2558730.410749 -436735.291393 0.320089
2187154.653865 -2558693.137351 -436718.727847 0.476289
2187178.842965 -2558719.186727 -436723.900782 0.445752
2187252.142258 -2558847.337696 -436719.722528 -0.226187
2187144.363418 -2558675.432935 -436685.991467 -0.065153
2187211.684699 -2558781.712592 -436699.919970 -0.425177
2187181.146161 -2558742.080033 -436675.438566 0.302519
2187180.885886 -2558740.616549 -436669.791449 0.271122
2187178.791634 -2558732.555165 -436659.717134 -0.008896
2187269.460248 -2558867.563860 -436672.952321 0.219621
2187167.525441 -2558725.736630 -436597.470343 -0.251603
2187194.982166 -2558771.511675 -436586.653169 0.202013
2187182.949837 -2558764.937339 -436577.705451 0.010215
2187194.315679 -2558772.335678 -436576.026593 0.078379
2187180.250527 -2558752.129921 -436569.283245 -0.010849
2187179.774507 -2558752.540050 -436563.868857 -0.009566
2187179.717731 -2558753.475572 -436558.706421 -0.006221
2187180.081746 -2558754.966097 -436553.702125 -0.008257
2187179.923697 -2558755.435459 -436548.377270 -0.011272
2187180.386043 -2558757.410803 -436543.383763 -0.008712
2187180.303757 -2558758.842368 -436535.580023 -0.008906
2187181.084604 -2558760.904089 -436530.557615 -0.009629
2187181.009047 -2558761.753236 -436525.364458 -0.007498
2187181.383201 -2558763.313990 -436520.268633 -0.007208
2187181.726236 -2558764.710086 -436515.221310 -0.011579
2187181.679431 -2558765.713691 -436509.968438 -0.005531
2187181.612161 -2558766.590452 -436504.844475 -0.008881
2187181.967002 -2558768.075145 -436499.647301 -0.004972
2187181.910609 -2558769.023363 -436494.438078 -0.005536
2187172.126756 -2558755.590287 -436485.048909 0.057645
2187181.330105 -2558770.112837 -436483.961927 -0.010398
2187182.139815 -2558772.311560 -436478.968291 -0.010747
2187181.627506 -2558772.517314 -436473.665608 -0.008442
2187181.981079 -2558773.976193 -436468.562712 -0.007231
2187182.344751 -2558775.485000 -436463.462837 -0.006755
2187181.803627 -2558775.548776 -436458.152255 -0.002779
2187182.206635 -2558777.255120 -436453.044755 -0.005741
2187182.172479 -2558778.303240 -436447.881313 -0.003778
2187183.921736 -2558786.730356 -436417.185926 -0.009822
2187184.249239 -2558788.064887 -436412.059365 -0.008848
2187184.649428 -2558788.206151 -436407.162890 0.017393
2187209.756342 -2558842.890985 -436413.721448 -0.209788
2187184.428009 -2558792.336650 -436391.342032 -0.007354
2187184.770222 -2558793.741758 -436386.231155 -0.006089
2187184.669421 -2558794.474022 -436380.999009 -0.005225
2187184.643232 -2558795.546510 -436375.911685 -0.008237
2187184.117959 -2558795.711232 -436370.491666 -0.003941
2187186.411473 -2558808.288295 -436365.592640 -0.162065
2187184.439677 -2558798.219281 -436360.283823 -0.006892
2187185.197961 -2558798.883712 -436360.819505 0.579765
2187186.443446 -2558803.614490 -436347.798178 -0.006496
2187185.945749 -2558803.885493 -436342.537205 -0.012374
2187185.867064 -2558804.724486 -436337.319189 -0.011732
2187185.632457 -2558806.027695 -436326.830343 0.001083
2187185.724178 -2558805.312564 -436319.037712 0.033507
2187187.115017 -2558813.418214 -436301.277462 -0.008623
2187188.663303 -2558822.574136 -436282.402970 0.061324
2187188.865855 -2558823.036944 -436265.569999 -0.012667
2187189.249081 -2558824.635071 -436260.503589 -0.010556
2187189.668667 -2558826.448933 -436255.275306 -0.013834
2187255.102603 -2558928.663666 -436244.667981 0.223669
2187191.591818 -2558836.015298 -436217.045502 -0.003499
2187191.942221 -2558838.720195 -436206.567567 0.001164
2187191.857280 -2558839.529876 -436201.351930 -0.008290
2187191.769489 -2558840.316645 -436196.161970 -0.004714
2187191.679227 -2558841.062150 -436191.107600 -0.000274
2187191.205654 -2558841.499201 -436185.623739 -0.004912
2187191.121728 -2558842.291356 -436180.504616 -0.006349
2187191.061132 -2558843.829846 -436172.700620 -0.007553
2187190.966317 -2558844.586507 -436167.489733 -0.005330
2187190.892008 -2558845.449411 -436162.261042 -0.005793
2187191.247587 -2558846.919840 -436157.150971 -0.005409
2187190.747050 -2558847.185239 -436151.838566 -0.004305
2187191.105368 -2558848.672123 -436146.716339 -0.005135
2187191.023440 -2558849.472687 -436141.603380 -0.006067
2187190.978945 -2558850.477055 -436136.404202 -0.006434
2187191.349113 -2558852.019382 -436131.295472 -0.006698
2187191.280784 -2558852.907255 -436126.086979 -0.006139
2187191.637821 -2558854.388925 -436120.958006 -0.007151
2187191.990293 -2558855.845113 -436115.845097 -0.006766
2187191.934743 -2558856.792425 -436110.654344 -0.005367
2187192.730967 -2558858.924549 -436105.656364 -0.005151
2187193.118433 -2558860.530471 -436100.655512 -0.008423
2187193.912473 -2558862.668994 -436095.576906 -0.003985
2187194.711816 -2558864.799580 -436090.663759 -0.007434
2187194.642419 -2558865.683538 -436085.448756 -0.007207
2187195.452500 -2558867.885952 -436080.450339 -0.007869
2187195.804069 -2558869.338375 -436075.329770 -0.007903
2187196.164029 -2558870.829776 -436070.225191 -0.007194
2187196.101473 -2558871.743304 -436065.029191 -0.005843
2187196.037401 -2558872.652584 -436059.819322 -0.005515
2187196.403039 -2558874.149980 -436054.817461 -0.007316
2187196.331377 -2558875.026879 -436049.584355 -0.008380
2187196.700345 -2558876.559867 -436044.489497 -0.007482
2187197.064003 -2558878.070171 -436039.378845 -0.007513
2187196.982894 -2558878.908048 -436034.111067 -0.010834
2187197.375961 -2558880.547507 -436029.077959 -0.006464
2187196.855335 -2558880.722472 -436023.720595 -0.007754
2187198.087257 -2558883.493599 -436018.833772 -0.007281
2187198.021602 -2558884.398046 -436013.610152 -0.007991
2187197.985017 -2558885.435253 -436008.437999 -0.006440
2187198.762010 -2558887.474587 -436003.432060 -0.005352
2187198.690664 -2558888.350629 -435998.208910 -0.005579
2187198.637782 -2558889.296519 -435993.091622 -0.009105
2187199.355005 -2558892.271887 -435982.847465 -0.010295
2187198.846945 -2558892.501055 -435977.529730 -0.009008
2187199.227996 -2558894.092783 -435972.440104 -0.008613
2187199.136404 -2558894.871467 -435967.201793 -0.008528
2187199.069046 -2558895.763404 -435961.995097 -0.007785
2187199.448203 -2558897.326729 -435957.003073 -0.009527
2187199.823548 -2558898.907825 -435951.826129 -0.005319
2187200.195293 -2558900.462506 -435946.697194 -0.007265
2187200.970849 -2558902.495249 -435941.688253 -0.006402
2187200.914707 -2558903.441242 -435936.488997 -0.005563
2187200.835505 -2558904.277608 -435931.267486 -0.005196
2187201.212869 -2558905.838686 -435926.242463 -0.009540
2187201.576499 -2558907.343954 -435921.151917 -0.007947
2187201.502402 -2558908.204419 -435915.935916 -0.007208
2187201.883607 -2558909.798051 -435910.843797 -0.006993
2187201.801967 -2558910.627915 -435905.597948 -0.008219
2187201.745498 -2558911.570036 -435900.407940 -0.006808
2187201.664467 -2558912.402301 -435895.164716 -0.007842
2187201.969036 -2558914.846200 -435884.845178 -0.007636
2187202.719513 -2558917.362574 -435877.252691 -0.005281
2187203.067102 -2558919.403496 -435869.550137 -0.004981
2187203.396820 -2558921.339509 -435861.928971 -0.007287
2187204.184161 -2558923.432770 -435856.910331 -0.008015
2187204.121999 -2558924.351033 -435851.700723 -0.007550
2187204.062436 -2558925.282759 -435846.488800 -0.007726
2187204.863439 -2558927.441111 -435841.484324 -0.007972
2187205.195992 -2558929.407677 -435833.779360 -0.006883
2187205.136001 -2558930.337850 -435828.564705 -0.007127
2187205.910437 -2558932.365548 -435823.553898 -0.006117
2187206.296625 -2558933.963142 -435818.560022 -0.008559
2187206.677261 -2558935.568127 -435813.392927 -0.003655
2187207.027769 -2558937.020594 -435808.251800 -0.005183
2187207.829242 -2558939.176084 -435803.266026 -0.003984
2187208.190673 -2558940.661625 -435798.226279 -0.008496
2187209.001473 -2558942.868085 -435793.222851 -0.009431
2187208.929507 -2558943.749931 -435787.947615 -0.003151
2187208.887101 -2558944.767358 -435782.734155 -0.004488
2187210.121496 -2558947.532778 -435777.936688 -0.007291
2187215.238586 -2558969.130432 -435762.519636 -0.053594
2187212.437175 -2558955.405404 -435755.144907 -0.005143
2187212.324366 -2558956.083455 -435749.883174 -0.005482
2187217.726399 -2558980.526885 -435747.576239 0.119189
2187211.148818 -2558958.814966 -435726.221616 -0.001654
2187210.670636 -2558959.192282 -435720.899131 -0.002824
2187210.969334 -2558961.000211 -435713.153952 -0.002601
2187210.832211 -2558962.163675 -435705.330049 -0.010385
2187210.813887 -2558963.282044 -435700.196891 -0.006548
2187210.681608 -2558964.466522 -435692.373893 -0.003907
2187211.513073 -2558967.397631 -435684.719415 -0.001349
2187215.052401 -2558987.041630 -435682.589552 0.202433
2187211.596140 -2558971.790399 -435661.468678 -0.008843
2187211.060491 -2558971.902451 -435656.045675 -0.003470
2187210.990732 -2558973.368818 -435648.360139 -0.004292
2187210.475476 -2558973.584926 -435642.926334 -0.001529
2187209.974914 -2558973.832755 -435637.695894 -0.003959
2187209.916781 -2558974.767418 -435632.500000 -0.002751
2187208.949937 -2558974.876474 -435624.363096 0.000372
2187208.427096 -2558975.015549 -435619.123215 -0.001499
2187208.349796 -2558975.861933 -435613.896561 -0.001232
2187207.846214 -2558976.118975 -435608.548186 -0.002834
2187207.804037 -2558977.118337 -435603.427198 -0.006924
2187207.655724 -2558977.647274 -435598.033693 -0.005098
2187207.187044 -2558978.035946 -435592.878092 -0.003511
2187207.135294 -2558979.020935 -435587.590521 0.000309
2187206.622506 -2558979.214339 -435582.332301 -0.003536
2187206.570001 -2558980.176412 -435577.138563 -0.002505
2187206.509873 -2558981.106176 -435571.920663 -0.002694
2187206.421808 -2558981.901929 -435566.680876 -0.002985
2187206.346230 -2558982.752867 -435561.470948 -0.001407
2187206.279032 -2558983.647061 -435556.254452 -0.001228
2187206.199860 -2558984.483700 -435551.029093 -0.000670
2187206.585560 -2558986.078321 -435546.035708 -0.002975
2187206.515923 -2558986.953332 -435540.849299 0.000062
2187206.451806 -2558987.883813 -435535.530880 0.002326
2187206.394876 -2558988.813304 -435530.394086 -0.002097
2187206.744900 -2558990.263507 -435525.247851 -0.003809
2187206.682718 -2558991.176493 -435520.057632 -0.001624
2187206.606164 -2558992.027424 -435514.826412 -0.001865
2187206.538580 -2558992.918501 -435509.614779 -0.001072
2187206.479136 -2558993.851500 -435504.396886 -0.001409
2187206.377323 -2558994.579235 -435499.154766 -0.000724
2187206.334598 -2558995.587941 -435493.969040 0.000449
2187206.650472 -2558997.459394 -435486.325653 -0.002479
2187206.181740 -2558997.886869 -435480.989595 -0.005193
2187205.693464 -2558998.225720 -435475.604549 -0.000057
2187206.018418 -2558999.530412 -435470.558615 -0.002226
2187205.951019 -2559000.422074 -435465.347887 -0.001487
2187205.880901 -2559001.300434 -435460.136099 -0.000383
2187205.827040 -2559002.259650 -435454.924690 -0.000659
2187211.161570 -2559028.584854 -435455.974333 0.159041
2187208.228932 -2559017.503990 -435441.038370 -0.657392
2187209.845427 -2559024.788181 -435437.899654 -0.505829
2187206.421734 -2559007.671088 -435431.754057 -0.004551
2187207.181569 -2559009.646394 -435426.640621 0.000026
2187209.879862 -2559023.421132 -435425.243568 0.116885
2187207.927627 -2559012.734634 -435416.534411 -0.001626
2187213.934114 -2559038.320752 -435415.768141 0.252365
2187211.653748 -2559021.174875 -435401.984423 -0.002696
2187212.467732 -2559023.397347 -435396.978198 -0.003689
2187213.689236 -2559026.133676 -435392.004612 0.001289
2187212.845936 -2559026.175138 -435386.791211 0.003054
2187214.049620 -2559030.743448 -435386.513727 0.389292
2187213.288810 -2559024.999546 -435375.564966 -0.005564
2187213.585679 -2559030.491578 -435371.323218 -0.004000
2187213.783963 -2559031.195092 -435366.138259 0.002113
2187214.151966 -2559032.735428 -435360.988742 -0.001146
2187214.961185 -2559034.913906 -435356.081568 -0.004329
2187215.751875 -2559037.037181 -435350.992742 0.000025
2187216.576931 -2559039.293807 -435346.088831 -0.003989
2187217.359142 -2559041.359196 -435341.077204 -0.003272
2187218.189169 -2559043.631040 -435336.214230 -0.004204
2187220.672716 -2559053.362208 -435334.638018 0.191556
2187219.284815 -2559047.570293 -435323.485813 -0.001484
2187219.618952 -2559048.950404 -435318.288426 0.004665
2187216.419777 -2559047.430866 -435301.818565 -0.001681
2187215.903675 -2559047.582057 -435296.677439 -0.006114
2187219.239229 -2559073.300917 -435283.580211 -0.118317
2187213.901115 -2559048.668625 -435275.261315 -0.003160
2187213.829157 -2559049.563421 -435269.925963 -0.001557
2187213.317106 -2559049.750418 -435264.705640 -0.002168
2187215.978250 -2559066.437631 -435256.580103 -0.672383
2187212.750805 -2559050.922839 -435254.141534 -0.003146
2187212.689553 -2559051.841292 -435248.945238 -0.001478
2187212.184036 -2559052.068206 -435243.693727 -0.005045
2187212.114450 -2559052.950467 -435238.474644 -0.004684
2187212.054154 -2559053.877865 -435233.260368 -0.004314
2187211.973325 -2559054.707691 -435228.026003 -0.004425
2187211.461574 -2559054.927095 -435222.660888 -0.006324
2187211.430733 -2559055.986234 -435217.510330 -0.002967
2187211.773823 -2559057.403850 -435212.354250 -0.004650
2187211.718693 -2559058.352082 -435207.160635 -0.003163
2187211.641550 -2559059.198459 -435201.933781 -0.002622
2187212.449612 -2559061.390288 -435196.930403 -0.003063
2187212.375236 -2559062.252233 -435191.695831 -0.003359
2187212.308587 -2559063.126952 -435186.583438 -0.004951
2187211.802374 -2559063.369705 -435181.238263 -0.005678
2187211.736008 -2559064.264163 -435176.034918 -0.004063
2187212.110342 -2559065.825825 -435170.925914 -0.004098
2187211.609413 -2559066.091924 -435165.593010 -0.004183
2187211.995539 -2559067.710733 -435160.490674 -0.004492
2187212.342472 -2559069.143610 -435155.350587 -0.005202
2187212.274934 -2559070.035973 -435150.131317 -0.004792
2187212.620830 -2559071.458201 -435145.012434 -0.003630
2187212.872214 -2559074.846174 -435129.560703 -0.006396
2187213.644583 -2559077.470529 -435121.964933 -0.004937
2187214.014027 -2559079.009627 -435116.850096 -0.005070
2187214.855792 -2559081.372197 -435111.821475 0.000871
2187215.181280 -2559082.710530 -435106.626812 -0.002691
2187215.920798 -2559085.168572 -435099.056977 -0.007389
2187215.692342 -2559088.513530 -435086.495563 0.536688
2187213.478449 -2559082.633344 -435077.355296 0.241662
2187214.716722 -2559088.954408 -435070.298015 -0.004462
2187214.913931 -2559090.641151 -435067.322427 0.168596
2187221.522164 -2559102.218918 -435054.926671 0.172541
2187219.993844 -2559119.853288 -435031.543041 0.115499
2187167.040599 -2559028.693265 -435002.130179 0.186448
2187218.498010 -2559116.416550 -434956.924309 -0.006930
2187219.735613 -2559129.770081 -434932.780400 0.025896
2187217.072320 -2559121.622856 -434917.404641 -0.001467
2187216.517806 -2559122.222260 -434909.530078 -0.004597
2187216.474520 -2559123.225094 -434904.352655 -0.002371
2187216.434310 -2559124.242887 -434899.176752 0.000040
2187215.881152 -2559124.257734 -434893.803249 0.000350
2187215.835073 -2559125.256072 -434888.585505 -0.000319
2187216.168498 -2559126.621580 -434883.441854 -0.000244
2187216.125450 -2559127.617137 -434878.313197 -0.004499
2187216.044457 -2559128.463018 -434872.990891 -0.000849
2187215.997332 -2559129.434353 -434867.878879 -0.003419
2187216.780701 -2559131.502935 -434862.874560 -0.001793
2187217.614799 -2559133.821070 -434857.886694 -0.002373
2187217.531477 -2559134.632986 -434852.672381 -0.000216
2187217.913619 -2559136.237539 -434847.545764 -0.002030
2187217.852751 -2559137.157071 -434842.349418 0.000041
2187216.920564 -2559136.813312 -434836.873124 -0.002877
2187215.976526 -2559136.394677 -434831.461610 0.000464
2187213.635315 -2559134.847537 -434820.476254 -0.006692
2187218.792855 -2559143.321595 -434816.925321 -0.019689
2187212.210062 -2559134.791096 -434809.738223 -0.004001
2187210.897967 -2559134.081431 -434804.172489 -0.009150
2187209.895866 -2559133.373244 -434798.765741 -0.001261
2187208.929479 -2559132.862488 -434793.273324 -0.003058
2187208.030851 -2559132.665263 -434787.883458 -0.001110
2187207.099009 -2559132.316567 -434782.436019 -0.001593
2187206.567764 -2559132.434477 -434777.088084 -0.000488
2187205.645562 -2559132.131256 -434771.649989 -0.000870
2187205.550205 -2559132.894568 -434766.386705 -0.001898
2187205.080966 -2559133.305100 -434761.108198 0.000630
2187204.615889 -2559133.725789 -434755.872398 0.006431
2187203.607220 -2559133.019472 -434750.318934 0.002557
2187203.131055 -2559133.393700 -434745.058667 -0.003742
2187202.628182 -2559133.663926 -434739.651097 0.001244
2187202.113093 -2559133.862503 -434734.298576 0.000849
2187201.195277 -2559133.561248 -434728.962108 -0.002045
2187201.127476 -2559134.457690 -434723.716192 -0.003667
2187200.196334 -2559134.104419 -434718.301310 -0.001312
2187200.087919 -2559135.406894 -434710.469673 0.000133
2187199.628906 -2559135.877533 -434705.150142 -0.001592
2187199.534681 -2559136.617808 -434700.021898 -0.002042
2187199.022265 -2559136.851323 -434694.567873 -0.000389
2187201.841515 -2559152.391278 -434688.234001 -0.349928
2187198.449168 -2559137.982134 -434684.026164 0.001860
2187182.255328 -2559116.064280 -434670.245262 0.212460
2187193.937070 -2559145.348611 -434672.802192 -0.277313
2187197.273839 -2559140.731847 -434660.265266 -0.010028
2187197.272584 -2559141.875219 -434655.392379 0.004330
2187196.754209 -2559142.113194 -434649.788675 -0.006081
2187197.096725 -2559143.508952 -434644.709915 -0.000786
2187201.326196 -2559168.298366 -434635.304355 -0.283674
2187196.863283 -2559146.641624 -434626.462626 -0.007307
2187197.164058 -2559147.819731 -434621.421522 0.004011
2187196.668703 -2559149.951735 -434608.270336 -0.001227
2187199.023512 -2559161.864618 -434607.513793 0.199330
2187190.240165 -2559151.671614 -434592.581117 -0.182479
2187196.439443 -2559152.516647 -434592.498102 0.004422
2187198.078052 -2559161.667990 -434581.913914 -0.134904
2187196.630929 -2559156.224270 -434574.401118 0.002219
2187196.525029 -2559157.526756 -434566.633903 -0.001826
2187178.883946 -2559133.087042 -434546.632721 -0.440477
2187197.184218 -2559161.449856 -434551.112955 -0.005514
2187231.361986 -2559225.943462 -434559.241187 0.333624
2187197.064937 -2559163.892323 -434538.215527 -0.005034
2187196.104231 -2559164.027775 -434530.082116 -0.000845
2187195.586813 -2559164.193229 -434524.836968 -0.002777
2187195.121335 -2559164.634912 -434519.500156 -0.005080
2187193.647092 -2559164.338731 -434508.744918 0.000087
2187193.149648 -2559165.241994 -434500.770510 -0.004294
2187192.172226 -2559164.666762 -434495.320535 -0.001684
2187192.112685 -2559165.599111 -434490.095063 -0.001736
2187192.069967 -2559166.613495 -434484.876994 -0.002618
2187191.957878 -2559167.276918 -434479.695458 -0.006074
2187191.509023 -2559167.804218 -434474.337056 -0.000765
2187191.422320 -2559168.590830 -434469.169241 -0.004872
2187190.915127 -2559168.827138 -434463.824170 -0.004999
2187190.847720 -2559169.716500 -434458.614881 -0.003218
2187190.788112 -2559170.651138 -434453.377776 -0.004347
2187189.920440 -2559172.835260 -434438.516605 -0.150304
2187189.244859 -2559171.841851 -434434.850994 -0.005929
2187189.174565 -2559172.722021 -434429.619068 -0.005843
2187188.250893 -2559172.407968 -434424.195277 -0.004672
2187188.175096 -2559173.279704 -434418.869295 -0.001330
2187187.685526 -2559173.583450 -434413.625662 -0.004896
2187187.167303 -2559173.767266 -434408.267336 -0.005303
2187186.633166 -2559173.872216 -434402.911935 -0.004306
2187186.573568 -2559174.804070 -434397.686495 -0.004413
2187186.562489 -2559175.964553 -434392.516730 -0.003278
2187187.326242 -2559177.943399 -434387.473845 -0.003070
2187186.419031 -2559177.691159 -434382.148469 -0.005529
2187186.343892 -2559178.566839 -434376.819267 -0.002469
2187185.849358 -2559178.845619 -434371.576501 -0.005566
2187185.761095 -2559180.247104 -434363.746483 -0.004997
2187185.692912 -2559181.140637 -434358.501982 -0.006174
2187185.635296 -2559182.079160 -434353.289989 -0.005111
2187185.574995 -2559183.005669 -434348.072168 -0.004599
2187185.045050 -2559183.132347 -434342.710984 -0.004228
2187185.003143 -2559184.145213 -434337.515451 -0.003157
2187184.464900 -2559184.834496 -434329.598204 -0.010361
2187183.967502 -2559185.107225 -434324.306908 -0.006695
2187183.900184 -2559186.000705 -434319.080713 -0.006102
2187183.844545 -2559186.968085 -434313.774037 -0.002491
2187183.747004 -2559187.699595 -434308.609927 -0.005391
2187183.255822 -2559188.012838 -434303.275586 -0.005755
2187183.199585 -2559188.959792 -434298.056495 -0.005338
2187183.146539 -2559189.921039 -434292.844164 -0.004843
2187183.077222 -2559190.806016 -434287.611525 -0.004620
2187183.018221 -2559191.735649 -434282.407466 -0.002999
2187185.845687 -2559205.028660 -434279.371569 -0.014994
2187183.312186 -2559194.131910 -434272.038974 -0.003672
2187182.828379 -2559194.463599 -434266.795467 -0.007383
2187182.746264 -2559195.302691 -434261.473349 -0.003260
2187182.684611 -2559196.207276 -434256.332745 -0.006573
2187182.143271 -2559196.888424 -434248.371156 -0.006557
2187182.077231 -2559197.785662 -434243.155311 -0.005270
2187181.580830 -2559198.071925 -434237.827052 -0.004561
2186694.888102 -2558428.459916 -439460.033218 0.033350
2186694.818538 -2558429.362041 -439454.822236 0.033356
2186695.207464 -2558431.000535 -439449.750206 0.033930
2186694.694795 -2558431.236254 -439444.424467 0.034028
2186694.633716 -2558432.176279 -439439.229431 0.034503
2186694.986057 -2558433.641406 -439434.126521 0.035365
2186694.078383 -2558433.419793 -439428.804651 0.031187
2186693.146034 -2558433.098827 -439423.388136 0.031619
2186697.601288 -2558454.902352 -439424.076570 0.229651
2186692.572160 -2558434.275428 -439412.859500 0.031535
2186692.497083 -2558435.150615 -439407.646228 0.031595
2186692.444779 -2558436.133629 -439402.451982 0.031661
2186693.221547 -2558438.204218 -439397.334599 0.033380
2186693.604082 -2558439.788522 -439392.355328 0.031722
2186693.117586 -2558440.142268 -439387.072896 0.033446
2186693.057493 -2558441.089925 -439381.865574 0.032954
2186722.244502 -2558485.401498 -439380.725677 0.192169
2186694.241436 -2558444.862248 -439371.785391 0.032640
2186693.454530 -2558447.103253 -439358.656466 0.023784
2186693.558263 -2558447.365730 -439353.442611 0.032841
2186693.956161 -2558449.025641 -439348.463130 0.030053
2186694.264846 -2558451.540523 -439338.068500 0.021989
2186686.362645 -2558441.065974 -439331.157440 0.022686
2186696.634007 -2558461.071437 -439322.371377 -0.319576
2186695.721494 -2558457.571455 -439317.903985 0.031641
2186695.276900 -2558458.773050 -439309.944784 0.021882
2186695.150724 -2558459.406724 -439304.679697 0.031900
2186695.085127 -2558460.305487 -439299.560366 0.028555
2186695.495680 -2558462.059055 -439294.448976 0.035039
2186695.351317 -2558463.215465 -439286.626353 0.026481
2186696.615442 -2558466.127209 -439281.800691 0.029180
2186696.552055 -2558467.057470 -439276.595205 0.029076
2186696.937192 -2558468.679624 -439271.510569 0.028962
2186697.729074 -2558470.796813 -439266.506181 0.028496
2186698.085938 -2558472.260919 -439261.496540 0.025946
2186698.461853 -2558473.857498 -439256.326784 0.030159
2186700.139859 -2558482.888481 -439246.957433 0.010607
2186702.198648 -2558491.376475 -439241.557366 -0.116846
2186704.785563 -2558502.860925 -439234.668218 -0.582816
2186700.338973 -2558481.736732 -439230.863959 0.029829
2186700.710474 -2558483.270499 -439225.864528 0.027232
2186700.669086 -2558484.313875 -439220.641116 0.023911
2186701.005265 -2558485.693623 -439215.554672 0.027308
2186700.911946 -2558486.489425 -439210.293735 0.024541
2186701.434584 -2558488.166548 -439207.685296 0.219794
2186673.699939 -2558460.945785 -439198.948555 -0.290672
2186705.381393 -2558510.632189 -439189.308496 -0.321184
2186702.689096 -2558496.958582 -439171.904639 0.027179
2186703.865447 -2558502.980865 -439158.907674 -0.597775
2186703.525326 -2558501.112227 -439159.285533 0.022089
2186702.855642 -2558498.841366 -439154.868578 0.133591
2186709.127063 -2558528.100518 -439155.707144 0.244087
2186704.629122 -2558508.604503 -439144.471081 0.018848
2186704.009452 -2558505.447341 -439138.617669 0.025710
2186704.263060 -2558506.432697 -439133.473084 0.030134
2186703.802252 -2558506.913541 -439128.184977 0.029423
2186704.650128 -2558509.265809 -439123.348867 0.028433
2186705.057466 -2558511.034688 -439118.111004 0.024498
2186705.263378 -2558511.789625 -439112.948615 0.020049
2186705.276969 -2558513.070023 -439107.860918 0.024325
2186705.692351 -2558514.828317 -439102.825293 0.026199
2186706.057965 -2558516.354722 -439097.734151 0.026938
2186706.002734 -2558517.323578 -439092.531246 0.026477
2186706.347231 -2558518.749023 -439087.424372 0.027416
2186706.290394 -2558519.692743 -439082.293981 0.022495
2186707.105190 -2558521.912847 -439077.327334 0.023524
2186708.649799 -2558527.180059 -439062.170355 0.025509
2186709.394686 -2558529.070583 -439057.141040 0.026259
2186709.791599 -2558530.749939 -439052.055304 0.025245
2186709.308985 -2558531.120439 -439046.774311 0.026825
2186711.679823 -2558538.669943 -439026.627345 0.027053
2186711.178695 -2558538.935776 -439021.401008 0.023906
2186711.956786 -2558541.601870 -439013.807168 0.023247
2186711.854398 -2558543.563165 -439003.461833 0.026805
2186714.450205 -2558555.751306 -439005.820794 0.666273
2186712.536613 -2558546.392467 -438993.196653 0.024869
2186712.281802 -2558546.285593 -438982.472345 -0.473236
2186714.015604 -2558550.831839 -438986.242028 0.281893
2186714.971738 -2558552.999433 -438978.330868 0.020685
2186715.805569 -2558555.307285 -438973.389312 0.022483
2186716.598127 -2558557.425479 -438968.389535 0.022310
2186717.394555 -2558559.562166 -438963.392784 0.022141
2186718.666582 -2558562.519143 -438958.541263 0.022065
2186723.096538 -2558581.031271 -438953.999898 -0.188702
2186721.149277 -2558568.137335 -438948.804514 0.023504
2186722.405769 -2558571.021455 -438943.937312 0.023246
2186723.646179 -2558573.830327 -438939.051141 0.022517
2186724.436674 -2558575.934438 -438934.067144 0.023839
2186724.818908 -2558577.537211 -438928.995880 0.025068
2186724.357754 -2558577.994594 -438923.791453 0.020906
2186725.597382 -2558582.842475 -438916.767344 -0.186326
2186725.487600 -2558581.506531 -438913.667684 0.020757
2186727.141951 -2558584.855361 -438908.828446 0.016297
2186727.109298 -2558585.914712 -438903.704767 0.020887
2186727.474156 -2558587.437588 -438898.608788 0.021274
2186727.416046 -2558588.390987 -438893.405732 0.021013
2186727.788938 -2558589.947680 -438888.331999 0.022708
2186728.591947 -2558592.114623 -438883.344371 0.022824
2186728.521755 -2558593.010385 -438878.132414 0.022649
2186728.911491 -2558594.631904 -438873.137972 0.019143
2186728.840460 -2558595.521725 -438867.932873 0.019489
2186729.196674 -2558597.007673 -438862.812873 0.018629
2186729.573073 -2558598.583678 -438857.730923 0.019251
2186729.498191 -2558599.451979 -438852.534922 0.020905
2186729.879505 -2558601.053761 -438847.447077 0.020692
2186730.221272 -2558602.468802 -438842.323726 0.020577
2186731.063156 -2558604.818431 -438837.373541 0.020924
2186731.875526 -2558607.031670 -438832.385264 0.020434
2186732.235697 -2558608.513285 -438827.364633 0.016701
2186733.034159 -2558610.676773 -438822.294884 0.021047
2186733.409181 -2558612.248841 -438817.201822 0.020843
2186733.779887 -2558613.779512 -438812.192505 0.017568
2186734.153137 -2558615.341769 -438807.102358 0.017727
2186734.082964 -2558616.236239 -438801.893860 0.017987
2186734.889467 -2558618.420426 -438796.905814 0.017690
2186735.270504 -2558620.017708 -438791.829111 0.018697
2186736.068706 -2558622.160714 -438786.840788 0.018958
2186736.441785 -2558623.725004 -438781.739616 0.018471
2186736.382632 -2558624.668543 -438776.552341 0.019473
2186736.734288 -2558626.130499 -438771.435209 0.019177
2186737.541184 -2558628.313709 -438766.458782 0.019809
2186737.921548 -2558629.910215 -438761.371432 0.019975
2186738.723245 -2558632.049142 -438756.471199 0.016711
2186739.095797 -2558633.610161 -438751.372641 0.016369
2186739.916890 -2558635.857329 -438746.419476 0.018073
2186740.271924 -2558637.336064 -438741.301679 0.017357
2186741.087753 -2558639.562901 -438736.326330 0.017574
2186741.450268 -2558641.075860 -438731.220463 0.017325
2186742.255048 -2558643.249112 -438726.240073 0.017912
2186743.066274 -2558645.454701 -438721.258457 0.017948
2186743.434680 -2558646.994069 -438716.163264 0.018160
2186744.242087 -2558649.179746 -438711.185004 0.018761
2186744.614494 -2558650.736651 -438706.097636 0.019343
2186745.849896 -2558653.498941 -438701.304601 0.016127
2186746.681046 -2558655.799832 -438696.335694 0.015786
2186747.477453 -2558657.953936 -438691.261765 0.019817
2186748.282043 -2558660.105241 -438686.369782 0.017153
2186749.520435 -2558662.901641 -438681.494123 0.017472
2186750.770210 -2558665.762410 -438676.586208 0.014241
2186752.013735 -2558668.571804 -438671.759223 0.018288
2186751.936945 -2558669.429894 -438666.561610 0.019809
2186752.324311 -2558671.063094 -438661.465819 0.018633
2186753.122608 -2558673.206548 -438656.475532 0.018851
2186753.491930 -2558674.748872 -438651.386482 0.019544
2186756.097142 -2558685.672038 -438653.006561 0.526820
2186754.217692 -2558677.784304 -438641.147832 0.016722
2186754.595253 -2558679.339081 -438636.175298 0.015791
2186754.966299 -2558680.892389 -438631.074702 0.015500
2186755.776041 -2558683.090163 -438626.093869 0.015585
2186756.156084 -2558684.681106 -438621.020880 0.016979
2186756.510618 -2558686.152834 -438615.920382 0.017617
2186756.881647 -2558687.703341 -438610.829615 0.018171
2186757.253444 -2558689.260106 -438605.729308 0.017603
2186758.054638 -2558691.418471 -438600.738388 0.017680
2186758.867103 -2558693.629989 -438595.756716 0.017491
2186759.229086 -2558695.137271 -438590.659376 0.018134
2186760.020214 -2558697.243618 -438585.675079 0.019246
2186760.396549 -2558698.820901 -438580.583328 0.019335
2186761.208906 -2558701.026614 -438575.622682 0.020910
2186762.020810 -2558703.216271 -438570.721395 0.017092
2186762.823304 -2558705.379643 -438565.734606 0.017174
2186763.630987 -2558707.570216 -438560.741212 0.016609
2186764.434378 -2558709.736634 -438555.760842 0.017163
2186765.659094 -2558712.470835 -438550.862770 0.016691
2186766.489080 -2558714.763481 -438545.903644 0.017147
2186767.727949 -2558717.559523 -438541.038735 0.018444
2186768.090341 -2558719.070621 -438535.933742 0.018159
2186769.341950 -2558721.925603 -438531.086288 0.020019
2186769.697949 -2558723.405482 -438525.980342 0.020108
2186770.946756 -2558726.249836 -438521.118212 0.020941
2186771.314804 -2558727.791227 -438516.005905 0.019636
2186772.122785 -2558729.980600 -438511.022901 0.019905
2186772.497637 -2558731.548648 -438505.936210 0.020279
2186772.839460 -2558732.959849 -438500.824019 0.021113
2186773.228266 -2558734.574686 -438495.832339 0.017767
2186773.165094 -2558735.500723 -438490.628272 0.017819
2186773.094116 -2558736.384932 -438485.436558 0.019440
2186772.594373 -2558736.673445 -438480.125007 0.019776
2186771.616529 -2558736.144344 -438474.605858 0.014878
2186770.704289 -2558735.897244 -438469.256317 0.019598
2186770.146732 -2558735.897129 -438463.952394 0.024675
2186769.680208 -2558736.358570 -438458.607179 0.019789
2186769.186463 -2558736.675880 -438453.299914 0.020018
2186768.670281 -2558736.888018 -438447.968973 0.019889
2186768.614557 -2558737.843972 -438442.791358 0.021612
2186768.099587 -2558738.045199 -438437.532236 0.016734
2186768.027680 -2558738.943279 -438432.260200 0.022365
2186767.540654 -2558739.293219 -438426.953978 0.022232
2186766.590923 -2558738.863746 -438421.595735 0.018192
2186766.079992 -2558739.100329 -438416.270414 0.018157
2186765.141827 -2558738.743177 -438410.848018 0.018583
2186764.621416 -2558738.936435 -438405.506798 0.017895
2186764.106327 -2558739.152479 -438400.179146 0.017941
2186764.061956 -2558740.163373 -438395.005481 0.019212
2186763.981488 -2558741.003482 -438389.800189 0.020380
2186763.489678 -2558741.329400 -438384.495488 0.020718
2186763.417361 -2558742.212564 -438379.279408 0.020397
2186763.783983 -2558743.725536 -438374.251912 0.015802
2186764.145326 -2558745.249317 -438369.067766 0.019759
2186764.097865 -2558746.220085 -438363.997579 0.019267
2186764.870200 -2558748.251000 -438358.939601 0.015535
2186764.376036 -2558748.561848 -438353.647444 0.017233
2186763.871244 -2558748.824019 -438348.338312 0.017989
2186763.373733 -2558749.121013 -438343.033297 0.018840
2186763.307048 -2558750.028461 -438337.830526 0.019132
2186763.676621 -2558751.572407 -438332.733011 0.019231
2186764.038207 -2558753.057984 -438327.715749 0.015710
2186764.390504 -2558754.538111 -438322.523770 0.019810
2186764.764120 -2558756.101036 -438317.429292 0.019631
2186764.703306 -2558757.019452 -438312.303657 0.015552
2186765.084862 -2558758.637408 -438307.139506 0.019654
2186765.450776 -2558760.139473 -438302.140525 0.017626
2186765.801164 -2558761.594021 -438297.019810 0.016886
2186766.175470 -2558763.157148 -438291.937250 0.017923
2186766.555909 -2558764.752264 -438286.848468 0.017748
2186766.927133 -2558766.299948 -438281.765415 0.018971
2186767.278985 -2558767.759013 -438276.653579 0.018890
2186767.213800 -2558768.682074 -438271.416826 0.016482
2186767.152495 -2558769.612894 -438266.225191 0.017330
2186767.513629 -2558771.114138 -438261.129226 0.018182
2186767.874731 -2558772.599178 -438256.103782 0.014015
2186768.256777 -2558774.197217 -438251.032949 0.015378
2186768.185833 -2558775.085263 -438245.821196 0.015343
2186768.123017 -2558776.013519 -438240.609495 0.014762
2186768.487260 -2558777.526180 -438235.528250 0.016491
2186768.844555 -2558779.014422 -438230.406595 0.015347
2186768.762314 -2558779.849669 -438225.181879 0.015031
2186769.142556 -2558781.441048 -438220.102892 0.015843
2186769.076719 -2558782.350291 -438214.906521 0.016743
2186769.448731 -2558783.883150 -438209.903544 0.013838
2186769.387289 -2558784.834759 -438204.618999 0.017704
2186769.767936 -2558786.411008 -438199.613424 0.013964
2186770.117524 -2558787.858247 -438194.503092 0.014297
2186770.046725 -2558788.744996 -438189.297835 0.014837
2186770.414944 -2558790.282208 -438184.195441 0.014519
2186770.339422 -2558791.147640 -438178.981745 0.014688
2186771.109838 -2558793.768422 -438171.394438 0.015078
2186771.924690 -2558795.968338 -438166.502902 0.011800
2186772.283084 -2558797.471360 -438161.337013 0.017533
2186772.635964 -2558798.939967 -438156.205973 0.015928
2186773.026518 -2558800.560232 -438151.219989 0.013099
2186774.671152 -2558804.460706 -438143.848014 0.012938
2186775.010875 -2558805.861074 -438138.728097 0.013328
2186775.839550 -2558808.147657 -438133.759824 0.013159
2186776.648825 -2558810.339152 -438128.785323 0.014102
2186777.440282 -2558812.448134 -438123.789798 0.014309
2186778.233669 -2558814.565184 -438118.798449 0.014972
2186779.056265 -2558816.801745 -438113.914542 0.011644
2186779.842956 -2558818.908457 -438108.826677 0.015383
2186781.103176 -2558821.788200 -438104.048882 0.011581
2186781.905435 -2558823.949088 -438099.059447 0.011781
2186782.711794 -2558826.127699 -438094.078921 0.012165
2186783.925885 -2558828.799213 -438089.213446 0.015259
2186784.744954 -2558831.046462 -438084.212672 0.013041
2186785.553903 -2558833.236172 -438079.238737 0.014082
2186786.357343 -2558835.402442 -438074.251291 0.014098
2186787.144965 -2558837.494407 -438069.247112 0.014116
2186787.969436 -2558839.735091 -438064.382578 0.012278
2186788.781511 -2558841.945655 -438059.389045 0.011320
2186789.159178 -2558843.541541 -438054.231660 0.016410
2186789.515764 -2558845.006122 -438049.194237 0.011738
2186789.871373 -2558846.483033 -438044.080969 0.011428
2186790.241464 -2558848.026102 -438038.991062 0.012062
2186790.601521 -2558849.520859 -438033.896028 0.012963
2186791.410467 -2558851.710498 -438028.921929 0.013873
2186791.783165 -2558853.265677 -438023.835459 0.014587
2186792.147419 -2558854.763679 -438018.814522 0.010757
2186791.635082 -2558854.988188 -438013.497590 0.011580
2186791.131255 -2558855.277451 -438008.082421 0.014268
2186790.598038 -2558855.996207 -438000.249620 0.010868
2186790.519816 -2558856.849984 -437995.024475 0.010293
2186790.017471 -2558857.116657 -437989.735975 0.012791
2186789.937186 -2558857.960324 -437984.510123 0.012314
2186789.006242 -2558857.633137 -437979.094201 0.012865
2186788.933706 -2558858.509816 -437973.889293 0.013599
2186788.862327 -2558859.394442 -437968.675608 0.013484
2186788.356059 -2558859.647237 -437963.364688 0.014412
2186787.838429 -2558859.850689 -437958.025444 0.013741
2186787.778069 -2558860.787757 -437952.819846 0.013544
2186787.259642 -2558860.983442 -437947.495370 0.014183
2186787.195115 -2558861.879828 -437942.375760 0.010828
2186787.095091 -2558863.233412 -437934.586463 0.012878
2186787.013731 -2558864.069465 -437929.368471 0.013003
2186786.091506 -2558863.787228 -437923.945614 0.012485
2186786.011978 -2558864.632179 -437918.728092 0.012521
2186785.952344 -2558865.569046 -437913.536402 0.013577
2186786.300016 -2558867.007957 -437908.416068 0.013144
2186785.799132 -2558867.288385 -437903.098626 0.013279
2186785.737444 -2558868.218346 -437897.893920 0.013125
2186786.083239 -2558869.643931 -437892.788818 0.014360
2186786.024292 -2558870.584553 -437887.595320 0.014956
2186786.382567 -2558872.051925 -437882.575963 0.011825
2186785.905455 -2558872.447909 -437877.267407 0.010744
2186785.820961 -2558873.265565 -437872.059088 0.012183
2186785.744413 -2558874.123519 -437866.847239 0.012501
2186785.686544 -2558875.074384 -437861.633688 0.011603
2186785.602433 -2558875.896993 -437856.413225 0.011732
2186785.525446 -2558876.751246 -437851.206796 0.012791
2186785.902873 -2558878.328744 -437846.119290 0.013011
2186785.799634 -2558879.668536 -437838.318133 0.014324
2186785.737824 -2558880.597828 -437833.112135 0.014084
2186784.753175 -2558880.608382 -437825.153347 0.010665
2186785.540289 -2558882.715757 -437820.065425 0.014410
2186785.037094 -2558882.984388 -437814.747953 0.014453
2186784.973003 -2558883.882737 -437809.626225 0.010915
2186784.914030 -2558884.824689 -437804.424969 0.010996
2186784.396991 -2558885.024388 -437799.107839 0.012214
2186784.763951 -2558886.552016 -437794.011587 0.012567
2186784.256777 -2558886.797829 -437788.705093 0.013970
2186784.192487 -2558887.715877 -437783.493744 0.013585
2186784.128703 -2558888.635783 -437778.284767 0.013394
2186784.481949 -2558890.097448 -437773.180163 0.014028
2186784.410112 -2558890.981099 -437767.956623 0.013189
2186784.353685 -2558891.915479 -437762.841568 0.009648
2186784.287111 -2558892.817805 -437757.646832 0.010859
2186784.194122 -2558893.594025 -437752.433203 0.012336
2186784.138290 -2558894.548596 -437747.242107 0.013080
2186784.072961 -2558895.480328 -437741.947815 0.016513
2186784.441196 -2558896.991953 -437736.945277 0.013999
2186784.363176 -2558897.846907 -437731.713277 0.012869
2186784.730707 -2558899.380751 -437726.601599 0.011937
2186784.660302 -2558900.264103 -437721.405991 0.013320
2186784.592099 -2558901.162143 -437716.195389 0.013321
2186785.395421 -2558903.322071 -437711.220385 0.014608
2186785.334039 -2558904.256629 -437705.998872 0.013209
2186785.700064 -2558905.773106 -437700.926026 0.015614
2186786.068151 -2558907.308278 -437695.820267 0.015144
2186785.986942 -2558908.142210 -437690.607725 0.015888
2186786.361110 -2558909.706807 -437685.502568 0.015037
2186786.276272 -2558910.505329 -437680.366385 0.011644
2186786.215116 -2558911.457235 -437675.072204 0.014945
2186786.584396 -2558912.994262 -437669.980843 0.015583
2186786.938762 -2558914.438377 -437664.973048 0.013629
2186786.424728 -2558914.653949 -437659.648149 0.013868
2186786.376118 -2558915.645002 -437654.451987 0.013821
2186786.303779 -2558916.523673 -437649.235466 0.013490
2186786.243446 -2558917.460782 -437644.022765 0.012882
2186786.183970 -2558918.396393 -437638.832677 0.013860
2186786.538044 -2558919.863321 -437633.720665 0.013990
2186786.464494 -2558920.737252 -437628.498710 0.013293
2186786.808207 -2558922.126727 -437623.495203 0.012596
2186786.753299 -2558923.110863 -437618.194785 0.014684
2186787.586920 -2558925.411141 -437613.257529 0.017139
2186787.901069 -2558926.672070 -437608.184453 0.012429
2186789.157097 -2558929.547755 -437603.322472 0.012927
2186789.543709 -2558930.694971 -437600.318077 -0.082573
2186791.199905 -2558934.504913 -437593.472238 0.014667
2186793.352269 -2558938.786840 -437588.756756 0.017654
2186794.124316 -2558940.783118 -437583.823886 0.014151
2186812.001870 -2558967.217134 -437586.779612 -0.155239
2186813.647484 -2558970.381959 -437583.077527 -0.201836
2186801.654197 -2558956.770852 -437559.885242 0.012686
2186802.885771 -2558959.532628 -437554.996654 0.012582
2186806.461131 -2558969.804555 -437529.354664 0.158837
2186813.393881 -2558980.856362 -437526.523358 0.014282
2186815.060641 -2558984.222543 -437521.859858 0.013139
2186816.724610 -2558987.607834 -437517.057473 0.011252
2186816.674260 -2558988.587587 -437511.868238 0.011808
2186816.165083 -2558988.826103 -437506.542507 0.011824
2186815.638869 -2558989.004732 -437501.111784 0.014903
2186814.706024 -2558988.647989 -437495.769285 0.011197
2186813.751855 -2558988.205838 -437490.338118 0.012239
2186812.834962 -2558987.939779 -437484.940575 0.013470
2186811.858087 -2558987.400820 -437479.449136 0.011063
2186811.371748 -2558987.738526 -437474.177001 0.013965
2186810.423392 -2558987.326214 -437468.741803 0.014257
2186809.908566 -2558987.537763 -437463.412424 0.014369
2186809.411009 -2558987.831801 -437458.093283 0.014090
2186808.907951 -2558988.094080 -437452.792557 0.015786
2186808.391301 -2558988.282001 -437447.527942 0.010634
2186807.883753 -2558988.525221 -437442.214908 0.011718
2186807.816326 -2558989.424270 -437437.008567 0.011954
2186807.738429 -2558990.265340 -437431.825672 0.015175
2186807.166566 -2558991.427292 -437421.286470 0.014631
2186807.113210 -2558992.399126 -437416.067717 0.012825
2186807.895588 -2558994.459970 -437411.072051 0.014072
2186806.947546 -2558994.052715 -437405.621188 0.012924
2186806.452825 -2558994.357559 -437400.315418 0.013730
2186806.371948 -2558995.193741 -437395.093156 0.013596
2186806.738859 -2558996.696525 -437390.092081 0.011503
2186806.235078 -2558996.955885 -437384.788435 0.012872
2186806.597972 -2558998.467277 -437379.666518 0.011609
2186806.521849 -2558999.320797 -437374.468157 0.013153
2186806.908836 -2559000.939485 -437369.396508 0.014409
2186806.829021 -2559001.780257 -437364.176113 0.014374
2186807.193039 -2559003.294195 -437359.066084 0.014050
2186807.117543 -2559004.153674 -437353.856030 0.014572
2186807.918628 -2559006.305634 -437348.863773 0.014793
2186807.444073 -2559006.684972 -437343.664554 0.012154
2186807.326874 -2559007.344657 -437338.426815 0.013479
2186808.155264 -2559009.625424 -437333.461004 0.013831
2186807.647444 -2559009.869606 -437328.134772 0.013760
2186807.561735 -2559010.681834 -437322.910657 0.013955
2186807.507738 -2559011.645035 -437317.710791 0.013960
2186807.861389 -2559013.109396 -437312.594155 0.013681
2186808.251021 -2559014.744751 -437307.504361 0.013125
2186809.019896 -2559016.739418 -437302.502404 0.014697
2186809.400063 -2559018.308622 -437297.498724 0.011355
2186809.759371 -2559019.797824 -437292.392311 0.011539
2186811.010187 -2559022.643982 -437287.543605 0.013485
2186812.683938 -2559026.065848 -437282.782072 0.014393
2186813.033190 -2559027.511850 -437277.650351 0.013186
2186813.844525 -2559029.716156 -437272.652097 0.012050
2186813.757003 -2559030.522653 -437267.413740 0.011223
2186813.709534 -2559031.509363 -437262.247214 0.013558
2186813.196673 -2559031.726862 -437256.925430 0.014237
2186812.258127 -2559031.332355 -437251.615079 0.013571
2186811.304504 -2559030.906317 -437246.126077 0.009915
2186810.356929 -2559030.492546 -437240.706249 0.011382
2186808.991579 -2559029.535699 -437235.170753 0.011372
2186808.048798 -2559029.148774 -437229.739385 0.011535
2186807.529397 -2559029.340056 -437224.393350 0.010763
2186806.579537 -2559028.916963 -437218.967123 0.011861
2186805.628902 -2559028.493588 -437213.524774 0.011932
2186804.735017 -2559028.337161 -437208.140437 0.012571
2186803.756599 -2559027.780909 -437202.679087 0.013016
2186802.383837 -2559026.767755 -437197.230130 0.009837
2186799.097225 -2559024.867766 -437180.802843 0.010536
2186798.161558 -2559024.514443 -437175.378559 0.010802
2186797.213975 -2559024.105283 -437169.939955 0.010963
2186796.694155 -2559024.294125 -437164.595481 0.010098
2186796.191646 -2559024.554854 -437159.305709 0.012873
2186796.551569 -2559026.053654 -437154.170247 0.010495
2186796.057937 -2559026.355859 -437148.890115 0.013452
2186795.144627 -2559026.085294 -437143.583253 0.011299
2186794.188999 -2559025.642472 -437138.121998 0.010025
2186793.662458 -2559025.797824 -437132.777590 0.009763
2186793.137248 -2559025.984579 -437127.325457 0.011222
2186791.774050 -2559025.010803 -437121.908887 0.010101
2186790.811340 -2559024.527616 -437116.468189 0.011071
2186788.486273 -2559023.105948 -437105.478838 0.010579
2186787.993401 -2559023.415758 -437100.182733 0.011998
2186787.052869 -2559023.040448 -437094.748614 0.011936
2186786.543406 -2559023.274769 -437089.424969 0.012233
2186786.015005 -2559023.422086 -437084.076313 0.011791
2186785.518192 -2559023.717119 -437078.761234 0.011908
2186784.590692 -2559023.403562 -437073.338057 0.011845
2186784.520355 -2559024.269450 -437068.205841 0.008040
2186784.005572 -2559024.473911 -437062.896392 0.009927
2186783.923018 -2559025.301475 -437057.667407 0.009566
2186783.866470 -2559026.247534 -437052.478968 0.010794
2186783.366386 -2559026.525226 -437047.168689 0.011559
2186782.823202 -2559027.213612 -437039.219361 0.010173
2186782.736262 -2559028.016295 -437034.002111 0.011118
2186782.186738 -2559028.671954 -437026.056385 0.010606
2186781.685357 -2559028.927459 -437020.816876 0.006731
2186781.178491 -2559029.170923 -437015.506048 0.007825
2186781.083075 -2559030.546490 -437007.686672 0.007400
2186781.015238 -2559031.434765 -437002.504272 0.009926
2186780.912096 -2559032.775927 -436994.669285 0.008627
2186780.827014 -2559033.588010 -436989.450131 0.009433
2186781.167002 -2559035.593437 -436981.746939 0.009413
2186781.515895 -2559037.028229 -436976.642418 0.010639
2186781.002818 -2559037.248765 -436971.302106 0.009814
2186780.933597 -2559038.129494 -436966.121472 0.012638
2186780.885325 -2559039.097562 -436961.015117 0.009347
2186779.941329 -2559038.725750 -436955.486838 0.012499
2186779.452494 -2559039.063637 -436950.157072 0.010841
2186778.841714 -2559040.013584 -436939.683704 0.008045
2186779.404420 -2559045.392883 -436928.753081 -0.073759
2186779.050535 -2559043.826427 -436921.575029 0.009603
2186778.494061 -2559044.444595 -436913.638371 0.010409
2186777.997333 -2559044.736549 -436908.333505 0.011314
2186777.933822 -2559045.652438 -436903.124415 0.011471
2186777.869577 -2559046.563216 -436897.921203 0.011910
2186778.220385 -2559048.013576 -436892.791572 0.011027
2186778.585755 -2559049.529366 -436887.688468 0.011082
2186777.644870 -2559049.152168 -436882.251340 0.010971
2186777.997475 -2559050.603405 -436877.152995 0.012333
2186777.498562 -2559050.884145 -436871.848530 0.013706
2186777.857326 -2559052.348645 -436866.827396 0.010412
2186777.352650 -2559052.606532 -436861.500323 0.010297
2186777.282004 -2559053.487904 -436856.287046 0.010360
2186776.783513 -2559053.774464 -436850.967527 0.010427
2186777.151223 -2559055.322101 -436845.774143 0.013460
2186777.073347 -2559056.148324 -436840.645785 0.010730
2186776.559762 -2559056.358271 -436835.333201 0.012204
2186776.490698 -2559057.249456 -436830.111320 0.011706
2186776.409923 -2559058.076424 -436824.913736 0.013822
2186776.368963 -2559059.104435 -436819.701254 0.012109
2186776.292430 -2559059.932795 -436814.590241 0.010494
2186776.204414 -2559060.751304 -436809.274673 0.014195
2186775.709629 -2559061.038513 -436804.033204 0.009602
2186776.066582 -2559062.534886 -436798.830767 0.012921
2186776.423394 -2559063.988382 -436793.813138 0.010089
2186776.370811 -2559064.954175 -436788.618054 0.010577
2186776.302267 -2559065.846748 -436783.399833 0.010213
2186776.663686 -2559067.341786 -436778.298447 0.010874
2186777.041144 -2559068.909968 -436773.221823 0.012459
2186778.668624 -2559072.722504 -436765.814429 0.011263
2186780.336028 -2559076.110887 -436761.040197 0.011804
2186789.476924 -2559107.094635 -436751.587429 -0.120382
2186790.033735 -2559095.188669 -436737.626217 0.010505
2186793.877692 -2559102.340385 -436730.827458 0.011588
2186798.555629 -2559111.192733 -436721.624708 0.011423
2186798.470879 -2559112.002426 -436716.414503 0.012927
2186797.071979 -2559110.884709 -436710.847553 0.012695
2186795.264120 -2559109.255897 -436705.212430 0.014049
2186793.900992 -2559108.308022 -436699.674695 0.013725
2186792.052797 -2559106.489826 -436693.998815 0.014520
2186790.666096 -2559105.426324 -436688.457628 0.015588
2186789.310562 -2559104.493281 -436683.020547 0.012331
2186788.351408 -2559104.027678 -436677.569302 0.012415
2186787.829752 -2559104.197204 -436672.253414 0.014252
2186788.946226 -2559108.239000 -436659.500866 0.012004
2186789.749248 -2559110.998496 -436651.951348 0.013803
2186791.814634 -2559115.446729 -436644.685748 0.015195
2186795.172555 -2559122.316202 -436635.235917 0.012274
2186798.134966 -2559128.173622 -436628.118229 0.016536
2186753.519482 -2559062.966658 -436616.664951 -0.217548
2186800.167629 -2559133.060434 -436618.314725 0.012892
2186800.103872 -2559133.972633 -436613.108231 0.013137
2186800.025367 -2559134.819309 -436607.871651 0.012167
2186799.962564 -2559135.731436 -436602.683691 0.013916
2186799.901415 -2559136.649573 -436597.503908 0.016496
2186799.834374 -2559137.548070 -436592.286813 0.016091
2186799.771090 -2559138.458316 -436587.096258 0.017921
2186800.112879 -2559139.850142 -436582.024060 0.011637
2186799.633214 -2559140.248117 -436576.615756 0.013750
2186799.087997 -2559140.304638 -436571.280585 0.015692
2186797.297281 -2559138.739932 -436565.733501 0.012584
2186795.906773 -2559137.662008 -436560.171042 0.012159
2186794.949457 -2559137.197057 -436554.746973 0.014343
2186793.998342 -2559136.768486 -436549.301869 0.014277
2186793.085392 -2559136.520523 -436543.889844 0.014316
2186791.673816 -2559135.953570 -436535.716981 0.012800
2186790.724914 -2559135.510463 -436530.383296 0.011119
2186789.734210 -2559135.495893 -436522.347438 0.012957
2186789.182088 -2559136.087581 -436514.594664 0.018420
2186787.345770 -2559134.977864 -436506.161434 0.014064
2186787.710150 -2559136.489582 -436501.045645 0.013423
2186786.780053 -2559136.159107 -436495.623565 0.013823
2186786.687171 -2559136.930334 -436490.400790 0.014965
2186786.151527 -2559137.068667 -436484.920425 0.014883
2186785.685055 -2559137.456859 -436479.836721 0.011103
2186785.098861 -2559138.543274 -436469.272588 0.010117
2186784.140770 -2559138.071471 -436463.859765 0.013173
2186783.226252 -2559137.814173 -436458.452933 0.013913
2186782.707549 -2559138.003180 -436453.113081 0.013608
2186782.644925 -2559138.924378 -436447.889277 0.012645
2186782.141663 -2559139.184841 -436442.569070 0.012898
2186781.596785 -2559139.250105 -436437.206166 0.012780
2186781.948113 -2559141.309940 -436429.487496 0.011139
2186781.459068 -2559141.627781 -436424.219035 0.014753
2186780.505067 -2559141.190016 -436418.751040 0.013152
2186780.430450 -2559142.026157 -436413.637625 0.011355
2186780.308454 -2559143.895980 -436403.133217 0.014912
2186779.804949 -2559144.137932 -436397.891438 0.011217
2186779.723878 -2559144.969463 -436392.659534 0.010760
2186778.771124 -2559144.531175 -436387.218769 0.011270
2186778.254312 -2559144.729634 -436381.877096 0.010821
2186777.329744 -2559144.422573 -436376.468941 0.012069
2186777.246535 -2559145.241013 -436371.246297 0.012543
2186775.847734 -2559144.103226 -436365.766899 0.009050
2186775.827096 -2559145.216267 -436360.604746 0.010177
2186775.302372 -2559145.373789 -436355.269356 0.010858
2186775.240400 -2559146.295112 -436350.055522 0.010581
2186774.733804 -2559146.545223 -436344.708708 0.009026
2186775.522713 -2559148.632911 -436339.704663 0.009391
2186774.588640 -2559148.279795 -436334.291737 0.010912
2186774.085490 -2559148.543674 -436328.958027 0.010182
2186773.563113 -2559148.714439 -436323.616658 0.010216
2186773.483509 -2559149.548316 -436318.402266 0.011159
2186773.430117 -2559150.488037 -436313.292879 0.008381
2186773.370513 -2559151.439125 -436307.996532 0.011735
2186772.861087 -2559151.653875 -436302.743782 0.007570
2186772.356478 -2559151.904881 -436297.430633 0.008572
2186772.286019 -2559152.785662 -436292.209333 0.008442
2186771.770957 -2559152.987832 -436286.886281 0.009351
2186771.705982 -2559153.895695 -436281.665118 0.008848
2186771.633360 -2559154.765980 -436276.442818 0.008529
2186771.534098 -2559155.506422 -436271.211538 0.009616
2186770.623698 -2559155.246384 -436265.902515 0.007368
2186770.549988 -2559156.113012 -436260.672817 0.006777
2186770.056405 -2559156.419150 -436255.358856 0.006935
2186770.424336 -2559157.962545 -436250.169318 0.010801
2186772.867624 -2559171.452444 -436244.164354 -0.029304
2186770.202214 -2559160.527033 -436234.609438 0.008741
2186772.641016 -2559173.827754 -436223.426525 -0.548718
2186770.823825 -2559166.385880 -436210.644956 -0.656676
2186770.740329 -2559165.673333 -436211.336016 0.009020
2186802.845672 -2559213.249050 -436213.362715 0.099865
2186770.581773 -2559166.997411 -436202.473954 -0.058168
2186747.080589 -2559152.710709 -436182.363095 -0.003463
2186770.867745 -2559170.298833 -436187.994556 0.011361
2186771.231013 -2559171.766236 -436183.034712 0.013186
2186744.421155 -2559131.483727 -436171.346185 0.896855
2186770.693895 -2559173.111095 -436172.385602 0.012554
2186770.307762 -2559174.107924 -436166.440567 -0.037051
2186770.444410 -2559175.500318 -436163.251969 0.098171
2186744.668388 -2559137.792746 -436150.749146 -0.013360
2186766.087386 -2559170.761744 -436149.063650 0.067144
2186731.956346 -2559140.212850 -436140.448246 -0.181741
2186770.878904 -2559180.752450 -436131.085431 0.008486
2186770.515151 -2559181.694289 -436125.786070 0.011699
2186753.895921 -2559161.582886 -436110.382496 -0.438159
2186759.262818 -2559168.351256 -436111.978242 -0.477827
2186758.129717 -2559166.025256 -436110.400709 -0.155293
2186771.190174 -2559186.886242 -436105.181207 0.010025
2186770.894495 -2559186.690237 -436099.800915 0.012467
2186770.910183 -2559188.587201 -436092.062783 0.011419
2186770.365505 -2559189.260285 -436084.110975 0.010625
2186770.742445 -2559190.823751 -436079.024675 0.011735
2186788.151894 -2559217.613747 -436076.648407 0.089719
2186760.367768 -2559179.855425 -436053.891571 -0.029653
2186771.803831 -2559201.611494 -436030.017291 0.013514
2186772.214848 -2559203.355338 -436024.884956 0.008369
2186756.443349 -2559192.958798 -436023.560015 0.135197
2186772.479911 -2559205.599694 -436014.550178 0.010048
2186772.867442 -2559207.213124 -436009.473174 0.011256
2186772.658523 -2559208.643965 -435998.991767 0.012575
2186771.768147 -2559208.476547 -435993.702582 0.010695
2186761.182494 -2559194.835707 -435981.489068 0.212629
2186771.598705 -2559210.689545 -435980.729130 0.005980
2186771.531792 -2559211.605137 -435975.421188 0.009045
2186771.436259 -2559212.362955 -435970.186829 0.009752
2186771.386726 -2559213.338657 -435964.992158 0.010266
2186771.756547 -2559214.847516 -435959.992157 0.008496
2186771.671980 -2559215.678434 -435954.672618 0.011846
2186771.606627 -2559216.559863 -435949.551107 0.009065
2186771.535119 -2559217.449797 -435944.253602 0.013347
2186771.475057 -2559218.354571 -435939.143099 0.011121
2186771.833753 -2559219.840548 -435934.003786 0.009146
2186771.773762 -2559220.763906 -435928.810052 0.010648
2186772.141506 -2559222.284625 -435923.710460 0.011381
2186772.481306 -2559223.674757 -435918.579318 0.011471
2186771.996409 -2559224.021766 -435913.264143 0.011194
2186771.937835 -2559224.953458 -435908.064790 0.012133
2186771.848855 -2559225.742063 -435902.835523 0.012689
2186772.228286 -2559227.313749 -435897.762005 0.014832
2186772.170088 -2559228.251918 -435892.544252 0.014175
2186772.091388 -2559229.088657 -435887.325627 0.014925
2186772.015559 -2559229.942068 -435882.097322 0.014638
2186772.381764 -2559231.441769 -435877.060267 0.010066
2186772.312363 -2559232.328150 -435871.827384 0.008943
2186773.125875 -2559234.525995 -435866.856419 0.010611
2186773.053260 -2559235.392553 -435861.638477 0.010978
2186772.978354 -2559236.243458 -435856.437192 0.012934
2186773.354811 -2559237.807551 -435851.335670 0.012924
2186773.731178 -2559239.370309 -435846.237037 0.013196
2186774.092856 -2559240.859001 -435841.141734 0.014766
2186774.462978 -2559242.395409 -435836.024408 0.013924
2186774.320606 -2559244.125517 -435825.665875 0.010290
2186773.828133 -2559244.435951 -435820.344555 0.009963
2186774.613874 -2559246.504404 -435815.341082 0.011016
2186774.992229 -2559248.071183 -435810.265044 0.012920
2186775.346859 -2559249.531818 -435805.142421 0.012857
2186776.159101 -2559251.729665 -435800.147697 0.012511
2186777.415788 -2559254.597567 -435795.284481 0.013647
2186778.202271 -2559256.676604 -435790.254601 0.012174
2186779.447801 -2559259.490451 -435785.388592 0.013870
2186780.661798 -2559262.163599 -435780.461476 0.012398
2186782.818878 -2559266.435341 -435775.841659 0.013515
2186784.935025 -2559270.494016 -435771.273843 0.010906
2186787.021146 -2559275.037845 -435764.006033 0.011341
2186788.266469 -2559277.870076 -435759.051857 0.016242
2186789.933013 -2559281.234429 -435754.346043 0.012386
2186790.760515 -2559283.503862 -435749.368263 0.012408
2186792.843376 -2559287.432297 -435744.654671 0.010907
2186793.216610 -2559288.996589 -435739.476277 0.015457
2186794.918377 -2559292.508143 -435734.891027 0.008533
2186796.149309 -2559295.271661 -435729.928864 0.013668
2186797.370697 -2559297.980312 -435725.007643 0.012469
2186799.910189 -2559302.633397 -435720.454349 0.013480
2186803.839635 -2559309.562331 -435716.381184 0.010833
2186802.840308 -2559308.896990 -435710.904743 0.011830
2186804.502864 -2559312.270533 -435706.076619 0.008849
2186803.563103 -2559311.884640 -435700.661544 0.010769
2186785.898306 -2559303.921246 -435687.396282 -0.134918
2186799.364859 -2559310.322506 -435676.218123 0.000861
2186733.948244 -2559221.846986 -435617.913471 0.117666
2186793.981856 -2559310.213413 -435633.338727 0.011530
2186791.252434 -2559312.877156 -435596.330245 0.012861
2186822.596398 -2559374.463435 -435579.687699 0.658288
2186788.411817 -2559316.104004 -435555.037315 -0.419105
2186789.165212 -2559318.445769 -435554.105229 -0.003188
2186788.963353 -2559318.642296 -435549.005742 0.005914
2186788.045729 -2559318.363303 -435543.599562 0.007084
2186787.543200 -2559318.622838 -435538.273498 0.007497
2186787.025664 -2559318.814901 -435532.920045 0.006410
2186786.518351 -2559319.036484 -435527.649830 0.011866
2186786.024509 -2559319.353318 -435522.268695 0.006774
2186785.536378 -2559319.680866 -435516.956887 0.007375
2186785.034221 -2559319.945480 -435511.617504 0.006380
2186784.964073 -2559320.823506 -435506.393530 0.006412
2186784.878630 -2559321.607272 -435501.254164 0.003652
2186783.935728 -2559321.208705 -435495.825244 0.004872
2186783.844514 -2559321.983964 -435490.594476 0.005689
2186783.776779 -2559322.870585 -435485.383279 0.006517
2186783.289691 -2559323.204677 -435480.065473 0.006404
2186783.230150 -2559324.134910 -435474.842374 0.005646
2186783.190092 -2559325.154364 -435469.647912 0.005896
2186783.087007 -2559325.855738 -435464.487802 0.002813
2186783.014140 -2559326.720968 -435459.260142 0.002606
2186782.963740 -2559327.691357 -435454.056693 0.002873
2186782.879976 -2559328.501476 -435448.833019 0.003781
2186782.402170 -2559328.877847 -435443.527022 0.004049
2186781.858612 -2559328.937518 -435438.185634 0.005995
2186782.255345 -2559330.600738 -435433.079012 0.004384
2186782.169583 -2559331.401581 -435427.852374 0.005197
2186782.105541 -2559332.309139 -435422.629400 0.004808
2186782.046944 -2559333.221606 -435417.505344 0.001478
2186781.546308 -2559333.509272 -435412.091182 0.005153
2186782.352794 -2559335.680286 -435407.081110 0.004266
2186781.865361 -2559335.984223 -435401.883239 0.003607
2186781.765254 -2559336.724107 -435396.616340 0.001951
2186781.700517 -2559337.624458 -435391.407123 0.002905
2186781.654090 -2559338.608865 -435386.224314 0.004517
2186781.580685 -2559339.476313 -435380.975557 0.002767
2186781.507920 -2559340.338648 -435375.759263 0.003446
2186781.445373 -2559341.250422 -435370.547362 0.004022
2186780.941734 -2559341.507672 -435365.205679 0.003030
2186780.873839 -2559342.391489 -435359.999126 0.004451
2186780.797258 -2559343.236209 -435354.777258 0.004937
2186780.728662 -2559344.100831 -435349.644612 0.001891
2186780.232143 -2559344.384108 -435344.338639 0.003415
2186780.179831 -2559345.343678 -435339.137485 0.004180
2186780.536848 -2559346.813080 -435334.016445 0.004097
2186780.483852 -2559347.771101 -435328.807828 0.004304
2186780.830588 -2559349.193966 -435323.669232 0.003474
2186780.761870 -2559350.075403 -435318.455042 0.004336
2186780.713891 -2559351.050999 -435313.274796 0.006317
2186781.071486 -2559352.528272 -435308.134309 0.004835
2186781.004142 -2559353.417116 -435302.917695 0.005130
2186780.925572 -2559354.253744 -435297.687235 0.005335
2186781.313291 -2559355.846015 -435292.691683 0.002924
2186781.687738 -2559357.404085 -435287.560685 0.000936
2186781.169497 -2559357.578554 -435282.257270 0.004365
2186780.697040 -2559358.008554 -435276.830334 0.005029
2186781.021651 -2559359.302897 -435271.775925 0.002160
2186780.983465 -2559360.330384 -435266.581380 0.002410
2186781.338526 -2559361.784723 -435261.479419 0.004228
2186781.714307 -2559363.338602 -435256.390302 0.005693
2186782.082702 -2559364.841480 -435251.370635 0.002762
2186782.886988 -2559367.012496 -435246.299297 0.007756
2186784.172439 -2559370.007846 -435241.499196 0.001636
2186785.393062 -2559372.722717 -435236.511966 0.005877
2186787.478734 -2559377.260652 -435229.238161 0.006227
2186788.695664 -2559379.921186 -435224.418818 0.003381
2186789.096017 -2559381.595327 -435219.334875 0.003521
2186790.753219 -2559384.950303 -435214.448850 0.007137
2186792.399979 -2559388.816974 -435207.165758 0.005461
2186793.223895 -2559391.063111 -435202.195267 0.006804
2186794.469225 -2559393.869314 -435197.357495 0.000419
2186795.626385 -2559396.287503 -435192.302150 0.003437
2186800.084254 -2559418.726153 -435184.502870 -0.363962
2186797.617345 -2559402.791880 -435174.626940 0.004743
2186795.370999 -2559399.522543 -435173.754933 -0.216554
2186824.999038 -2559445.570212 -435167.572483 0.180600
2186786.980239 -2559396.150318 -435125.238064 0.006247
2186786.052501 -2559395.829114 -435119.790296 0.005016
2186789.070504 -2559400.809629 -435117.751916 -0.103802
2186784.635115 -2559395.815824 -435109.067460 0.007662
2186785.429924 -2559397.932844 -435104.034830 0.005924
2186784.115232 -2559397.213438 -435098.504240 0.003471
2186783.571622 -2559397.267005 -435093.176817 0.006799
2186783.488532 -2559398.063414 -435088.023990 0.003131
2186782.993637 -2559398.382116 -435082.592078 0.004941
2186782.482030 -2559398.577762 -435077.341413 0.001750
2186757.956414 -2559362.894477 -435070.008594 -0.180170
2186781.501034 -2559399.195236 -435066.748989 0.006162
2186780.995914 -2559399.442460 -435061.409179 0.005609
2186780.954642 -2559400.456342 -435056.202718 0.005327
2186781.311609 -2559401.925756 -435051.074806 0.004856
2186780.793159 -2559402.111560 -435045.716117 0.003936
2186780.303614 -2559402.427123 -435040.411473 0.005246
2186780.243406 -2559403.351134 -435035.188830 0.004968
2186780.163531 -2559404.160310 -435030.047230 0.001897
2186780.520962 -2559405.647691 -435024.842967 0.005986
2186780.477944 -2559406.627899 -435019.746810 0.004127
2186780.830113 -2559408.092526 -435014.530244 0.007568
2186782.100451 -2559411.012577 -435009.726276 0.002233
2186782.905248 -2559413.169561 -435004.726688 0.002782
2186782.836996 -2559414.051409 -434999.512294 0.003528
2186783.172870 -2559416.018235 -434991.806290 0.005243
2186784.951102 -2559423.896783 -434963.739331 0.006613
2186817.736270 -2559472.182974 -434963.947150 0.337245
2186792.650579 -2559448.691653 -434886.727268 -0.190581
2186777.331200 -2559429.776846 -434873.393616 0.001284
2186777.303385 -2559430.859590 -434868.174344 -0.001012
2186761.274438 -2559426.901389 -434839.717372 0.367258
2186774.065359 -2559434.359628 -434823.100459 -0.008422
2186773.172983 -2559434.178670 -434817.784903 -0.000770
2186772.634970 -2559434.229233 -434812.583168 0.002035
2186771.727300 -2559434.031084 -434807.025658 0.001176
2186772.092267 -2559435.535934 -434801.906771 0.001062
2186770.725338 -2559434.565018 -434796.341189 -0.000347
2186770.651765 -2559435.415099 -434791.142809 0.002255
2186769.726802 -2559435.074641 -434785.832727 0.001845
2186769.233064 -2559435.380412 -434780.479348 -0.000374
2186768.727713 -2559435.625794 -434775.135893 -0.000898
2186768.644603 -2559436.440476 -434769.890519 -0.001440
2186768.581521 -2559437.347878 -434764.670671 -0.001223
2186767.658696 -2559437.041690 -434759.254638 0.000027
2186767.141547 -2559437.231081 -434753.901017 -0.000503
2186766.655178 -2559437.562463 -434748.589152 0.000274
2186766.149092 -2559437.787476 -434743.326047 -0.004166
2186766.064820 -2559438.591974 -434738.097181 -0.003217
2186765.584334 -2559438.953118 -434732.782189 -0.003087
2186765.529909 -2559439.902216 -434727.566221 -0.003164
2186764.621638 -2559437.533665 -434724.638536 0.237358
2186768.051907 -2559456.371370 -434722.891395 0.274372
2186764.019370 -2559440.640964 -434711.646130 -0.006525
2186763.970067 -2559441.631510 -434706.353188 -0.002695
2186763.877891 -2559442.399877 -434701.111548 -0.002206
2186763.804318 -2559443.235191 -434695.982339 -0.004459
2186763.324560 -2559443.602990 -434690.654439 -0.005321
2186763.258157 -2559444.490085 -434685.447808 -0.003854
2186762.768439 -2559444.808582 -434680.120382 -0.003970
2186762.708278 -2559445.734071 -434674.884448 -0.005402
2186762.175214 -2559445.846143 -434669.524734 -0.005146
2186762.150156 -2559446.930037 -434664.349462 -0.003961
2186762.075734 -2559447.769645 -434659.185994 -0.008740
2186761.570738 -2559448.004909 -434653.887479 -0.005590
2186761.922383 -2559449.467840 -434648.656057 -0.003119
2186760.991825 -2559449.100477 -434643.340144 -0.003690
2186760.972578 -2559450.238606 -434638.050852 -0.001490
2186760.861630 -2559450.897080 -434632.887302 -0.003945
2186760.817527 -2559451.893539 -434627.683619 -0.003507
2186760.847350 -2559453.241460 -434622.538710 -0.003635
2186760.237432 -2559452.995345 -434617.086909 -0.005633
2186760.186898 -2559453.952537 -434611.911934 -0.002575
2186760.140964 -2559454.931958 -434606.752964 -0.009093
2186760.078319 -2559455.833881 -434601.558976 -0.006657
2186759.567681 -2559456.057129 -434596.197291 -0.008225
2186759.910552 -2559457.473533 -434590.975747 -0.004407
2186759.877450 -2559458.499164 -434585.884143 -0.006152
2186759.808858 -2559459.384511 -434580.639330 -0.007550
2186759.300890 -2559459.614929 -434575.300808 -0.007349
2186758.767496 -2559459.739455 -434569.882114 -0.012104
2186758.734741 -2559460.773323 -434564.750562 -0.006483
2186758.235148 -2559461.024575 -434559.505936 -0.009736
2186758.174736 -2559461.959875 -434554.209761 -0.005254
2186757.272182 -2559461.738961 -434548.849131 -0.000663
2186755.857797 -2559460.535659 -434543.283527 -0.009412
2186752.738246 -2559456.984376 -434537.281263 -0.010137
2186748.318832 -2559451.561421 -434530.989537 -0.008119
2186747.384213 -2559451.195258 -434525.576244 -0.005685
2186746.432134 -2559450.765023 -434520.074347 -0.009414
2186745.506454 -2559450.443408 -434514.659596 -0.007722
2186744.558653 -2559450.021517 -434509.206870 -0.007614
2186743.616307 -2559449.633071 -434503.730110 -0.009951
2186743.142280 -2559449.989812 -434498.567512 -0.008051
2186741.752650 -2559448.933564 -434492.881866 -0.007221
2186740.811924 -2559448.546811 -434487.429334 -0.007591
2186739.877965 -2559448.189547 -434481.994016 -0.007026
2186738.939800 -2559447.814172 -434476.547074 -0.007110
2186738.008640 -2559447.453641 -434471.191450 -0.010869
2186737.067197 -2559447.062594 -434465.743075 -0.010731
2186736.119944 -2559446.641996 -434460.295994 -0.010307
2186735.198897 -2559446.344894 -434454.875932 -0.009224
2186734.981003 -2559448.757946 -434446.644845 -0.290025
2186733.330408 -2559445.631144 -434443.988252 -0.009413
2186732.829145 -2559445.886981 -434438.678930 -0.007309
2186731.387622 -2559445.758489 -434427.916157 -0.005543
2186730.892368 -2559446.039078 -434422.639654 -0.011553
2186730.321928 -2559447.180505 -434412.068933 -0.011942
2186730.270855 -2559448.137776 -434406.878405 -0.010032
2186729.328041 -2559447.743994 -434401.412678 -0.011209
2186729.272040 -2559448.682730 -434396.198932 -0.010892
2186728.353273 -2559448.397743 -434390.774520 -0.010294
2186728.256511 -2559449.143258 -434385.526258 -0.009976
2186727.135597 -2559448.854790 -434376.228599 -0.350040
2186726.829167 -2559449.089360 -434374.744442 -0.010741
2186726.337233 -2559449.397200 -434369.411547 -0.010978
2186725.842802 -2559449.690874 -434364.083902 -0.010852
2186725.338075 -2559449.934972 -434358.751189 -0.010166
2186724.885666 -2559450.403032 -434353.571174 -0.011331
2186724.354604 -2559450.529518 -434348.189122 -0.013016
2186727.475502 -2559468.554770 -434343.582174 -0.230190
2186723.311234 -2559451.471381 -434334.861482 -0.015792
2186722.785749 -2559452.208612 -434326.968930 -0.011582
2186702.976410 -2559425.635601 -434309.223384 0.212784
2186722.160069 -2559454.291131 -434311.182741 -0.011549
2186722.077607 -2559455.707467 -434303.356194 -0.011321
2186721.987318 -2559456.490481 -434298.084732 -0.013356
2186721.069566 -2559456.206442 -434292.673742 -0.011638
2186721.014180 -2559457.147127 -434287.461664 -0.011149
2186308.222073 -2558798.045126 -439528.263513 0.020082
2186309.042692 -2558800.275154 -439523.289472 0.020912
2186309.854338 -2558802.447172 -439518.384187 0.017329
2186310.225602 -2558803.987375 -439513.287735 0.018078
2186310.164566 -2558804.925099 -439508.051337 0.015731
2186310.538291 -2558806.478921 -439502.948011 0.015731
2186310.892918 -2558807.942551 -439497.830542 0.015648
2186310.858790 -2558808.998312 -439492.652991 0.016569
2186311.673292 -2558811.202942 -439487.659291 0.016040
2186311.122384 -2558811.257477 -439482.278618 0.014789
2186418.877934 -2558970.643028 -439497.363692 0.230088
2186424.080596 -2558979.225434 -439493.899645 0.215425
2186315.274027 -2558821.428966 -439462.560963 0.014879
2186435.291472 -2558998.140413 -439483.452151 0.229375
2186392.425207 -2558940.146702 -439472.823766 0.262085
2186321.122976 -2558835.690495 -439435.638752 0.015588
2186320.606992 -2558836.573400 -439427.109453 0.165355
2186323.498326 -2558843.196129 -439415.473332 0.016897
2186325.056726 -2558848.492318 -439400.269097 0.016078
2186328.866781 -2558856.623749 -439388.396719 0.016853
2186328.747618 -2558857.894170 -439380.545038 0.015727
2186329.508896 -2558861.067141 -439370.348739 0.015295
2186329.853137 -2558863.092513 -439362.637035 0.014715
2186331.437414 -2558867.876786 -439350.146604 0.012579
2186340.935138 -2558884.741731 -439337.465084 0.111538
2186333.368709 -2558875.329760 -439327.269570 0.012454
2186337.046857 -2558885.304652 -439304.848138 0.013738
2186340.374446 -2558892.626071 -439292.668326 0.011778
2186340.753803 -2558894.200745 -439287.594091 0.013616
2186344.487850 -2558903.204201 -439270.458443 0.010820
2186366.683811 -2558937.633800 -439265.372385 -0.093480
2186377.519899 -2558955.343079 -439257.912507 -0.220696
2186351.132807 -2558919.019754 -439240.921889 0.016689
2186317.741007 -2558872.163082 -439223.050154 0.202681
2186338.557552 -2558906.699077 -439207.215184 0.223609
2186356.796513 -2558935.780921 -439198.802977 0.227778
2186367.648969 -2558951.580460 -439201.290875 -0.238587
2186377.116305 -2558967.849425 -439190.845987 -0.126384
2186361.286691 -2558946.390594 -439178.807614 0.006033
2186361.167418 -2558947.712208 -439171.154643 -0.000420
2186389.604474 -2558989.099551 -439178.389727 -0.241391
2186355.768832 -2558943.000282 -439153.970355 0.010292
2186354.822738 -2558942.612273 -439148.533690 0.010411
2186353.451817 -2558941.647781 -439143.000170 0.010793
2186351.590526 -2558940.390612 -439134.815843 0.007358
2186350.216051 -2558939.430912 -439129.179710 0.010197
2186350.148343 -2558940.327407 -439123.977023 0.011056
2186348.760733 -2558939.266691 -439118.513853 0.007831
2186347.808699 -2558939.460487 -439110.490059 0.007734
2186347.299858 -2558939.708356 -439105.157222 0.007311
2186346.380877 -2558939.451142 -439099.729995 0.006324
2186346.764643 -2558941.047429 -439094.654527 0.007722
2186345.332542 -2558940.403888 -439086.492983 0.008219
2186345.703081 -2558941.941570 -439081.390816 0.008309
2186344.761223 -2558942.158689 -439073.488870 0.006889
2186344.673223 -2558942.982141 -439068.164999 0.009980
2186344.610266 -2558943.887883 -439063.029729 0.005457
2186344.549406 -2558944.833167 -439057.753331 0.010600
2186343.621099 -2558944.510883 -439052.417225 0.007065
2186343.513200 -2558945.833392 -439044.574479 0.005804
2186343.439728 -2558946.706658 -439039.349577 0.005319
2186343.383762 -2558947.656354 -439034.164852 0.006994
2186342.423822 -2558947.789254 -439026.243611 0.005338
2186342.350385 -2558948.681555 -439020.929771 0.007974
2186341.852252 -2558948.958471 -439015.705153 0.005298
2186340.918413 -2558948.630082 -439010.271193 0.004646
2186339.973144 -2558948.250122 -439004.819013 0.003521
2186339.918512 -2558949.209835 -438999.618815 0.003657
2186339.410530 -2558949.453798 -438994.320406 0.006194
2186338.463508 -2558949.063838 -438988.874409 0.005453
2186338.832959 -2558950.596913 -438983.768130 0.005411
2186338.340278 -2558950.914433 -438978.475893 0.007115
2186338.283621 -2558951.863490 -438973.278797 0.007899
2186338.213449 -2558952.753204 -438968.052206 0.006913
2186338.150701 -2558953.656677 -438962.930702 0.003660
2186337.220333 -2558953.347983 -438957.484533 0.001839
2186337.573208 -2558954.799650 -438952.379769 0.002979
2186337.079220 -2558955.116465 -438947.062188 0.002763
2186337.475371 -2558956.774272 -438941.981805 0.002876
2186337.383152 -2558957.552243 -438936.771467 0.004922
2186337.288393 -2558958.931474 -438928.960289 0.005362
2186337.232042 -2558959.889903 -438923.728735 0.002978
2186337.622876 -2558961.521731 -438918.647393 0.003511
2186337.150842 -2558961.921949 -438913.441531 0.000285
2186337.039273 -2558962.609290 -438908.213597 0.002251
2186336.960721 -2558963.473305 -438902.912736 0.006428
2186336.391932 -2558964.650868 -438892.395033 0.007899
2186336.345162 -2558965.634920 -438887.262766 0.002607
2186336.271486 -2558966.500685 -438882.064822 0.004375
2186336.591719 -2558968.407933 -438874.351032 0.005309
2186336.537168 -2558969.975410 -438866.576103 0.005806
2186336.407662 -2558971.199629 -438858.699092 0.003175
2186363.126584 -2559014.675771 -438880.949721 0.071198
2186406.456728 -2559076.673786 -438858.533248 -0.002359
2186336.189155 -2558975.640558 -438835.343027 0.006025
2186336.045418 -2558976.158412 -438830.173924 0.004454
2186335.996585 -2558977.145512 -438824.976865 0.004562
2186336.307723 -2558979.626359 -438814.641360 0.002450
2186337.613668 -2558982.735799 -438809.732835 -0.004032
2186337.927226 -2558983.961978 -438804.776792 0.001613
2186338.646065 -2558987.566484 -438791.852881 0.002144
2186338.606365 -2558988.557142 -438786.840745 0.006509
2186339.143207 -2558990.869435 -438781.905967 0.008731
2186339.869519 -2558991.217173 -438776.680849 0.006004
2186339.150222 -2558993.758003 -438763.526943 0.002326
2186339.544328 -2558995.382744 -438758.551940 0.000548
2186339.915715 -2558996.944079 -438753.355675 0.003507
2186339.398260 -2558997.131893 -438748.105169 -0.000262
2186339.241768 -2558999.436445 -438735.088063 0.000407
2186339.169372 -2559000.312486 -438729.871569 0.000515
2186339.529073 -2559001.796738 -438724.768728 0.001299
2186339.809914 -2559004.741417 -438711.836760 -0.000167
2186339.316282 -2559005.053536 -438706.545485 0.001660
2186340.128239 -2559007.228823 -438701.631183 -0.002753
2186340.036478 -2559008.026613 -438696.335196 0.002754
2186340.862934 -2559010.267442 -438691.444336 -0.000727
2186343.866356 -2559022.240016 -438690.538792 0.195334
2186342.063789 -2559014.086077 -438681.348682 -0.002322
2186342.431201 -2559015.604737 -438676.259298 -0.000981
2186342.788097 -2559017.077427 -438671.146362 -0.000849
2186343.166953 -2559018.653980 -438666.048840 -0.001007
2186343.104113 -2559019.572786 -438660.849290 -0.000141
2186343.032749 -2559020.451952 -438655.640460 0.000529
2186343.805361 -2559022.462011 -438650.600894 -0.000906
2186343.787597 -2559023.593564 -438645.435063 -0.000420
2186344.163517 -2559025.154590 -438640.342629 0.000097
2186344.528180 -2559026.647046 -438635.315437 -0.003873
2186344.438097 -2559028.043875 -438627.523535 -0.002319
2186344.296703 -2559029.808924 -438617.104733 -0.001146
2186344.533591 -2559033.149774 -438601.579091 -0.000725
2186344.498229 -2559034.199860 -438596.392787 -0.000841
2186343.981906 -2559034.415281 -438591.038238 -0.002457
2186344.321744 -2559035.809660 -438585.902203 -0.003210
2186345.552447 -2559038.548121 -438581.005502 -0.003273
2186345.056994 -2559038.834954 -438575.791866 -0.005543
2186344.568967 -2559039.191231 -438570.418969 0.000019
2186344.521680 -2559040.189605 -438565.203693 -0.001676
2186344.020989 -2559040.450242 -438559.991383 -0.003192
2186343.954833 -2559041.355008 -438554.781404 -0.003111
2186343.887989 -2559042.256238 -438549.572143 -0.002658
2186343.777087 -2559043.561624 -438541.733940 -0.003662
2186343.280353 -2559043.864102 -438536.417100 -0.003504
2186343.639938 -2559045.348821 -438531.307886 -0.003409
2186343.599384 -2559046.373284 -438526.122006 -0.002863
2186343.957035 -2559047.844905 -438521.028922 -0.001282
2186343.453342 -2559048.115523 -438515.701856 -0.001489
2186343.397919 -2559049.070386 -438510.502056 -0.001317
2186343.772621 -2559050.625670 -438505.408060 -0.000753
2186343.686669 -2559051.441689 -438500.162471 -0.002255
2186344.062478 -2559053.005889 -438495.052797 -0.003098
2186343.531710 -2559053.142394 -438489.732779 -0.001064
2186343.495804 -2559054.193535 -438484.529644 -0.002286
2186343.417665 -2559055.036917 -438479.330811 -0.000430
2186343.378061 -2559056.049590 -438474.223537 -0.004073
2186343.741955 -2559057.572153 -438469.033502 -0.000345
2186343.666609 -2559058.417335 -438463.893955 -0.004169
2186343.602761 -2559059.330173 -438458.697110 -0.003149
2186343.957210 -2559060.789923 -438453.586110 -0.002581
2186343.893233 -2559061.708831 -438448.360295 -0.003989
2186343.816154 -2559062.558633 -438443.155935 -0.002408
2186343.766567 -2559063.544889 -438437.943379 -0.003721
2186344.193406 -2559065.343914 -438432.897816 -0.002781
2186344.065154 -2559065.951395 -438427.658003 -0.000825
2186343.568800 -2559066.255635 -438422.340610 -0.000755
2186343.504442 -2559067.153188 -438417.206802 -0.005135
2186343.443719 -2559068.082960 -438412.002700 -0.004808
2186343.353547 -2559068.873158 -438406.778539 -0.004111
2186343.289797 -2559069.791003 -438401.561886 -0.004622
2186343.243285 -2559070.802798 -438396.295501 0.000161
2186343.604676 -2559072.275459 -438391.283688 -0.002286
2186343.526215 -2559073.126874 -438386.042613 -0.003835
2186343.494322 -2559074.191551 -438380.865080 -0.003317
2186343.842803 -2559075.617108 -438375.775876 -0.000655
2186343.769764 -2559076.492762 -438370.544810 -0.001719
2186343.731033 -2559077.521304 -438365.378416 0.000185
2186344.098683 -2559079.047653 -438360.258291 -0.001052
2186343.995157 -2559079.781454 -438354.995031 -0.002692
2186343.944913 -2559080.738500 -438349.902277 -0.004493
2186344.307456 -2559082.255404 -438344.706980 -0.000998
2186344.227847 -2559083.111174 -438339.663731 -0.005678
2186344.605149 -2559084.668945 -438334.645252 -0.009898
2186344.539642 -2559085.581235 -438329.447354 -0.008815
2186344.468469 -2559086.466793 -438324.244917 -0.007742
2186344.399848 -2559087.370354 -438319.017778 -0.008898
2186344.804356 -2559089.020187 -438313.781301 -0.002354
2186344.694689 -2559089.784945 -438308.681810 -0.010170
2186344.619200 -2559090.649836 -438303.476884 -0.009001
2186345.018675 -2559092.256668 -438298.222349 -0.003300
2186344.927284 -2559093.117972 -438293.190026 -0.007106
2186345.292162 -2559094.613539 -438288.177667 -0.009919
2186345.227035 -2559095.528047 -438282.976787 -0.009258
2186345.163684 -2559096.455846 -438277.755390 -0.010176
2186345.537508 -2559098.018933 -438272.639522 -0.011738
2186345.061852 -2559098.308173 -438267.177179 -0.004274
2186345.812994 -2559100.337378 -438262.307420 -0.011327
2186345.305936 -2559100.593199 -438257.001375 -0.009650
2186345.676884 -2559102.136035 -438251.912029 -0.008786
2186345.664327 -2559103.150847 -438246.585083 -0.000676
2186345.598167 -2559104.057234 -438241.365538 -0.001411
2186345.479603 -2559104.852017 -438236.384811 -0.010516
2186345.839341 -2559106.345113 -438231.272901 -0.010768
2186345.773070 -2559107.260391 -438226.042300 -0.012250
2186345.693417 -2559108.104490 -438220.837072 -0.010928
2186346.084519 -2559109.741074 -438215.768289 -0.009502
2186345.992903 -2559110.535889 -438210.521752 -0.010792
2186346.368563 -2559112.099447 -438205.442263 -0.009176
2186346.816549 -2559113.800997 -438200.219423 -0.002680
2186346.305715 -2559114.037159 -438194.887880 -0.002771
2186346.673112 -2559115.557666 -438189.786838 -0.002559
2186346.530186 -2559116.303347 -438184.803226 -0.011188
2186346.458175 -2559117.188803 -438179.579084 -0.011876
2186346.375629 -2559118.635001 -438171.771769 -0.012175
2186346.721489 -2559120.062419 -438166.649252 -0.012184
2186346.653978 -2559120.963199 -438161.454402 -0.010727
2186347.021114 -2559122.488194 -438156.359766 -0.009896
2186347.044778 -2559123.555020 -438151.022953 -0.003687
2186347.850804 -2559125.715921 -438146.034544 -0.003224
2186347.692352 -2559126.446373 -438141.035861 -0.012882
2186348.070316 -2559128.024513 -438135.939311 -0.012853
2186348.525094 -2559129.690228 -438130.614814 -0.003396
2186348.345094 -2559130.339631 -438125.600035 -0.012979
2186348.717094 -2559131.889282 -438120.500524 -0.013043
2186349.090194 -2559133.441265 -438115.414630 -0.011794
2186349.469138 -2559135.022501 -438110.325419 -0.011478
2186349.842796 -2559136.578487 -438105.233088 -0.010791
2186350.316718 -2559138.272850 -438100.017029 -0.003929
2186351.115196 -2559140.399002 -438095.019104 -0.003607
2186351.378600 -2559141.758285 -438090.123735 -0.013551
2186351.732981 -2559143.225152 -438085.008664 -0.013422
2186352.111738 -2559144.809351 -438079.901546 -0.014605
2186352.917986 -2559146.978054 -438074.915713 -0.013894
2186353.278640 -2559148.472370 -438069.814510 -0.013299
2186353.657680 -2559150.054706 -438064.721194 -0.013071
2186354.463392 -2559152.220481 -438059.736901 -0.012460
2186354.834257 -2559153.763718 -438054.640060 -0.011954
2186355.203644 -2559155.298353 -438049.549581 -0.011082
2186355.564723 -2559156.802157 -438044.414443 -0.013096
2186355.491701 -2559157.675566 -438039.218068 -0.011482
2186355.420333 -2559158.541284 -438034.089572 -0.014850
2186355.349697 -2559159.451245 -438028.784503 -0.011707
2186355.265518 -2559160.253688 -438023.658596 -0.013956
2186355.196014 -2559161.154462 -438018.416399 -0.016318
2186355.143116 -2559162.119588 -438013.249261 -0.013537
2186354.635867 -2559162.379014 -438007.915304 -0.014323
2186354.569110 -2559163.284449 -438002.711913 -0.013589
2186354.504072 -2559164.197847 -437997.510239 -0.012867
2186354.441006 -2559165.125046 -437992.290019 -0.013810
2186354.794295 -2559166.586372 -437987.172753 -0.013911
2186355.159769 -2559168.101878 -437982.080106 -0.012795
2186355.091296 -2559169.001502 -437976.864389 -0.013007
2186355.029161 -2559169.926713 -437971.672760 -0.011617
2186355.391350 -2559171.426357 -437966.578680 -0.010415
2186355.764558 -2559172.962602 -437961.558776 -0.014417
2186356.134409 -2559174.502477 -437956.452162 -0.014798
2186356.052623 -2559175.334693 -437951.246217 -0.013223
2186355.989026 -2559176.261289 -437946.015737 -0.015013
2186356.346431 -2559177.738649 -437940.916249 -0.013892
2186356.717806 -2559179.285322 -437935.812024 -0.014185
2186356.655137 -2559180.209025 -437930.614356 -0.013260
2186356.621860 -2559181.276548 -437925.415962 -0.014493
2186356.950730 -2559182.617776 -437920.300308 -0.012714
2186357.312342 -2559184.115219 -437915.202240 -0.011788
2186357.249119 -2559185.016037 -437910.091734 -0.014215
2186357.183774 -2559185.929733 -437904.879527 -0.014465
2186357.544089 -2559187.428743 -437899.745976 -0.016281
2186357.908920 -2559188.942362 -437894.646007 -0.015866
2186357.838182 -2559189.848240 -437889.353013 -0.011544
2186358.207094 -2559191.358081 -437884.355271 -0.013541
2186358.146268 -2559192.292096 -437879.150461 -0.013231
2186358.511852 -2559193.818259 -437874.009940 -0.016264
2186358.433818 -2559194.661323 -437868.835148 -0.012217
2186358.799352 -2559196.180951 -437863.722402 -0.012911
2186359.188024 -2559197.806942 -437858.639351 -0.012492
2186359.538315 -2559199.255885 -437853.509237 -0.013560
2186359.866434 -2559201.205286 -437845.806680 -0.012418
2186360.678265 -2559203.400430 -437840.820024 -0.012316
2186360.173851 -2559203.668770 -437835.502565 -0.011866
2186360.533645 -2559205.136132 -437830.494844 -0.014055
2186360.484333 -2559206.125953 -437825.290773 -0.014479
2186360.834175 -2559207.569598 -437820.173663 -0.014431
2186361.202290 -2559209.096495 -437815.083252 -0.013164
2186361.561623 -2559210.588786 -437809.956502 -0.014606
2186361.920392 -2559212.078036 -437804.830499 -0.015680
2186362.304495 -2559213.676284 -437799.769992 -0.013295
2186362.215210 -2559214.474990 -437794.545691 -0.012599
2186362.595896 -2559216.063977 -437789.452311 -0.012736
2186362.524821 -2559216.946745 -437784.249924 -0.011482
2186363.332625 -2559219.125504 -437779.247278 -0.012541
2186362.830670 -2559219.402427 -437773.943285 -0.011019
2186363.201952 -2559220.945092 -437768.850892 -0.010409
2186363.552665 -2559222.374568 -437763.812307 -0.014267
2186363.923038 -2559223.934997 -437758.622600 -0.011049
2186363.841519 -2559224.750654 -437753.489000 -0.013985
2186364.213970 -2559226.299683 -437748.393247 -0.013744
2186364.591376 -2559227.877750 -437743.276150 -0.015370
2186364.472668 -2559229.145047 -437735.460332 -0.013907
2186364.844044 -2559230.680900 -437730.399410 -0.010544
2186365.223014 -2559232.265395 -437725.286734 -0.012022
2186365.151236 -2559233.150207 -437720.058082 -0.013060
2186365.507171 -2559234.623086 -437714.941656 -0.013227
2186365.434211 -2559235.492270 -437709.756542 -0.010532
2186365.360905 -2559236.366107 -437704.543168 -0.010160
2186365.291824 -2559237.241398 -437699.413375 -0.013799
2186365.228642 -2559238.182365 -437694.122959 -0.009887
2186365.154713 -2559239.032806 -437688.997987 -0.012780
2186365.087366 -2559239.951856 -437683.714157 -0.008022
2186365.010273 -2559240.791382 -437678.568667 -0.012411
2186364.938249 -2559241.681085 -437673.311757 -0.015767
2186364.866774 -2559242.556250 -437668.131237 -0.012786
2186364.755054 -2559243.255763 -437662.856533 -0.014839
2186364.737717 -2559244.383170 -437657.731447 -0.011019
2186364.661316 -2559245.243169 -437652.510921 -0.011014
2186364.589590 -2559246.122541 -437647.305683 -0.010085
2186364.519605 -2559247.008400 -437642.109450 -0.008494
2186363.608704 -2559246.769844 -437636.773766 -0.013321
2186363.935318 -2559248.103325 -437631.636219 -0.013071
2186363.883854 -2559249.078894 -437626.443289 -0.012651
2186363.777874 -2559249.803607 -437621.180296 -0.014003
2186363.293557 -2559250.158926 -437615.907367 -0.011358
2186362.770701 -2559250.342897 -437610.557781 -0.012160
2186363.151995 -2559251.930454 -437605.479206 -0.011076
2186362.638153 -2559252.156223 -437600.139495 -0.011692
2186362.556753 -2559252.988857 -437594.930319 -0.010524
2186362.068329 -2559253.311856 -437589.709476 -0.013655
2186362.420142 -2559254.783423 -437584.506269 -0.010240
2186362.355985 -2559255.702040 -437579.289467 -0.010657
2186362.282893 -2559256.555880 -437574.164832 -0.013679
2186362.214345 -2559257.455269 -437568.937768 -0.014655
2186362.134248 -2559258.291601 -437563.739675 -0.012646
2186362.503568 -2559259.822330 -437558.652291 -0.011187
2186363.286370 -2559262.487453 -437551.068534 -0.010764
2186363.206598 -2559263.330700 -437545.846432 -0.010523
2186363.137050 -2559264.219748 -437540.642689 -0.009726
2186363.499486 -2559265.723971 -437535.522886 -0.010505
2186363.869747 -2559267.263519 -437530.415940 -0.010998
2186363.795355 -2559268.132953 -437525.193809 -0.011134
2186363.713236 -2559268.962027 -437519.982818 -0.010058
2186363.669443 -2559269.973770 -437514.793039 -0.009632
2186363.598054 -2559270.852730 -437509.593291 -0.008366
2186363.475495 -2559272.086133 -437501.834004 -0.012434
2186362.958587 -2559272.903637 -437493.923910 -0.012232
2186363.294952 -2559274.285566 -437488.779593 -0.013468
2186363.669893 -2559275.839940 -437483.706891 -0.011161
2186363.586085 -2559276.670355 -437478.452087 -0.013631
2186364.422697 -2559278.973376 -437473.515806 -0.010846
2186364.345406 -2559279.826359 -437468.302094 -0.010329
2186364.701679 -2559281.295951 -437463.200458 -0.009142
2186365.074110 -2559282.826859 -437458.176262 -0.013551
2186365.003598 -2559283.713409 -437452.960453 -0.013537
2186365.369784 -2559285.233926 -437447.846904 -0.014179
2186365.733033 -2559286.739803 -437442.735151 -0.014430
2186366.100348 -2559288.262192 -437437.638150 -0.013765
2186366.024046 -2559289.120381 -437432.421968 -0.013381
2186365.953084 -2559290.001574 -437427.219369 -0.012253
2186366.325067 -2559291.547267 -437422.120532 -0.012046
2186366.264853 -2559292.478703 -437416.927992 -0.010829
2186366.185186 -2559293.304809 -437411.779799 -0.015194
2186366.117663 -2559294.201565 -437406.582244 -0.013882
2186366.046525 -2559295.088386 -437401.350241 -0.015174
2186365.105782 -2559294.722661 -437395.925196 -0.014531
2186364.593201 -2559294.951396 -437390.593892 -0.014626
2186364.081365 -2559295.183936 -437385.262206 -0.014820
2186364.012213 -2559296.070713 -437380.073053 -0.012656
2186363.505524 -2559296.327776 -437374.743457 -0.013033
2186363.006901 -2559296.613322 -437369.462679 -0.009857
2186362.049326 -2559296.157899 -437364.069774 -0.016156
2186361.985613 -2559297.072322 -437358.875421 -0.014699
2186361.454252 -2559297.237578 -437353.418532 -0.013314
2186360.976869 -2559297.625652 -437348.143324 -0.011161
2186360.455682 -2559297.793820 -437342.892338 -0.014748
2186359.945643 -2559298.034410 -437337.562077 -0.014793
2186359.441667 -2559298.301963 -437332.244603 -0.014460
2186358.929451 -2559298.530116 -437326.922615 -0.013667
2186358.438414 -2559298.833729 -437321.724678 -0.014924
2186358.355642 -2559299.684456 -437316.398788 -0.012441
2186357.852548 -2559299.960252 -437311.062852 -0.013698
2186357.789712 -2559300.877782 -437305.872412 -0.011957
2186357.267358 -2559301.042041 -437300.612697 -0.016196
2186357.204215 -2559301.965577 -437295.388603 -0.017253
2186357.117158 -2559302.769411 -437290.176484 -0.015889
2186357.056244 -2559303.696338 -437284.985495 -0.014334
2186356.990176 -2559304.600064 -437279.785319 -0.013435
2186356.909874 -2559305.445052 -437274.536844 -0.015333
2186356.849917 -2559306.373929 -437269.357431 -0.013121
2186356.770660 -2559307.219780 -437264.127544 -0.013526
2186356.703449 -2559308.098149 -437259.014123 -0.015982
2186356.618648 -2559308.938716 -437253.687498 -0.013408
2186356.128842 -2559309.253636 -437248.464972 -0.016804
2186356.045528 -2559310.099649 -437243.146206 -0.013664
2186355.985473 -2559311.011307 -437238.039830 -0.016024
2186355.918453 -2559311.911557 -437232.833326 -0.015440
2186355.838420 -2559312.749765 -437227.619447 -0.014589
2186355.788438 -2559313.738085 -437222.391563 -0.017001
2186360.208554 -2559335.304451 -437222.857339 0.155725
2186355.630690 -2559315.422577 -437211.977756 -0.014258
2186355.523841 -2559316.736803 -437204.189758 -0.021762
2186355.445913 -2559317.574778 -437199.021886 -0.017314
2186355.384693 -2559318.503544 -437193.813692 -0.017155
2186355.301187 -2559319.324749 -437188.598867 -0.016249
2186355.247331 -2559320.285062 -437183.410226 -0.014975
2186355.183022 -2559321.198980 -437178.200313 -0.015005
2186355.103172 -2559322.039285 -437172.979790 -0.014566
2186355.458974 -2559323.509108 -437167.857942 -0.015241
2186355.402927 -2559324.458516 -437162.669614 -0.013774
2186355.323874 -2559325.308757 -437157.421694 -0.015950
2186355.695552 -2559326.849240 -437152.331157 -0.014851
2186355.143027 -2559327.472416 -437144.496796 -0.016669
2186354.645086 -2559327.766335 -437139.188692 -0.015678
2186354.571118 -2559328.633595 -437133.975050 -0.015333
2186354.501058 -2559329.517940 -437128.770406 -0.014243
2186354.419044 -2559330.349567 -437123.539983 -0.014738
2186354.352165 -2559331.251546 -437118.325838 -0.014674
2186354.285178 -2559332.161285 -437113.074603 -0.017967
2186354.208568 -2559333.005445 -437107.905638 -0.013422
2186353.689167 -2559333.198927 -437102.575874 -0.012989
2186354.059570 -2559334.733577 -437097.482000 -0.012074
2186354.002494 -2559335.662773 -437092.358927 -0.016014
2186354.338146 -2559337.034124 -437087.234726 -0.015191
2186354.298854 -2559338.086403 -437081.951285 -0.012424
2186353.791217 -2559338.313877 -437076.725911 -0.014512
2186353.718532 -2559339.186321 -437071.515471 -0.013977
2186354.082346 -2559340.691230 -437066.409233 -0.013621
2186353.962668 -2559341.962055 -437058.529952 -0.017245
2186353.897665 -2559342.870723 -437053.324999 -0.016668
2186354.247659 -2559344.301187 -437048.249291 -0.012899
2186354.634867 -2559345.922559 -437043.133722 -0.015118
2186354.116598 -2559346.095754 -437037.916980 -0.015837
2186354.052135 -2559347.027620 -437032.620205 -0.012284
2186353.981540 -2559347.889187 -437027.502406 -0.014673
2186353.921921 -2559348.828261 -437022.278521 -0.016061
2186353.834008 -2559349.634107 -437017.031804 -0.017341
2186354.204712 -2559351.163406 -437011.965848 -0.014236
2186354.149409 -2559352.120271 -437006.756416 -0.014676
2186354.523131 -2559353.666505 -437001.680576 -0.012594
2186354.882473 -2559355.152687 -436996.559139 -0.013302
2186354.796059 -2559355.956839 -436991.351645 -0.011421
2186355.175155 -2559357.533728 -436986.255592 -0.011384
2186355.539451 -2559359.043658 -436981.136312 -0.012294
2186355.478681 -2559359.971629 -436975.935630 -0.011610
2186356.222490 -2559362.449432 -436968.313212 -0.011396
2186356.603668 -2559364.035262 -436963.222160 -0.011080
2186356.934453 -2559365.970494 -436955.605269 -0.013435
2186357.297543 -2559367.468552 -436950.511281 -0.012234
2186357.664499 -2559368.989737 -436945.398567 -0.012624
2186358.489353 -2559371.239869 -436940.426481 -0.012163
2186358.408307 -2559372.074492 -436935.198853 -0.012186
2186357.024021 -2559371.043319 -436929.651856 -0.012143
2186356.501764 -2559371.225054 -436924.307300 -0.012461
2186355.995028 -2559371.473265 -436919.004408 -0.010620
2186355.447878 -2559371.521569 -436913.712362 -0.015498
2186355.425854 -2559372.648794 -436908.466164 -0.010773
2186353.920477 -2559372.847162 -436895.185130 -0.012626
2186352.979488 -2559372.480306 -436889.749124 -0.012667
2186351.160337 -2559370.823734 -436884.101627 -0.011982
2186349.760860 -2559369.726328 -436878.518730 -0.013619
2186348.833985 -2559369.423868 -436873.103327 -0.013196
2186347.436808 -2559368.328313 -436867.562392 -0.011471
2186346.504719 -2559368.001508 -436862.141411 -0.011139
2186345.552451 -2559367.579297 -436856.706010 -0.010342
2186345.037544 -2559367.791533 -436851.385107 -0.009436
2186344.534771 -2559368.065916 -436846.051238 -0.010215
2186343.575700 -2559367.611594 -436840.610990 -0.009604
2186343.078674 -2559367.890171 -436835.382935 -0.012617
2186342.576366 -2559368.164701 -436830.058104 -0.012926
2186342.497409 -2559369.007085 -436824.838697 -0.012385
2186341.991175 -2559369.261602 -436819.517250 -0.012140
2186342.355782 -2559370.767108 -436814.418818 -0.011121
2186341.857191 -2559371.061270 -436809.087014 -0.012278
2186341.343248 -2559371.277046 -436803.770490 -0.010815
2186341.275081 -2559372.170295 -436798.558687 -0.010652
2186341.640821 -2559373.683393 -436793.450026 -0.010570
2186341.138002 -2559373.956687 -436788.119113 -0.011345
2186341.061367 -2559374.809272 -436782.903729 -0.010620
2186340.983711 -2559375.657528 -436777.685124 -0.010357
2186341.355365 -2559377.196803 -436772.588053 -0.009722
2186340.847959 -2559377.444921 -436767.268793 -0.009187
2186340.785177 -2559378.366518 -436762.047206 -0.009956
2186341.135098 -2559379.779657 -436757.038299 -0.011360
2186341.514448 -2559381.359219 -436751.929495 -0.012346
2186341.454361 -2559382.290618 -436746.722339 -0.012231
2186341.372727 -2559383.119773 -436741.501371 -0.011731
2186341.301522 -2559384.002615 -436736.268159 -0.013016
2186340.820895 -2559384.380346 -436730.953458 -0.013837
2186340.290437 -2559384.514297 -436725.639505 -0.011120
2186340.221168 -2559385.399217 -436720.438847 -0.009781
2186340.149309 -2559386.273848 -436715.227330 -0.009197
2186340.511682 -2559387.753350 -436710.193118 -0.013444
2186340.879056 -2559389.292122 -436705.003327 -0.009684
2186340.385378 -2559389.586199 -436699.776527 -0.012932
2186340.298769 -2559390.394893 -436694.537015 -0.013654
2186339.785377 -2559390.616766 -436689.202460 -0.013817
2186339.709314 -2559391.474729 -436683.972868 -0.014446
2186339.648237 -2559392.399453 -436678.772236 -0.013668
2186339.585221 -2559393.310682 -436673.589100 -0.011315
2186339.512242 -2559394.179869 -436668.376358 -0.010724
2186339.444484 -2559395.073506 -436663.168119 -0.010140
2186339.376945 -2559395.972257 -436657.941975 -0.011041
2186338.874949 -2559396.246816 -436652.619305 -0.011026
2186338.800674 -2559397.112586 -436647.393071 -0.011460
2186338.276022 -2559397.281559 -436642.047086 -0.011820
2186338.643193 -2559398.782390 -436637.021033 -0.015690
2186338.565910 -2559399.629126 -436631.813403 -0.014496
2186338.069329 -2559399.942812 -436626.433267 -0.008843
2186338.009994 -2559400.858839 -436621.308234 -0.012687
2186337.501560 -2559401.101209 -436615.987974 -0.011870
2186337.438238 -2559402.018503 -436610.769659 -0.012546
2186337.364705 -2559402.885743 -436605.551910 -0.012192
2186337.705822 -2559404.281392 -436600.425226 -0.012107
2186337.641845 -2559405.177679 -436595.286572 -0.016505
2186337.560443 -2559406.007608 -436590.063094 -0.016341
2186337.506482 -2559406.960975 -436584.887265 -0.013841
2186337.454042 -2559407.927763 -436579.684656 -0.013955
2186337.366156 -2559408.725333 -436574.463765 -0.012850
2186337.302912 -2559409.643033 -436569.244255 -0.013620
2186336.785150 -2559409.841518 -436563.914980 -0.012900
2186336.728737 -2559410.793778 -436558.690066 -0.014600
2186337.083793 -2559412.249936 -436553.596216 -0.012462
2186336.579836 -2559412.518070 -436548.256918 -0.013795
2186336.495185 -2559413.328924 -436543.046452 -0.012042
2186335.986244 -2559413.559377 -436537.766484 -0.008059
2186336.369926 -2559415.144457 -436532.721667 -0.014634
2186335.849798 -2559415.333751 -436527.381347 -0.014811
2186335.782466 -2559416.232498 -436522.156151 -0.015621
2186335.719261 -2559417.145521 -436516.956838 -0.014569
2186335.201832 -2559417.349189 -436511.610575 -0.015379
2186335.582033 -2559418.921254 -436506.546524 -0.012646
2186335.433546 -2559420.629926 -436496.190074 -0.016133
2186335.798086 -2559422.155808 -436490.989240 -0.013015
2186335.739830 -2559423.069910 -436485.892834 -0.014389
2186335.667692 -2559423.941862 -436480.681146 -0.013702
2186335.593391 -2559424.803004 -436475.470214 -0.012841
2186335.537688 -2559425.762452 -436470.226637 -0.015977
2186335.455406 -2559426.579499 -436465.037879 -0.012688
2186335.381257 -2559427.446623 -436459.803452 -0.013775
2186334.920648 -2559427.947180 -436454.370353 -0.015174
2186334.827304 -2559428.696984 -436449.240918 -0.016813
2186335.185714 -2559430.160406 -436444.183921 -0.011928
2186335.092633 -2559430.936675 -436438.941292 -0.012360
2186320.619402 -2559411.953645 -436425.813472 0.182663
2186334.919158 -2559433.129316 -436426.002183 -0.014361
2186334.355231 -2559434.326141 -436415.459026 -0.015065
2186334.296880 -2559435.267259 -436410.237726 -0.016019
2186334.633050 -2559436.630471 -436405.141791 -0.012944
2186334.973494 -2559438.020127 -436400.021832 -0.011924
2186334.950435 -2559439.712942 -436392.341696 -0.016245
2186333.938065 -2559439.006308 -436386.853828 -0.015539
2186334.322787 -2559440.599927 -436381.788373 -0.013306
2186334.241546 -2559442.041514 -436373.958651 -0.015108
2186334.153410 -2559442.835397 -436368.743274 -0.013583
2186333.620955 -2559442.967146 -436363.386616 -0.014221
2186333.563707 -2559443.902915 -436358.211558 -0.011488
2186333.942482 -2559445.477179 -436353.102214 -0.012389
2186328.157425 -2559438.102949 -436345.807426 0.021286
2186334.235068 -2559447.831449 -436342.882477 -0.013806
2186333.724259 -2559448.060297 -436337.563514 -0.012759
2186333.206608 -2559448.280438 -436332.133572 -0.009862
2186333.458857 -2559450.543532 -436321.295287 -0.666296
2186333.077454 -2559450.075523 -436321.804292 -0.012319
2186332.846793 -2559450.191517 -436316.503014 -0.007999
2186333.305781 -2559452.117502 -436311.573799 -0.010233
2186333.280615 -2559453.832001 -436303.747066 -0.015681
2186333.211125 -2559454.730258 -436298.469591 -0.009972
2186333.126007 -2559455.523299 -436293.323024 -0.013573
2186333.499858 -2559457.072166 -436288.218337 -0.013726
2186333.444189 -2559458.025029 -436282.999776 -0.014726
2186333.769399 -2559459.338638 -436277.883280 -0.012449
2186333.262827 -2559459.595343 -436272.530975 -0.014481
2186333.220983 -2559460.604005 -436267.364151 -0.012129
2186333.576909 -2559462.067078 -436262.250686 -0.011709
2186333.516568 -2559462.997518 -436257.029398 -0.012622
2186333.445870 -2559463.871515 -436251.833800 -0.010635
2186333.805494 -2559465.352784 -436246.719295 -0.010606
2186334.177772 -2559466.874843 -436241.699525 -0.014197
2186334.118777 -2559467.828908 -436236.400376 -0.011011
2186334.460706 -2559469.226765 -436231.271816 -0.010872
2186333.968652 -2559469.523746 -436226.055985 -0.013321
2186333.895853 -2559470.394965 -436220.826337 -0.013903
2186333.845455 -2559471.359409 -436215.668731 -0.010289
2186333.755231 -2559472.154417 -436210.398920 -0.013013
2186333.703723 -2559473.122400 -436205.201310 -0.012661
2186333.583213 -2559474.379012 -436197.333298 -0.014836
2186333.411401 -2559476.588830 -436184.336751 -0.010874
2186333.294784 -2559477.857296 -436176.499745 -0.010722
2186333.726713 -2559479.656126 -436171.544982 -0.013009
2186333.830649 -2559480.530322 -436170.149525 0.330506
2186338.144074 -2559505.053515 -436162.003751 0.499869
2186337.519185 -2559505.406131 -436147.173533 -0.552998
2186331.728402 -2559486.025696 -436121.635911 -0.011421
2186331.641213 -2559486.824959 -436116.410546 -0.010602
2186331.134905 -2559487.077044 -436111.080097 -0.010919
2186331.067715 -2559488.565036 -436103.340564 -0.016730
2186331.118320 -2559490.216394 -436097.326607 -0.092315
2186330.911713 -2559490.265848 -436092.831500 -0.010805
2186330.329833 -2559490.742718 -436084.971364 -0.012189
2186329.835581 -2559491.049130 -436079.661239 -0.011527
2186330.208631 -2559492.590857 -436074.564644 -0.010835
2186330.138187 -2559493.469840 -436069.347493 -0.010632
2186330.067259 -2559494.347348 -436064.126445 -0.010691
2186329.568203 -2559494.632352 -436058.806525 -0.010499
2186329.047211 -2559495.416057 -436050.902821 -0.008952
2186329.398855 -2559496.861842 -436045.767269 -0.010037
2186328.882223 -2559497.068819 -436040.411298 -0.011615
2186329.239801 -2559498.515607 -436035.401762 -0.013250
2186329.179861 -2559499.461334 -436030.113275 -0.009039
2186328.717429 -2559499.904323 -436024.887890 -0.014145
2186329.017913 -2559501.704670 -436017.173176 -0.011607
2186328.932398 -2559502.516616 -436011.925178 -0.012885
2186328.878200 -2559503.471654 -436006.721393 -0.012686
2186329.236046 -2559504.944809 -436001.597275 -0.013208
2186329.610710 -2559506.494003 -435996.500878 -0.012619
2186330.432789 -2559508.729009 -435991.508187 -0.013230
2186329.910761 -2559508.899984 -435986.193208 -0.010975
2186330.288114 -2559510.458565 -435981.113295 -0.009166
2186343.321091 -2559531.323451 -435974.534219 0.207272
2186329.715882 -2559511.611535 -435970.560604 -0.009783
2186330.077240 -2559513.097508 -435965.455243 -0.009015
2186330.011030 -2559513.981419 -435960.307600 -0.013925
2186329.501582 -2559514.230949 -435954.914028 -0.008412
2186329.441880 -2559515.148679 -435949.757291 -0.014543
2186329.353165 -2559515.942441 -435944.518591 -0.014940
2186329.275478 -2559516.781447 -435939.318317 -0.012631
2186329.673600 -2559518.459677 -435934.154482 -0.008603
2186329.170898 -2559518.701548 -435928.945176 -0.009508
2186329.520935 -2559520.141442 -435923.797613 -0.011579
2186329.468551 -2559521.102598 -435918.603839 -0.010481
2186329.823604 -2559522.564937 -435913.464721 -0.012183
2186328.865916 -2559522.095747 -435908.099691 -0.015573
2186328.806254 -2559523.040140 -435902.819523 -0.010756
2186328.725583 -2559523.872485 -435897.583037 -0.011249
2186329.512531 -2559527.131962 -435887.488131 -0.015107
2186329.415957 -2559527.876886 -435882.293831 -0.011209
2186329.336303 -2559528.710386 -435877.073700 -0.010395
2186329.274517 -2559529.634180 -435871.840417 -0.012197
2186329.635576 -2559531.120839 -435866.723077 -0.012214
2186329.599753 -2559532.163878 -435861.523712 -0.012988
2186329.929478 -2559533.494861 -435856.416922 -0.009921
2186329.859872 -2559534.378515 -435851.191481 -0.010510
2186329.386950 -2559534.791270 -435845.865701 -0.012412
2186329.304030 -2559535.604471 -435840.663619 -0.010107
2186329.227950 -2559536.456054 -435835.439699 -0.009853
2186329.152974 -2559537.310578 -435830.226408 -0.009040
2186329.080508 -2559538.160441 -435825.090714 -0.012462
2186329.460779 -2559539.735170 -435819.998063 -0.011883
2186329.398116 -2559540.652077 -435814.774932 -0.012604
2186328.901447 -2559540.946174 -435809.459228 -0.012132
2186329.244292 -2559542.344672 -435804.336218 -0.011449
2186330.064698 -2559544.569807 -435799.345857 -0.011696
2186329.978701 -2559545.375154 -435794.110849 -0.011763
2186329.478391 -2559545.647592 -435788.812131 -0.009614
2186329.404135 -2559546.506082 -435783.595777 -0.008936
2186329.341645 -2559547.420515 -435778.386174 -0.008550
2186329.274160 -2559548.298343 -435773.233257 -0.013751
2186329.206449 -2559549.185405 -435768.031528 -0.012336
2186329.145171 -2559550.107293 -435762.814940 -0.012595
2186329.932317 -2559552.172975 -435757.808774 -0.011817
2186329.892249 -2559553.193816 -435752.613044 -0.011793
2186330.240245 -2559554.611930 -435747.513114 -0.009533
2186329.740529 -2559554.889683 -435742.202094 -0.008402
2186330.128330 -2559556.502450 -435737.101960 -0.008935
2186330.040036 -2559557.279224 -435731.944866 -0.013021
2186329.545245 -2559557.583267 -435726.623523 -0.013247
2186329.898335 -2559559.027775 -435721.516507 -0.011774
2186330.263815 -2559560.534159 -435716.403014 -0.011978
2186330.631707 -2559562.053010 -435711.287118 -0.012281
2186331.010060 -2559563.616484 -435706.199943 -0.011179
2186331.821239 -2559565.794090 -435701.218074 -0.009886
2186331.759038 -2559566.708536 -435696.012511 -0.009267
2186332.115287 -2559568.170017 -435690.898056 -0.008632
2186332.494145 -2559569.737962 -435685.801026 -0.008374
2186332.422120 -2559570.593229 -435680.647374 -0.013162
2186333.238918 -2559572.817516 -435675.577582 -0.009166
2186334.025909 -2559574.864829 -435670.650734 -0.012250
2186333.972529 -2559575.820840 -435665.451304 -0.011721
2186337.369215 -2559582.168892 -435658.618024 0.102892
2186333.858542 -2559577.690736 -435655.082157 -0.007404
2186333.768951 -2559578.483682 -435649.820292 -0.009301
2186334.132780 -2559579.979897 -435644.715004 -0.008672
2186334.073828 -2559580.915352 -435639.485376 -0.010008
2186334.437311 -2559582.390737 -435634.467549 -0.012732
2186335.241234 -2559584.553808 -435629.388007 -0.008365
2186336.488383 -2559587.343410 -435624.590915 -0.011633
2186338.159428 -2559590.727557 -435619.790301 -0.012596
2186339.405644 -2559593.527564 -435614.923701 -0.010789
2186339.782214 -2559595.083627 -435609.828918 -0.010009
2186341.031841 -2559597.901988 -435604.955035 -0.009041
2186341.411869 -2559599.481085 -435599.832991 -0.010792
2186341.332526 -2559600.312076 -435594.622851 -0.009192
2186341.257767 -2559601.172017 -435589.383881 -0.010298
2186341.203203 -2559602.120765 -435584.188732 -0.009173
2186341.128254 -2559602.957086 -435579.053032 -0.012317
2186341.937130 -2559605.125720 -435574.059563 -0.011918
2186342.306542 -2559606.651137 -435568.943999 -0.012358
2186343.136902 -2559608.919418 -435563.973968 -0.011493
2186343.479690 -2559610.317179 -435558.847358 -0.011000
2186344.279044 -2559612.441302 -435553.843462 -0.010788
2186345.103158 -2559614.682051 -435548.860136 -0.010563
2186346.358886 -2559617.512152 -435544.069732 -0.013832
2186348.465333 -2559621.539616 -435539.299310 -0.010460
2186206.611146 -2559415.035082 -435503.269517 -0.239681
2186358.830257 -2559639.480865 -435527.380972 0.183719
2186353.519656 -2559631.854460 -435525.077528 -0.011932
2186354.771470 -2559634.684530 -435520.200614 -0.011194
2186356.448889 -2559638.099337 -435515.404697 -0.012304
2186357.247023 -2559640.222714 -435510.378450 -0.013726
2186356.756040 -2559640.534457 -435505.097801 -0.010685
2186357.137726 -2559642.118934 -435499.985689 -0.011559
2186357.445313 -2559643.354523 -435494.813598 -0.012520
2186356.972990 -2559643.756562 -435489.536471 -0.010231
2186357.798399 -2559646.003752 -435484.552652 -0.010247
2186357.736992 -2559646.915296 -435479.371195 -0.007296
2186358.112845 -2559648.474916 -435474.242633 -0.009379
2186358.489541 -2559650.031925 -435469.143870 -0.008756
2186359.270585 -2559652.048413 -435464.222970 -0.011093
2186360.099546 -2559654.320913 -435459.204401 -0.014011
2186361.370359 -2559657.233107 -435454.375020 -0.010845
2186362.129391 -2559659.168912 -435449.331298 -0.010957
2186360.323631 -2559657.568339 -435443.682410 -0.010946
2186358.045639 -2559655.152484 -435437.966543 -0.015456
2186357.149971 -2559655.004512 -435432.498459 -0.010355
2186354.873566 -2559652.594663 -435426.791802 -0.014218
2186353.480513 -2559651.533267 -435421.143611 -0.010803
2186351.678043 -2559649.926151 -435415.599750 -0.012785
2186350.299610 -2559648.915197 -435410.049272 -0.012910
2186349.348474 -2559648.493239 -435404.596869 -0.013295
2186347.534290 -2559646.852731 -435398.944345 -0.012874
2186347.027373 -2559647.123669 -435393.493259 -0.012005
2186346.519241 -2559647.335667 -435388.283388 -0.012515
2186346.021044 -2559647.619250 -435382.968369 -0.011677
2186345.938623 -2559648.440529 -435377.728775 -0.012234
2186345.414012 -2559649.182778 -435369.905481 -0.014116
2186344.030400 -2559648.147925 -435364.348428 -0.014285
2186342.213080 -2559646.496883 -435358.675151 -0.015496
2186340.826767 -2559645.450549 -435353.111417 -0.016039
2186338.993605 -2559643.716951 -435347.461741 -0.014165
2186337.633696 -2559642.795957 -435341.914223 -0.015178
2186335.827911 -2559641.189213 -435336.296413 -0.012557
2186333.565081 -2559638.863705 -435330.512285 -0.013031
2186333.480343 -2559640.673282 -435320.588344 0.204724
2186328.623927 -2559633.657402 -435318.958983 -0.016041
2186326.792083 -2559631.937809 -435313.278132 -0.016876
2186325.419244 -2559630.969524 -435307.658742 -0.012294
2186324.485056 -2559630.623646 -435302.238034 -0.011333
2186323.077910 -2559629.459184 -435296.752371 -0.014583
2186322.158213 -2559629.202528 -435291.245774 -0.011110
2186321.205911 -2559628.759238 -435285.867956 -0.015752
2186320.709063 -2559629.045085 -435280.571326 -0.013568
2186321.076139 -2559630.555157 -435275.464679 -0.012857
2186321.015139 -2559631.480558 -435270.225486 -0.014960
2186321.385144 -2559633.000247 -435265.138880 -0.012760
2186321.316714 -2559633.890153 -435259.895681 -0.014674
2186321.269319 -2559634.875651 -435254.684652 -0.015097
2186322.056335 -2559636.934909 -435249.690640 -0.013162
2186321.548231 -2559637.172609 -435244.362541 -0.012569
2186321.927418 -2559638.735237 -435239.284419 -0.010554
2186322.294476 -2559640.226770 -435234.262796 -0.013518
2186322.673002 -2559641.796418 -435229.138544 -0.015197
2186323.033537 -2559643.275623 -435224.025759 -0.014627
2186322.974449 -2559644.202654 -435218.819287 -0.013980
2186322.916226 -2559645.135831 -435213.604382 -0.014077
2186323.690753 -2559647.163377 -435208.475230 -0.011739
2186323.655521 -2559648.182590 -435203.380691 -0.014063
2186323.139177 -2559648.379904 -435198.051969 -0.013057
2186323.502835 -2559649.872512 -435192.946138 -0.012112
2186323.438902 -2559650.780164 -435187.719742 -0.012780
2186323.384114 -2559651.725818 -435182.523121 -0.011570
2186323.308842 -2559652.579084 -435177.291716 -0.011859
2186323.251048 -2559653.512856 -435172.082367 -0.011485
2186323.625533 -2559655.062369 -435166.958751 -0.012792
2186323.564338 -2559655.962628 -435161.827722 -0.016336
2186323.440916 -2559657.185148 -435154.006076 -0.013944
2186323.823641 -2559658.770890 -435148.900217 -0.014308
2186323.329149 -2559659.069026 -435143.596214 -0.012749
2186323.258934 -2559659.948281 -435138.358410 -0.013874
2186323.584205 -2559661.859951 -435130.652461 -0.011610
2186323.518938 -2559662.762550 -435125.417910 -0.012837
2186323.875986 -2559664.226914 -435120.292689 -0.013013
2186323.836145 -2559665.245750 -435115.093776 -0.013028
2186323.736732 -2559665.961028 -435109.952847 -0.014711
2186324.125154 -2559667.592493 -435104.762649 -0.011830
2186323.172180 -2559667.156977 -435099.326237 -0.010638
2186323.117651 -2559668.086260 -435094.209195 -0.013584
2186323.064427 -2559669.039809 -435089.008990 -0.012613
2186322.985878 -2559669.874779 -435083.785196 -0.012108
2186322.513817 -2559670.312468 -435078.343623 -0.012758
2186322.452558 -2559671.207983 -435073.229811 -0.014954
2186322.359630 -2559671.969949 -435068.017539 -0.012205
2186322.279311 -2559672.799281 -435062.779839 -0.012732
2186323.526443 -2559675.601977 -435057.904633 -0.011264
2186323.471871 -2559676.551066 -435052.693927 -0.011324
2186323.843047 -2559678.080737 -435047.583548 -0.011089
2186325.085793 -2559680.864849 -435042.695505 -0.010654
2186326.786403 -2559684.381829 -435037.928944 -0.010382
2186328.024265 -2559687.126303 -435033.114545 -0.014130
2186329.273300 -2559689.944038 -435028.213929 -0.014900
2186330.525218 -2559692.772358 -435023.329989 -0.014739
2186331.321375 -2559694.875995 -435018.332286 -0.013375
2186329.942534 -2559693.858363 -435012.796121 -0.012259
2186328.580075 -2559692.918665 -435007.269366 -0.011242
2186327.201531 -2559691.905411 -435001.720040 -0.011246
2186325.828337 -2559690.917445 -434996.175403 -0.010975
2186324.892922 -2559690.537151 -434990.875374 -0.010393
2186323.939335 -2559690.133301 -434985.278702 -0.011708
2186322.989409 -2559689.693876 -434979.926353 -0.014497
2186322.037611 -2559689.270390 -434974.458946 -0.015940
2186321.547359 -2559689.604318 -434969.079546 -0.010189
2186320.611948 -2559689.233422 -434963.738176 -0.012930
2186320.106975 -2559689.486908 -434958.400795 -0.013336
2186319.160907 -2559689.086579 -434952.954753 -0.013374
2186318.628812 -2559689.811828 -434945.026259 -0.012606
2186318.130878 -2559690.094088 -434939.712543 -0.011380
2186317.239556 -2559689.961712 -434934.265273 -0.015498
2186317.148385 -2559690.710733 -434929.149003 -0.015594
2186316.626770 -2559690.904486 -434923.710844 -0.012559
2186316.541078 -2559691.683012 -434918.582353 -0.014052
2186315.608932 -2559691.350270 -434913.137832 -0.014951
2186315.107812 -2559691.616629 -434907.825529 -0.013482
2186314.188957 -2559691.350457 -434902.370102 -0.005512
2186312.799643 -2559690.263606 -434896.918182 -0.007150
2186311.853022 -2559689.874156 -434891.411398 -0.012250
2186310.901499 -2559689.449003 -434885.957172 -0.012572
2186309.528906 -2559688.465310 -434880.406986 -0.012925
2186308.635455 -2559688.137345 -434874.879609 -0.007769
2186307.193454 -2559686.978859 -434869.504237 -0.014983
2186307.158811 -2559688.022612 -434864.301194 -0.015569
2186306.655096 -2559688.280900 -434858.967680 -0.015707
2186307.022320 -2559689.794514 -434853.836831 -0.016928
2186306.558642 -2559690.097191 -434848.439411 -0.010088
2186306.495378 -2559691.148327 -434843.317366 -0.016995
2186305.961555 -2559691.238739 -434838.079695 -0.017810
2186305.470456 -2559691.460442 -434832.539482 -0.010471
2186305.355675 -2559692.241326 -434827.401070 -0.014872
2186304.879220 -2559692.621678 -434822.116588 -0.012756
2186304.384358 -2559692.899873 -434816.890082 -0.015352
2186303.917714 -2559693.245855 -434811.468733 -0.010892
2186303.811332 -2559694.055499 -434806.244150 -0.011939
2186301.122071 -2559691.124379 -434800.458273 -0.014834
2186300.100310 -2559690.386683 -434794.861849 -0.011450
2186298.811827 -2559689.780971 -434789.463567 -0.015617
2186297.839236 -2559689.237027 -434784.082283 -0.019159
2186296.506637 -2559688.421207 -434778.371255 -0.011026
2186295.570778 -2559688.073316 -434772.948684 -0.010001
2186293.332366 -2559685.867526 -434767.203868 -0.008810
2186292.376375 -2559685.406995 -434761.854662 -0.010957
2186291.426053 -2559684.998898 -434756.386719 -0.012456
2186290.931622 -2559685.318380 -434751.005681 -0.006674
2186290.410279 -2559685.489710 -434745.719396 -0.012264
2186290.347674 -2559686.408589 -434740.493594 -0.013000
2186290.284696 -2559687.318121 -434735.299878 -0.010752
2186290.220222 -2559688.221428 -434730.101401 -0.009061
2186290.587394 -2559689.741996 -434724.965739 -0.010635
2186290.951017 -2559691.238913 -434719.856870 -0.009967
2186290.472647 -2559691.604500 -434714.639431 -0.012896
2186290.840861 -2559693.122638 -434709.535677 -0.011999
2186291.199361 -2559694.616389 -434704.321217 -0.008815
2186291.579832 -2559696.177408 -434699.303166 -0.012435
2186291.504951 -2559697.036269 -434694.076770 -0.012192
2186291.888698 -2559698.631105 -434688.970176 -0.012602
2186291.811294 -2559699.477042 -434683.746118 -0.011989
2186291.767091 -2559700.477373 -434678.556604 -0.010823
2186292.533381 -2559703.033671 -434671.031879 -0.013487
2186292.889533 -2559704.524215 -434665.781790 -0.013117
2186293.269339 -2559706.091935 -434660.708487 -0.010452
2186293.209320 -2559707.003708 -434655.579011 -0.013842
2186293.581390 -2559708.562565 -434650.368758 -0.011374
2186294.392500 -2559710.723648 -434645.466698 -0.013811
2186295.281809 -2559713.129143 -434640.545440 -0.012600
2186297.445812 -2559718.011318 -434633.286404 -0.026235
2186297.706911 -2559718.997457 -434628.186083 -0.017386
2186247.642554 -2559648.691645 -434602.399033 0.232834
2186277.715071 -2559691.467473 -434614.909607 -0.236680
2186293.845096 -2559716.411581 -434611.002829 -0.234362
2186307.905022 -2559739.437706 -434602.218998 -0.021207
2186312.656074 -2559747.642770 -434596.813601 0.044241
2186310.814412 -2559745.587572 -434592.469537 -0.025494
2186310.720929 -2559746.336219 -434587.291523 -0.019606
2186311.568575 -2559748.684722 -434582.310796 -0.020414
2186312.390547 -2559750.906533 -434577.335669 -0.018701
2186311.913365 -2559751.271316 -434572.101857 -0.022989
2186310.501529 -2559750.115430 -434566.450507 -0.018106
2186307.358966 -2559746.473783 -434560.533432 -0.021739
2186305.132510 -2559744.311264 -434554.803815 -0.020081
2186303.305137 -2559742.610949 -434549.119638 -0.021131
2186301.064235 -2559740.380174 -434543.380091 -0.019287
2186297.931962 -2559736.808872 -434537.374248 -0.020288
2186295.674967 -2559734.504434 -434531.614663 -0.019011
2186293.340217 -2559732.159993 -434525.757017 -0.012620
2186288.401402 -2559726.405117 -434516.664953 -0.015022
2186287.027287 -2559725.422502 -434511.114834 -0.015334
2186284.750619 -2559723.042455 -434505.314606 -0.016043
2186282.893486 -2559721.214474 -434499.602238 -0.017585
2186279.777951 -2559717.715915 -434493.707354 -0.021228
2186277.575108 -2559715.667590 -434488.035702 -0.016482
2186275.752320 -2559713.998511 -434482.365397 -0.016761
2186273.495085 -2559711.707230 -434476.596005 -0.016402
2186268.583305 -2559706.073931 -434467.564776 -0.015639
2186266.321397 -2559703.760214 -434461.795703 -0.014895
2186263.610555 -2559700.768394 -434455.865471 -0.017724
2186260.505187 -2559697.328094 -434449.930304 -0.014766
2186258.229839 -2559694.938177 -434444.221410 -0.018915
2186255.959096 -2559692.581411 -434438.455385 -0.017208
2186253.731643 -2559690.431681 -434432.710779 -0.016994
2186251.480440 -2559688.171781 -434426.941003 -0.016963
2186250.086047 -2559687.095835 -434421.372808 -0.017380
2186247.396534 -2559684.195234 -434415.504994 -0.016334
2186245.584382 -2559682.578217 -434409.842526 -0.016856
2186243.761036 -2559680.909032 -434404.169895 -0.017201
2186256.945110 -2559702.322425 -434397.018486 0.239187
2186239.530498 -2559674.049870 -434389.349274 -0.041649
2186301.114382 -2559771.505418 -434372.307404 -0.430833
2186240.776673 -2559698.056580 -434343.814624 -0.247835
2186231.200334 -2559674.145185 -434341.424474 -0.027040
2186226.731757 -2559665.897534 -434332.953317 0.488227
2185908.943203 -2559146.962401 -439599.205022 0.023482
2185908.890711 -2559147.946838 -439593.953353 0.019946
2185909.688029 -2559150.062695 -439588.949510 0.020522
2185909.193138 -2559150.385117 -439583.616074 0.019698
2185913.459374 -2559158.595780 -439574.408477 0.018692
2185969.860376 -2559243.808524 -439571.198401 0.224501
2185914.871316 -2559166.675071 -439544.106432 0.114392
2185920.028651 -2559175.031998 -439540.480182 -0.019179
2185921.172717 -2559187.288654 -439486.967129 0.065196
2185921.121159 -2559188.033509 -439482.850633 0.018909
2185921.894830 -2559191.259803 -439472.651553 0.018565
2185922.606628 -2559194.801924 -439459.835013 0.019583
2185922.951893 -2559196.828380 -439452.124141 0.019967
2185923.757499 -2559198.984004 -439447.123313 0.020029
2185924.077474 -2559201.483066 -439436.895672 0.016915
2185924.029933 -2559202.477816 -439431.695809 0.017452
2185923.965445 -2559203.394257 -439426.479371 0.017523
2185923.905333 -2559204.349761 -439421.179131 0.021230
2185923.825171 -2559205.783630 -439413.452977 0.017707
2185923.749948 -2559206.651880 -439408.220051 0.017407
2185924.122473 -2559208.193855 -439403.124312 0.018420
2185924.017631 -2559209.529844 -439395.295602 0.019009
2185924.281430 -2559213.002342 -439379.771674 0.019600
2185924.639460 -2559214.460994 -439374.739695 0.016236
2185924.502566 -2559216.862911 -439361.727583 0.017356
2185924.448237 -2559217.828091 -439356.513608 0.017158
2185923.503859 -2559217.460773 -439351.069208 0.016872
2185923.431534 -2559218.337093 -439345.859168 0.018267
2185922.928687 -2559218.617360 -439340.537001 0.018723
2185923.302336 -2559220.168853 -439335.425023 0.018523
2185923.235193 -2559221.072617 -439330.206906 0.018607
2185922.732550 -2559221.355965 -439324.876342 0.018602
2185922.249222 -2559221.734641 -439319.540566 0.016529
2185922.184228 -2559222.626340 -439314.424386 0.014433
2185921.669330 -2559222.848551 -439309.098126 0.015509
2185921.608188 -2559223.778182 -439303.892821 0.016389
2185921.106405 -2559224.063843 -439298.568621 0.016707
2185921.045973 -2559224.997338 -439293.361720 0.017399
2185920.986054 -2559225.936296 -439288.143401 0.017060
2185920.920246 -2559226.846394 -439282.925564 0.017206
2185921.297945 -2559228.415405 -439277.822788 0.017317
2185921.224877 -2559229.287303 -439272.615508 0.018863
2185921.610058 -2559230.894354 -439267.506832 0.017951
2185921.128051 -2559231.269877 -439262.207881 0.019025
2185921.484183 -2559232.736805 -439257.092877 0.019623
2185921.411402 -2559233.613459 -439251.872604 0.020054
2185920.919473 -2559233.927257 -439246.640310 0.016643
2185921.297649 -2559235.499025 -439241.535710 0.016583
2185921.246074 -2559236.474708 -439236.332351 0.016898
2185921.594575 -2559237.909089 -439231.199734 0.016577
2185922.406579 -2559240.094797 -439226.201119 0.016415
2185922.787434 -2559241.677346 -439221.104313 0.016834
2185923.595608 -2559243.842132 -439216.114798 0.017712
2185924.411044 -2559246.045608 -439211.113417 0.017084
2185923.917629 -2559246.365603 -439205.813304 0.018813
2185923.428532 -2559246.710035 -439200.499869 0.019143
2185923.344815 -2559247.536629 -439195.266495 0.019187
2185923.278512 -2559248.446174 -439190.040890 0.018682
2185922.780600 -2559248.749642 -439184.720426 0.019004
2185922.713445 -2559249.633487 -439179.593186 0.016082
2185922.218275 -2559249.951297 -439174.268247 0.015708
2185922.151386 -2559250.854505 -439169.055678 0.016457
2185922.104350 -2559251.849804 -439163.861723 0.017103
2185922.465510 -2559253.341184 -439158.746813 0.017482
2185922.002911 -2559253.805577 -439153.469119 0.018783
2185921.908863 -2559254.589037 -439148.207415 0.017302
2185921.838648 -2559255.477079 -439142.990917 0.017679
2185921.777413 -2559256.408276 -439137.776618 0.017864
2185921.712566 -2559257.323034 -439132.558055 0.017684
2185921.636323 -2559258.163720 -439127.425797 0.015091
2185921.578692 -2559259.110378 -439122.219854 0.015463
2185921.522719 -2559260.062302 -439117.024384 0.016866
2185921.456613 -2559260.973165 -439111.797066 0.016031
2185921.833146 -2559262.534897 -439106.699682 0.016776
2185921.776956 -2559263.490229 -439101.487310 0.016497
2185922.134342 -2559264.968503 -439096.350706 0.015289
2185922.518231 -2559266.560870 -439091.273732 0.016965
2185922.448658 -2559267.455085 -439086.044893 0.016506
2185923.703899 -2559270.296238 -439081.169246 0.016863
2185923.197550 -2559270.543219 -439075.922257 0.013202
2185923.579773 -2559272.148651 -439070.747368 0.017625
2185923.500016 -2559272.970857 -439065.620021 0.015548
2185923.905475 -2559274.689689 -439060.444592 0.018280
2185924.693439 -2559276.741884 -439055.523301 0.015545
2185925.471502 -2559278.721548 -439050.678806 0.030739
2185926.321219 -2559281.129263 -439045.535082 0.015623
2185927.145092 -2559283.370219 -439040.546146 0.015374
2185927.940904 -2559285.480715 -439035.532486 0.015049
2185928.318883 -2559287.049548 -439030.434462 0.015467
2185928.693949 -2559288.604001 -439025.337104 0.016174
2185929.507871 -2559290.795803 -439020.351057 0.016862
2185929.855271 -2559292.808186 -439012.745929 0.014919
2185930.240200 -2559294.415238 -439007.631760 0.013606
2185930.599135 -2559295.895824 -439002.515407 0.013712
2185931.420017 -2559298.122073 -438997.527489 0.013891
2185931.794556 -2559299.673463 -438992.432089 0.014642
2185932.591513 -2559301.792078 -438987.408798 0.013525
2185932.538225 -2559302.756844 -438982.213706 0.014463
2185932.906906 -2559304.282474 -438977.107143 0.014939
2185932.423868 -2559304.653626 -438971.803086 0.015417
2185931.925415 -2559304.955082 -438966.477517 0.015434
2185931.845198 -2559305.797092 -438961.249086 0.015457
2185931.776778 -2559306.693100 -438956.033990 0.016035
2185931.717787 -2559307.616483 -438950.906724 0.012318
2185932.091420 -2559309.165139 -438945.804292 0.012793
2185931.592934 -2559309.465610 -438940.482027 0.012818
2185931.966200 -2559311.013096 -438935.377152 0.013101
2185931.793098 -2559313.244709 -438922.333263 0.013754
2185932.198922 -2559314.942968 -438917.259729 0.014116
2185931.637445 -2559315.557898 -438909.302910 0.014306
2185931.566065 -2559316.423919 -438904.163371 0.010553
2185931.512763 -2559317.409039 -438898.873163 0.014343
2185931.881619 -2559318.915772 -438893.858028 0.011606
2185931.807615 -2559319.786167 -438888.636358 0.011859
2185932.205044 -2559321.445340 -438883.554788 0.012283
2185931.666542 -2559322.166827 -438875.619594 0.012504
2185931.594567 -2559323.046291 -438870.400876 0.012996
2185931.968663 -2559324.598658 -438865.292208 0.012631
2185931.900713 -2559325.498616 -438860.070166 0.012564
2185932.259546 -2559326.977295 -438854.958834 0.013048
2185932.155062 -2559328.293554 -438847.223185 0.010427
2185932.522601 -2559330.420956 -438839.536895 0.010907
2185932.437597 -2559331.238744 -438834.310729 0.011543
2185932.849497 -2559332.967104 -438829.234831 0.011398
2185933.203928 -2559334.425532 -438824.117995 0.011835
2185933.557692 -2559335.881009 -438819.000498 0.012287
2185933.954727 -2559337.538806 -438813.916922 0.012513
2185933.460772 -2559337.843591 -438808.677998 0.008580
2185933.820394 -2559339.326289 -438803.565608 0.009016
2185934.131612 -2559341.798557 -438793.253063 0.009705
2185934.483172 -2559343.850397 -438785.557062 0.010486
2185934.852912 -2559345.382225 -438780.445424 0.010412
2185935.594711 -2559348.454682 -438770.231612 0.010627
2185935.524968 -2559349.343267 -438765.019252 0.011212
2185936.321891 -2559351.451684 -438760.033431 0.013192
2185936.255848 -2559352.363288 -438754.802023 0.011905
2185937.062854 -2559355.113158 -438747.311572 0.008791
2185937.389224 -2559357.048243 -438739.591868 0.009437
2185937.762693 -2559358.596078 -438734.488807 0.009543
2185938.560836 -2559360.714501 -438729.487561 0.010116
2185938.941803 -2559362.298344 -438724.386302 0.009844
2185939.309782 -2559363.821275 -438719.275676 0.009963
2185940.137376 -2559366.076183 -438714.303101 0.010616
2185940.478801 -2559367.472547 -438709.180342 0.011585
2185941.305670 -2559369.725701 -438704.200565 0.011674
2185941.701853 -2559371.359827 -438699.207900 0.008841
2185942.476326 -2559373.978258 -438691.596120 0.008389
2185942.827422 -2559375.438499 -438686.393568 0.012713
2185943.637424 -2559377.592871 -438681.493316 0.009925
2185944.449241 -2559379.780169 -438676.484750 0.008910
2185944.824757 -2559381.335933 -438671.389101 0.009481
2185945.194178 -2559382.864948 -438666.282136 0.009782
2185946.005898 -2559385.044594 -438661.300972 0.010818
2185947.254608 -2559387.854573 -438656.424103 0.011656
2185946.778860 -2559388.260633 -438651.119546 0.011504
2185947.132325 -2559389.713770 -438646.004844 0.012277
2185947.496898 -2559391.204692 -438640.969399 0.007912
2185948.312804 -2559393.425178 -438635.892955 0.011653
2185948.672360 -2559394.908105 -438630.778818 0.011767
2185949.861542 -2559398.635729 -438620.784537 0.009655
2185950.236095 -2559400.187616 -438615.686024 0.010197
2185950.612853 -2559401.765750 -438610.511694 0.014920
2185951.423666 -2559403.943228 -438605.521388 0.015492
2185952.620590 -2559407.103986 -438598.096504 0.011789
2185952.991559 -2559408.641770 -438592.985461 0.011475
2185953.810809 -2559410.859415 -438587.999901 0.011725
2185954.619073 -2559413.028269 -438582.995353 0.011121
2185954.114363 -2559413.295986 -438577.678014 0.012063
2185954.038416 -2559414.152385 -438572.471331 0.013635
2185954.431306 -2559415.786224 -438567.401738 0.015288
2185953.902896 -2559415.949655 -438562.040583 0.014173
2185953.421699 -2559416.312362 -438556.816455 0.010531
2185953.777260 -2559417.795602 -438551.608071 0.013867
2185953.280096 -2559418.083219 -438546.372938 0.010423
2185953.631168 -2559419.545492 -438541.160842 0.013759
2185953.592819 -2559420.579276 -438535.977562 0.014678
2185954.358441 -2559423.157117 -438528.356071 0.013961
2185952.510507 -2559421.366122 -438522.780229 0.012335
2185951.142318 -2559420.426953 -438517.244155 0.012548
2185950.663098 -2559420.813180 -438511.949309 0.013565
2185949.706564 -2559420.386725 -438506.495078 0.013213
2185948.765413 -2559420.030556 -438501.058910 0.013334
2185947.825314 -2559419.677783 -438495.629442 0.013902
2185946.890225 -2559419.349602 -438490.199617 0.014103
2185945.498313 -2559418.300732 -438484.640565 0.014044
2185944.110178 -2559417.268288 -438479.089981 0.014457
2185943.175735 -2559416.924186 -438473.749838 0.011260
2185942.680467 -2559417.253675 -438468.356205 0.015967
2185942.169197 -2559417.476446 -438463.105204 0.012017
2185940.822942 -2559416.635696 -438457.603202 0.013671
2185940.714403 -2559417.350339 -438452.329743 0.011764
2185940.212729 -2559417.633475 -438447.010066 0.012383
2185940.141847 -2559418.518511 -438441.787889 0.012143
2185939.658760 -2559418.893644 -438436.463793 0.011065
2185939.570521 -2559419.688420 -438431.262710 0.013829
2185939.072683 -2559419.991456 -438425.938462 0.013785
2185939.008078 -2559420.906269 -438420.719478 0.013358
2185938.951146 -2559421.848939 -438415.536825 0.015730
2185938.864597 -2559422.664280 -438410.288521 0.014384
2185938.782918 -2559423.499885 -438405.053292 0.014064
2185938.741658 -2559424.521813 -438399.860332 0.014189
2185938.235173 -2559424.766061 -438394.617034 0.010799
2185938.176763 -2559425.707986 -438389.409790 0.010928
2185938.111920 -2559426.619740 -438384.197521 0.011343
2185938.466634 -2559428.073493 -438379.101025 0.013248
2185937.965840 -2559428.362265 -438373.776810 0.013403
2185937.892537 -2559429.232643 -438368.565039 0.014197
2185937.833393 -2559430.172385 -438363.351978 0.014148
2185937.747992 -2559430.990639 -438358.113643 0.013552
2185937.689156 -2559431.931498 -438352.901991 0.013589
2185937.187474 -2559432.215418 -438347.578994 0.013648
2185937.082879 -2559433.547916 -438339.757824 0.014422
2185936.586192 -2559433.854476 -438334.441328 0.014814
2185936.478664 -2559435.152945 -438326.712400 0.012641
2185936.850703 -2559436.682050 -438321.651484 0.016467
2185939.784375 -2559442.941406 -438311.946339 0.012633
2185941.433290 -2559446.817865 -438304.557898 0.012507
2185943.506840 -2559451.870355 -438294.698526 0.013176
2185943.429552 -2559452.720664 -438289.488338 0.014488
2185942.476383 -2559453.243911 -438279.336270 0.232436
2185944.076825 -2559457.173514 -438271.452879 0.014349
2185943.994264 -2559457.983781 -438266.314127 0.011276
2185943.515142 -2559458.371853 -438261.012384 0.011664
2185942.229840 -2559461.870990 -438232.086202 0.013710
2185940.266886 -2559461.994244 -438215.995159 0.014483
2185939.288939 -2559462.055718 -438208.032999 0.011000
2185938.345376 -2559461.686449 -438202.601370 0.011457
2185936.975318 -2559460.734942 -438197.076960 0.012861
2185936.028654 -2559460.352988 -438191.636179 0.012754
2185934.681243 -2559459.512386 -438186.111717 0.012554
2185934.158693 -2559459.696121 -438180.781883 0.013468
2185933.210380 -2559459.311299 -438175.321259 0.012063
2185932.692124 -2559459.496655 -438170.081945 0.009523
2185931.757089 -2559459.186199 -438164.567399 0.013428
2185931.251405 -2559459.431454 -438159.334198 0.010514
2185931.160695 -2559460.222913 -438154.097679 0.010673
2185930.654229 -2559460.480654 -438148.784629 0.011864
2185930.589766 -2559461.395358 -438143.566663 0.011727
2185930.534131 -2559462.347317 -438138.371251 0.012619
2185930.902451 -2559463.871469 -438133.258217 0.012379
2185930.377648 -2559464.047143 -438127.916614 0.012456
2185930.208321 -2559466.274677 -438114.962668 0.009336
2185930.537198 -2559468.218767 -438107.249096 0.009964
2185930.911125 -2559469.765537 -438102.153729 0.010711
2185931.202948 -2559472.752060 -438089.244893 0.011189
2185931.126373 -2559473.608504 -438084.023415 0.011490
2185931.494519 -2559475.129738 -438078.918100 0.011763
2185932.283102 -2559477.201118 -438073.913789 0.012501
2185931.680182 -2559478.815802 -438060.852362 0.009161
2185932.025461 -2559480.834951 -438053.156853 0.010300
2185932.757887 -2559483.859526 -438042.941783 0.010756
2185933.139035 -2559485.442017 -438037.844936 0.010702
2185933.470939 -2559487.401178 -438030.129534 0.011098
2185933.831859 -2559488.888100 -438025.019392 0.011468
2185933.758774 -2559489.759524 -438019.805326 0.012138
2185933.658117 -2559491.097064 -438012.052406 0.007515
2185933.594685 -2559492.008579 -438006.865227 0.009623
2185933.090476 -2559492.279466 -438001.543500 0.010161
2185933.019975 -2559493.166667 -437996.317329 0.009476
2185932.513715 -2559493.426566 -437990.998362 0.010394
2185932.448389 -2559494.334128 -437985.790843 0.010916
2185932.362311 -2559495.149385 -437980.548629 0.010239
2185931.372578 -2559495.775913 -437969.928542 0.011690
2185931.309449 -2559496.689632 -437964.738338 0.013515
2185931.181013 -2559497.896586 -437956.965809 0.009192
2185908.273479 -2559465.260787 -437948.160041 -0.213887
2185932.760941 -2559503.268021 -437941.790373 0.009754
2185932.223262 -2559503.385232 -437936.431194 0.009473
2185932.149845 -2559504.255515 -437931.214869 0.009814
2185931.651672 -2559504.548629 -437925.919405 0.012136
2185932.433105 -2559507.199546 -437918.305092 0.010790
2185932.369695 -2559508.115191 -437913.101773 0.011640
2185932.300576 -2559509.004257 -437907.893554 0.012498
2185931.803454 -2559509.292966 -437902.652766 0.008413
2185931.723593 -2559510.131057 -437897.438914 0.009560
2185931.640744 -2559510.960911 -437892.200700 0.008833
2185931.574796 -2559511.865939 -437886.990499 0.009312
2185931.502903 -2559512.743654 -437881.773691 0.009610
2185931.439038 -2559513.658077 -437876.566366 0.010185
2185931.368653 -2559514.542847 -437871.350655 0.010474
2185931.308890 -2559515.474869 -437866.152555 0.011521
2185931.245534 -2559516.393564 -437860.938237 0.011431
2185931.178766 -2559517.296972 -437855.718753 0.011174
2185931.097940 -2559518.132699 -437850.495566 0.011566
2185930.523329 -2559519.288032 -437839.957194 0.012174
2185930.449704 -2559520.138891 -437834.827838 0.009211
2185930.821217 -2559521.673658 -437829.732200 0.009908
2185930.297521 -2559522.461293 -437821.809379 0.009970
2185930.648993 -2559523.903609 -437816.692924 0.010440
2185930.999909 -2559525.952011 -437808.988136 0.010230
2185930.930671 -2559526.841937 -437803.773564 0.010665
2185930.874814 -2559527.795265 -437798.566586 0.010539
2185931.217011 -2559529.192510 -437793.449083 0.011721
2185931.999700 -2559531.841944 -437785.862975 0.012611
2185931.860642 -2559533.602199 -437775.515423 0.009248
2185931.371223 -2559533.937266 -437770.221885 0.011094
2185930.810594 -2559534.555720 -437762.256515 0.010139
2185930.739758 -2559535.439389 -437757.036064 0.009927
2185930.667873 -2559536.337947 -437751.721345 0.012890
2185930.612972 -2559537.273982 -437746.615378 0.010424
2185930.522208 -2559538.057873 -437741.404019 0.012649
2185930.459487 -2559538.983702 -437736.173686 0.011035
2185931.200091 -2559542.041564 -437725.979790 0.012622
2185887.251983 -2559480.577122 -437703.941486 0.041592
2185934.511695 -2559549.833327 -437711.315470 0.009735
2185934.418049 -2559550.634938 -437705.965078 0.011061
2185934.365812 -2559551.599873 -437700.780263 0.012798
2185959.281902 -2559588.833428 -437701.234390 0.044559
2185935.936712 -2559555.721710 -437690.730367 0.011100
2185935.478542 -2559556.176521 -437685.579558 0.011728
2185936.724516 -2559558.975559 -437680.685690 0.011049
2185937.068899 -2559560.388488 -437675.549198 0.010309
2185936.594075 -2559560.787257 -437670.283163 0.013320
2185936.074274 -2559560.990385 -437664.927164 0.011865
2185935.112875 -2559560.547283 -437659.441028 0.009038
2185934.617984 -2559560.851723 -437654.161990 0.012332
2185933.687475 -2559560.534022 -437648.773325 0.015560
2185932.315502 -2559559.556742 -437643.326679 0.012643
2185931.334494 -2559559.039673 -437637.740689 0.013557
2185929.528897 -2559557.447913 -437632.192877 0.011116
2185928.575921 -2559557.054099 -437626.659026 0.014444
2185926.740833 -2559555.328058 -437621.075855 0.011089
2185924.931523 -2559553.744410 -437615.411397 0.009873
2185923.988144 -2559553.370320 -437609.999113 0.011975
2185922.597990 -2559552.327720 -437604.447079 0.012253
2185921.652832 -2559551.951468 -437599.010169 0.012394
2185920.263727 -2559550.911834 -437593.466732 0.013318
2185919.317788 -2559550.531101 -437588.032622 0.013741
2185918.374335 -2559550.163504 -437582.594796 0.013716
2185917.881321 -2559550.483077 -437577.293155 0.014958
2185917.364138 -2559550.696113 -437571.947959 0.014254
2185916.406244 -2559550.246855 -437566.570795 0.009424
2185916.341489 -2559551.155188 -437561.367986 0.010517
2185915.834966 -2559551.411569 -437556.056043 0.011726
2185915.321965 -2559551.640304 -437550.729114 0.012375
2185915.235957 -2559552.448748 -437545.511858 0.013477
2185914.300179 -2559552.118645 -437540.073990 0.013014
2185914.235835 -2559553.029533 -437534.869240 0.013645
2185913.703571 -2559553.775979 -437526.942230 0.013901
2185914.075303 -2559555.312843 -437521.839603 0.014083
2185913.117959 -2559554.878627 -437516.397052 0.014620
2185913.049747 -2559555.774530 -437511.177129 0.014359
2185913.420774 -2559557.306995 -437506.078070 0.014920
2185912.901653 -2559557.487877 -437500.837206 0.012216
2185912.823292 -2559558.348112 -437495.546341 0.017614
2185912.758154 -2559559.242610 -437490.406850 0.013020
2185912.258431 -2559559.534660 -437485.085394 0.013189
2185912.579113 -2559561.441948 -437477.352101 0.012770
2185912.081555 -2559561.739571 -437472.049929 0.014156
2185912.016943 -2559562.652430 -437466.831923 0.013947
2185911.932607 -2559563.469371 -437461.612866 0.014771
2185911.858674 -2559564.334702 -437456.402547 0.015867
2185911.801391 -2559565.281547 -437451.191576 0.015459
2185911.731896 -2559566.153602 -437446.056223 0.011664
2185911.212960 -2559566.350941 -437440.737741 0.013295
2185911.609399 -2559568.005226 -437435.646575 0.012727
2185911.528184 -2559568.839460 -437430.419274 0.012752
2185911.899475 -2559570.371688 -437425.324977 0.013691
2185911.809171 -2559571.164373 -437420.086890 0.013445
2185911.739719 -2559572.051483 -437414.876845 0.014124
2185911.667325 -2559572.925938 -437409.660198 0.014418
2185911.591399 -2559573.783428 -437404.442535 0.014918
2185911.526174 -2559574.690131 -437399.236293 0.015592
2185911.894405 -2559576.211061 -437394.128402 0.015596
2185911.831105 -2559577.128169 -437388.918231 0.015802
2185911.312998 -2559577.315286 -437383.671759 0.012675
2185911.246744 -2559578.219186 -437378.456897 0.012693
2185911.613368 -2559579.732284 -437373.348818 0.012799
2185911.549997 -2559580.648437 -437368.140834 0.013187
2185912.356628 -2559582.800598 -437363.157811 0.014394
2185911.839335 -2559583.006690 -437357.836378 0.015645
2185912.214323 -2559584.560676 -437352.727474 0.015093
2185912.138024 -2559585.418530 -437347.501054 0.014831
2185912.520428 -2559587.003709 -437342.411659 0.015394
2185912.890592 -2559588.533942 -437337.303440 0.015203
2185912.817856 -2559589.407305 -437332.084127 0.015327
2185912.733919 -2559590.210958 -437326.940237 0.011672
2185912.661397 -2559591.083156 -437321.729098 0.012589
2185913.034875 -2559592.625846 -437316.635601 0.013285
2185912.991284 -2559593.633246 -437311.447296 0.014083
2185913.327728 -2559595.004786 -437306.316623 0.014250
2185913.708458 -2559596.584624 -437301.216051 0.014104
2185913.649208 -2559597.519104 -437296.014583 0.014635
2185914.436971 -2559599.588416 -437290.996398 0.014302
2185914.804386 -2559601.103839 -437285.893445 0.014633
2185914.737787 -2559602.005024 -437280.681724 0.015073
2185915.531757 -2559604.078681 -437275.780878 0.013152
2185915.914321 -2559605.669556 -437270.671815 0.012167
2185916.283588 -2559607.193707 -437265.570483 0.012496
2185916.204297 -2559608.034525 -437260.352570 0.013314
2185916.146501 -2559608.976554 -437255.149096 0.013572
2185916.520420 -2559610.523598 -437250.046165 0.013705
2185915.562057 -2559610.086990 -437244.592089 0.013170
2185915.049253 -2559610.314271 -437239.272229 0.014378
2185914.536735 -2559610.546085 -437233.940259 0.014286
2185914.475659 -2559611.454418 -437228.821981 0.011325
2185913.960420 -2559611.669671 -437223.502285 0.012578
2185912.576595 -2559610.660552 -437217.939517 0.011453
2185911.634739 -2559610.296558 -437212.515858 0.012446
2185911.130800 -2559610.566619 -437207.197647 0.013048
2185911.057988 -2559611.440174 -437201.975280 0.012883
2185910.984573 -2559612.310146 -437196.755374 0.013004
2185910.470717 -2559612.535725 -437191.422574 0.013041
2185910.401794 -2559613.407960 -437186.295692 0.009903
2185910.335021 -2559614.324528 -437181.003450 0.014209
2185910.264015 -2559615.187889 -437175.871597 0.010781
2185910.605752 -2559617.188757 -437168.170383 0.011414
2185910.969306 -2559618.685680 -437163.065467 0.011993
2185910.913400 -2559619.636846 -437157.861519 0.012184
2185911.256427 -2559621.040831 -437152.728438 0.011832
2185910.784946 -2559621.450580 -437147.481616 0.016150
2185911.564195 -2559623.491438 -437142.412034 0.011947
2185911.496238 -2559624.382873 -437137.211403 0.013273
2185911.402890 -2559625.152186 -437132.003885 0.015832
2185911.801750 -2559626.802005 -437126.990996 0.010862
2185911.667602 -2559627.380723 -437121.750817 0.013541
2185931.669866 -2559659.458583 -437124.353826 -0.190883
2185917.167554 -2559643.562222 -437116.916715 -0.079949
2185932.590524 -2559661.459237 -437109.418626 -0.029469
2185911.793902 -2559632.624441 -437095.795461 0.012953
2185912.624981 -2559635.509597 -437088.202478 0.009822
2185912.071154 -2559635.524546 -437082.945603 0.008438
2185912.436107 -2559637.026456 -437077.847353 0.009330
2185912.372796 -2559637.963529 -437072.540399 0.012279
2185912.266528 -2559639.265746 -437064.809855 0.009546
2185912.199190 -2559640.163693 -437059.595251 0.009793
2185912.562312 -2559641.658752 -437054.488936 0.010126
2185913.324461 -2559644.212384 -437046.876636 0.010333
2185913.264470 -2559645.143055 -437041.673871 0.011054
2185913.628454 -2559646.640565 -437036.573731 0.011849
2185914.350724 -2559650.217062 -437023.781588 0.013038
2185914.667068 -2559652.101563 -437016.050547 0.013078
2185914.166021 -2559652.368992 -437010.812906 0.009491
2185914.088350 -2559653.218381 -437005.590908 0.009693
2185914.010523 -2559654.067355 -437000.367636 0.009818
2185913.504112 -2559654.326343 -436995.044385 0.010131
2185913.435472 -2559655.213811 -436989.845239 0.011655
2185913.383579 -2559656.184265 -436984.641253 0.011563
2185913.290878 -2559656.960966 -436979.416571 0.012631
2185913.664566 -2559658.509631 -436974.301375 0.011598
2185914.047730 -2559660.096277 -436969.218249 0.012617
2185914.829064 -2559662.135562 -436964.192618 0.011954
2185915.194220 -2559663.622844 -436959.171541 0.008690
2185915.138089 -2559664.570855 -436953.974041 0.009444
2185915.060341 -2559665.419532 -436948.753010 0.009761
2185914.996803 -2559666.333274 -436943.548234 0.010422
2185914.932605 -2559667.244267 -436938.341710 0.011008
2185914.862361 -2559668.127862 -436933.127004 0.011302
2185914.358487 -2559668.400852 -436927.796685 0.010877
2185914.262757 -2559669.169033 -436922.547667 0.010067
2185914.644023 -2559670.744154 -436917.472837 0.011928
2185914.580398 -2559671.658569 -436912.263697 0.012226
2185915.380762 -2559673.785192 -436907.258998 0.012021
2185915.322248 -2559674.722293 -436902.058400 0.012680
2185915.242934 -2559675.546466 -436896.919690 0.009259
2185915.591352 -2559676.971548 -436891.805626 0.009971
2185915.523231 -2559677.864656 -436886.593727 0.010500
2185915.467554 -2559678.818815 -436881.380951 0.009813
2185915.386823 -2559679.650744 -436876.167539 0.011101
2185914.448865 -2559679.306468 -436870.738128 0.011204
2185913.062538 -2559678.280850 -436865.189176 0.011517
2185912.980610 -2559679.112825 -436859.953598 0.010751
2185912.483278 -2559679.410877 -436854.648841 0.012141
2185911.532976 -2559679.006858 -436849.218168 0.012995
2185910.590253 -2559678.623896 -436843.866450 0.009464
2185910.513483 -2559679.494674 -436838.560359 0.013172
2185910.004511 -2559679.744232 -436833.223924 0.012695
2185909.055366 -2559679.350305 -436827.776511 0.012059
2185908.547554 -2559679.579184 -436822.558947 0.010748
2185908.023716 -2559679.755883 -436817.224472 0.011215
2185907.530155 -2559680.077342 -436811.900718 0.010733
2185907.459864 -2559680.955374 -436806.705738 0.012574
2185906.952395 -2559681.210521 -436801.375968 0.012562
2185905.998561 -2559680.791000 -436795.939007 0.013143
2185905.933046 -2559681.696635 -436790.727282 0.013486
2185905.416358 -2559681.907471 -436785.395202 0.013667
2185905.353474 -2559682.825680 -436780.184420 0.013921
2185905.269123 -2559683.626546 -436775.040349 0.010253
2185904.785708 -2559684.011912 -436769.643602 0.013688
2185904.703308 -2559684.834574 -436764.434134 0.015158
2185904.632769 -2559685.698036 -436759.308194 0.012195
2185904.553030 -2559686.554432 -436754.000898 0.016128
2185904.479041 -2559687.395709 -436748.895229 0.015128
2185904.421946 -2559688.355431 -436743.633865 0.010558
2185904.802574 -2559689.924384 -436738.568474 0.013267
2185904.270887 -2559690.065773 -436733.222047 0.013400
2185904.207158 -2559690.976570 -436728.023651 0.014632
2185903.291464 -2559690.761414 -436722.498433 0.015970
2185903.147424 -2559691.881293 -436714.756656 0.015206
2185903.519235 -2559693.418435 -436709.648410 0.014777
2185903.032117 -2559693.766440 -436704.343338 0.015409
2185902.950881 -2559694.575033 -436699.227279 0.013894
2185902.877361 -2559695.449421 -436693.985331 0.012147
2185902.806814 -2559696.345944 -436688.695599 0.016908
2185902.699763 -2559697.648719 -436680.944584 0.012763
2185903.054708 -2559699.103629 -436675.835617 0.013608
2185902.994487 -2559700.033815 -436670.628125 0.013806
2185902.934209 -2559700.960631 -436665.432435 0.015033
2185903.283860 -2559702.393163 -436660.310586 0.015126
2185903.235954 -2559703.376198 -436655.130711 0.016810
2185903.149386 -2559704.184051 -436649.899205 0.016833
2185903.511051 -2559705.659003 -436644.857335 0.012075
2185903.002349 -2559705.925377 -436639.442916 0.015649
2185903.377215 -2559707.473680 -436634.348332 0.016303
2185902.867499 -2559707.717650 -436629.019002 0.016335
2185903.224040 -2559709.164009 -436623.990643 0.013064
2185902.711402 -2559709.388053 -436618.683007 0.015020
2185902.649790 -2559710.312791 -436613.469891 0.014984
2185901.710077 -2559709.957766 -436608.049002 0.015918
2185901.637379 -2559710.833982 -436602.814551 0.014867
2185901.128631 -2559711.078660 -436597.500150 0.015974
2185901.053844 -2559711.944266 -436592.267195 0.015196
2185900.535860 -2559712.130822 -436587.021180 0.011920
2185901.347806 -2559714.326482 -436581.946759 0.015945
2185900.411258 -2559713.970175 -436576.607769 0.012782
2185899.886259 -2559714.140477 -436571.274608 0.013706
2185899.386141 -2559714.427115 -436565.960714 0.014257
2185899.318032 -2559715.322360 -436560.738819 0.013944
2185898.813397 -2559715.586197 -436555.427765 0.015044
2185898.698011 -2559716.867720 -436547.582841 0.014343
2185898.209789 -2559717.214486 -436542.261016 0.013382
2185897.675806 -2559717.341091 -436536.927170 0.014879
2185897.178005 -2559717.640442 -436531.607388 0.014763
2185896.228894 -2559717.240270 -436526.183519 0.016370
2185895.716002 -2559717.470070 -436520.849076 0.016074
2185894.770231 -2559717.088582 -436515.415772 0.016641
2185894.259457 -2559717.305707 -436510.187760 0.014391
2185893.755005 -2559717.584785 -436504.821785 0.011103
2185893.690146 -2559718.484771 -436499.642170 0.013865
2185892.752857 -2559718.143874 -436494.212522 0.014150
2185892.222944 -2559718.293702 -436488.866298 0.014056
2185891.715177 -2559718.544868 -436483.544018 0.014698
2185890.753743 -2559718.093867 -436478.085415 0.013960
2185889.826779 -2559717.779318 -436472.766553 0.011955
2185888.886541 -2559717.424768 -436467.334533 0.012098
2185888.387540 -2559717.742359 -436461.904904 0.013846
2185887.856486 -2559717.864242 -436456.662331 0.011792
2185886.911666 -2559717.490368 -436451.218501 0.011290
2185886.406032 -2559717.749910 -436445.904666 0.012337
2185886.322055 -2559718.570786 -436440.670567 0.011984
2185885.832995 -2559718.907383 -436435.372668 0.013215
2185885.311292 -2559719.094109 -436430.037513 0.013635
2185884.808569 -2559719.368744 -436424.721674 0.014303
2185884.303857 -2559719.634979 -436419.399497 0.014625
2185883.810830 -2559719.956341 -436414.084944 0.014732
2185883.287240 -2559720.119371 -436408.824344 0.010763
2185882.769806 -2559720.323840 -436403.501811 0.011909
2185882.702933 -2559721.223864 -436398.283916 0.011733
2185882.194691 -2559721.475407 -436392.952486 0.011477
2185881.681885 -2559721.702103 -436387.631343 0.012450
2185881.611790 -2559722.587299 -436382.409858 0.012169
2185881.115212 -2559722.890973 -436377.096671 0.012661
2185880.594040 -2559723.079783 -436371.763317 0.013160
2185880.524223 -2559723.965742 -436366.544071 0.013078
2185880.889459 -2559725.472953 -436361.424841 0.012312
2185880.398076 -2559725.798398 -436356.124695 0.013551
2185880.317648 -2559726.616134 -436350.986996 0.010162
2185880.245280 -2559727.493840 -436345.751445 0.009003
2185880.608885 -2559728.985394 -436340.661547 0.010710
2185880.976331 -2559730.500387 -436335.552987 0.010833
2185881.781194 -2559732.644502 -436330.557937 0.011028
2185881.735205 -2559733.631492 -436325.396211 0.014249
2185882.532681 -2559735.749614 -436320.362962 0.011733
2185883.342064 -2559737.914617 -436315.373070 0.012302
2185883.699212 -2559739.368032 -436310.325991 0.007298
2185884.060030 -2559740.849920 -436305.220744 0.008167
2185884.422698 -2559742.340797 -436300.114574 0.008575
2185884.370170 -2559743.302493 -436294.927456 0.010115
2185883.845211 -2559743.473912 -436289.590712 0.010475
2185883.782497 -2559744.393061 -436284.376270 0.010425
2185883.727301 -2559745.346234 -436279.172278 0.010463
2185883.215358 -2559745.578131 -436273.845344 0.011001
2185883.134083 -2559746.411406 -436268.613220 0.010497
2185883.052723 -2559747.243840 -436263.382353 0.010371
2185883.430850 -2559748.808561 -436258.283341 0.010297
2185883.797959 -2559750.299316 -436253.278675 0.008324
2185884.149915 -2559751.740152 -436248.164811 0.008961
2185884.088257 -2559752.661918 -436242.959938 0.009529
2185884.035945 -2559753.628366 -436237.758493 0.009702
2185883.963012 -2559754.497247 -436232.545428 0.010362
2185883.452225 -2559754.739725 -436227.199471 0.009071
2185883.370152 -2559755.569772 -436221.964376 0.008523
2185882.429354 -2559755.208613 -436216.546039 0.009864
2185882.364487 -2559756.118006 -436211.328451 0.009594
2185882.272158 -2559756.883161 -436206.168751 0.005307
2185881.780946 -2559757.207150 -436200.877523 0.007281
2185881.713689 -2559758.099479 -436195.680296 0.008861
2185881.651238 -2559759.020699 -436190.462438 0.008393
2185881.570840 -2559759.852305 -436185.252172 0.009796
2185881.947866 -2559761.408489 -436180.163056 0.010797
2185881.434401 -2559761.639360 -436174.812712 0.009327
2185881.360587 -2559762.490019 -436169.671349 0.005317
2185881.281635 -2559763.346461 -436164.374131 0.010078
2185881.214707 -2559764.228638 -436159.240631 0.006251
2185879.848358 -2559763.294455 -436153.714647 0.006816
2185879.307186 -2559763.386958 -436148.375625 0.008397
2185878.385086 -2559763.130541 -436142.886796 0.013266
2185876.554058 -2559761.426063 -436137.298223 0.009073
2185875.588817 -2559760.955465 -436131.842940 0.008893
2185875.076652 -2559761.189093 -436126.505747 0.008576
2185874.140956 -2559760.839208 -436121.158590 0.004654
2185874.496066 -2559762.313191 -436115.955563 0.008498
2185875.726855 -2559778.372097 -436116.183932 0.552512
2185874.357875 -2559764.064755 -436105.636895 0.007559
2185873.842796 -2559764.301282 -436100.215589 0.010893
2185873.781106 -2559765.222299 -436095.011821 0.011677
2185874.156323 -2559766.752721 -436090.005902 0.008898
2185874.087207 -2559767.644948 -436084.773724 0.007816
2185874.445560 -2559769.117684 -436079.655876 0.007560
2185874.370778 -2559770.000977 -436074.333211 0.010028
2185874.742633 -2559771.490996 -436069.418393 0.015182
2185874.651877 -2559774.311691 -436061.911946 -0.111419
2185854.840240 -2559745.882136 -436053.382668 0.505448
2185874.708700 -2559777.796082 -436035.600970 0.005071
2185914.876398 -2559854.785030 -436044.876774 -0.016385
2185880.003336 -2559804.415414 -436025.356943 0.104056
2185874.879837 -2559782.003677 -436014.936658 0.012574
2185875.290419 -2559783.743827 -436009.770100 0.004673
2185878.342049 -2559800.047546 -436003.812764 -0.279258
2185878.878670 -2559791.576512 -435994.646518 -0.089661
2185874.960059 -2559787.609573 -435986.451355 0.008817
2185878.072856 -2559802.284782 -435987.888004 0.403716
2185874.395040 -2559794.651760 -435944.727706 0.011340
2185874.302832 -2559795.435333 -435939.479377 0.010413
2185874.689264 -2559797.038221 -435934.385588 0.010359
2185874.616761 -2559797.908125 -435929.174551 0.011197
2185874.968506 -2559799.349176 -435924.053335 0.011260
2185874.895607 -2559800.217812 -435918.839709 0.011901
2185875.277881 -2559801.799647 -435913.749174 0.012414
2185875.191451 -2559802.603431 -435908.530963 0.013627
2185875.575804 -2559804.179512 -435903.519950 0.009802
2185876.402864 -2559806.448786 -435898.437868 0.012209
2185827.566203 -2559739.081212 -435868.204409 0.245430
2185889.081596 -2559831.891344 -435864.537355 0.061003
2185889.026693 -2559832.728639 -435859.949872 0.016544
2185888.037023 -2559832.094769 -435854.696446 0.013567
2185884.893146 -2559828.516794 -435848.678893 0.011876
2185882.188874 -2559825.573189 -435842.796566 0.011945
2185877.256863 -2559819.892117 -435833.762031 0.013021
2185873.195083 -2559815.451519 -435824.939125 0.013777
2185870.088946 -2559812.627178 -435816.502905 0.012077
2185868.670730 -2559811.456038 -435810.915193 0.011191
2185868.157822 -2559811.688370 -435805.566524 0.009894
2185868.059959 -2559812.439209 -435800.336726 0.010914
2185867.569575 -2559812.774154 -435795.016758 0.010442
2185867.927292 -2559814.242001 -435789.902246 0.010682
2185867.423118 -2559814.507386 -435784.590813 0.011890
2185867.353332 -2559815.393500 -435779.367494 0.011490
2185867.298236 -2559816.341209 -435774.182573 0.013330
2185867.200868 -2559817.098986 -435768.935371 0.012851
2185867.159970 -2559818.117246 -435763.745576 0.013285
2185866.649238 -2559818.356778 -435758.410055 0.012912
2185866.537702 -2559819.030228 -435753.240068 0.009177
2185865.606817 -2559818.721190 -435747.806154 0.008532
2185863.813060 -2559817.200062 -435742.193209 0.010453
2185861.976345 -2559815.483611 -435736.526266 0.010794
2185860.580980 -2559814.419811 -435730.954995 0.009728
2185858.760529 -2559812.773265 -435725.324718 0.012019
2185857.841291 -2559812.515502 -435719.912311 0.012399
2185856.890388 -2559812.113358 -435714.461882 0.011762
2185855.486562 -2559811.011184 -435708.880380 0.010407
2185854.539458 -2559810.604975 -435703.535336 0.007489
2185854.030226 -2559810.851882 -435698.200865 0.007250
2185853.515655 -2559811.071025 -435692.871827 0.007577
2185853.009674 -2559811.332136 -435687.542260 0.007524
2185852.064324 -2559810.950855 -435682.116119 0.008419
2185851.580764 -2559811.311469 -435676.825081 0.010032
2185851.051784 -2559811.465792 -435671.475232 0.009615
2185850.549283 -2559811.743071 -435666.149684 0.009654
2185850.039318 -2559811.984419 -435660.822140 0.009791
2185849.527541 -2559812.217179 -435655.493285 0.010204
2185849.449602 -2559813.064680 -435650.264978 0.009850
2185848.947540 -2559813.341547 -435644.948624 0.010622
2185848.439332 -2559813.576661 -435639.697384 0.006274
2185847.932754 -2559813.830033 -435634.386096 0.007809
2185847.425259 -2559814.087377 -435629.043995 0.006538
2185846.917669 -2559814.334022 -435623.739501 0.008718
2185846.408285 -2559814.582634 -435618.394591 0.007355
2185846.340444 -2559815.474691 -435613.183613 0.008027
2185846.274085 -2559816.373199 -435607.975884 0.008594
2185845.757104 -2559816.589080 -435602.615054 0.006677
2185845.681504 -2559817.443066 -435597.405120 0.007717
2185845.619600 -2559818.363946 -435592.194518 0.008007
2185845.121852 -2559818.640004 -435586.980561 0.006080
2185845.036668 -2559819.446360 -435581.773665 0.008205
2185844.966230 -2559820.330959 -435576.542763 0.007235
2185845.776195 -2559822.493865 -435571.562246 0.008556
2185846.109640 -2559824.463969 -435563.805781 0.005278
2185846.912419 -2559826.593013 -435558.820538 0.006833
2185846.849166 -2559827.510020 -435553.599723 0.006097
2185846.779357 -2559828.389350 -435548.400124 0.007878
2185846.281186 -2559828.664774 -435543.181272 0.005577
2185845.786033 -2559828.973752 -435537.870165 0.006212
2185845.699614 -2559829.786438 -435532.615923 0.004402
2185845.207022 -2559830.101538 -435527.328956 0.006903
2185844.693386 -2559830.330647 -435521.979476 0.005573
2185844.169005 -2559830.508047 -435516.626421 0.004729
2185844.107910 -2559831.431184 -435511.421810 0.005334
2185843.602663 -2559831.687803 -435506.123348 0.007744
2185843.107368 -2559832.003147 -435500.785701 0.006122
2185843.019004 -2559832.782680 -435495.640910 0.002932
2185842.941452 -2559833.625895 -435490.434754 0.004562
2185842.441158 -2559833.914228 -435485.107080 0.004173
2185842.385467 -2559834.861647 -435479.910164 0.005053
2185841.862830 -2559835.045528 -435474.565140 0.004767
2185841.362270 -2559835.331795 -435469.240699 0.004647
2185840.840003 -2559835.520793 -435463.882613 0.003227
2185840.347368 -2559835.840477 -435458.578098 0.004226
2185839.824339 -2559836.017032 -435453.253628 0.005703
2185839.744756 -2559836.856246 -435448.024741 0.005566
2185839.265695 -2559837.225614 -435442.801477 0.001714
2185838.755857 -2559837.457480 -435437.512373 0.005099
2185838.250175 -2559837.723847 -435432.167020 0.003716
2185837.737598 -2559837.953448 -435426.835753 0.003739
2185838.099886 -2559839.443125 -435421.718384 0.003626
2185837.599027 -2559839.727625 -435416.395671 0.003552
2185837.518885 -2559840.560690 -435411.179422 0.004673
2185836.579780 -2559840.214919 -435405.733524 0.003503
2185836.068517 -2559840.426038 -435400.514790 0.002402
2185835.128373 -2559840.074858 -435395.070301 0.001410
2185834.193028 -2559839.738372 -435389.658646 0.003123
2185833.671844 -2559839.934927 -435384.292458 0.000813
2185833.607455 -2559840.839032 -435379.098084 0.002679
2185832.666440 -2559840.479209 -435373.670420 0.003182
2185832.590755 -2559841.336200 -435368.445602 0.003275
2185832.085917 -2559841.600203 -435363.126046 0.003761
2185831.135019 -2559841.196216 -435357.682764 0.003883
2185831.087977 -2559842.180707 -435352.504652 0.005644
2185830.551365 -2559842.285602 -435347.220384 0.000688
2185830.053761 -2559842.588471 -435341.887034 -0.000380
2185829.546876 -2559842.837378 -435336.586717 0.002021
2185829.057550 -2559843.182447 -435331.246887 -0.000174
2185828.074586 -2559842.622085 -435325.802379 0.001979
2185827.583998 -2559842.959074 -435320.470357 0.000529
2185827.068399 -2559843.171345 -435315.147285 0.001621
2185826.126122 -2559842.779673 -435309.836750 0.001426
2185825.605668 -2559842.998136 -435304.381762 0.002515
2185824.684158 -2559842.709410 -435299.065104 0.000344
2185824.187909 -2559843.028653 -435293.674432 0.005152
2185823.667989 -2559843.224582 -435288.334730 0.005112
2185822.723895 -2559842.834863 -435282.982525 0.001565
2185822.644057 -2559843.672750 -435277.752894 0.001409
2185822.100680 -2559843.759607 -435272.392490 0.001299
2185821.634987 -2559844.208906 -435267.094186 0.000960
2185821.130668 -2559844.471091 -435261.791471 0.002978
2185821.062257 -2559845.361631 -435256.573413 0.003003
2185820.577911 -2559845.720035 -435251.273872 0.003890
2185820.058353 -2559845.917822 -435245.933284 0.003758
2185819.981551 -2559846.768149 -435240.712499 0.004172
2185819.477550 -2559847.036570 -435235.391355 0.004592
2185818.986175 -2559847.352809 -435230.142976 -0.000485
2185818.464083 -2559847.538554 -435224.799964 -0.000756
2185818.372171 -2559848.317144 -435219.571360 0.000170
2185818.332107 -2559849.356516 -435214.292998 0.003910
2185817.819252 -2559849.566816 -435209.048956 0.000705
2185817.324119 -2559849.872898 -435203.749180 0.002192
2185817.692687 -2559851.390702 -435198.639643 0.002344
2185817.186814 -2559851.648766 -435193.323210 0.003181
2185816.700771 -2559852.010852 -435187.979189 0.000561
2185816.600261 -2559852.748928 -435182.745259 0.001396
2185816.549634 -2559853.720491 -435177.548267 0.002114
2185816.026520 -2559853.901130 -435172.205488 0.001937
2185815.532307 -2559854.214164 -435166.895391 0.002764
2185815.020594 -2559854.444922 -435161.575322 0.003705
2185814.965001 -2559855.377707 -435156.453428 0.000322
2185814.905034 -2559856.322359 -435151.165821 0.004577
2185814.811598 -2559857.085453 -435145.987324 -0.000934
2185814.767116 -2559858.082849 -435140.806131 0.000433
2185814.239154 -2559858.241476 -435135.457102 0.000352
2185814.199241 -2559859.263951 -435130.265247 0.000497
2185813.234899 -2559858.794840 -435124.820276 0.001457
2185813.155962 -2559859.632204 -435119.608473 0.002653
2185812.224182 -2559859.321819 -435114.164871 0.001438
2185811.275046 -2559858.924920 -435108.727811 0.001729
2185810.325200 -2559858.529839 -435103.270438 0.000630
2185808.946766 -2559857.539807 -435097.737628 0.001500
2185808.016492 -2559857.210034 -435092.415202 -0.000495
2185807.487068 -2559857.382639 -435086.968130 0.001882
2185806.118249 -2559856.417281 -435081.539076 0.000183
2185805.562692 -2559856.472005 -435076.054779 0.001256
2185804.214303 -2559855.603027 -435070.639316 -0.000723
2185803.708269 -2559855.860166 -435065.322666 0.000245
2185802.765015 -2559855.496959 -435059.868145 -0.001196
2185802.267164 -2559855.787693 -435054.575959 0.001260
2185802.202875 -2559856.699373 -435049.352691 0.000624
2185801.679056 -2559856.882709 -435043.986915 -0.001302
2185801.186362 -2559857.199892 -435038.689839 0.000410
2185800.675972 -2559857.440829 -435033.354025 0.000065
2185799.731263 -2559857.063885 -435027.924841 0.000872
2185799.670358 -2559857.971546 -435022.799286 -0.002569
2185799.145726 -2559858.141437 -435017.469104 -0.001403
2185798.657342 -2559858.481967 -435012.163531 -0.000734
2185798.146731 -2559858.721870 -435006.827163 -0.001078
2185798.080098 -2559859.620158 -435001.610919 -0.000977
2185797.576105 -2559859.890672 -434996.282183 -0.001128
2185797.514434 -2559860.813545 -434991.064398 -0.001501
2185797.437013 -2559861.678968 -434985.753109 0.002151
2185796.946382 -2559861.991924 -434980.529159 -0.000907
2185796.875745 -2559862.869292 -434975.318131 -0.000060
2185796.382321 -2559863.183526 -434970.019358 0.001542
2185795.878397 -2559863.430645 -434964.799779 -0.000193
2185795.807784 -2559864.335872 -434959.463100 0.000826
2185794.878611 -2559864.011463 -434954.141313 -0.001169
2185794.335161 -2559864.101949 -434948.765540 -0.002670
2185793.383308 -2559863.696712 -434943.310488 -0.003417
2185792.444960 -2559863.347274 -434937.894080 -0.002120
2185791.931227 -2559863.575679 -434932.544127 -0.003263
2185791.437022 -2559863.886356 -434927.243240 -0.001892
2185790.923562 -2559864.110797 -434921.913352 -0.001353
2185789.995224 -2559863.808277 -434916.505223 -0.000060
2185790.351227 -2559865.271073 -434911.367450 -0.001334
2185789.400949 -2559864.868077 -434905.934573 -0.000588
2185789.775640 -2559866.413882 -434900.828939 -0.000472
2185788.817484 -2559865.963076 -434895.450904 -0.005319
2185788.761682 -2559866.909363 -434890.252061 -0.004338
2185788.697177 -2559867.817323 -434885.037927 -0.004302
2185788.197668 -2559868.105193 -434879.724906 -0.003308
2185788.137671 -2559869.034109 -434874.514587 -0.003263
2185787.623751 -2559869.257857 -434869.178656 -0.003199
2185787.114388 -2559869.502586 -434863.847312 -0.003324
2185786.602594 -2559869.735430 -434858.515237 -0.003070
2185786.102151 -2559870.003810 -434853.280304 -0.006462
2185786.035107 -2559870.918494 -434847.972864 -0.003070
2185785.088931 -2559870.536735 -434842.535354 -0.002986
2185785.018580 -2559871.395079 -434837.421048 -0.004745
2185784.519954 -2559871.692818 -434832.086458 -0.005776
2185784.020404 -2559871.980567 -434826.774176 -0.004830
2185783.519418 -2559872.260011 -434821.465336 -0.003516
2185783.449220 -2559873.144854 -434816.232941 -0.004449
2185783.373475 -2559874.004651 -434810.992837 -0.005678
2185782.426696 -2559873.621876 -434805.546994 -0.006106
2185781.932489 -2559873.932400 -434800.247001 -0.004523
2185780.549543 -2559872.925711 -434794.696681 -0.004664
2185780.027001 -2559873.106038 -434789.365549 -0.003717
2185779.095488 -2559872.771946 -434784.037952 -0.006020
2185778.591667 -2559873.042841 -434778.710020 -0.006112
2185778.081670 -2559873.285843 -434773.373245 -0.006473
2185778.013780 -2559874.179552 -434768.149521 -0.006862
2185777.950143 -2559875.093134 -434762.929141 -0.007246
2185778.306970 -2559876.559858 -434757.791544 -0.008679
2185778.253841 -2559877.513949 -434752.611799 -0.006363
2185778.629714 -2559879.045426 -434747.600810 -0.009327
2185778.554377 -2559879.906426 -434742.363114 -0.010225
2185777.615475 -2559879.569766 -434736.867761 -0.004622
2185776.693961 -2559879.284901 -434731.538258 -0.007772
2185775.739780 -2559878.865750 -434726.093854 -0.007706
2185775.223954 -2559879.102345 -434720.653353 -0.005522
2185774.713557 -2559879.324111 -434715.410867 -0.008818
2185774.222328 -2559879.650483 -434710.104097 -0.007844
2185774.143935 -2559880.497381 -434704.863460 -0.009027
2185773.637171 -2559880.754654 -434699.532819 -0.008981
2185773.174307 -2559881.185245 -434694.375965 -0.008389
2185771.304459 -2559879.328363 -434688.641621 -0.011255
2185769.945521 -2559878.429112 -434683.128548 -0.010068
2185769.050913 -2559878.279922 -434677.762069 -0.007329
2185768.048830 -2559877.648300 -434672.239153 -0.010513
2185767.561758 -2559877.990531 -434666.950156 -0.008333
2185767.027846 -2559878.127170 -434661.574582 -0.010428
2185767.369973 -2559879.517280 -434656.454299 -0.009202
2185766.452092 -2559879.271537 -434651.024072 -0.010462
2185765.516121 -2559878.935862 -434645.600159 -0.009661
2185765.446543 -2559879.815599 -434640.397567 -0.008242
2185764.954680 -2559880.141855 -434635.079998 -0.008123
2185764.445483 -2559880.371314 -434629.829213 -0.012179
2185763.488488 -2559879.941065 -434624.375516 -0.012532
2185763.419478 -2559880.829435 -434619.150317 -0.012941
2185762.481998 -2559880.485451 -434613.730344 -0.011811
2185761.970480 -2559880.721006 -434608.394391 -0.012019
2185761.905863 -2559881.628476 -434603.177959 -0.011955
2185761.410904 -2559881.935546 -434597.875517 -0.010485
2185761.342083 -2559882.824018 -434592.653322 -0.010603
2185761.285508 -2559883.750729 -434587.532770 -0.013801
2185761.220453 -2559884.674823 -434582.224689 -0.010677
2185760.731155 -2559884.998984 -434576.983712 -0.015174
2185760.640721 -2559885.786446 -434571.744836 -0.015188
2185760.138020 -2559886.062149 -434566.418021 -0.015214
2185759.639175 -2559886.356236 -434561.094277 -0.015234
2185759.575244 -2559887.263856 -434555.889532 -0.014251
2185759.065609 -2559887.504082 -434550.569117 -0.013231
2185759.435083 -2559889.017185 -434545.487432 -0.010775
2185758.068354 -2559888.094430 -434539.919801 -0.013468
2185757.561342 -2559888.346065 -434534.604957 -0.012195
2185756.609527 -2559887.923436 -434529.238637 -0.016273
2185756.562737 -2559888.932774 -434523.944418 -0.013269
2185756.048575 -2559889.139682 -434518.687914 -0.017280
2185755.529687 -2559889.339604 -434513.349797 -0.017252
2185755.464349 -2559890.240033 -434508.145857 -0.015945
2185755.411670 -2559891.203653 -434502.936607 -0.016231
2185755.334887 -2559892.047238 -434497.736571 -0.013794
2185755.273211 -2559892.969215 -434492.518825 -0.014163
2185754.342207 -2559892.661265 -434487.081684 -0.014788
2185754.271905 -2559893.545716 -434481.846696 -0.016002
2185753.749080 -2559893.713823 -434476.556455 -0.011407
2185753.272104 -2559894.107292 -434471.279375 -0.019871
2185752.766405 -2559894.360003 -434465.985326 -0.016778
2185752.683882 -2559895.187793 -434460.739122 -0.018076
2185752.188860 -2559895.497182 -434455.426068 -0.017317
2185751.693131 -2559895.805336 -434450.105411 -0.017406
2185751.615205 -2559896.647924 -434444.887642 -0.016374
2185752.001288 -2559898.250187 -434439.773450 -0.017899
2185751.493565 -2559898.500850 -434434.448629 -0.017231
2185751.422318 -2559899.379386 -434429.218221 -0.017979
2185751.352036 -2559900.239376 -434424.096264 -0.020240
2185751.741984 -2559901.873460 -434418.912046 -0.017085
2185751.250571 -2559902.180954 -434413.693740 -0.019436
2185751.185871 -2559903.076991 -434408.517676 -0.015952
2185750.229772 -2559902.663401 -434403.017193 -0.020254
2185748.837491 -2559901.611793 -434397.467178 -0.019697
2185747.477151 -2559900.708409 -434391.945408 -0.018964
2185746.532323 -2559900.336533 -434386.495402 -0.019837
2185745.549004 -2559899.785471 -434381.013529 -0.020686
2185745.511952 -2559900.816075 -434375.838007 -0.019074
2185472.365062 -2559440.650326 -439653.151851 0.009182
2185471.868160 -2559440.958797 -439647.901245 0.004945
2185470.943460 -2559440.702478 -439642.475072 0.005159
2185470.435367 -2559440.978832 -439637.135415 0.004943
2185470.368385 -2559441.899083 -439631.907274 0.004644
2185470.737900 -2559443.438848 -439626.800691 0.005481
2185470.245414 -2559443.784718 -439621.485343 0.006181
2185470.604488 -2559445.280061 -439616.352493 0.005537
2185470.981239 -2559446.854008 -439611.252466 0.006363
2185471.351041 -2559448.393215 -439606.154060 0.007863
2185471.728522 -2559449.971987 -439601.045710 0.007950
2185475.086804 -2559457.392002 -439588.949087 0.003126
2185476.771715 -2559460.848097 -439584.090320 0.007611
2185478.023696 -2559463.679437 -439579.199390 0.007778
2185485.273436 -2559477.144916 -439565.489958 0.004928
2185405.476434 -2559367.893362 -439515.434419 -0.052802
2185505.992381 -2559519.697662 -439506.664937 -0.038044
2185504.094413 -2559517.900676 -439500.224001 -0.113943
2185511.479990 -2559530.220859 -439494.107327 0.005316
2185505.742378 -2559522.374163 -439490.334539 -0.124293
2185513.124342 -2559534.700012 -439484.124072 0.005621
2185513.056733 -2559535.614640 -439478.902775 0.005747
2185512.554443 -2559535.912911 -439473.577520 0.006290
2185511.600249 -2559535.519667 -439468.120176 0.005872
2185511.105250 -2559535.850538 -439462.810209 0.007170
2185510.164079 -2559535.517643 -439457.361437 0.006563
2185509.658436 -2559535.803327 -439452.023729 0.006260
2185509.150742 -2559536.076737 -439446.695606 0.006890
2185508.197885 -2559535.669800 -439441.322637 0.002757
2185506.831477 -2559534.761134 -439435.793557 0.003728
2185505.445983 -2559533.765520 -439430.245161 0.004440
2185504.072672 -2559532.828633 -439424.698343 0.004385
2185503.111351 -2559532.399465 -439419.246366 0.004926
2185502.188741 -2559532.151913 -439413.815304 0.004503
2185501.668984 -2559532.372651 -439408.463951 0.004028
2185500.734586 -2559532.069866 -439403.027889 0.003996
2185499.795123 -2559531.743139 -439397.588438 0.004064
2185498.853229 -2559531.383894 -439392.238225 0.000906
2185498.351511 -2559531.705177 -439386.828827 0.005138
2185497.409888 -2559531.348160 -439381.474395 0.001603
2185496.469381 -2559531.014411 -439376.043407 0.002564
2185495.964720 -2559531.304380 -439370.707014 0.002124
2185495.910740 -2559532.280768 -439365.500098 0.002731
2185495.387058 -2559532.481994 -439360.149104 0.002405
2185495.759863 -2559534.038664 -439355.033969 0.002274
2185495.250784 -2559534.306610 -439349.698437 0.002216
2185494.709891 -2559534.435324 -439344.301162 -0.000547
2185494.256647 -2559534.951999 -439339.054315 0.003069
2185493.753257 -2559535.223619 -439333.821493 0.000633
2185493.681367 -2559536.120400 -439328.584109 -0.000348
2185493.629024 -2559537.104046 -439323.378851 0.000269
2185493.562792 -2559538.025670 -439318.151813 -0.000242
2185493.926662 -2559539.539505 -439313.032699 -0.000090
2185493.858052 -2559540.448327 -439307.811533 0.000053
2185493.783689 -2559541.329973 -439302.588232 0.000680
2185494.607538 -2559543.576546 -439297.594864 0.000368
2185494.972138 -2559545.093065 -439292.481123 0.000899
2185494.912850 -2559546.044111 -439287.271084 0.001325
2185495.723520 -2559548.207892 -439282.357082 -0.002008
2185496.095562 -2559549.779522 -439277.161655 0.001748
2185496.477513 -2559551.356652 -439272.142274 -0.001748
2185496.844377 -2559552.886240 -439267.017968 -0.002521
2185497.209005 -2559554.400730 -439261.913292 -0.001237
2185497.137696 -2559555.300166 -439256.674547 -0.002394
2185496.638950 -2559555.611226 -439251.365900 -0.000804
2185495.697332 -2559555.273803 -439245.925943 -0.000728
2185495.194141 -2559555.567706 -439240.598143 -0.000446
2185494.251972 -2559555.227978 -439235.156597 -0.000460
2185493.308066 -2559554.878329 -439229.719995 0.000094
2185492.378773 -2559554.598655 -439224.286806 -0.000118
2185492.276852 -2559555.335256 -439219.112028 -0.004382
2185492.222289 -2559556.310583 -439213.893093 -0.004946
2185492.159466 -2559557.241735 -439208.694114 -0.003245
2185492.097263 -2559558.177914 -439203.485714 -0.002398
2185492.028162 -2559559.083951 -439198.263684 -0.002188
2185491.962215 -2559560.004225 -439193.045581 -0.001899
2185491.893688 -2559560.911119 -439187.831801 -0.001041
2185491.393272 -2559561.219688 -439182.496767 -0.001596
2185491.761359 -2559562.752245 -439177.382976 -0.001480
2185491.261367 -2559563.061724 -439172.052742 -0.001665
2185491.629099 -2559564.572593 -439167.023121 -0.005188
2185492.011334 -2559566.185980 -439161.854554 0.000070
2185492.367770 -2559567.647027 -439156.804508 -0.004385
2185492.315408 -2559568.629369 -439151.599869 -0.004045
2185492.680471 -2559570.147463 -439146.485054 -0.003685
2185493.047881 -2559571.675630 -439141.375358 -0.003332
2185493.875108 -2559573.933722 -439136.396905 -0.002419
2185494.245952 -2559575.480477 -439131.277702 -0.003092
2185495.488993 -2559578.268627 -439126.379879 -0.003086
2185495.843134 -2559579.736786 -439121.252807 -0.003151
2185497.928076 -2559584.214543 -439114.072102 -0.004900
2185500.482679 -2559589.514670 -439106.834047 -0.001305
2185503.879892 -2559595.878840 -439099.968437 -0.004299
2185505.624626 -2559599.587562 -439095.252131 -0.002721
2185505.949255 -2559600.922934 -439090.083090 -0.004275
2185506.321917 -2559602.476708 -439084.971275 -0.004330
2185506.693816 -2559604.025112 -439079.864672 -0.003932
2185507.011593 -2559605.935785 -439072.132133 -0.003387
2185507.368173 -2559608.025857 -439064.429619 -0.002905
2185507.292514 -2559608.879039 -439059.294130 -0.005916
2185507.627193 -2559610.889038 -439051.487062 -0.001967
2185507.973501 -2559612.912693 -439043.855131 -0.005605
2185508.696845 -2559615.916096 -439033.621969 -0.005061
2185508.632209 -2559616.840987 -439028.406728 -0.004803
2185508.568328 -2559617.769089 -439023.193434 -0.004170
2185508.937478 -2559619.302438 -439018.093514 -0.003156
2185508.866164 -2559620.200313 -439012.855151 -0.004113
2185508.796912 -2559621.081041 -439007.733024 -0.006459
2185508.729679 -2559622.015873 -439002.421482 -0.003123
2185509.529920 -2559624.764686 -438994.821530 -0.003800
2185509.875486 -2559626.171235 -438989.778255 -0.007022
2185510.689659 -2559628.368386 -438984.789759 -0.006228
2185511.052399 -2559629.875001 -438979.672795 -0.006094
2185511.424727 -2559631.423238 -438974.575944 -0.004935
2185510.926554 -2559631.737097 -438969.258140 -0.004272
2185509.969106 -2559631.326451 -438963.795164 -0.005087
2185509.033900 -2559631.013734 -438958.370601 -0.004244
2185508.535133 -2559631.327015 -438953.044574 -0.004221
2185508.022341 -2559631.556252 -438947.785819 -0.008450
2185508.392981 -2559633.117526 -438942.597818 -0.003975
2185507.869657 -2559633.294978 -438937.343873 -0.007073
2185507.372346 -2559633.614074 -438932.022777 -0.006626
2185507.740878 -2559635.167228 -438926.822913 -0.003129
2185507.689933 -2559636.130892 -438921.721793 -0.004875
2185507.606274 -2559636.969225 -438916.481410 -0.005442
2185511.411459 -2559644.457145 -438907.027604 -0.005079
2185511.802129 -2559646.095375 -438901.920390 -0.006073
2185512.596505 -2559648.200596 -438896.914901 -0.005501
2185513.409513 -2559650.393743 -438891.917205 -0.005313
2185514.215977 -2559652.555845 -438886.917332 -0.005120
2185515.025176 -2559654.731057 -438881.920014 -0.004649
2185515.397137 -2559656.277029 -438876.820751 -0.003818
2185516.200064 -2559658.403553 -438871.901821 -0.007084
2185517.037294 -2559660.708993 -438866.920525 -0.007465
2185516.973460 -2559661.635661 -438861.710243 -0.006646
2185518.609816 -2559665.459914 -438854.298466 -0.007418
2185519.409998 -2559667.593841 -438849.289316 -0.007319
2185520.203849 -2559669.696484 -438844.283683 -0.006744
2185521.026482 -2559671.933469 -438839.298810 -0.006188
2185521.408949 -2559673.528522 -438834.205305 -0.005634
2185522.215041 -2559675.688324 -438829.209070 -0.004876
2185523.021444 -2559677.849150 -438824.211505 -0.004500
2185524.269371 -2559680.659167 -438819.318346 -0.004577
2185525.884672 -2559684.995977 -438809.312475 -0.004663
2185526.686021 -2559687.115110 -438804.392193 -0.008210
2185527.053796 -2559688.663286 -438799.195919 -0.004285
2185528.294967 -2559691.438672 -438794.312895 -0.003195
2185529.549654 -2559694.274969 -438789.448547 -0.001452
2185530.776369 -2559697.598881 -438781.952004 -0.001863
2185533.285477 -2559702.649293 -438774.841514 -0.006361
2185537.486896 -2559711.210171 -438762.784600 -0.003370
2185539.527368 -2559716.705280 -438750.400762 -0.005462
2185540.344161 -2559718.914417 -438745.414730 -0.004888
2185541.141962 -2559721.037941 -438740.398619 -0.005257
2185542.786131 -2559724.871795 -438733.107836 -0.007097
2185545.756414 -2559730.700199 -438725.960230 -0.003989
2185546.556564 -2559732.841292 -438720.918378 -0.006688
2185546.486525 -2559733.764959 -438715.591724 0.006070
2185556.438312 -2559750.061209 -438708.091827 -0.013979
2185509.457939 -2559682.955723 -438692.514139 -0.197260
2185543.139532 -2559734.729750 -438686.366766 -0.010674
2185542.552116 -2559734.616523 -438681.028099 -0.005633
2185542.033892 -2559734.807490 -438675.814023 -0.005818
2185541.049835 -2559734.303143 -438670.190351 -0.007508
2185541.004412 -2559735.313288 -438664.997283 -0.006727
2185540.504024 -2559735.613978 -438659.677778 -0.006124
2185540.454599 -2559736.603548 -438654.490351 -0.004595
2185540.375545 -2559737.459280 -438649.263760 -0.004259
2185539.869970 -2559737.737732 -438643.935918 -0.004037
2185538.902547 -2559737.255839 -438638.561810 -0.007534
2185537.941627 -2559737.434624 -438630.522853 -0.007750
2185537.432055 -2559737.693552 -438625.196140 -0.007131
2185536.491382 -2559737.359387 -438619.738410 -0.008790
2185535.505831 -2559737.417587 -438611.710700 -0.006221
2185534.988204 -2559737.637106 -438606.385020 -0.004943
2185534.489310 -2559737.945161 -438601.067290 -0.004481
2185533.128472 -2559737.061963 -438595.517813 -0.005723
2185533.041877 -2559737.880871 -438590.292052 -0.004965
2185530.728474 -2559735.967954 -438581.985432 -0.007919
2185525.744446 -2559731.952764 -438565.040933 -0.005970
2185522.528853 -2559728.657314 -438556.496317 -0.008777
2185520.243638 -2559726.891549 -438548.146691 -0.006598
2185518.861103 -2559725.902946 -438542.602877 -0.006138
2185517.917101 -2559725.548372 -438537.164056 -0.005859
2185517.405754 -2559725.800539 -438531.828465 -0.006045
2185517.334169 -2559726.691216 -438526.603443 -0.006028
2185516.390275 -2559726.315761 -438521.258032 -0.008927
2185515.852500 -2559726.444369 -438515.904189 -0.008529
2185514.941708 -2559726.242233 -438510.499345 -0.007991
2185513.965090 -2559726.347637 -438502.451862 -0.007748
2185513.457389 -2559726.615093 -438497.123770 -0.007408
2185512.911622 -2559727.318368 -438489.178193 -0.007500
2185511.956378 -2559726.911968 -438483.728226 -0.007391
2185510.590105 -2559725.998809 -438478.197006 -0.007033
2185510.063020 -2559726.176406 -438472.855609 -0.006354
2185509.571353 -2559726.497934 -438467.628755 -0.009535
2185509.045023 -2559726.678821 -438462.284319 -0.009271
2185508.562052 -2559727.058663 -438456.987068 -0.008114
2185507.597501 -2559726.610891 -438451.523851 -0.008616
2185507.091060 -2559726.882861 -438446.201750 -0.007913
2185506.143898 -2559726.514649 -438440.757307 -0.008042
2185505.638751 -2559726.794183 -438435.430701 -0.007801
2185505.128018 -2559727.048111 -438430.097362 -0.007601
2185504.620916 -2559727.315243 -438424.782315 -0.006371
2185504.562570 -2559728.267307 -438419.564887 -0.006776
2185504.038893 -2559728.458358 -438414.235462 -0.005508
2185503.973050 -2559729.355776 -438409.097550 -0.009461
2185503.912385 -2559730.295175 -438403.886378 -0.009211
2185503.859583 -2559731.272019 -438398.676868 -0.009341
2185503.773203 -2559732.091649 -438393.447850 -0.008807
2185503.256432 -2559732.317600 -438388.108225 -0.008833
2185503.566416 -2559734.184211 -438380.377611 -0.007807
2185503.051676 -2559735.030346 -438372.454703 -0.008176
2185502.525273 -2559735.188704 -438367.206448 -0.010623
2185502.431205 -2559736.583273 -438359.387076 -0.010185
2185501.914091 -2559736.807837 -438354.047485 -0.010345
2185501.850599 -2559737.735297 -438348.827596 -0.010514
2185501.344127 -2559738.006368 -438343.506566 -0.009852
2185500.832290 -2559738.254029 -438338.174924 -0.009451
2185500.318699 -2559738.493287 -438332.844981 -0.009059
2185499.808137 -2559738.744827 -438327.523225 -0.007920
2185499.307001 -2559739.023781 -438322.280338 -0.011829
2185499.242112 -2559739.943636 -438317.063630 -0.011636
2185499.171434 -2559740.836925 -438311.840859 -0.011801
2185499.100656 -2559741.728717 -438306.622655 -0.011437
2185499.040556 -2559742.670586 -438301.409951 -0.011382
2185499.401717 -2559744.163222 -438296.300895 -0.010651
2185499.330252 -2559745.053673 -438291.073373 -0.011054
2185499.223252 -2559746.386845 -438283.247413 -0.010309
2185499.152888 -2559747.260785 -438278.114028 -0.013742
2185499.525549 -2559748.806209 -438273.017852 -0.012741
2185499.013780 -2559749.073520 -438267.600900 -0.008937
2185499.380614 -2559750.596069 -438262.481406 -0.009373
2185499.755564 -2559752.133905 -438257.462689 -0.012907
2185499.647768 -2559753.463857 -438249.632682 -0.012451
2185499.579328 -2559754.366056 -438244.416578 -0.012098
2185499.503150 -2559755.233086 -438239.191042 -0.012020
2185499.430338 -2559756.114504 -438233.973554 -0.011474
2185499.802841 -2559757.658309 -438228.879991 -0.010282
2185500.166398 -2559759.164009 -438223.764349 -0.010296
2185499.664498 -2559759.437330 -438218.525519 -0.013823
2185499.594745 -2559760.354006 -438213.218516 -0.010164
2185499.102808 -2559760.695601 -438207.891337 -0.010949
2185499.454492 -2559762.123948 -438202.862803 -0.013567
2185499.826164 -2559763.665740 -438197.759477 -0.013263
2185500.184968 -2559765.147726 -438192.644720 -0.012755
2185500.563747 -2559766.722322 -438187.547416 -0.012317
2185501.364260 -2559768.851110 -438182.548793 -0.011668
2185501.744210 -2559770.431546 -438177.450334 -0.011424
2185502.545000 -2559772.562855 -438172.446282 -0.011244
2185503.798748 -2559775.374166 -438167.648842 -0.014853
2185504.594581 -2559777.501526 -438162.558653 -0.010704
2185504.975093 -2559779.084805 -438157.457060 -0.010865
2185504.893101 -2559779.923159 -438152.232487 -0.010179
2185504.821635 -2559780.792387 -438147.093173 -0.014072
2185504.754891 -2559781.700475 -438141.884501 -0.013120
2185504.261317 -2559782.032437 -438136.565011 -0.013287
2185503.747549 -2559782.270671 -438131.230343 -0.013064
2185503.242572 -2559782.548629 -438125.904714 -0.012952
2185503.167513 -2559783.417838 -438120.690486 -0.011885
2185503.073123 -2559784.201081 -438115.444520 -0.012408
2185502.945778 -2559786.047211 -438105.023401 -0.011517
2185502.876480 -2559786.944458 -438099.807163 -0.011023
2185502.807319 -2559787.841795 -438094.593150 -0.010619
2185502.733380 -2559788.699540 -438089.450810 -0.014455
2185503.109597 -2559790.280341 -438084.270708 -0.010086
2185503.039324 -2559791.154732 -438079.132506 -0.013840
2185502.975571 -2559792.078156 -438073.917671 -0.013766
2185503.343491 -2559793.604100 -438068.799351 -0.014337
2185504.155875 -2559795.786800 -438063.814368 -0.013423
2185505.350594 -2559798.950430 -438056.315402 -0.012103
2185504.841061 -2559799.206023 -438050.987470 -0.011884
2185503.456143 -2559798.205686 -438045.434983 -0.011852
2185502.511734 -2559797.841911 -438040.021189 -0.009862
2185501.560949 -2559797.455410 -438034.567677 -0.010495
2185500.617755 -2559797.102129 -438029.131431 -0.010463
2185499.674951 -2559796.751281 -438023.692359 -0.010432
2185498.299531 -2559795.775029 -438018.234275 -0.014144
2185497.346597 -2559795.376350 -438012.791231 -0.013872
2185496.387784 -2559794.948698 -438007.349017 -0.013141
2185495.865409 -2559795.147135 -438002.004425 -0.013195
2185494.935756 -2559794.854632 -437996.587145 -0.012519
2185493.984083 -2559794.459542 -437991.153024 -0.011460
2185493.913444 -2559795.352098 -437985.925860 -0.012074
2185493.413698 -2559795.653211 -437980.608462 -0.011529
2185492.900444 -2559795.893017 -437975.270138 -0.011820
2185492.828544 -2559796.778165 -437970.048750 -0.011734
2185493.189739 -2559798.269568 -437964.941159 -0.011002
2185493.110805 -2559799.120615 -437959.720684 -0.010346
2185492.610230 -2559799.399043 -437954.479486 -0.014110
2185492.105338 -2559799.676168 -437949.157948 -0.013556
2185492.029902 -2559800.544477 -437943.935000 -0.013382
2185492.837552 -2559802.705223 -437938.941793 -0.012822
2185492.329693 -2559802.969004 -437933.611247 -0.012843
2185492.222191 -2559804.296157 -437925.787410 -0.012129
2185492.953496 -2559807.323963 -437915.556089 -0.012614
2185493.335821 -2559808.912119 -437910.464742 -0.011834
2185493.658539 -2559810.830789 -437902.758055 -0.010001
2185493.136434 -2559811.007560 -437897.507044 -0.013081
2185493.012598 -2559812.888517 -437886.996656 -0.009278
2185492.061813 -2559812.479379 -437881.643712 -0.012507
2185490.671206 -2559811.453472 -437876.079383 -0.013128
2185489.286827 -2559810.454505 -437870.531222 -0.013088
2185487.027683 -2559808.198134 -437864.778251 -0.011657
2185485.640089 -2559807.187272 -437859.214136 -0.012735
2185484.257186 -2559806.190646 -437853.687592 -0.010737
2185482.852456 -2559805.093549 -437848.140936 -0.009058
2185481.494225 -2559804.199936 -437842.680899 -0.014030
2185479.651755 -2559802.506820 -437836.882121 -0.013701
2185478.686139 -2559802.021781 -437831.548570 -0.014028
2185477.302908 -2559801.026295 -437826.008385 -0.013430
2185476.360312 -2559800.675590 -437820.571319 -0.013300
2185474.984544 -2559799.713943 -437815.042717 -0.012235
2185474.453298 -2559799.867045 -437809.704719 -0.011160
2185473.070048 -2559798.869318 -437804.176697 -0.009526
2185471.689025 -2559797.890450 -437798.613079 -0.010798
2185471.638859 -2559798.875794 -437793.406520 -0.011141
2185469.794380 -2559797.144855 -437787.731243 -0.010807
2185469.287610 -2559797.411915 -437782.407377 -0.010493
2185468.774518 -2559797.650071 -437777.081226 -0.009695
2185467.814306 -2559797.219353 -437771.623029 -0.010398
2185467.315120 -2559797.521350 -437766.308082 -0.009605
2185467.240622 -2559798.388950 -437761.104016 -0.008069
2185466.725844 -2559798.600952 -437755.854018 -0.011623
2185466.224297 -2559798.893613 -437750.531744 -0.011439
2185465.722694 -2559799.183630 -437745.217953 -0.010519
2185465.219317 -2559799.469301 -437739.885211 -0.011081
2185464.704210 -2559799.699643 -437734.548237 -0.011176
2185465.072919 -2559801.225364 -437729.438365 -0.011181
2185464.554472 -2559801.439428 -437724.102101 -0.010987
2185464.485167 -2559802.335944 -437718.879341 -0.011276
2185464.415632 -2559803.208172 -437713.758396 -0.013704
2185463.904714 -2559803.456158 -437708.432935 -0.013146
2185463.833100 -2559804.338515 -437703.223569 -0.012118
2185463.767180 -2559805.269407 -437697.921188 -0.008584
2185463.700821 -2559806.159664 -437692.787378 -0.012315
2185463.176662 -2559806.346561 -437687.446639 -0.012130
2185463.104232 -2559807.226737 -437682.228950 -0.011756
2185462.586423 -2559807.445540 -437676.885630 -0.012227
2185462.077638 -2559807.702635 -437671.562982 -0.011567
2185461.573176 -2559807.978870 -437666.249624 -0.010451
2185461.062587 -2559808.224624 -437660.936532 -0.008861
2185460.132291 -2559807.910720 -437655.595576 -0.012558
2185459.618442 -2559808.148236 -437650.253417 -0.013074
2185459.538738 -2559808.994259 -437645.030999 -0.012738
2185459.019309 -2559809.203729 -437639.689714 -0.012787
2185458.951592 -2559810.107126 -437634.468191 -0.013208
2185458.459077 -2559810.440229 -437629.156850 -0.012611
2185458.325587 -2559811.645092 -437621.309854 -0.012006
2185457.834386 -2559811.981445 -437616.009573 -0.010847
2185457.764418 -2559812.874537 -437610.785283 -0.011083
2185457.689264 -2559813.741864 -437605.564403 -0.010941
2185457.625791 -2559814.662440 -437600.356584 -0.010246
2185457.555160 -2559815.552112 -437595.132750 -0.010666
2185457.032988 -2559815.749554 -437589.789461 -0.010704
2185456.949034 -2559816.556030 -437584.649351 -0.013920
2185456.460410 -2559816.906511 -437579.338965 -0.013643
2185455.936804 -2559817.092527 -437574.013311 -0.012245
2185455.874493 -2559818.017046 -437568.812006 -0.011208
2185455.797978 -2559818.885767 -437563.554606 -0.013924
2185455.744083 -2559819.845923 -437558.374619 -0.011683
2185455.654287 -2559820.643661 -437553.148769 -0.010836
2185455.171853 -2559821.005658 -437547.921532 -0.014767
2185455.088536 -2559821.859022 -437542.587488 -0.012713
2185455.441024 -2559823.303892 -437537.483372 -0.011112
2185456.254078 -2559825.468589 -437532.573521 -0.014757
2185457.077210 -2559827.690935 -437527.620358 -0.011961
2185457.884373 -2559829.848521 -437522.615484 -0.012434
2185458.681177 -2559831.959540 -437517.594066 -0.013544
2185460.358873 -2559835.349794 -437512.809642 -0.013555
2185461.617628 -2559838.196478 -437507.939875 -0.012811
2185462.857829 -2559840.961167 -437503.039457 -0.013378
2185464.982049 -2559845.020307 -437498.372557 -0.013290
2185465.791263 -2559847.184419 -437493.382868 -0.012638
2185466.080626 -2559849.535297 -437483.138157 -0.015752
2185466.447737 -2559851.050677 -437478.034417 -0.015053
2185466.310179 -2559852.843288 -437467.600456 -0.014774
2185466.685897 -2559854.398936 -437462.501183 -0.014539
2185467.052722 -2559855.910908 -437457.406014 -0.013095
2185467.409862 -2559857.382815 -437452.279374 -0.013747
2185467.340267 -2559858.274839 -437447.063406 -0.013464
2185467.701937 -2559859.760826 -437441.973091 -0.011405
2185467.629317 -2559860.624112 -437436.819084 -0.016440
2185468.453798 -2559862.852765 -437431.867294 -0.013791
2185468.376317 -2559863.714389 -437426.617210 -0.015701
2185468.301836 -2559864.584135 -437421.395005 -0.015745
2185468.232038 -2559865.474253 -437416.182404 -0.015043
2185467.715019 -2559865.698165 -437410.823558 -0.017037
2185467.208500 -2559865.960292 -437405.520154 -0.014847
2185467.134882 -2559866.832143 -437400.306528 -0.014228
2185466.635687 -2559867.134216 -437394.981246 -0.014366
2185466.116876 -2559867.342984 -437389.653292 -0.013660
2185465.626905 -2559867.664766 -437384.436830 -0.016048
2185464.656377 -2559867.181876 -437378.977888 -0.016168
2185463.285044 -2559866.240806 -437373.443385 -0.015755
2185461.891193 -2559865.197408 -437367.882311 -0.016259
2185460.941968 -2559864.812351 -437362.446415 -0.015776
2185459.994193 -2559864.437674 -437356.992994 -0.016893
2185459.035209 -2559864.000219 -437351.581521 -0.013697
2185458.497171 -2559864.123555 -437346.217940 -0.014529
2185458.022576 -2559864.535726 -437340.930667 -0.013325
2185457.517800 -2559864.791559 -437335.690138 -0.016878
2185457.452650 -2559865.706451 -437330.464608 -0.017707
2185456.938384 -2559865.932237 -437325.157353 -0.015459
2185456.871534 -2559866.840948 -437319.922662 -0.016948
2185456.793649 -2559867.694020 -437314.699220 -0.016759
2185456.721059 -2559868.569610 -437309.488891 -0.015817
2185456.655146 -2559869.472504 -437304.299753 -0.013579
2185456.571451 -2559870.298932 -437299.070260 -0.013470
2185456.508626 -2559871.223528 -437293.850242 -0.014037
2185456.877449 -2559872.746633 -437288.741155 -0.014032
2185457.245105 -2559874.242663 -437283.728978 -0.016687
2185457.620027 -2559875.796368 -437278.614004 -0.017481
2185457.535364 -2559876.617886 -437273.384828 -0.017428
2185458.350353 -2559878.827512 -437268.310160 -0.013461
2185458.715008 -2559880.313447 -437263.277671 -0.017614
2185458.641243 -2559881.201365 -437257.986499 -0.012520
2185459.438803 -2559883.291877 -437253.067506 -0.016012
2185459.386339 -2559884.258399 -437247.881654 -0.014288
2185459.306375 -2559885.102949 -437242.649690 -0.014798
2185458.811248 -2559885.419678 -437237.342777 -0.013724
2185459.172451 -2559886.908386 -437232.224373 -0.014003
2185459.095330 -2559887.762774 -437227.009248 -0.013151
2185459.459059 -2559889.263861 -437221.887380 -0.013902
2185459.781244 -2559891.157477 -437214.249939 -0.017076
2185460.152667 -2559892.708431 -437209.073156 -0.012235
2185460.975001 -2559894.913096 -437204.173417 -0.015690
2185461.332879 -2559896.384046 -437199.060011 -0.015316
2185462.135558 -2559898.515370 -437194.068472 -0.014374
2185462.509059 -2559900.061461 -437188.956981 -0.014942
2185463.314989 -2559902.208056 -437183.966952 -0.014092
2185463.246516 -2559903.106077 -437178.741221 -0.014881
2185464.037020 -2559905.178265 -437173.749895 -0.012957
2185464.834709 -2559907.293261 -437168.723130 -0.014774
2185465.189078 -2559908.747062 -437163.610387 -0.013968
2185465.580636 -2559910.352025 -437158.622565 -0.016268
2185465.959548 -2559911.923559 -437153.513102 -0.016883
2185466.326399 -2559913.431758 -437148.427175 -0.014961
2185466.691337 -2559914.934881 -437143.320725 -0.014352
2185467.501918 -2559917.108024 -437138.311277 -0.015613
2185467.857629 -2559918.569125 -437133.194147 -0.015285
2185468.224600 -2559920.082773 -437128.086048 -0.015227
2185468.581173 -2559921.547551 -437122.972934 -0.014614
2185469.402154 -2559923.765059 -437117.986285 -0.014676
2185470.663423 -2559926.622417 -437113.114838 -0.014169
2185473.175220 -2559932.131202 -437103.710212 0.210560
2185474.364357 -2559934.821160 -437098.387777 -0.016913
2185476.037607 -2559938.173398 -437093.673847 -0.010605
2185476.440475 -2559939.859756 -437088.562818 -0.013285
2185476.794001 -2559941.289566 -437083.539414 -0.015785
2185476.258529 -2559941.442621 -437078.091507 -0.013163
2185481.944021 -2559949.903784 -437078.437139 -0.198888
2185408.103132 -2559845.953253 -437046.614003 0.177077
2185441.372980 -2559895.086289 -437048.944225 0.215285
2185460.170143 -2559922.708106 -437050.796360 -0.011914
2185458.337787 -2559921.030723 -437045.125077 -0.012371
2185455.657420 -2559918.228984 -437039.234006 -0.014781
2185362.088536 -2559783.735072 -437012.495003 -0.101725
2185452.448214 -2559915.571949 -437028.074485 -0.010744
2185450.176434 -2559913.236584 -437022.392623 -0.013665
2185445.154145 -2559908.394473 -437008.122554 -0.013040
2185442.887530 -2559906.087258 -437002.426148 -0.017402
2185441.072632 -2559904.503783 -436996.715018 -0.011705
2185439.248446 -2559902.865890 -436991.047242 -0.012435
2185436.974446 -2559900.546456 -436985.247082 -0.014279
2185434.691343 -2559898.162255 -436979.542930 -0.018169
2185431.052632 -2559894.916925 -436968.280270 -0.014222
2185429.980479 -2559893.929175 -436962.888763 0.009102
2185432.564482 -2559917.058780 -436954.403058 -0.506054
2185427.749080 -2559893.648674 -436949.275825 -0.012300
2185426.800665 -2559893.266822 -436943.834836 -0.012525
2185426.734468 -2559894.173984 -436938.611509 -0.013034
2185427.093169 -2559895.648741 -436933.489992 -0.013546
2185427.026046 -2559896.545805 -436928.291596 -0.011901
2185426.959090 -2559897.447879 -436923.074135 -0.012132
2185428.194259 -2559900.179983 -436918.190228 -0.010871
2185429.001164 -2559902.311012 -436913.279040 -0.014372
2185429.801974 -2559904.450737 -436908.198506 -0.009930
2185430.186888 -2559906.043286 -436903.115246 -0.009058
2185430.558802 -2559907.582296 -436897.991521 -0.010402
2185430.912647 -2559909.015826 -436892.949496 -0.014655
2185431.243668 -2559910.384622 -436887.707849 -0.012344
2185432.032742 -2559913.032588 -436880.228587 -0.013636
2185432.424483 -2559914.654790 -436875.159019 -0.011823
2185432.351641 -2559915.529558 -436869.935692 -0.012144
2185432.292002 -2559916.465831 -436864.721133 -0.012375
2185432.208570 -2559917.287840 -436859.505762 -0.011298
2185432.579470 -2559918.817332 -436854.400135 -0.011059
2185432.513223 -2559919.707511 -436849.249041 -0.016518
2185431.995780 -2559919.922867 -436843.909703 -0.016789
2185431.923231 -2559920.796267 -436838.697948 -0.016043
2185431.852967 -2559921.696910 -436833.413533 -0.010664
2185431.778309 -2559922.543348 -436828.276690 -0.014347
2185431.257107 -2559922.737687 -436822.947838 -0.013350
2185430.329759 -2559922.451833 -436817.526447 -0.013396
2185429.818231 -2559922.694504 -436812.189829 -0.013854
2185428.862417 -2559922.270424 -436806.776647 -0.011139
2185427.932599 -2559921.972908 -436801.354401 -0.010945
2185426.976362 -2559921.559603 -436795.884117 -0.012985
2185425.580868 -2559920.504716 -436790.329713 -0.012783
2185424.645407 -2559920.182273 -436784.897557 -0.013061
2185423.685412 -2559919.725518 -436779.540972 -0.016030
2185423.165341 -2559919.922036 -436774.224307 -0.014250
2185422.242380 -2559919.653192 -436768.823342 -0.012751
2185421.722776 -2559919.860228 -436763.469071 -0.014143
2185421.217322 -2559920.130907 -436758.138713 -0.014506
2185421.145849 -2559921.010781 -436752.919039 -0.014507
2185420.647575 -2559921.312931 -436747.599868 -0.014409
2185420.555074 -2559922.096253 -436742.359716 -0.014686
2185419.602994 -2559921.693419 -436736.929424 -0.013640
2185419.539963 -2559922.609953 -436731.726729 -0.012801
2185419.471110 -2559923.501374 -436726.511204 -0.012609
2185418.962355 -2559923.733740 -436721.278217 -0.015446
2185418.896757 -2559924.641352 -436716.060024 -0.015585
2185419.259418 -2559926.132979 -436710.944168 -0.015915
2185419.184363 -2559926.997525 -436705.715020 -0.016329
2185418.678242 -2559927.261840 -436700.395116 -0.015908
2185418.592871 -2559928.075378 -436695.172007 -0.015095
2185418.548683 -2559929.080105 -436689.978857 -0.014877
2185418.460632 -2559929.863616 -436684.832443 -0.018179
2185418.401312 -2559930.813615 -436679.558202 -0.012869
2185418.757553 -2559932.255493 -436674.526244 -0.016314
2185418.684685 -2559933.129728 -436669.299685 -0.016921
2185418.628232 -2559934.078054 -436664.094617 -0.016592
2185418.550281 -2559934.927462 -436658.869518 -0.016726
2185418.911438 -2559936.411518 -436653.753854 -0.016681
2185418.841583 -2559937.297563 -436648.538671 -0.016542
2185419.207786 -2559938.802914 -436643.435943 -0.015747
2185418.699817 -2559939.058263 -436638.114743 -0.015327
2185418.199066 -2559939.348729 -436632.791708 -0.015272
2185417.684729 -2559939.554804 -436627.554135 -0.018115
2185417.181045 -2559939.831317 -436622.230815 -0.018011
2185417.092349 -2559940.648839 -436616.915923 -0.014080
2185416.152017 -2559940.284288 -436611.564527 -0.017863
2185415.640461 -2559940.524194 -436606.234727 -0.017906
2185415.131127 -2559940.773277 -436600.913816 -0.017113
2185414.613955 -2559940.983918 -436595.593935 -0.015930
2185414.116742 -2559941.289384 -436590.279094 -0.015554
2185414.490712 -2559942.827184 -436585.196206 -0.013786
2185414.414915 -2559943.688389 -436579.962845 -0.014619
2185413.906073 -2559943.920318 -436574.726794 -0.017608
2185413.837569 -2559944.833238 -436569.418179 -0.014528
2185414.169107 -2559946.762215 -436561.797246 -0.016934
2185414.085673 -2559947.587679 -436556.558804 -0.017808
2185414.018026 -2559948.481364 -436551.354538 -0.016646
2185413.069673 -2559948.095012 -436545.926395 -0.015846
2185413.016536 -2559949.060457 -436540.712907 -0.016460
2185412.500218 -2559949.271201 -436535.409429 -0.013980
2185411.540948 -2559948.818496 -436530.043907 -0.017649
2185410.139061 -2559947.737481 -436524.465706 -0.019179
2185408.774580 -2559946.838801 -436518.875122 -0.013350
2185407.381651 -2559945.779560 -436513.394592 -0.018052
2185405.979926 -2559944.692581 -436507.847078 -0.016771
2185404.994570 -2559944.136647 -436502.382157 -0.016514
2185403.655227 -2559943.338219 -436496.886794 -0.015171
2185402.705467 -2559942.944909 -436491.457532 -0.014372
2185401.768319 -2559942.592774 -436486.118690 -0.017450
2185400.814095 -2559942.197992 -436480.601580 -0.012874
2185399.867922 -2559941.806258 -436475.245378 -0.016780
2185399.355840 -2559942.045640 -436469.904429 -0.017626
2185398.397037 -2559941.612990 -436464.459047 -0.017423
2185397.889666 -2559941.870485 -436459.138657 -0.016863
2185397.391392 -2559942.169247 -436453.828716 -0.016026
2185396.423588 -2559939.636487 -436451.094237 0.243283
2185395.922113 -2559941.957561 -436443.159315 -0.017689
2185395.872676 -2559942.932494 -436437.980105 -0.015836
2185395.339051 -2559943.074442 -436432.613647 -0.017319
2185394.842673 -2559943.399746 -436427.224322 -0.012574
2185394.726926 -2559944.056137 -436422.045293 -0.016837
2185394.269336 -2559944.546736 -436416.748762 -0.017710
2185393.740814 -2559944.707973 -436411.403043 -0.017786
2185393.688103 -2559945.666106 -436406.227782 -0.015378
2185393.163073 -2559945.845121 -436400.879554 -0.015918
2185392.654395 -2559946.675979 -436393.086890 -0.016997
2185392.676475 -2559947.975303 -436387.992611 -0.012934
2185392.060608 -2559947.769877 -436382.406738 -0.016435
2185391.976369 -2559948.583870 -436377.197990 -0.014516
2185391.467287 -2559948.812473 -436371.970689 -0.016891
2185390.943064 -2559948.995135 -436366.620632 -0.017637
2185390.877226 -2559949.898305 -436361.408039 -0.017457
2185389.938585 -2559949.552994 -436356.001483 -0.015400
2185389.420554 -2559949.762322 -436350.666897 -0.015311
2185388.480913 -2559949.416754 -436345.240582 -0.014836
2185387.942017 -2559949.530643 -436339.882154 -0.015297
2185412.891583 -2559987.177191 -436337.963764 0.122423
2185388.744545 -2559969.191790 -436303.361134 -0.225291
2185383.935338 -2559951.818856 -436297.397614 -0.018652
2185384.273551 -2559953.182218 -436292.316589 -0.014125
2185384.201681 -2559954.061645 -436287.078791 -0.015764
2185383.686004 -2559954.279705 -436281.752892 -0.014965
2185383.182249 -2559954.552880 -436276.437527 -0.014377
2185383.123258 -2559955.491474 -436271.211590 -0.015644
2185382.590817 -2559955.627046 -436265.891651 -0.013439
2185382.554851 -2559956.664778 -436260.716687 -0.012018
2185385.417843 -2559973.552548 -436253.513189 -0.508942
2185381.914762 -2559957.497022 -436250.209161 -0.015262
2185360.402701 -2559928.178182 -436230.843761 0.010851
2185381.391071 -2559958.892388 -436239.682927 -0.017358
2185381.748092 -2559960.353216 -436234.569171 -0.017132
2185381.295021 -2559960.872545 -436229.239710 -0.020945
2185383.764645 -2559978.665464 -436216.425099 -0.010330
2185378.903995 -2559965.631963 -436184.556852 -0.019515
2185379.343279 -2559967.481948 -436179.469067 -0.022648
2185378.723982 -2559967.811473 -436171.532971 -0.017416
2185378.636646 -2559968.610946 -436166.317291 -0.015871
2185378.538696 -2559969.369364 -436161.057047 -0.017599
2185378.510275 -2559970.439123 -436155.898202 -0.015346
2185378.439361 -2559971.315956 -436150.688901 -0.014655
2185377.932301 -2559971.574476 -436145.361953 -0.014661
2185377.867814 -2559972.486656 -436140.132529 -0.015990
2185377.795051 -2559973.356860 -436134.912933 -0.015896
2185373.285254 -2559968.279279 -436125.978107 -0.015388
2185371.471327 -2559966.654167 -436120.466406 -0.014648
2185370.531384 -2559966.312740 -436115.013359 -0.016424
2185370.014785 -2559966.549108 -436109.580988 -0.013917
2185369.509798 -2559966.795375 -436104.355893 -0.016254
2185369.011938 -2559967.096438 -436099.035199 -0.016503
2185368.497862 -2559967.327456 -436093.681637 -0.018148
2185367.966965 -2559967.477936 -436088.328738 -0.018838
2185367.467779 -2559967.767788 -436083.029407 -0.016947
2185366.460495 -2559967.119380 -436077.502562 -0.020426
2185366.027206 -2559967.717432 -436072.242720 -0.019770
2185365.972198 -2559968.639741 -436067.170985 -0.019374
2185366.054211 -2559968.903800 -436061.493783 -0.025743
2185366.602831 -2559971.160368 -436056.933433 -0.013755
2185350.951016 -2559950.021676 -436049.107610 -0.085064
2185363.424804 -2559968.934408 -436044.484956 0.040130
2185365.155460 -2559972.303399 -436040.891940 -0.013137
2185365.109673 -2559973.303718 -436035.667548 -0.015445
2185365.007092 -2559974.027170 -436030.462753 -0.022678
2185364.945360 -2559974.928987 -436025.335507 -0.015746
2185364.957045 -2559976.189062 -436020.183800 -0.015657
2185382.982916 -2560002.537252 -436017.387274 -0.427744
2185365.073186 -2559977.793996 -436009.477445 -0.024195
2185364.692901 -2559978.595107 -436004.445275 -0.019087
2185364.164383 -2559978.750627 -435999.118884 -0.017454
2185364.192546 -2559980.070181 -435994.055969 -0.022054
2185364.303312 -2559980.366316 -435988.850418 -0.012419
2185363.098609 -2559980.210665 -435983.366221 -0.008879
2185363.471312 -2559981.754789 -435978.209576 -0.013057
2185362.950610 -2559981.954592 -435972.850388 -0.014978
2185361.990128 -2559982.673155 -435962.445121 -0.019328
2185361.868147 -2559983.339490 -435957.073938 -0.017828
2185361.997373 -2559985.097830 -435952.216192 -0.001331
2185361.729653 -2559985.132778 -435946.538280 -0.015396
2185360.535724 -2559988.429413 -435920.281660 -0.034786
2185353.211749 -2559987.820217 -435915.171679 0.775591
2185358.863471 -2559985.519120 -435910.800735 0.120964
2185359.779637 -2559990.507111 -435902.036494 -0.019056
2185359.747465 -2559991.563014 -435896.852245 -0.018820
2185360.093848 -2559992.967962 -435891.751949 -0.016589
2185359.592164 -2559993.250977 -435886.424899 -0.016993
2185359.104305 -2559993.594115 -435881.128129 -0.015803
2185359.034641 -2559994.477634 -435875.908834 -0.015925
2185358.958891 -2559995.334775 -435870.676846 -0.016546
2185358.842031 -2559995.964644 -435865.581406 -0.024616
2185359.734371 -2559998.494893 -435860.689153 -0.032227
2185360.858504 -2560005.127290 -435861.902582 0.539871
2185328.383116 -2559956.510557 -435824.035948 -0.059808
2185357.975592 -2560002.356915 -435826.577795 -0.010955
2185358.087768 -2560001.191463 -435821.445323 0.025830
2185357.320612 -2560004.393977 -435810.564633 -0.020493
2185358.930936 -2560012.571364 -435802.384919 -0.429464
2185357.568556 -2560006.484338 -435800.511698 -0.015609
2185357.490234 -2560007.360636 -435795.135041 -0.017605
2185357.056999 -2560007.948976 -435789.910546 -0.013980
2185368.669234 -2560029.686764 -435786.587234 0.210392
2185358.226835 -2560019.460339 -435783.477427 0.163426
2185345.745184 -2559995.743917 -435765.079679 -0.213207
2185354.374162 -2560009.723852 -435758.147296 -0.022803
2185357.369697 -2560026.277214 -435755.183628 -0.046245
2185419.972038 -2560109.306626 -435749.864874 0.035438
2185352.280238 -2560012.246511 -435729.078412 -0.020112
2185352.244043 -2560013.282626 -435723.891883 -0.019646
2185351.692697 -2560013.335875 -435718.525514 -0.020076
2185351.192033 -2560013.621446 -435713.205693 -0.019910
2185351.027230 -2560016.221457 -435704.788789 -0.326640
2185349.754250 -2560013.572595 -435702.455471 -0.019883
2185350.068863 -2560015.411823 -435694.836733 -0.020920
2185349.584189 -2560015.767171 -435689.549188 -0.019197
2185349.060128 -2560015.949108 -435684.189217 -0.020794
2185348.547833 -2560016.182456 -435678.854466 -0.021242
2185348.514251 -2560017.228380 -435673.678846 -0.020031
2185348.410719 -2560017.956560 -435668.421500 -0.021125
2185348.335003 -2560018.810475 -435663.199281 -0.020921
2185348.272089 -2560019.722767 -435657.990710 -0.020727
2185348.204611 -2560020.611685 -435652.788566 -0.019406
2185348.140689 -2560021.519027 -435647.580215 -0.019115
2185347.637897 -2560021.777294 -435642.339046 -0.022832
2185347.997247 -2560023.263297 -435637.143095 -0.018906
2185348.383934 -2560024.855562 -435632.060840 -0.017783
2185348.029932 -2560028.423954 -435621.787612 -0.619624
2185347.466793 -2560023.735450 -435624.430575 0.568898
2185348.145627 -2560027.948941 -435613.886487 -0.021614
2185348.512552 -2560029.450829 -435608.786019 -0.020673
2185348.888531 -2560030.993587 -435603.694857 -0.019824
2185348.828644 -2560031.920806 -435598.483132 -0.019825
2185349.194129 -2560033.417525 -435593.372258 -0.019906
2185349.567499 -2560034.948890 -435588.275772 -0.019066
2185349.936111 -2560036.459781 -435583.170037 -0.018824
2185349.868649 -2560037.335303 -435578.028651 -0.023236
2185349.792376 -2560038.184167 -435572.814499 -0.022577
2185349.293058 -2560038.474583 -435567.498145 -0.022097
2185349.227970 -2560039.398455 -435562.186277 -0.019676
2185349.152263 -2560040.227919 -435557.073023 -0.021060
2185349.085139 -2560041.120439 -435551.859634 -0.020964
2185349.029881 -2560042.072241 -435546.636160 -0.022264
2185348.079492 -2560041.670100 -435541.217750 -0.020579
2185347.541360 -2560041.784578 -435535.855427 -0.021296
2185347.500154 -2560042.796781 -435530.663027 -0.021213
2185346.988293 -2560043.029424 -435525.334130 -0.020920
2185346.483109 -2560043.270887 -435520.114037 -0.022962
2185345.984986 -2560043.569910 -435514.785392 -0.023615
2185345.043665 -2560043.230442 -435509.278709 -0.019229
2185344.554327 -2560043.545183 -435504.070623 -0.021097
2185350.463843 -2560062.516321 -435451.127280 -0.029681
2185340.285125 -2560048.816815 -435443.215816 -0.032076
2185340.609881 -2560050.101371 -435438.171570 -0.023744
2185341.015734 -2560051.792671 -435433.053324 -0.026945
2185341.360542 -2560053.184059 -435427.966514 -0.023568
2185341.719359 -2560054.646918 -435422.859009 -0.022632
2185341.655923 -2560055.555503 -435417.649558 -0.022450
2185341.589731 -2560056.449537 -435412.445893 -0.021336
2185341.965578 -2560057.995455 -435407.331848 -0.022373
2185342.334592 -2560059.487802 -435402.313690 -0.025346
2185341.837710 -2560059.790754 -435396.991183 -0.025820
2185341.752829 -2560060.624121 -435391.654356 -0.023866
2185341.684683 -2560061.489974 -435386.536614 -0.026377
2185341.177760 -2560061.743280 -435381.220628 -0.025359
2185341.124479 -2560062.695308 -435376.033831 -0.023971
2185341.051417 -2560063.561891 -435370.804409 -0.024532
2185341.440083 -2560065.166305 -435365.702981 -0.025387
2185340.926911 -2560065.390631 -435360.381822 -0.024363
2185341.298313 -2560066.910456 -435355.287448 -0.023432
2185341.842213 -2560074.268719 -435347.306480 -0.379104
2185340.716699 -2560068.005254 -435344.820431 -0.027262
2185340.659506 -2560068.965014 -435339.511623 -0.024853
2185341.007005 -2560070.352995 -435334.495573 -0.026430
2185340.960586 -2560071.360736 -435329.203261 -0.023376
2185340.898452 -2560072.254295 -435324.089236 -0.025988
2185341.268876 -2560073.772770 -435318.979675 -0.026002
2185341.196931 -2560074.640460 -435313.767559 -0.025440
2185341.562578 -2560076.137054 -435308.655178 -0.025494
2185341.954527 -2560077.751106 -435303.579947 -0.024261
2185341.846809 -2560078.461193 -435298.304186 -0.026434
2185341.787743 -2560079.391505 -435293.088143 -0.026973
2185341.744217 -2560080.387425 -435287.912401 -0.025172
2185342.114620 -2560081.902575 -435282.816150 -0.024203
2185342.485500 -2560083.421927 -435277.713601 -0.023795
2185342.424814 -2560084.323141 -435272.595152 -0.026742
2185342.331770 -2560085.113346 -435267.272404 -0.023154
2185342.729894 -2560086.761050 -435262.176297 -0.024075
2185342.660634 -2560087.622136 -435257.052895 -0.026819
2185342.575485 -2560088.450163 -435251.730018 -0.023810
2185342.512461 -2560089.344753 -435246.590610 -0.028333
2185342.891320 -2560090.915744 -435241.422264 -0.023282
2185342.385126 -2560091.152051 -435236.196336 -0.025566
2185342.756954 -2560092.674258 -435231.097845 -0.024882
2185342.689818 -2560093.565482 -435225.881627 -0.024843
2185343.070075 -2560095.128256 -435220.782041 -0.024827
2185342.995983 -2560095.986017 -435215.565732 -0.024316
2185343.370691 -2560097.525916 -435210.451773 -0.025137
2185343.303350 -2560098.414820 -435205.240917 -0.024634
2185344.976015 -2560101.743387 -435200.542616 -0.027713
2185344.923661 -2560102.718921 -435195.262931 -0.023178
2185343.090371 -2560101.013690 -435189.678353 -0.027379
2185341.275385 -2560099.405756 -435184.051286 -0.025435
2185340.328338 -2560099.020685 -435178.617491 -0.025132
2185338.893715 -2560098.982683 -435167.858105 -0.026149
2185338.249747 -2560100.691894 -435153.349353 0.034029
2185352.231347 -2560121.834777 -435151.691351 0.027508
2185336.389471 -2560099.680134 -435144.358471 -0.045938
2185333.192297 -2560097.769065 -435130.161261 -0.027879
2185332.194457 -2560097.166590 -435124.605921 -0.023688
2185335.168371 -2560114.519638 -435124.148719 0.383177
2185329.259740 -2560096.160849 -435105.739614 -0.025640
2185328.387815 -2560096.131052 -435100.331028 -0.028501
2185327.507989 -2560095.037825 -435093.035852 -0.171305
2185326.944643 -2560096.044141 -435089.604983 -0.026033
2185319.312261 -2560094.466077 -435038.538883 -0.028750
2185318.756749 -2560094.497018 -435033.165916 -0.029268
2185318.286587 -2560094.920511 -435027.867926 -0.029368
2185317.321984 -2560095.064158 -435019.797463 -0.032589
2185317.461254 -2560104.948453 -435011.526432 0.255566
2185317.973566 -2560097.160228 -434999.292365 -0.013970
2185314.944702 -2560097.045035 -434993.360415 -0.037531
2185322.961810 -2560127.394026 -434984.847774 -0.342332
2185312.865027 -2560098.675778 -434974.563162 -0.050149
2185292.078766 -2560082.984699 -434962.390900 0.112356
2185316.523651 -2560111.707518 -434950.071278 0.097105
2185311.742105 -2560104.827390 -434943.511540 -0.625297
2185320.158941 -2560110.609096 -434949.407036 0.492559
2185309.212389 -2560099.691979 -434932.146765 -0.029851
2185289.436364 -2560071.861159 -434924.266751 -0.136920
2185357.631774 -2560185.360114 -434933.629741 0.401032
2185279.054351 -2560077.948225 -434901.550693 -0.108541
2185310.205626 -2560108.326337 -434915.782047 0.568059
2185321.823184 -2560131.612667 -434893.156637 -0.667289
2185312.871150 -2560131.638366 -434882.935585 0.085421
2185307.528978 -2560108.455097 -434872.117445 -0.022783
2185306.656909 -2560108.414223 -434866.753619 -0.032538
2185306.144727 -2560108.645098 -434861.413464 -0.033140
2185305.980853 -2560109.074664 -434856.174551 -0.028482
2185305.578057 -2560109.818600 -434850.888851 -0.032028
2185308.993717 -2560122.259694 -434842.965785 0.849954
2185304.497170 -2560111.195694 -434835.102725 -0.035689
2185303.999493 -2560111.491480 -434829.783054 -0.035685
2185303.943911 -2560112.438933 -434824.553217 -0.037565
2185303.435311 -2560112.679308 -434819.246932 -0.035703
2185302.929073 -2560112.934121 -434813.926088 -0.035240
2185301.983645 -2560112.556528 -434808.489611 -0.035238
2185301.488312 -2560112.859198 -434803.188652 -0.033857
2185301.430982 -2560113.789746 -434797.996094 -0.032465
2185301.358828 -2560114.654184 -434792.780628 -0.032001
2185301.749908 -2560116.271872 -434787.654967 -0.034810
2185301.232217 -2560116.453898 -434782.416672 -0.037304
2185301.170663 -2560117.384973 -434777.126791 -0.032999
2185300.652622 -2560117.588916 -434771.779200 -0.034077
2185300.620846 -2560118.621888 -434766.680321 -0.037238
2185300.522223 -2560119.361889 -434761.452114 -0.036023
2185300.034703 -2560119.700902 -434756.153822 -0.034915
2185299.277780 -2560117.861149 -434748.347196 -0.211106
2185299.041362 -2560120.301210 -434745.514764 -0.035043
2185298.959560 -2560121.103188 -434740.373984 -0.038412
2185298.449891 -2560121.361588 -434734.955867 -0.035050
2185297.953214 -2560121.661962 -434729.634738 -0.035256
2185297.439843 -2560121.865895 -434724.390355 -0.038497
2185296.941941 -2560122.158598 -434719.076998 -0.038092
2185296.436627 -2560122.416694 -434713.757629 -0.037409
2185295.957791 -2560122.797427 -434708.457572 -0.037067
2185295.444159 -2560123.018231 -434703.127874 -0.036791
2185294.941255 -2560123.290519 -434697.795899 -0.037467
2185294.437817 -2560123.559237 -434692.471151 -0.037475
2185293.480917 -2560123.123403 -434687.048595 -0.035671
2185292.986259 -2560123.440024 -434681.695486 -0.038532
2185292.470115 -2560123.646313 -434676.376020 -0.037387
2185292.436063 -2560124.686425 -434671.190017 -0.036904
2185292.364087 -2560125.532183 -434666.062603 -0.039819
2185292.734653 -2560127.044722 -434660.962453 -0.038947
2185294.802633 -2560138.110507 -434662.541897 0.412071
2185291.731003 -2560127.597155 -434650.312180 -0.039273
2185291.203897 -2560127.751402 -434644.989308 -0.037645
2185291.591551 -2560129.351521 -434639.864029 -0.040052
2185290.628019 -2560128.890532 -434634.409124 -0.040490
2185290.596279 -2560129.937569 -434629.240580 -0.038698
2185290.111012 -2560130.287265 -434623.941540 -0.037945
2185290.458416 -2560132.271257 -434616.335940 -0.039823
2185289.945521 -2560132.488744 -434611.034613 -0.037234
2185289.458199 -2560132.839389 -434605.684944 -0.040441
2185289.819440 -2560134.310281 -434600.571318 -0.040167
2185289.725954 -2560135.676191 -434592.747337 -0.040558
2185289.642337 -2560136.490013 -434587.507061 -0.041321
2185288.710548 -2560136.154634 -434582.174210 -0.044201
2185288.668219 -2560137.176147 -434576.887176 -0.041110
2185288.152643 -2560137.366494 -434571.650653 -0.043524
2185288.110145 -2560138.386932 -434566.364497 -0.040335
2185288.482584 -2560139.893692 -434561.333777 -0.044516
2185287.572198 -2560139.658231 -434556.009130 -0.037563
2185287.008663 -2560139.660072 -434550.583964 -0.041865
2185286.965340 -2560140.660532 -434545.373076 -0.042921
2185287.325626 -2560142.124387 -434540.266275 -0.042016
2185287.260481 -2560143.021715 -434535.047733 -0.042225
2185287.208088 -2560143.983633 -434529.813955 -0.044600
2185287.585968 -2560145.522843 -434524.746969 -0.041549
2185287.964439 -2560147.071795 -434519.651706 -0.040931
2185287.907449 -2560148.004932 -434514.447479 -0.040490
2185287.406591 -2560148.286273 -434509.114426 -0.041369
2185286.935134 -2560148.680525 -434503.914474 -0.043708
2185286.377508 -2560148.703385 -434498.520643 -0.045909
2185285.890483 -2560149.040560 -434493.234472 -0.043668
2185285.382679 -2560149.280134 -434487.940461 -0.040823
2185284.922692 -2560149.748711 -434482.649335 -0.040962
2185285.263191 -2560151.127342 -434477.497259 -0.042480
2185285.643337 -2560152.685908 -434472.391691 -0.042790
2185285.571995 -2560153.548969 -434467.191203 -0.041195
2185285.091197 -2560153.922754 -434461.876578 -0.041759
2185285.445986 -2560155.346834 -434456.831800 -0.045976
2185285.390144 -2560156.303902 -434451.539224 -0.042286
2185284.016753 -2560155.349319 -434445.978183 -0.044444
2185283.505619 -2560155.572732 -434440.682350 -0.041354
2185282.572152 -2560155.248380 -434435.256983 -0.041358
2185282.586098 -2560156.488926 -434430.202937 -0.043678
2185282.012762 -2560156.437465 -434424.800381 -0.045507
2185029.364604 -2559725.849869 -439708.907172 -0.005299
2185029.265078 -2559726.601165 -439703.682796 -0.002173
2185029.677940 -2559728.331875 -439698.583212 -0.002985
2185030.039563 -2559729.825859 -439693.446065 -0.003369
2185030.385568 -2559731.835599 -439685.806834 -0.006093
2185030.771879 -2559733.461248 -439680.606161 -0.002887
2185030.725018 -2559734.457664 -439675.410667 -0.000895
2185031.081085 -2559735.929008 -439670.258023 -0.002357
2185031.689633 -2559737.108564 -439665.340168 0.009081
2185031.846207 -2559739.084473 -439660.131757 -0.004475
2185031.773630 -2559739.971167 -439654.883289 -0.005175
2185031.715221 -2559740.918921 -439649.661839 -0.004854
2185020.171889 -2559725.085980 -439642.098840 -0.149803
2185034.557214 -2559747.293140 -439637.412875 -0.006074
2185035.068591 -2559749.484021 -439632.344742 -0.000175
2185035.842740 -2559752.014685 -439624.813651 0.112639
2184983.072251 -2559676.809065 -439608.157027 -0.090341
2185036.155575 -2559754.522695 -439614.633528 -0.009803
2185057.098036 -2559786.151136 -439611.298494 0.135681
2185040.820793 -2559763.826946 -439602.443553 -0.004660
2185042.017441 -2559766.969944 -439595.014763 -0.006590
2185042.397736 -2559768.539514 -439589.931716 -0.003811
2185043.228842 -2559770.802659 -439584.937358 -0.003673
2184961.879001 -2559656.970049 -439548.972084 0.235077
2185045.646460 -2559777.248029 -439569.883570 -0.004051
2185046.041476 -2559778.898079 -439564.764939 -0.005311
2185045.962212 -2559779.755410 -439559.505298 -0.006704
2185046.358227 -2559781.383772 -439554.488489 0.000574
2185046.272682 -2559782.212257 -439549.223757 -0.000817
2185045.782154 -2559782.564226 -439543.881757 -0.001742
2185045.309041 -2559782.992429 -439538.567612 -0.001560
2185045.241557 -2559783.897463 -439533.341987 -0.000898
2185044.737318 -2559784.184845 -439527.997086 -0.001164
2185044.218414 -2559784.386847 -439522.721505 -0.005342
2185044.164544 -2559785.369745 -439517.432282 -0.000196
2185043.643856 -2559785.560013 -439512.172199 -0.002960
2185043.604374 -2559786.595662 -439506.960911 -0.003076
2185043.079406 -2559786.786341 -439501.603406 -0.002942
2185042.585125 -2559787.114322 -439496.285776 -0.001612
2185042.523755 -2559788.049255 -439491.057726 -0.001607
2185042.050049 -2559788.476844 -439485.733404 -0.002270
2185041.961430 -2559789.284434 -439480.492078 -0.001484
2185041.496606 -2559789.748101 -439475.196273 -0.000383
2185040.981638 -2559789.993763 -439469.811695 -0.003245
2185040.891927 -2559790.791907 -439464.586491 -0.001062
2185040.838523 -2559791.760426 -439459.376187 -0.000133
2185040.803003 -2559792.807448 -439454.194067 0.001906
2185040.274280 -2559793.574310 -439446.318564 -0.002676
2185039.745257 -2559793.761340 -439440.882340 0.001867
2185039.676958 -2559794.648529 -439435.725064 -0.002527
2185039.169152 -2559794.916983 -439430.386921 -0.002021
2185038.655795 -2559795.162989 -439425.030760 -0.002632
2185038.618833 -2559796.207008 -439419.833290 -0.001810
2185038.098971 -2559796.419328 -439414.486189 -0.001206
2185037.625973 -2559796.856732 -439409.138721 -0.003926
2185037.537208 -2559797.654770 -439403.931128 -0.000323
2185037.031826 -2559797.932374 -439398.600643 0.000642
2185036.524283 -2559798.201298 -439393.265054 0.001340
2185036.015154 -2559798.447815 -439387.998693 -0.002986
2185036.385444 -2559799.982447 -439382.867131 -0.003604
2185035.892818 -2559800.318163 -439377.546843 -0.002786
2185035.396268 -2559800.638241 -439372.217210 -0.002245
2185035.320695 -2559801.502167 -439366.999560 -0.000581
2185034.380999 -2559801.176841 -439361.538647 -0.001508
2185033.880996 -2559801.471061 -439356.241456 0.001756
2185033.421481 -2559801.967434 -439350.917742 0.000195
2185033.329653 -2559802.760445 -439345.672619 0.000652
2185033.280697 -2559803.749416 -439340.464870 0.001543
2185032.330396 -2559803.355747 -439335.084664 -0.002930
2185031.815409 -2559803.591963 -439329.735805 -0.002749
2185031.325408 -2559803.937164 -439324.429361 -0.000990
2185030.843000 -2559804.323740 -439319.104956 -0.001020
2185030.749782 -2559805.109107 -439313.863423 -0.000182
2185030.670981 -2559805.966233 -439308.611607 -0.000952
2185030.633386 -2559807.003296 -439303.428724 0.000958
2185030.570419 -2559807.934453 -439298.184354 -0.000292
2185031.384337 -2559810.117630 -439293.177273 -0.000374
2185031.738293 -2559811.572160 -439288.049701 0.000431
2185032.593613 -2559813.945737 -439283.076467 0.000317
2185033.348845 -2559815.858920 -439278.026297 0.000947
2185032.878789 -2559816.300858 -439272.713093 0.000724
2185032.819826 -2559817.244515 -439267.494432 0.001346
2185032.745743 -2559818.118617 -439262.264453 0.001795
2185032.244310 -2559818.414608 -439256.937269 0.002812
2185032.163579 -2559819.246152 -439251.763708 -0.002349
2185032.579265 -2559820.980504 -439246.697507 -0.000800
2185032.938966 -2559822.462407 -439241.572895 -0.000331
2185032.864042 -2559823.334840 -439236.333489 -0.000487
2185033.646726 -2559825.978277 -439228.728458 0.000923
2185035.294975 -2559829.830190 -439221.321845 0.001123
2185036.088550 -2559831.904896 -439216.373892 -0.003292
2185036.054031 -2559832.951313 -439211.211135 0.000165
2185036.426755 -2559834.083443 -439208.065306 -0.097046
2185044.674410 -2559847.347986 -439202.577956 0.013002
2185041.968670 -2559846.182891 -439189.319588 0.003636
2185040.892800 -2559845.258186 -439183.645657 -0.006159
2185039.127191 -2559843.886181 -439178.094375 0.000224
2185038.217047 -2559843.689704 -439172.679721 0.000784
2185037.290740 -2559843.419438 -439167.252144 0.001629
2185036.760513 -2559843.588457 -439161.881066 0.000628
2185036.746086 -2559844.737784 -439156.692744 0.000644
2185037.083390 -2559846.098556 -439151.631952 -0.002929
2185037.478536 -2559847.739877 -439146.545773 -0.001594
2185037.821847 -2559849.166100 -439141.313142 0.001563
2185038.192944 -2559850.680379 -439136.289161 -0.001010
2185038.580272 -2559852.289038 -439131.183093 -0.001073
2185038.525600 -2559853.251854 -439125.969048 -0.000446
2185038.452949 -2559854.135197 -439120.728989 -0.001035
2185038.840453 -2559855.746285 -439115.617844 -0.001288
2185038.319277 -2559855.948958 -439110.282219 0.000044
2185038.663682 -2559857.368318 -439105.112718 -0.002134
2185038.197137 -2559857.814439 -439099.849291 0.001486
2185036.807576 -2559856.808297 -439094.265613 0.000138
2185035.416299 -2559855.769483 -439088.790870 -0.002988
2185034.092812 -2559855.058147 -439083.294217 -0.001717
2185033.556856 -2559855.196670 -439077.932413 -0.001459
2184957.477969 -2559748.935897 -439043.322218 0.239560
2185031.948436 -2559857.432719 -439054.081674 -0.001016
2185031.647880 -2559861.499435 -439030.648948 -0.003403
2185031.473990 -2559863.733078 -439017.592869 -0.001566
2185031.397231 -2559864.596802 -439012.351678 -0.001906
2185031.760309 -2559866.710535 -439004.606054 -0.004610
2185032.158837 -2559868.360852 -438999.545356 -0.001535
2185032.020675 -2559870.160417 -438989.068832 -0.002785
2185032.379659 -2559871.616215 -438984.043604 -0.004975
2185032.329873 -2559872.597492 -438978.847932 -0.003229
2185032.705021 -2559874.145982 -438973.748645 -0.001961
2185033.050737 -2559876.176684 -438966.000264 -0.003702
2185032.967874 -2559877.009358 -438960.765546 -0.003101
2185033.318005 -2559878.447013 -438955.630511 -0.002980
2185033.721001 -2559880.125768 -438950.542118 -0.002631
2185034.099271 -2559881.682611 -438945.486215 -0.008627
2185034.029969 -2559882.564310 -438940.313442 -0.003865
2185034.416065 -2559884.167487 -438935.203602 -0.004014
2185034.326290 -2559884.969590 -438929.958825 -0.003919
2185033.831708 -2559885.293486 -438924.648558 -0.002136
2185034.167261 -2559886.663727 -438919.501841 -0.002149
2185034.485262 -2559887.970985 -438914.274687 -0.007476
2185034.962333 -2559889.973929 -438909.307444 -0.002182
2185035.761265 -2559892.085490 -438904.299131 -0.001306
2185036.116662 -2559893.549788 -438899.158750 -0.002177
2185036.516613 -2559895.213691 -438894.071467 -0.001402
2185036.490754 -2559896.307138 -438888.885746 -0.000791
2185036.791859 -2559898.109147 -438881.210303 -0.004185
2185036.731711 -2559899.065354 -438875.903121 -0.000366
2185037.078108 -2559900.466697 -438870.852763 -0.003847
2185037.035061 -2559901.482931 -438865.646450 -0.003644
2185036.947435 -2559902.296559 -438860.396363 -0.004068
2185037.775657 -2559904.546555 -438855.396371 -0.004667
2185038.136418 -2559906.023420 -438850.306448 -0.001561
2185039.249719 -2559910.604829 -438835.043624 -0.004624
2185043.476213 -2559919.218158 -438822.998568 -0.000865
2185044.765578 -2559922.188563 -438818.173699 0.002280
2185043.790323 -2559921.682287 -438812.765004 -0.003031
2185043.720749 -2559922.570511 -438807.560955 -0.000855
2185043.655071 -2559923.488126 -438802.315705 -0.002410
2185043.185427 -2559923.932441 -438796.997589 -0.003227
2185043.073302 -2559924.626864 -438791.753329 -0.001459
2185042.124083 -2559924.255147 -438786.289920 -0.002403
2185041.206868 -2559924.025436 -438780.869942 -0.001868
2185039.766750 -2559923.384616 -438772.693917 -0.000466
2185038.807249 -2559923.540034 -438764.778006 -0.000317
2185026.406025 -2559906.945418 -438755.030363 -0.060077
2185039.092351 -2559926.499857 -438751.829607 -0.000336
2185039.710339 -2559930.821981 -438733.718927 -0.001677
2185040.688620 -2559936.615674 -438710.529003 0.001086
2185041.110286 -2559938.376954 -438705.467124 0.002125
2185042.673639 -2559943.659584 -438690.231674 0.001973
2185044.303622 -2559947.427760 -438682.807244 0.001437
2185045.579638 -2559950.344092 -438677.943592 0.002310
2185047.231023 -2559954.189782 -438670.632771 -0.000815
2185048.051815 -2559956.394884 -438665.666851 0.001726
2185048.435845 -2559957.989522 -438660.552771 0.001214
2185050.094313 -2559961.282427 -438655.736017 0.000461
2185050.470775 -2559962.847347 -438650.594686 -0.001832
2185050.841804 -2559964.372028 -438645.508677 0.000659
2185050.793885 -2559965.361019 -438640.315679 0.002320
2185050.711427 -2559966.201119 -438635.057847 0.000638
2185050.630347 -2559967.038465 -438629.835806 0.002137
2185050.133436 -2559967.353848 -438624.512123 0.002524
2185050.086097 -2559968.346323 -438619.316314 0.003897
2185050.464204 -2559969.911135 -438614.206385 0.003852
2185050.368863 -2559970.688144 -438608.952924 0.003688
2185049.440944 -2559970.413318 -438603.509984 0.002778
2185049.364823 -2559971.255812 -438598.375893 0.000397
2185049.292668 -2559972.134039 -438593.161298 0.001747
2185048.789392 -2559972.422631 -438587.821471 0.001347
2185048.272305 -2559972.642461 -438582.490656 0.002638
2185047.787378 -2559973.016935 -438577.159280 0.001664
2185047.275755 -2559973.261719 -438571.835239 0.003135
2185046.767819 -2559973.528001 -438566.495205 0.003014
2185046.275828 -2559973.866818 -438561.170519 0.003065
2185045.323389 -2559973.478905 -438555.708097 0.002337
2185044.796902 -2559973.654702 -438550.373144 0.003915
2185044.762645 -2559974.708505 -438545.182726 0.004677
2185043.796370 -2559974.233814 -438539.815431 0.002076
2185043.299524 -2559974.554185 -438534.473505 0.001019
2185042.796644 -2559974.839660 -438529.151175 0.002007
2185042.282235 -2559975.092955 -438523.726788 0.006028
2185041.772002 -2559975.343718 -438518.404066 0.007497
2185040.826213 -2559974.974308 -438513.007926 0.001054
2185040.324731 -2559975.266811 -438507.688112 0.002142
2185039.802901 -2559975.469042 -438502.339406 0.002231
2185039.315778 -2559975.828473 -438497.023544 0.002656
2185038.380545 -2559975.519547 -438491.575463 0.001906
2185037.419723 -2559975.089932 -438486.117856 0.002112
2185037.373340 -2559976.087324 -438480.920183 0.003072
2185035.982876 -2559975.062074 -438475.390007 0.005825
2185035.046703 -2559974.750299 -438469.935817 0.004614
2185034.530138 -2559974.976141 -438464.591758 0.004688
2185033.147642 -2559973.972047 -438459.144070 0.003045
2185032.653232 -2559974.316913 -438453.735417 0.006937
2185031.667500 -2559974.379953 -438445.670574 0.006959
2185030.242579 -2559973.793005 -438437.582822 0.003676
2185029.299332 -2559973.441379 -438432.152027 0.004763
2185028.790789 -2559973.703640 -438426.814613 0.004974
2185027.833303 -2559973.288120 -438421.366845 0.005603
2185026.409064 -2559972.704959 -438413.277688 0.002140
2185024.619297 -2559971.254591 -438407.561660 0.006576
2185023.250830 -2559970.322828 -438402.095785 0.002393
2185022.718346 -2559970.475236 -438396.741401 0.002537
2185021.756451 -2559970.040770 -438391.283573 0.002894
2185021.248714 -2559970.306900 -438385.950472 0.003105
2185020.736581 -2559970.550243 -438380.621732 0.004258
2185019.806643 -2559970.265098 -438375.179861 0.003461
2185019.737779 -2559971.162668 -438369.950405 0.003364
2185019.646082 -2559971.961903 -438364.677980 0.000955
2185019.608778 -2559972.988963 -438359.533018 0.005796
2185019.549764 -2559973.939589 -438354.281445 0.002881
2185019.458684 -2559974.711835 -438349.140317 0.000934
2185019.380792 -2559975.559973 -438343.934572 0.003186
2185019.310495 -2559976.450001 -438338.707495 0.003374
2185019.267516 -2559977.466624 -438333.497992 0.002880
2185019.189675 -2559978.318264 -438328.279316 0.004296
2185019.116761 -2559979.201830 -438323.028985 0.002428
2185018.621006 -2559979.519012 -438317.718305 0.003937
2185018.964286 -2559980.922477 -438312.584126 0.004121
2185018.496903 -2559981.371808 -438307.288753 0.004958
2185017.971539 -2559981.555015 -438301.948502 0.005761
2185017.470599 -2559981.833342 -438296.706292 0.002460
2185016.945211 -2559982.018298 -438291.357315 0.002640
2185016.440735 -2559982.295563 -438286.040723 0.004124
2185015.941254 -2559982.605071 -438280.690805 0.002416
2185014.993867 -2559982.233660 -438275.258584 0.003747
2185014.479870 -2559982.478019 -438269.891359 0.001578
2185013.973358 -2559982.743339 -438264.583190 0.003904
2185013.468472 -2559983.019534 -438259.259882 0.004820
2185013.398371 -2559983.908589 -438254.039936 0.005436
2185012.876332 -2559984.091177 -438248.780276 0.002060
2185012.401784 -2559984.506661 -438243.482556 0.003044
2185012.312988 -2559985.300904 -438238.282160 0.006565
2185002.018641 -2559977.829694 -438232.450064 0.018339
2185012.615815 -2559987.740300 -438227.909637 0.003822
2185012.537243 -2559988.594710 -438222.666404 0.003045
2185012.922774 -2559990.191391 -438217.566001 0.003229
2185013.301870 -2559991.757210 -438212.469325 0.004172
2185013.654249 -2559993.199590 -438207.351014 0.005132
2185014.041611 -2559994.809783 -438202.234306 0.003827
2185013.965074 -2559995.643296 -438197.125574 0.003281
2185013.899794 -2559996.557356 -438191.897871 0.002997
2185013.823076 -2559997.415604 -438186.674024 0.003562
2185013.311450 -2559997.664506 -438181.332561 0.003508
2185012.818056 -2559997.995797 -438176.012382 0.003719
2185012.766300 -2559998.969248 -438170.805753 0.004257
2185012.211705 -2559999.021253 -438165.426997 0.003776
2185011.708491 -2559999.306603 -438160.102436 0.004549
2185011.202151 -2559999.557360 -438154.867823 0.002056
2185011.138750 -2560000.477613 -438149.650758 0.002520
2185010.630373 -2560000.738165 -438144.322883 0.003117
2185010.574590 -2560001.696489 -438139.099917 0.002540
2185011.364596 -2560003.765561 -438134.085574 0.002868
2185011.769274 -2560005.457825 -438128.970202 0.000566
2185012.098470 -2560006.787013 -438123.862332 0.003844
2185012.486837 -2560008.400787 -438118.748300 0.002774
2185013.723166 -2560011.134421 -438113.847793 0.002870
2185013.684380 -2560012.157397 -438108.689716 0.006579
2185010.511666 -2560008.500973 -438102.651006 0.005248
2185007.805407 -2560006.201191 -438094.183109 0.005976
2185005.963885 -2560004.485029 -438088.571567 0.001033
2185004.596928 -2560003.568811 -438083.057449 0.003307
2185003.183997 -2560002.452467 -438077.464892 0.002174
2185002.686896 -2560002.765767 -438072.143534 0.002618
2185001.306793 -2560001.794582 -438066.598799 0.003230
2185000.351077 -2560001.386727 -438061.155854 0.004097
2184999.391039 -2560000.942043 -438055.787499 0.000767
2184998.894671 -2560001.276751 -438050.383060 0.004954
2184997.531120 -2560000.360704 -438044.948976 0.002928
2184997.007484 -2560000.554116 -438039.599448 0.002699
2184996.092897 -2560000.331971 -438034.197760 0.004321
2184995.522300 -2560000.318499 -438028.779288 0.001523
2184995.041178 -2560000.702262 -438023.482345 0.003029
2184994.530241 -2560000.949541 -438018.158620 0.004099
2184994.004148 -2560001.131721 -438012.808578 0.004243
2184993.953701 -2560002.107965 -438007.614807 0.005443
2184993.009619 -2560001.738124 -438002.255697 0.001862
2184992.493176 -2560001.982928 -437996.822708 0.004902
2184992.000122 -2560002.296956 -437991.592407 0.002025
2184991.474766 -2560002.497403 -437986.167905 0.006378
2184990.543103 -2560002.184272 -437980.817695 0.002693
2184989.580396 -2560001.745002 -437975.367209 0.003239
2184989.087640 -2560002.078928 -437970.045468 0.003454
2184988.570041 -2560002.291143 -437964.735671 0.006122
2184987.073243 -2560002.594152 -437951.392932 -0.000039
2184987.066223 -2560003.777201 -437946.187612 0.008235
2184986.467574 -2560003.632800 -437940.753520 0.006018
2184986.432315 -2560004.682688 -437935.556025 0.006086
2184986.359730 -2560005.562948 -437930.322537 0.005432
2184985.399493 -2560005.116055 -437924.964152 0.002993
2184985.355159 -2560006.123266 -437919.763590 0.003157
2184985.289018 -2560007.032897 -437914.535668 0.002787
2184985.648106 -2560008.504702 -437909.426510 0.003791
2184985.154345 -2560008.832959 -437904.109768 0.004466
2184985.533804 -2560010.396984 -437899.021710 0.005836
2184985.887572 -2560011.863643 -437893.831936 0.000675
2184985.801103 -2560012.660245 -437888.663854 0.006486
2184986.189204 -2560014.271081 -437883.555294 0.005791
2184985.676027 -2560014.511045 -437878.219555 0.005924
2184984.723947 -2560014.121484 -437872.774113 0.006375
2184984.217657 -2560014.391141 -437867.449422 0.006974
2184983.726746 -2560014.714416 -437862.221292 0.003960
2184983.670657 -2560015.676517 -437856.959979 0.010729
2184983.554173 -2560016.360543 -437851.670607 0.008622
2184983.503886 -2560017.323373 -437846.547345 0.004865
2184983.841615 -2560018.701897 -437841.402304 0.004451
2184984.230801 -2560020.318933 -437836.291535 0.003318
2184984.164295 -2560021.222432 -437831.080173 0.004215
2184984.099922 -2560022.131622 -437825.886196 0.006401
2184984.476059 -2560023.684467 -437820.779242 0.006511
2184985.288479 -2560025.852025 -437815.791210 0.007514
2184985.223963 -2560026.769218 -437810.563772 0.006907
2184986.020771 -2560028.867967 -437805.555609 0.007269
2184987.255420 -2560031.590453 -437800.660715 0.007981
2184988.088716 -2560033.859257 -437795.668658 0.007188
2184988.904745 -2560036.044084 -437790.684853 0.008285
2184990.606024 -2560039.508718 -437785.997739 0.004444
2184992.217141 -2560042.572443 -437781.172516 0.006020
2185028.609938 -2560095.024928 -437789.890315 -0.217583
2184999.533172 -2560056.260568 -437767.388833 0.002524
2184999.465701 -2560057.155411 -437762.192470 0.004723
2184999.349157 -2560057.830205 -437756.936797 0.005276
2184999.299075 -2560058.809372 -437751.736920 0.005970
2184998.347106 -2560058.419231 -437746.290991 0.006176
2184997.857882 -2560058.766237 -437740.984218 0.007183
2184997.329609 -2560058.933044 -437735.651764 0.008683
2184996.839579 -2560059.274066 -437730.350829 0.010250
2184994.809421 -2560059.124019 -437714.214094 0.001849
2184994.374403 -2560059.710784 -437708.987117 0.005936
2184993.406694 -2560059.246386 -437703.535051 0.006582
2184993.365282 -2560060.265676 -437698.340384 0.007211
2184993.270775 -2560061.044397 -437693.091533 0.006682
2184992.325924 -2560060.683625 -437687.666137 0.008240
2184991.824404 -2560060.978488 -437682.333221 0.007710
2184991.311900 -2560061.215779 -437677.016882 0.009620
2184990.770840 -2560061.311948 -437671.737008 0.005478
2184990.732323 -2560062.362983 -437666.456459 0.009470
2184990.240431 -2560062.702261 -437661.130353 0.008840
2184990.138163 -2560063.431839 -437655.943876 0.003533
2184989.662538 -2560063.834610 -437650.671816 0.006346
2184989.568989 -2560064.612863 -437645.441928 0.007592
2184989.049212 -2560064.822008 -437640.103142 0.007815
2184988.525707 -2560065.021299 -437634.731779 0.005822
2184988.488859 -2560066.064931 -437629.527634 0.005040
2184988.399462 -2560066.860476 -437624.307743 0.006833
2184988.338845 -2560067.786089 -437619.118878 0.008983
2184987.819597 -2560067.994793 -437613.789810 0.010235
2184988.184394 -2560069.473795 -437608.773876 0.007779
2184988.141620 -2560070.507114 -437603.482538 0.011121
2184987.179736 -2560070.058302 -437598.095265 0.005967
2184986.676109 -2560070.336609 -437592.788693 0.007917
2184986.162705 -2560070.577538 -437587.443571 0.007258
2184986.096280 -2560071.479882 -437582.236740 0.008417
2184985.587670 -2560071.742705 -437576.895396 0.007750
2184985.105450 -2560072.119374 -437571.601739 0.009313
2184984.129020 -2560071.624358 -437566.110476 0.007295
2184983.582298 -2560072.308691 -437558.187899 0.009490
2184983.057944 -2560072.495728 -437552.848105 0.010060
2184982.533768 -2560072.660531 -437547.615749 0.008698
2184981.609975 -2560072.402937 -437542.179276 0.007817
2184980.669094 -2560072.077134 -437536.676205 0.013152
2184979.747340 -2560071.806647 -437531.343945 0.009987
2184979.655097 -2560072.596798 -437526.092149 0.008976
2184979.134467 -2560072.802225 -437520.750243 0.009214
2184978.196105 -2560072.471135 -437515.329616 0.010394
2184977.243244 -2560072.075526 -437509.889911 0.011214
2184977.164130 -2560072.930165 -437504.632230 0.008795
2184976.694709 -2560073.363110 -437499.359573 0.011320
2184975.711124 -2560072.832790 -437493.871568 0.009931
2184975.211189 -2560073.126101 -437488.573057 0.012382
2184974.689480 -2560073.305873 -437483.327487 0.009720
2184974.201207 -2560073.676833 -437477.926915 0.013570
2184973.244666 -2560073.251850 -437472.551477 0.008972
2184973.149409 -2560074.027610 -437467.298876 0.008337
2184972.199148 -2560073.645970 -437461.852203 0.008136
2184971.677443 -2560073.846601 -437456.508596 0.008279
2184971.194016 -2560074.212925 -437451.234618 0.011374
2184971.550924 -2560075.678992 -437446.103803 0.010789
2184971.502151 -2560076.659080 -437440.923028 0.012722
2184970.976619 -2560076.826995 -437435.652444 0.008341
2184970.910547 -2560077.730503 -437430.446818 0.009497
2184970.390593 -2560077.945363 -437425.081381 0.007542
2184969.442595 -2560077.567385 -437419.663675 0.009712
2184968.510115 -2560077.266515 -437414.233982 0.009821
2184967.973813 -2560077.399444 -437408.882061 0.010103
2184967.942138 -2560078.466428 -437403.682179 0.009372
2184967.411545 -2560078.623665 -437398.343910 0.010400
2184966.468292 -2560078.270802 -437392.915592 0.011362
2184966.406063 -2560079.195291 -437387.699972 0.011391
2184965.887990 -2560079.399407 -437382.427857 0.006349
2184965.385897 -2560079.685032 -437377.119235 0.007907
2184965.298167 -2560080.487095 -437371.904031 0.009750
2184964.777101 -2560080.693658 -437366.548129 0.008623
2184964.702111 -2560081.553867 -437361.344251 0.010545
2184964.217718 -2560081.926473 -437356.028006 0.010225
2184963.707137 -2560082.174814 -437350.708083 0.011434
2184964.065976 -2560083.647018 -437345.587091 0.011352
2184963.561466 -2560083.927202 -437340.256626 0.011247
2184963.478183 -2560084.755840 -437335.021029 0.011017
2184962.979178 -2560085.059169 -437329.701693 0.011465
2184962.483235 -2560085.361389 -437324.458693 0.007179
2184962.365693 -2560086.027377 -437319.216490 0.008912
2184962.342502 -2560087.134841 -437314.017037 0.007458
2184961.819467 -2560087.323806 -437308.694049 0.009370
2184961.289683 -2560087.480364 -437303.371059 0.011482
2184961.657722 -2560088.998498 -437298.244492 0.010415
2184960.735737 -2560088.742551 -437292.835959 0.011399
2184961.095793 -2560090.220948 -437287.716272 0.011457
2184961.023195 -2560091.104650 -437282.465909 0.009118
2184960.526853 -2560091.398167 -437277.248577 0.007275
2184960.470251 -2560092.348281 -437272.037786 0.007159
2184960.411389 -2560093.294511 -437266.782492 0.014522
2184959.852844 -2560093.317735 -437261.459536 0.007785
2184959.769350 -2560094.132839 -437256.271524 0.011713
2184959.720270 -2560095.118243 -437251.063613 0.011319
2184959.215040 -2560095.401574 -437245.705512 0.009006
2184973.162630 -2560117.129648 -437239.942790 0.199436
2184962.491652 -2560114.893698 -437235.736597 -0.241717
2184958.558675 -2560097.401127 -437229.935731 0.009878
2184958.462934 -2560098.152613 -437224.783943 0.006765
2184963.554055 -2560121.912886 -437221.227088 -0.210570
2184958.581090 -2560099.891403 -437219.754840 0.131184
2184943.136718 -2560090.738234 -437220.702568 0.250290
2184958.204312 -2560101.801521 -437203.927462 0.007850
2185012.361421 -2560176.360422 -437221.569995 0.037903
2184973.571237 -2560139.914674 -437200.048397 0.570266
2184959.192990 -2560111.241635 -437184.374904 -0.496815
2184958.355793 -2560105.943313 -437183.173257 0.010215
2184958.714806 -2560107.998437 -437175.575059 0.008040
2184985.117775 -2560143.043914 -437182.410422 0.735678
2184958.640858 -2560110.116339 -437165.039136 -0.004367
2184958.040209 -2560109.916721 -437159.777978 0.007941
2184957.991318 -2560110.897194 -437154.591782 0.009444
2184961.082886 -2560123.950227 -437155.341446 0.370231
2184962.563786 -2560135.721129 -437147.996080 -0.014365
2184957.771413 -2560113.517481 -437138.917576 0.009304
2184957.368314 -2560109.083464 -437136.913990 0.387074
2184962.416337 -2560141.604064 -437114.020893 -0.285810
2184958.714283 -2560123.891940 -437107.782444 -0.058787
2184977.013238 -2560146.724125 -437100.511260 -0.170411
2184960.395653 -2560125.294230 -437086.876068 -0.225294
2184963.314542 -2560144.652747 -437100.156157 0.405454
2184957.942601 -2560123.592170 -437087.080646 0.012038
2184957.901099 -2560124.636884 -437081.783447 0.003634
2184962.715374 -2560148.732514 -437059.218129 -0.640465
2184958.822358 -2560130.737959 -437056.051631 0.010388
2184958.323785 -2560131.029438 -437050.802215 0.005634
2184958.684973 -2560132.503893 -437045.715231 0.008304
2184958.612515 -2560133.391100 -437040.452682 0.004839
2184958.989272 -2560134.937126 -437035.379425 0.007587
2184967.257424 -2560148.153445 -437030.455603 0.089554
2184931.154256 -2560096.132978 -437021.559284 -0.152828
2184980.091140 -2560177.064923 -437026.757194 0.687278
2184966.566489 -2560150.227221 -437013.877743 0.008645
2184965.179619 -2560149.224063 -437008.330942 0.009214
2184963.797895 -2560148.228323 -437002.868710 0.005475
2184962.855265 -2560147.897109 -436997.348864 0.009453
2184961.459814 -2560146.839356 -436991.872295 0.005449
2184961.399149 -2560147.785176 -436986.583559 0.010004
2184960.435151 -2560147.319947 -436981.222985 0.006995
2184959.938827 -2560147.629983 -436975.924932 0.008924
2184958.964973 -2560147.141969 -436970.450739 0.007933
2184963.778326 -2560171.425440 -436970.901746 0.140816
2184957.491968 -2560147.556703 -436957.091593 0.008548
2184956.994995 -2560147.854969 -436951.845045 0.004038
2184956.468727 -2560148.051992 -436946.411722 0.007391
2184955.936092 -2560148.192447 -436941.094571 0.010329
2184955.904571 -2560149.247803 -436935.939715 0.013084
2184955.810567 -2560150.030906 -436930.679213 0.011502
2184955.303124 -2560150.279462 -436925.430810 0.007410
2184954.797732 -2560150.546941 -436920.129178 0.009629
2184953.827961 -2560150.079340 -436914.653994 0.008248
2184952.880657 -2560149.704025 -436909.237899 0.010324
2184951.051583 -2560148.058699 -436903.569159 0.009939
2184946.130423 -2560142.517208 -436894.544549 0.010788
2184944.729872 -2560141.457382 -436888.964927 0.009359
2184939.692081 -2560136.576611 -436874.753417 0.005271
2184938.751869 -2560136.246798 -436869.275055 0.012375
2184936.971468 -2560134.807719 -436863.731755 0.008402
2184935.544503 -2560133.623201 -436858.147944 0.008392
2184934.610123 -2560133.307267 -436852.742428 0.010450
2184933.634514 -2560132.807598 -436847.282869 0.010758
2184933.139995 -2560133.132442 -436841.962657 0.010634
2184932.197095 -2560132.776604 -436836.555019 0.013061
2184931.687734 -2560133.034096 -436831.218323 0.012569
2184931.612655 -2560133.898047 -436825.995654 0.012689
2184931.158911 -2560134.409554 -436820.709423 0.012612
2184930.549045 -2560134.812021 -436812.705372 0.011844
2184930.488603 -2560135.721041 -436807.597051 0.009669
2184930.464776 -2560136.802586 -436802.482189 0.015490
2184930.411241 -2560137.778915 -436797.224730 0.011056
2184929.881238 -2560136.402418 -436792.229028 0.062081
2184932.320882 -2560152.829355 -436783.867576 0.267323
2184933.690434 -2560142.599388 -436776.725028 -0.189414
2184926.527566 -2560138.717126 -436744.185719 0.667965
2184953.224978 -2560182.777966 -436737.672308 0.139832
2184926.852689 -2560145.423708 -436728.893264 0.017148
2184925.124346 -2560145.843070 -436710.292719 0.028490
2184925.139522 -2560149.116145 -436703.040591 -0.173693
2184924.766092 -2560148.056321 -436699.704387 0.009962
2184936.428009 -2560161.619420 -436700.428992 0.735872
2184924.513478 -2560149.302143 -436689.222498 0.014133
2184923.632689 -2560149.195984 -436684.017748 0.018553
2184923.076322 -2560149.272993 -436678.490410 0.015948
2184922.543972 -2560149.423212 -436673.143735 0.016265
2184922.470213 -2560150.289482 -436667.935836 0.017362
2184924.900923 -2560163.396398 -436667.416980 0.223312
2184921.894069 -2560151.424910 -436657.493605 0.015385
2184921.810039 -2560152.252711 -436652.244134 0.013833
2184921.700910 -2560152.962452 -436646.985796 0.013236
2184921.251706 -2560153.476583 -436641.788736 0.009501
2184920.817433 -2560154.071503 -436636.540101 0.011162
2184920.203478 -2560153.841896 -436631.149665 0.013285
2184919.734191 -2560154.289128 -436625.823117 0.010770
2184918.740638 -2560153.713338 -436620.306755 0.018301
2184917.802657 -2560153.378950 -436614.925799 0.011747
2184918.893102 -2560160.856569 -436616.931413 0.730277
2184992.242314 -2560280.822366 -436536.287940 0.086909
2184908.150492 -2560157.702972 -436516.492929 0.009314
2185017.449632 -2560322.834031 -436502.108964 0.119141
2184904.876179 -2560161.852866 -436468.884577 0.011899
2184904.782304 -2560162.628725 -436463.670631 0.003153
2184904.295423 -2560162.964803 -436458.445467 0.010365
2184906.893644 -2560171.822803 -436460.682853 0.709960
2184904.110868 -2560166.345993 -436440.227230 0.010136
2184903.434575 -2560165.826100 -436434.785559 0.022950
2184904.360704 -2560170.096692 -436429.393444 -0.061258
2184904.177078 -2560168.863353 -436424.669473 0.009525
2184902.128570 -2560162.921879 -436420.326607 0.206958
2184903.879711 -2560173.166667 -436406.404507 -0.018718
2184903.130052 -2560172.282675 -436401.009791 0.003273
2184905.592103 -2560190.147033 -436386.594331 0.580033
2184902.749989 -2560176.550799 -436375.015933 0.002726
2184902.228928 -2560176.758262 -436369.638669 0.010394
2184908.908727 -2560198.946879 -436368.705076 -0.374343
2184915.217393 -2560197.389048 -436361.668369 0.050293
2184884.350903 -2560162.140510 -436350.363940 0.405363
2184901.026317 -2560184.050933 -436320.094462 0.007230
2184900.963121 -2560186.174473 -436309.725372 0.007615
2184901.342824 -2560187.742831 -436304.613527 0.006691
2184902.005587 -2560191.448685 -436302.060236 0.185673
2184901.179329 -2560189.410606 -436294.148150 0.005870
2184900.676929 -2560189.690910 -436288.850978 0.007915
2184900.584191 -2560190.475324 -436283.605738 0.007324
2184900.990166 -2560192.152648 -436278.559150 0.009823
2184900.325111 -2560192.213711 -436270.864465 0.027924
2184894.414486 -2560195.942494 -436256.853143 0.153661
2184898.804026 -2560193.075456 -436254.640371 0.007302
2184898.801811 -2560194.263513 -436249.511282 0.010122
2184898.755452 -2560195.269176 -436244.270203 0.006563
2184925.930767 -2560235.415779 -436245.406266 0.029497
2185014.304113 -2560370.436626 -436264.211946 0.835631
2184903.058571 -2560219.222015 -436229.960195 -0.241195
2184897.594686 -2560197.529803 -436223.223880 0.010647
2184897.516421 -2560198.346754 -436218.138265 0.011441
2184900.515156 -2560214.935033 -436208.865991 -0.374501
2184896.282702 -2560201.505996 -436191.774847 0.007435
2184898.889678 -2560212.652298 -436185.338107 -0.252706
2184898.431864 -2560214.184387 -436181.600035 -0.132565
2184880.841590 -2560190.153768 -436171.132074 0.218365
2184895.967787 -2560206.075817 -436165.816087 0.005081
2184895.438160 -2560206.245636 -436160.424742 0.012091
2184898.366066 -2560222.036478 -436152.915145 -0.192903
2184895.291917 -2560208.567819 -436147.517451 0.010801
2184892.714495 -2560217.304879 -436143.562895 0.114331
2184895.571575 -2560210.896793 -436137.113825 0.005537
2184895.467972 -2560211.621692 -436131.896569 0.007760
2184895.412226 -2560212.566409 -436126.715742 0.010023
2184894.885667 -2560212.732704 -436121.431359 0.003955
2184894.809527 -2560213.600965 -436116.150324 0.009968
2184894.736880 -2560214.481303 -436110.905968 0.007764
2184894.668459 -2560215.370445 -436105.705152 0.009200
2184894.614424 -2560216.325687 -436100.515619 0.010337
2184894.501532 -2560217.001469 -436095.333923 0.005656
2184894.466953 -2560218.059135 -436090.090725 0.011724
2184894.192677 -2560215.270261 -436084.134185 -0.005327
2184895.182464 -2560220.967312 -436079.948952 0.008656
2184894.709638 -2560221.383317 -436074.675202 0.010832
2184894.640195 -2560222.276512 -436069.440195 0.009186
2184894.536987 -2560223.010755 -436064.193674 0.009163
2184894.050115 -2560223.363474 -436058.905154 0.010797
2184893.971961 -2560224.219482 -436053.652201 0.008500
2184893.921908 -2560225.189970 -436048.477087 0.010567
2184893.826905 -2560225.937066 -436043.350699 0.009179
2184893.770821 -2560226.893628 -436038.117892 0.006910
2184893.705527 -2560227.790451 -436032.944873 0.010348
2184893.630369 -2560228.657276 -436027.705499 0.008838
2184893.094321 -2560228.794534 -436022.335286 0.007113
2184893.501486 -2560230.485455 -436017.258209 0.007019
2184893.020561 -2560230.885179 -436011.894770 0.002070
2184892.884613 -2560231.447047 -436006.707164 0.009114
2184893.289249 -2560233.124680 -436001.634560 0.009588
2184893.195362 -2560233.897509 -435996.411144 0.010708
2184893.138621 -2560234.841822 -435991.213010 0.011428
2184893.496432 -2560236.305241 -435986.097256 0.011473
2184893.397911 -2560237.065845 -435980.835541 0.009705
2184893.765796 -2560238.561963 -435975.779968 0.014131
2184893.732289 -2560239.621973 -435970.565175 0.011830
2184894.079802 -2560241.022017 -435965.521612 0.007869
2184894.039500 -2560242.061792 -435960.240883 0.011282
2184893.951404 -2560242.859651 -435955.027668 0.012855
2184894.315066 -2560244.326026 -435950.030289 0.011690
2184894.722985 -2560246.037853 -435944.882960 0.005608
2184895.050173 -2560247.350223 -435939.783372 0.009145
2184894.973051 -2560248.200363 -435934.571289 0.010052
2184894.492158 -2560248.585636 -435929.266908 0.010045
2184893.972774 -2560248.786909 -435923.960439 0.012493
2184893.011762 -2560248.354424 -435918.509839 0.012280
2184893.384922 -2560249.896137 -435913.375598 0.009692
2184893.325907 -2560250.826986 -435908.186818 0.011340
2184892.817160 -2560251.066139 -435902.949389 0.007945
2184892.764544 -2560252.047247 -435897.666659 0.012150
2184892.234237 -2560252.201180 -435892.340389 0.013672
2184892.167763 -2560253.095236 -435887.174118 0.006920
2184891.658314 -2560253.343833 -435881.868919 0.008659
2184890.239433 -2560252.200021 -435876.276213 0.007137
2184889.317714 -2560251.937737 -435870.897342 0.010100
2184887.931299 -2560250.944244 -435865.325378 0.008084
2184886.994073 -2560250.606593 -435859.950662 0.012469
2184886.483061 -2560250.860350 -435854.594534 0.010285
2184885.528131 -2560250.454014 -435849.157950 0.010659
2184884.580761 -2560250.085356 -435843.715606 0.010283
2184883.636756 -2560249.715417 -435838.339936 0.015043
2184885.585313 -2560259.805474 -435840.549707 0.642618
2184882.612053 -2560250.195065 -435827.707222 0.006469
2184882.502441 -2560250.899210 -435822.457164 0.006525
2184882.424755 -2560251.740910 -435817.266675 0.009154
2184882.399504 -2560252.836893 -435812.064554 0.007446
2184882.780308 -2560254.403202 -435806.977360 0.008156
2184882.667306 -2560255.093227 -435801.718989 0.007747
2184882.603756 -2560255.984931 -435796.615157 0.005887
2184882.111947 -2560256.343161 -435791.193047 0.007601
2184882.927837 -2560258.520591 -435786.212226 0.008277
2184882.445142 -2560258.877919 -435781.000382 0.005371
2184882.319119 -2560259.525518 -435775.646673 0.008461
2184882.273802 -2560260.505075 -435770.540808 0.005332
2184882.204179 -2560261.388983 -435765.336192 0.006314
2184882.134863 -2560262.280111 -435760.109598 0.005440
2184881.625375 -2560262.531614 -435754.790393 0.006093
2184882.437263 -2560264.693220 -435749.796318 0.006069
2184881.511227 -2560264.410988 -435744.414510 0.009164
2184882.280098 -2560266.384068 -435739.352672 0.006385
2184886.655710 -2560286.285048 -435742.998136 0.723177
2184882.571926 -2560268.750237 -435729.026686 0.006647
2184882.950083 -2560270.288008 -435724.016932 0.003385
2184882.890965 -2560271.225241 -435718.800741 0.002687
2184882.827657 -2560272.152351 -435713.527469 0.008237
2184882.757905 -2560273.021550 -435708.395353 0.004558
2184882.688622 -2560273.908909 -435703.183378 0.004885
2184882.625087 -2560274.824401 -435697.969228 0.004660
2184882.564017 -2560275.741291 -435692.794884 0.007585
2184882.441149 -2560276.392333 -435687.504209 0.004989
2184881.518371 -2560276.131452 -435682.099576 0.005921
2184881.442432 -2560276.992957 -435676.864333 0.004773
2184880.525410 -2560276.733892 -435671.577973 0.004359
2184880.439972 -2560277.568718 -435666.251451 0.007079
2184880.364936 -2560278.415094 -435661.109620 0.002789
2184879.867367 -2560278.723509 -435655.790180 0.002720
2184879.781150 -2560279.530382 -435650.575478 0.003860
2184879.706560 -2560280.395008 -435645.352702 0.003770
2184878.763950 -2560280.046207 -435639.923262 0.003844
2184878.270431 -2560280.349997 -435634.715177 0.002090
2184877.743819 -2560280.525708 -435629.371102 0.001679
2184878.133913 -2560282.154867 -435624.193715 0.005167
2184876.748453 -2560281.133011 -435618.767547 0.004250
2184875.782818 -2560280.685808 -435613.289874 0.002101
2184875.298650 -2560281.054632 -435607.987688 0.002293
2184875.183120 -2560281.730124 -435602.737488 0.002707
2184874.684490 -2560282.033991 -435597.414895 0.002178
2184874.616887 -2560282.928539 -435592.205492 0.002731
2184874.133794 -2560283.298161 -435586.919953 0.004225
2184873.642107 -2560283.592964 -435581.781982 0.008117
2184875.424194 -2560295.386160 -435574.340492 -0.371625
2184871.696600 -2560279.431831 -435566.474042 -0.325166
2184873.388648 -2560286.067627 -435566.024444 0.001941
2184873.331150 -2560287.010557 -435560.815256 0.001692
2184872.821320 -2560287.259792 -435555.495953 0.002322
2184872.745099 -2560288.114853 -435550.279553 0.002743
2184872.246852 -2560288.395540 -435545.074547 0.001402
2184872.174185 -2560289.291023 -435539.749575 0.003226
2184871.628144 -2560289.381262 -435534.378124 0.001932
2184870.716292 -2560289.149792 -435529.079370 0.000244
2184870.640178 -2560290.002065 -435523.875377 0.001678
2184869.698697 -2560289.661600 -435518.432681 0.000663
2184869.198144 -2560289.948449 -435513.143269 0.003149
2184868.701313 -2560290.258627 -435507.831075 0.003494
2184868.172740 -2560290.429611 -435502.469226 0.001808
2184867.673341 -2560290.729506 -435497.150663 0.001784
2184866.696448 -2560290.225211 -435491.684124 0.001173
2184866.164872 -2560290.957521 -435483.866915 -0.000686
2184866.100895 -2560291.872539 -435478.645041 -0.001455
2184865.616012 -2560292.236200 -435473.346980 -0.000896
2184865.967399 -2560293.666270 -435468.238842 0.000283
2184865.463937 -2560293.948248 -435462.912523 -0.000262
2184865.817939 -2560295.392588 -435457.797679 0.000170
2184864.863104 -2560294.989070 -435452.349815 -0.000518
2184865.267144 -2560296.658817 -435447.289608 0.001076
2184865.175911 -2560297.441474 -435442.074478 0.002479
2184865.094085 -2560298.277806 -435436.826085 0.000695
2184865.040145 -2560299.227555 -435431.655469 0.003282
2184864.982715 -2560300.156269 -435426.520214 -0.001545
2184864.896475 -2560300.984061 -435421.204525 0.001942
2184865.277730 -2560302.535264 -435416.199624 -0.001155
2184867.518256 -2560312.411090 -435413.421715 0.066682
2184866.441095 -2560306.132807 -435406.072219 -0.002322
2184865.937196 -2560306.408764 -435400.762605 -0.001331
2184865.867310 -2560307.290594 -435395.559054 -0.000274
2184865.322766 -2560307.363948 -435390.294612 -0.003451
2184864.419657 -2560307.193999 -435384.902991 -0.002825
2184863.906849 -2560307.445532 -435379.502524 0.001893
2184863.399182 -2560307.693505 -435374.250045 -0.002803
2184862.878863 -2560307.896644 -435368.916062 -0.002736
2184862.808612 -2560308.777306 -435363.710123 -0.001868
2184862.300217 -2560309.044682 -435358.350367 -0.004800
2184861.790160 -2560309.316274 -435352.921747 -0.002599
2184861.154923 -2560310.938611 -435345.612044 -0.198628
2184860.360642 -2560309.293848 -435342.317037 -0.002094
2184859.855878 -2560309.558903 -435337.033274 0.001120
2184859.342703 -2560309.797908 -435331.692714 0.000157
2184858.407371 -2560309.485334 -435326.256569 -0.000797
2184857.446701 -2560309.049981 -435320.825299 0.000430
2184856.918725 -2560309.196640 -435315.586423 -0.001869
2184856.881603 -2560310.245770 -435310.323800 0.002821
2184855.912124 -2560309.781085 -435304.843656 0.000501
2184854.966938 -2560309.403031 -435299.496379 -0.003041
2184853.596143 -2560308.464734 -435294.001193 -0.000094
2184853.077671 -2560308.686170 -435288.631097 -0.003067
2184852.140114 -2560308.356264 -435283.220735 -0.001820
2184851.622387 -2560308.577231 -435277.867977 -0.003402
2184851.118758 -2560308.853897 -435272.557277 -0.002656
2184850.605535 -2560309.094919 -435267.210383 -0.004048
2184849.653160 -2560308.694821 -435261.797075 -0.002043
2184848.726038 -2560308.400657 -435256.458981 -0.005943
2184848.208788 -2560308.611618 -435251.151829 -0.003975
2184847.667140 -2560308.756749 -435245.629654 -0.007408
2184846.341493 -2560307.988488 -435240.333242 -0.001606
2184845.400509 -2560307.647702 -435234.900482 -0.001762
2184845.321621 -2560308.487444 -435229.692186 -0.000671
2184844.802189 -2560308.703400 -435224.326991 -0.003184
2184844.300089 -2560308.975984 -435219.061927 0.001281
2184843.783622 -2560309.208908 -435213.684778 -0.002440
2184842.873774 -2560309.010127 -435208.281427 -0.002543
2184841.910223 -2560308.567157 -435202.826104 -0.003063
2184840.506187 -2560307.466189 -435197.364763 -0.005772
2184842.511304 -2560324.685604 -435189.825150 -0.579343
2184838.140803 -2560305.965660 -435186.286021 -0.001271
2184836.371007 -2560304.595701 -435180.663336 -0.002343
2184835.342427 -2560303.852423 -435175.184999 -0.011373
2184834.430057 -2560303.621128 -435169.860501 -0.004523
2184833.491338 -2560303.307528 -435164.347217 -0.001016
2184837.981036 -2560328.025566 -435162.615516 -0.085929
2184829.864055 -2560300.112606 -435153.274865 -0.004383
2184828.475551 -2560299.101951 -435147.734923 -0.003895
2184827.056790 -2560297.964849 -435142.126516 -0.007124
2184825.293100 -2560296.617837 -435136.528675 -0.006661
2184824.739916 -2560296.670049 -435131.170820 -0.006405
2184826.729533 -2560312.831756 -435127.365201 -0.110162
2184821.977658 -2560294.735408 -435120.012681 -0.002302
2184820.573856 -2560293.640650 -435114.536410 -0.006180
2184820.066553 -2560293.900755 -435109.224363 -0.005225
2184819.119619 -2560293.528165 -435103.806921 -0.003850
2184818.165229 -2560293.130921 -435098.347087 -0.005556
2184817.220318 -2560292.764796 -435092.943538 -0.003161
2184815.418465 -2560291.245124 -435087.308681 -0.003237
2184814.463458 -2560290.840433 -435081.864663 -0.003538
2184813.961088 -2560291.126227 -435076.546794 -0.003428
2184812.996692 -2560290.669874 -435071.128468 -0.000924
2184812.509329 -2560291.013169 -435065.885115 -0.006452
2184810.549097 -2560287.662867 -435058.799959 -0.086564
2184809.737873 -2560289.012993 -435054.830218 -0.003846
2184808.789256 -2560288.638652 -435049.390704 -0.004112
2184807.385960 -2560287.566409 -435043.819110 -0.005449
2184805.998042 -2560286.554785 -435038.295499 -0.003541
2184804.614995 -2560285.572912 -435032.749250 -0.004146
2184802.786130 -2560283.915184 -435027.169828 -0.008345
2184802.699624 -2560284.741750 -435021.852081 -0.005231
2184801.346236 -2560283.871493 -435016.439966 -0.007079
2184800.831516 -2560284.119767 -435011.020644 -0.004027
2184799.888170 -2560283.748271 -435005.685625 -0.006630
2184798.937395 -2560283.361572 -435000.251899 -0.006529
2184797.991095 -2560282.994307 -434994.828795 -0.005591
2184797.038288 -2560282.600947 -434989.383476 -0.006329
2184796.536263 -2560282.888501 -434984.063768 -0.006275
2184795.569464 -2560282.432425 -434978.603932 -0.007278
2184797.694134 -2560294.911494 -434980.355131 0.463661
2184793.661445 -2560281.607191 -434967.837458 -0.008647
2184793.179920 -2560282.004617 -434962.453798 -0.004616
2184792.246968 -2560281.683590 -434957.117120 -0.008348
2184791.755466 -2560282.024091 -434951.787965 -0.009936
2184791.229377 -2560282.200524 -434946.452197 -0.009726
2184790.294442 -2560281.883898 -434941.041204 -0.008664
2184789.791999 -2560282.164086 -434935.742269 -0.006982
2184788.801082 -2560281.601294 -434930.251052 -0.008849
2184929.202270 -2560489.432698 -434934.052612 0.227214
2184787.511996 -2560295.646128 -434899.380792 -0.119705
2184782.963588 -2560278.745297 -434891.192838 -0.087445
2184782.994190 -2560281.206239 -434887.336206 -0.011092
2184779.582326 -2560281.252295 -434860.620142 -0.012265
2184779.961558 -2560287.875383 -434852.444012 -0.108265
2184778.106480 -2560281.648904 -434847.274780 -0.011643
2184781.359436 -2560298.992675 -434845.499403 0.026585
2184780.377112 -2560297.282599 -434839.020939 -0.039632
2184776.593285 -2560282.480813 -434831.304245 -0.012402
2184776.073919 -2560282.686566 -434825.978352 -0.011843
2184776.778829 -2560286.930777 -434827.708839 0.686043
2184775.053890 -2560283.181506 -434815.353774 -0.009701
2184778.603937 -2560300.228446 -434814.633322 0.122926
2184774.045680 -2560283.710540 -434804.833067 -0.010494
2184773.115530 -2560283.444050 -434799.300837 -0.009153
2184772.586841 -2560283.594815 -434794.034128 -0.013827
2184772.080264 -2560283.858097 -434788.724173 -0.012673
2184771.584296 -2560284.177921 -434783.392570 -0.014329
2184771.106276 -2560284.568757 -434778.117770 -0.012180
2184771.020823 -2560285.378619 -434772.901227 -0.011410
2184770.069723 -2560284.978074 -434767.535630 -0.016076
2184767.814139 -2560282.778568 -434761.708346 -0.011645
2184765.538239 -2560280.451980 -434756.032877 -0.014247
2184763.715488 -2560278.842073 -434750.367512 -0.015697
2184762.758232 -2560278.430606 -434744.913689 -0.016644
2184761.803853 -2560278.025453 -434739.487459 -0.015739
2184760.888916 -2560277.803206 -434734.085582 -0.015242
2184811.833104 -2560352.979302 -434736.427082 0.223172
2184823.198324 -2560370.227000 -434734.571825 0.195522
2184837.644134 -2560392.107176 -434732.234609 0.232945
2184827.864118 -2560378.833764 -434725.698346 0.061472
2184792.619600 -2560328.409905 -434715.577073 -0.111472
2184791.681030 -2560329.426783 -434703.271133 0.202070
2184895.295003 -2560477.755087 -434730.945582 -0.136918
2184799.401408 -2560341.386128 -434700.082305 -0.162682
2184838.036753 -2560398.037564 -434703.960718 -0.139251
2184905.641846 -2560495.905554 -434717.243083 -0.216031
2184776.352320 -2560311.992768 -434675.211848 0.005414
2184785.527512 -2560325.612688 -434675.259520 -0.131196
2184784.149267 -2560326.166290 -434661.756065 0.237232
2184795.670295 -2560352.766449 -434665.474320 0.711921
2184799.429583 -2560350.744966 -434652.489635 0.247844
2184844.173765 -2560415.619435 -434660.595533 0.138711
2184797.100906 -2560371.089758 -434598.759791 0.391170
2184774.670527 -2560329.384986 -434572.284117 0.072544
2184760.528559 -2560309.801593 -434564.850148 0.010854
2184893.218579 -2560502.363451 -434587.822696 0.228523
2184777.048724 -2560335.684053 -434557.253183 -0.053040
2184800.742231 -2560371.951618 -434551.555584 0.242239
2184946.390786 -2560580.834108 -434589.648796 -0.213253
2184775.342204 -2560337.912537 -434530.995050 0.055176
2184796.448092 -2560370.567255 -434525.743249 0.191602
2184785.820526 -2560355.746821 -434520.609560 0.059836
2184764.648185 -2560326.443044 -434509.596655 0.087898
2184772.992900 -2560340.053573 -434504.074141 0.211989
2184800.139653 -2560379.048173 -434509.992044 -0.005993
2184777.256008 -2560347.706565 -434497.163462 0.095356
2184801.738791 -2560383.887753 -434496.795022 0.134495
2184771.390918 -2560340.504180 -434488.900990 -0.067276
2184802.535964 -2560386.217632 -434491.442041 -0.070774
2184778.719335 -2560352.839470 -434481.042327 -0.106249
2184962.246354 -2560617.075248 -434523.848169 -0.225785
2184808.054276 -2560397.344431 -434476.179405 -0.023335
2184909.345851 -2560535.587344 -434512.048419 0.037800
2184589.268262 -2560010.183136 -439762.453453 0.010819
2184589.238456 -2560011.274055 -439757.251314 0.011187
2184589.150343 -2560012.076725 -439752.099028 0.008975
2184589.091017 -2560013.056745 -439746.773615 0.011799
2184589.031909 -2560013.992792 -439741.638165 0.009004
2184588.957941 -2560014.884869 -439736.390243 0.008424
2184588.890927 -2560015.807553 -439731.152694 0.008490
2184588.818328 -2560016.705032 -439725.909331 0.008191
2184588.756643 -2560017.647190 -439720.697382 0.010042
2184588.680150 -2560018.528358 -439715.444254 0.009182
2184588.202079 -2560018.946252 -439710.132702 0.010360
2184588.116580 -2560019.784125 -439704.882496 0.010355
2184587.619981 -2560020.119339 -439699.548369 0.010888
2184587.546604 -2560021.012782 -439694.305791 0.010677
2184588.098302 -2560025.465244 -439692.773542 0.273405
2184586.543533 -2560021.618304 -439683.703980 0.006968
2184586.029555 -2560021.893514 -439678.275741 0.011563
2184585.532459 -2560022.228303 -439672.932178 0.011067
2184585.470169 -2560023.148281 -439667.799611 0.008793
2184584.963993 -2560023.440056 -439662.455619 0.008871
2184584.462252 -2560023.752579 -439657.113288 0.009036
2184584.406999 -2560024.727187 -439651.890140 0.009193
2184584.335755 -2560025.629537 -439646.651836 0.009323
2184583.835994 -2560025.946285 -439641.327898 0.010760
2184583.761453 -2560026.836767 -439636.072509 0.009669
2184583.680090 -2560027.692622 -439630.827602 0.009892
2184582.743828 -2560027.393666 -439625.387737 0.010669
2184582.244469 -2560027.697525 -439620.128077 0.006654
2184581.781626 -2560028.202504 -439614.752707 0.012151
2184581.231807 -2560028.276565 -439609.448730 0.007762
2184580.738918 -2560028.628088 -439604.118135 0.008166
2184580.222791 -2560028.874352 -439598.765922 0.008303
2184579.285485 -2560028.571731 -439593.316248 0.008333
2184578.790181 -2560028.913310 -439587.978618 0.008257
2184577.837981 -2560028.543450 -439582.521991 0.008684
2184577.335309 -2560028.848581 -439577.187210 0.009374
2184576.395255 -2560028.532563 -439571.747236 0.010358
2184576.324542 -2560029.439140 -439566.499097 0.009537
2184574.927901 -2560028.415813 -439560.920171 0.009328
2184574.012897 -2560028.207889 -439555.526275 0.012432
2184573.500303 -2560028.453883 -439550.240603 0.007125
2184577.218367 -2560046.766757 -439553.737921 0.790161
2184572.063687 -2560028.474110 -439539.454561 0.007383
2184571.116837 -2560028.128329 -439533.999335 0.007518
2184570.603373 -2560028.385549 -439528.654104 0.008044
2184569.667144 -2560028.087306 -439523.210905 0.008447
2184568.734405 -2560027.802750 -439517.780486 0.009706
2184568.231435 -2560028.103374 -439512.463013 0.011811
2184571.450390 -2560044.706271 -439506.586184 -0.309811
2184568.027043 -2560029.591226 -439502.082264 0.013219
2184567.576231 -2560030.184187 -439496.559776 0.005466
2184567.499511 -2560031.016241 -439491.511865 0.010908
2184567.769080 -2560035.199803 -439473.197923 0.008716
2184552.476023 -2560025.080868 -439462.639651 -0.022718
2184533.800505 -2559988.961382 -439452.222294 -0.130814
2184569.138499 -2560045.401652 -439445.285988 -0.244741
2184568.916171 -2560043.638246 -439442.417597 -0.003841
2184568.139843 -2560042.681087 -439436.941891 0.003676
2184568.090470 -2560043.678497 -439431.735721 0.004824
2184568.441518 -2560045.130205 -439426.602698 0.005540
2184568.823955 -2560046.719112 -439421.524377 0.008659
2184568.907060 -2560048.339216 -439416.334340 0.002102
2184568.677406 -2560049.114830 -439408.455861 0.008583
2184569.649494 -2560052.019362 -439403.590745 -0.000718
2184569.401523 -2560052.742290 -439395.564655 0.005549
2184569.315122 -2560053.571651 -439390.325708 0.006452
2184569.667952 -2560055.011828 -439385.275923 0.003229
2184569.184328 -2560055.403854 -439379.955009 0.003489
2184569.118910 -2560056.330337 -439374.725237 0.003862
2184568.630940 -2560056.703514 -439369.396494 0.003889
2184568.548122 -2560057.549548 -439364.158167 0.004609
2184568.465667 -2560058.406028 -439358.880216 0.001948
2184568.419652 -2560059.417947 -439353.678258 0.003194
2184567.908893 -2560059.683811 -439348.347063 0.004562
2184567.853817 -2560060.655379 -439343.133586 0.005446
2184574.280699 -2560088.809811 -439340.729242 -0.181702
2184568.153777 -2560063.080639 -439332.854845 0.001592
2184568.519779 -2560064.599831 -439327.733650 0.002062
2184567.951820 -2560065.832419 -439317.164180 0.002350
2184567.839882 -2560067.160299 -439309.301302 0.002119
2184568.622219 -2560072.845420 -439307.107773 0.183349
2184567.666051 -2560069.424551 -439296.236672 0.004053
2184567.606112 -2560070.373348 -439291.020901 0.005170
2184568.010312 -2560072.065735 -439285.932003 0.005708
2184567.482693 -2560072.260121 -439280.562050 0.005077
2184567.789939 -2560074.717084 -439270.292537 0.001406
2184567.662126 -2560076.581078 -439259.841648 0.002254
2184568.021985 -2560078.075745 -439254.698165 0.001230
2184567.953192 -2560078.982931 -439249.480186 0.002739
2184568.326844 -2560080.535966 -439244.371585 0.003671
2184568.697348 -2560082.077657 -439239.247097 0.003626
2184568.602466 -2560083.483189 -439231.394490 0.002872
2184568.952533 -2560085.539345 -439223.679092 0.004120
2184569.308347 -2560086.992483 -439218.631050 0.000719
2184569.685496 -2560088.565548 -439213.505544 0.000098
2184570.052486 -2560090.089703 -439208.380697 0.000247
2184570.846883 -2560092.775472 -439200.878091 -0.001197
2184570.616259 -2560092.971226 -439195.416236 -0.009240
2184570.271851 -2560093.995389 -439190.213433 0.002207
2184570.115567 -2560095.726879 -439179.748797 0.003740
2184570.072283 -2560096.737001 -439174.603117 -0.001381
2184569.541031 -2560096.910921 -439169.244723 -0.001022
2184569.368417 -2560099.179562 -439156.177248 0.000500
2184569.311144 -2560100.140335 -439150.960512 0.001112
2184569.684618 -2560101.692472 -439145.845603 0.001628
2184569.169930 -2560101.942766 -439140.495250 0.001511
2184569.098471 -2560102.839956 -439135.262454 0.001755
2184569.475313 -2560104.406969 -439130.151777 0.002356
2184573.517209 -2560124.618970 -439125.543843 -0.251411
2184569.349919 -2560106.282057 -439119.695120 0.002368
2184570.119780 -2560108.270967 -439114.654407 0.002728
2184572.121514 -2560120.379859 -439109.480351 -0.160850
2184570.016025 -2560110.219088 -439104.323759 0.001028
2184572.518713 -2560115.708619 -439095.080100 0.094669
2184570.678021 -2560114.160155 -439088.841941 0.001336
2184572.363736 -2560117.967934 -439082.398192 0.076192
2184571.411879 -2560117.124587 -439078.944340 -0.012184
2184636.608300 -2560212.345260 -439085.270205 0.208116
2184570.721297 -2560120.319529 -439057.583298 0.002609
2184569.660338 -2560121.896203 -439041.686121 0.002926
2184569.562326 -2560122.649122 -439036.529998 0.000434
2184569.951944 -2560124.277762 -439031.411450 -0.000433
2184570.294881 -2560125.688541 -439026.279754 0.000541
2184570.230038 -2560126.615453 -439021.051035 0.000609
2184570.183143 -2560127.623691 -439015.838026 0.000736
2184570.106111 -2560128.486649 -439010.637534 0.003998
2184570.031893 -2560129.374687 -439005.383735 0.002564
2184569.538022 -2560129.718897 -439000.050147 0.002479
2184568.577052 -2560129.285045 -438994.676276 -0.000861
2184568.510740 -2560130.204804 -438989.447696 -0.000695
2184567.562588 -2560129.847504 -438983.998246 -0.000332
2184567.493857 -2560130.758171 -438978.758844 -0.000922
2184566.980881 -2560131.013560 -438973.417820 -0.000481
2184566.471179 -2560131.282527 -438968.084869 0.000446
2184565.969414 -2560131.588807 -438962.749464 0.000598
2184565.457413 -2560131.845262 -438957.423699 0.002272
2184564.976644 -2560132.244851 -438952.118730 0.003539
2184564.009966 -2560131.809370 -438946.626510 0.001582
2184563.515710 -2560132.150477 -438941.297540 0.001735
2184563.010341 -2560132.442089 -438935.954840 0.001527
2184562.938677 -2560133.335758 -438930.728282 0.002157
2184562.413470 -2560133.535268 -438925.377718 0.002630
2184561.901714 -2560133.776363 -438920.117123 -0.001056
2184561.846948 -2560134.748115 -438914.898409 -0.000904
2184561.332423 -2560134.994108 -438909.565583 0.000304
2184561.261668 -2560135.892049 -438904.338569 0.000845
2184561.214150 -2560136.902290 -438899.100342 -0.001172
2184561.138728 -2560137.755099 -438893.972336 -0.002791
2184560.638059 -2560138.085882 -438888.552518 0.000930
2184560.562237 -2560138.962594 -438883.312691 0.000729
2184560.489371 -2560139.850958 -438878.083041 0.001037
2184560.386401 -2560141.212967 -438870.240619 0.001489
2184560.331634 -2560142.181307 -438865.035898 0.002756
2184559.800902 -2560142.336878 -438859.759533 -0.000983
2184559.744685 -2560143.303262 -438854.532478 -0.001497
2184559.677733 -2560144.237466 -438849.226318 0.002889
2184559.583986 -2560145.623742 -438841.465329 -0.001264
2184559.063558 -2560145.843459 -438836.119082 -0.000936
2184558.988774 -2560146.723992 -438830.882872 -0.000818
2184558.946624 -2560147.746253 -438825.702959 0.001526
2184558.434554 -2560148.003054 -438820.371779 0.002779
2184558.360451 -2560148.888295 -438815.128285 0.001964
2184558.291658 -2560149.798664 -438809.884748 0.001045
2184558.212934 -2560150.660572 -438804.647687 0.001079
2184557.704998 -2560150.939166 -438799.305374 0.001114
2184557.195881 -2560151.209794 -438793.969740 0.001527
2184557.116195 -2560152.066215 -438788.736706 0.002211
2184557.065828 -2560153.058230 -438783.516946 0.001747
2184556.120035 -2560152.691547 -438778.160616 -0.001023
2184556.056335 -2560153.618611 -438772.949239 0.000121
2184555.531854 -2560153.838763 -438767.517901 0.004581
2184555.315774 -2560154.532010 -438766.539284 0.375378
2184554.534449 -2560154.459938 -438756.928906 0.000321
2184554.452336 -2560155.309041 -438751.676053 -0.000771
2184553.505114 -2560154.952857 -438746.241745 0.000780
2184553.878210 -2560156.501699 -438741.126617 0.000887
2184552.489506 -2560155.508509 -438735.568242 0.001420
2184552.432297 -2560156.467303 -438730.351113 0.001619
2184551.145668 -2560152.404466 -438727.992525 0.330436
2184552.275270 -2560158.190641 -438719.884299 0.002436
2184551.340767 -2560157.895478 -438714.441124 0.002241
2184554.104644 -2560172.134847 -438709.486632 -0.176186
2184522.003806 -2560119.592293 -438692.401735 0.170527
2184550.653553 -2560159.774857 -438698.703501 -0.000404
2184549.748221 -2560159.614470 -438693.278407 -0.001084
2184553.304934 -2560185.576733 -438672.727236 0.185608
2184562.612029 -2560185.197937 -438674.344974 0.586857
2184548.380368 -2560178.744498 -438663.369519 0.271845
2184549.393788 -2560171.410592 -438654.197793 -0.073855
2184564.519303 -2560188.821303 -438654.692628 -0.034887
2184578.352074 -2560214.068226 -438644.618236 0.688147
2184540.656167 -2560166.037655 -438609.981603 -0.004746
2184546.916998 -2560171.669056 -438609.393402 -0.004836
2184546.367735 -2560171.769784 -438603.972660 0.001934
2184546.294229 -2560172.635270 -438598.821603 -0.001921
2184546.670827 -2560174.195737 -438593.720292 -0.000967
2184546.613196 -2560175.153052 -438588.497508 -0.001040
2184546.525260 -2560175.969999 -438583.261359 -0.000435
2184546.875633 -2560177.407674 -438578.155065 0.002129
2184546.836503 -2560178.450783 -438572.939192 0.001098
2184546.773326 -2560179.382951 -438567.711050 0.000942
2184547.134421 -2560180.878360 -438562.579938 0.000402
2184547.031560 -2560181.628704 -438557.325532 0.000743
2184546.944491 -2560183.037121 -438549.596493 -0.001705
2184546.442000 -2560183.357164 -438544.174316 0.001894
2184545.950977 -2560183.709498 -438538.854086 0.002204
2184545.437388 -2560183.939530 -438533.600886 -0.000846
2184544.919720 -2560184.172541 -438528.246872 -0.001541
2184544.848118 -2560185.063104 -438523.025634 -0.000570
2184544.782969 -2560185.985219 -438517.799346 -0.000731
2184545.157344 -2560187.536127 -438512.696111 0.000404
2184544.654524 -2560187.828097 -438507.392144 0.002882
2184536.843350 -2560190.499813 -438502.215952 -0.785618
2184543.737075 -2560192.266823 -438476.146514 0.005664
2184562.087209 -2560220.725337 -438470.279824 0.236246
2184542.026901 -2560202.459898 -438446.807831 -0.064162
2184544.222703 -2560199.696977 -438442.246281 0.001408
2184544.076855 -2560200.833832 -438434.484826 0.000268
2184543.699262 -2560202.721747 -438418.616760 -0.534174
2184557.527196 -2560221.957684 -438415.468607 -0.337875
2184574.451247 -2560249.417286 -438415.636203 0.020051
2184543.103417 -2560205.619360 -438394.403046 -0.273078
2184544.865373 -2560210.050411 -438393.040385 0.002999
2184544.777269 -2560210.856470 -438387.841325 -0.004010
2184545.582098 -2560212.997519 -438382.830730 -0.003960
2184545.944189 -2560215.100351 -438375.127706 -0.003381
2184580.915642 -2560266.351149 -438377.047778 -0.167524
2184548.672627 -2560224.012568 -438349.797700 -0.000032
2184548.962411 -2560226.986837 -438336.935051 -0.004340
2184549.248288 -2560228.168511 -438331.605384 -0.005742
2184549.642647 -2560229.776568 -438326.662345 -0.003405
2184549.570392 -2560230.665916 -438321.427353 -0.003928
2184549.519688 -2560231.651804 -438316.216503 -0.003631
2184549.427885 -2560232.449404 -438310.978243 -0.003100
2184549.811606 -2560234.039457 -438305.892830 -0.001231
2184549.754667 -2560235.000838 -438300.659033 -0.002702
2184549.681694 -2560235.883240 -438295.439555 -0.001630
2184549.610923 -2560236.780884 -438290.198034 -0.002812
2184549.526761 -2560237.612088 -438284.970670 -0.001637
2184549.469738 -2560238.566481 -438279.765995 -0.000677
2184549.392785 -2560239.432887 -438274.533327 -0.000445
2184549.307473 -2560240.242394 -438269.375210 -0.004431
2184548.831320 -2560240.656048 -438264.084607 -0.002537
2184548.734905 -2560241.435545 -438258.828424 -0.003219
2184548.670870 -2560242.361375 -438253.602605 -0.003424
2184547.740001 -2560242.081750 -438248.159505 -0.004173
2184547.216834 -2560242.284362 -438242.822258 -0.003119
2184547.151059 -2560243.199836 -438237.605525 -0.002479
2184546.151277 -2560243.214271 -438229.524040 -0.002898
2184545.208815 -2560242.877247 -438224.088187 -0.002221
2184544.699369 -2560243.142577 -438218.760089 -0.001383
2184543.762295 -2560242.812897 -438213.406835 -0.004922
2184542.816156 -2560242.462793 -438207.959463 -0.005138
2184542.297139 -2560242.684018 -438202.626145 -0.003963
2184541.358969 -2560242.367873 -438197.187445 -0.003856
2184540.414251 -2560242.021944 -438191.747867 -0.003365
2184539.455534 -2560241.615139 -438186.288612 -0.003617
2184538.069502 -2560240.628306 -438180.742843 -0.002645
2184537.128370 -2560240.298863 -438175.305338 -0.002263
2184536.173918 -2560239.891077 -438169.934026 -0.006161
2184535.224370 -2560239.520665 -438164.505551 -0.004592
2184534.297198 -2560239.257637 -438159.062567 -0.005481
2184537.087335 -2560255.760952 -438157.243253 0.045378
2184532.385332 -2560238.465802 -438148.156307 -0.005332
2184535.333827 -2560254.579447 -438151.491935 0.750897
2184530.858200 -2560239.262508 -438132.183154 -0.002167
2184531.230744 -2560240.806192 -438127.063124 -0.002535
2184534.974060 -2560260.844163 -438123.227538 -0.180698
2184528.939326 -2560248.224555 -438109.763850 -0.264975
2184530.551578 -2560243.307894 -438108.800440 -0.001865
2184530.455592 -2560244.099004 -438103.497824 -0.006300
2184529.956724 -2560244.433020 -438098.086251 -0.002599
2184534.772772 -2560265.035310 -438101.730136 0.633496
2184525.656074 -2560247.921932 -438087.866727 0.675997
2184534.561709 -2560263.958965 -438089.875697 0.409566
2184529.681820 -2560248.018805 -438077.293691 -0.004046
2184524.818761 -2560247.129218 -438067.821610 -0.102328
2184529.492227 -2560249.583551 -438066.815716 -0.002702
2184531.774315 -2560260.427859 -438060.471695 -0.249694
2184529.836486 -2560252.211797 -438056.505766 -0.002963
2184529.778974 -2560253.170069 -438051.267944 -0.004619
2184530.154224 -2560255.320413 -438043.619256 -0.011434
2184530.022083 -2560255.939983 -438038.320523 -0.002497
2184530.376741 -2560257.398071 -438033.202350 -0.001530
2184530.749659 -2560258.921500 -438028.172208 -0.005444
2184530.256022 -2560259.254806 -438022.870307 -0.003573
2184530.160053 -2560260.055132 -438017.527076 -0.000844
2184530.084572 -2560261.504886 -438009.839751 -0.000766
2184529.563680 -2560261.725308 -438004.462400 -0.003508
2184529.867762 -2560263.564079 -437996.702608 -0.003949
2184531.507338 -2560275.928628 -437989.071622 -0.424418
2184528.864638 -2560264.162336 -437986.060673 -0.002361
2184527.928995 -2560263.856382 -437980.634498 -0.001497
2184527.845684 -2560264.688581 -437975.413211 -0.000186
2184527.334008 -2560264.945678 -437970.065752 -0.000917
2184526.857692 -2560265.354489 -437964.791707 0.002058
2184525.872871 -2560264.816165 -437959.358515 -0.005089
2184525.294329 -2560265.979997 -437948.803286 -0.004528
2184524.353572 -2560265.648780 -437943.377747 -0.003299
2184523.387026 -2560265.202048 -437937.923630 -0.002688
2184522.444330 -2560264.862730 -437932.493326 -0.001734
2184521.500227 -2560264.518595 -437927.054877 -0.001334
2184520.960678 -2560264.649375 -437921.682220 -0.002463
2184520.491264 -2560265.095576 -437916.386142 -0.001694
2184519.083657 -2560264.010201 -437910.826340 -0.000744
2184518.124447 -2560263.582611 -437905.435285 -0.006000
2184517.629832 -2560263.908493 -437900.140023 -0.003705
2184517.115832 -2560264.152579 -437894.804944 -0.003177
2184516.615133 -2560264.454262 -437889.489019 -0.002194
2184516.546339 -2560265.353647 -437884.272204 -0.001407
2184516.029844 -2560265.589272 -437878.921685 -0.002279
2184516.397704 -2560267.103604 -437873.822770 -0.000663
2184515.892511 -2560267.392795 -437868.471328 -0.002387
2184515.822866 -2560268.280733 -437863.287378 0.001214
2184515.234632 -2560269.407245 -437852.694459 -0.000835
2184515.021446 -2560269.673981 -437847.252840 -0.009360
2184516.242756 -2560276.064241 -437844.760856 0.123102
2184516.598896 -2560277.773471 -437838.533804 0.029048
2184515.400005 -2560273.619933 -437832.020106 -0.002195
2184515.775755 -2560275.173291 -437826.912037 -0.002174
2184516.124706 -2560276.604669 -437821.787290 -0.001480
2184515.599320 -2560276.798006 -437816.432162 -0.002152
2184515.139585 -2560277.295280 -437811.109929 -0.004292
2184515.454789 -2560278.568424 -437805.974611 -0.002447
2184515.383911 -2560279.445120 -437800.813431 0.003115
2184514.713618 -2560279.698570 -437798.720334 0.703206
2184514.312322 -2560280.938598 -437784.976094 -0.004037
2184514.231674 -2560281.784660 -437779.744574 -0.003849
2184514.163421 -2560282.687473 -437774.521029 -0.003859
2184514.097649 -2560283.601114 -437769.301510 -0.003673
2184514.004121 -2560284.390666 -437764.049874 -0.004325
2184514.364787 -2560285.871511 -437758.945714 -0.002838
2184513.886014 -2560286.275346 -437753.637533 -0.002670
2184513.815121 -2560287.162596 -437748.427351 -0.001356
2184513.727115 -2560287.975587 -437743.187143 -0.001443
2184513.669022 -2560288.918250 -437737.999514 0.000878
2184513.567505 -2560290.261966 -437730.225973 -0.004873
2184513.895709 -2560292.205459 -437722.493404 -0.004871
2184514.216557 -2560293.495986 -437717.397751 0.000019
2184513.730742 -2560293.880926 -437712.023927 -0.004864
2184513.663607 -2560294.781734 -437706.831588 -0.002339
2184513.612381 -2560295.760055 -437701.628534 -0.001942
2184513.528016 -2560296.590344 -437696.386947 -0.002262
2184513.475387 -2560297.561968 -437691.183942 -0.001772
2184513.394283 -2560298.382208 -437686.054405 -0.003687
2184512.891182 -2560298.699210 -437680.620078 -0.001716
2184512.818320 -2560299.580458 -437675.393243 -0.001718
2184513.152740 -2560300.923454 -437670.346704 -0.004564
2184512.650833 -2560301.224750 -437665.006005 -0.005450
2184512.583773 -2560302.130274 -437659.792794 -0.004850
2184512.531968 -2560303.104898 -437654.593094 -0.003891
2184512.457592 -2560303.971368 -437649.399716 -0.001134
2184512.391955 -2560304.892188 -437644.147792 -0.003621
2184512.327372 -2560305.809563 -437638.933401 -0.003307
2184512.238264 -2560306.598850 -437633.771832 -0.007503
2184512.169690 -2560307.515306 -437628.478530 -0.002654
2184512.532290 -2560308.989930 -437623.438070 -0.006783
2184511.983809 -2560309.680072 -437615.499119 -0.005962
2184511.486126 -2560309.993342 -437610.188770 -0.004602
2184511.422508 -2560310.918613 -437604.958621 -0.005684
2184513.255410 -2560319.248231 -437606.773591 0.588283
2184511.240460 -2560313.119448 -437591.899219 -0.004975
2184510.579252 -2560313.866538 -437581.220938 -0.545043
2184511.007194 -2560314.453328 -437581.505896 -0.004944
2184510.064055 -2560315.349096 -437570.784685 -0.003641
2184509.982805 -2560316.169930 -437565.646550 -0.006585
2184509.509395 -2560316.594496 -437560.354742 -0.005485
2184509.831042 -2560318.505646 -437552.621710 -0.005339
2184509.340298 -2560318.861170 -437547.271766 -0.007827
2184509.239029 -2560319.607581 -437542.044158 -0.006166
2184509.191184 -2560320.597202 -437536.858302 -0.004372
2184508.644188 -2560321.305753 -437528.865415 -0.008210
2184508.627060 -2560322.437687 -437523.691936 -0.007626
2184508.450636 -2560322.810497 -437518.544843 -0.004726
2184507.479709 -2560322.959727 -437510.448996 -0.009035
2184513.543591 -2560350.159267 -437510.882459 0.075444
2184507.741402 -2560325.775119 -437497.652612 -0.006804
2184507.665125 -2560326.665508 -437492.309358 -0.005692
2184511.503004 -2560345.522333 -437495.773377 0.720161
2184507.029072 -2560328.755889 -437476.625611 -0.009251
2184506.904292 -2560329.382993 -437471.433056 -0.003086
2184506.935132 -2560330.748374 -437466.228098 -0.008286
2184506.383627 -2560330.811586 -437460.895419 -0.005483
2184506.770229 -2560332.421963 -437455.756066 -0.008751
2184506.691415 -2560333.272142 -437450.536844 -0.007951
2184507.054663 -2560334.765598 -437445.423416 -0.007457
2184506.988827 -2560335.676225 -437440.207932 -0.007238
2184507.332625 -2560337.081979 -437435.079024 -0.006724
2184507.279164 -2560338.045577 -437429.888046 -0.005303
2184508.059015 -2560340.063513 -437424.872020 -0.004338
2184507.982461 -2560341.513115 -437417.142000 -0.008472
2184507.909439 -2560342.392104 -437411.915561 -0.008432
2184593.480095 -2560463.842409 -437438.030290 0.309153
2184506.397050 -2560342.613819 -437398.655990 -0.007192
2184505.415683 -2560342.733519 -437390.469124 -0.007616
2184505.778393 -2560344.222591 -437385.365464 -0.006555
2184505.295268 -2560344.604206 -437380.052471 -0.006529
2184504.753073 -2560345.296600 -437372.222900 -0.007855
2184504.688103 -2560346.235532 -437366.898350 -0.006002
2184505.029386 -2560347.628803 -437361.770211 -0.005302
2184504.969445 -2560348.547506 -437356.640216 -0.009109
2184504.448059 -2560348.755844 -437351.292143 -0.009550
2184504.366384 -2560349.590064 -437346.081345 -0.007786
2184504.303713 -2560350.516190 -437340.861207 -0.008072
2184504.647146 -2560351.921295 -437335.724792 -0.008362
2184504.572211 -2560353.367270 -437328.042476 -0.008526
2184504.497955 -2560354.242254 -437322.805548 -0.009470
2184504.864414 -2560355.770316 -437317.606132 -0.005706
2184504.791607 -2560356.650871 -437312.374666 -0.006413
2184505.137256 -2560358.661376 -437304.696236 -0.003352
2184505.054777 -2560359.504841 -437299.425922 -0.006521
2184505.819217 -2560361.432996 -437294.485484 -0.009151
2184505.344065 -2560361.851111 -437289.179271 -0.009266
2184505.275010 -2560362.745539 -437283.964427 -0.008728
2184505.651152 -2560364.290499 -437278.888695 -0.006140
2184506.454663 -2560366.417239 -437273.886550 -0.005951
2184506.798033 -2560367.822415 -437268.747120 -0.006374
2184507.161056 -2560369.318216 -437263.617599 -0.007569
2184507.523330 -2560371.412690 -437255.912830 -0.007889
2184507.865584 -2560372.808279 -437250.787959 -0.007155
2184507.340828 -2560372.992978 -437245.475846 -0.004412
2184507.289659 -2560373.952120 -437240.347791 -0.008704
2184506.233649 -2560374.909429 -437227.073830 -0.008246
2184506.170856 -2560375.826481 -437221.888726 -0.005785
2184505.228866 -2560375.491541 -437216.434134 -0.007124
2184504.702392 -2560375.675664 -437211.087406 -0.007339
2184504.193091 -2560375.935883 -437205.763515 -0.006528
2184503.668158 -2560376.121587 -437200.437924 -0.005065
2184503.171210 -2560376.439566 -437195.116113 -0.004923
2184502.227360 -2560376.090961 -437189.683533 -0.004577
2184501.283666 -2560375.724535 -437184.337154 -0.007636
2184500.325481 -2560375.312989 -437178.886747 -0.007703
2184499.398897 -2560375.035263 -437173.506161 -0.003916
2184498.838000 -2560375.073408 -437168.079702 -0.008490
2184497.900840 -2560374.755744 -437162.654022 -0.007773
2184496.951623 -2560374.384739 -437157.211873 -0.007888
2184496.436269 -2560374.612544 -437151.900070 -0.005674
2184496.380398 -2560375.564094 -437146.705228 -0.004533
2184496.311409 -2560376.458934 -437141.486729 -0.004224
2184495.784925 -2560376.623703 -437136.224157 -0.008169
2184495.271245 -2560376.877974 -437130.830084 -0.002225
2184494.357756 -2560376.651827 -437125.490052 -0.006956
2184493.805985 -2560376.740363 -437120.035498 -0.003637
2184492.458703 -2560375.906260 -437114.611671 -0.006444
2184491.928088 -2560376.073064 -437109.249882 -0.007533
2184491.409829 -2560376.291400 -437103.918078 -0.006961
2184490.914300 -2560376.612402 -437098.607651 -0.006126
2184490.404997 -2560376.867108 -437093.306619 -0.003599
2184489.465215 -2560376.536330 -437087.883560 -0.002642
2184488.487025 -2560376.036034 -437082.406643 -0.003626
2184487.562946 -2560375.778201 -437076.984990 -0.003618
2184487.050725 -2560376.024591 -437071.654926 -0.003333
2184486.093915 -2560375.621307 -437066.196138 -0.004235
2184484.210534 -2560374.322312 -437057.995348 -0.007652
2184483.281671 -2560374.041164 -437052.581166 -0.006704
2184481.899261 -2560373.063384 -437047.054863 -0.004987
2184480.927862 -2560372.589098 -437041.601256 -0.004466
2184479.999810 -2560372.314793 -437036.173511 -0.004756
2184479.037585 -2560371.888358 -437030.704013 -0.006203
2184478.089717 -2560371.520184 -437025.277326 -0.005063
2184478.025360 -2560372.431655 -437020.079631 -0.003496
2184477.068495 -2560372.027552 -437014.619053 -0.004587
2184476.128519 -2560371.700015 -437009.177401 -0.005228
2184475.574286 -2560372.335257 -437001.339128 -0.006602
2184474.616972 -2560371.923335 -436995.908256 -0.005306
2184474.576766 -2560372.951849 -436990.696773 -0.006429
2184473.616639 -2560372.524680 -436985.270288 -0.004574
2184472.662737 -2560372.743057 -436977.211387 -0.007184
2184471.675094 -2560372.190886 -436971.766662 -0.004886
2184471.133978 -2560372.308773 -436966.399486 -0.005784
2184469.757120 -2560371.337513 -436960.961587 -0.007950
2184469.702573 -2560372.319088 -436955.656415 -0.005220
2184468.759066 -2560371.947113 -436950.338218 -0.006187
2184468.230777 -2560372.127196 -436944.963658 -0.008460
2184467.732230 -2560372.430544 -436939.666194 -0.006556
2184467.220442 -2560372.687006 -436934.302834 -0.009028
2184467.174657 -2560373.681545 -436929.123854 -0.007337
2184467.088880 -2560374.499700 -436923.888596 -0.007390
2184466.132973 -2560374.094767 -436918.451317 -0.006753
2184466.065196 -2560374.990974 -436913.247143 -0.005424
2184465.547637 -2560375.820247 -436905.313197 -0.006644
2184465.443981 -2560377.151173 -436897.524015 -0.003483
2184464.891369 -2560377.216625 -436892.147145 -0.004315
2184463.949363 -2560376.880402 -436886.700082 -0.005479
2184463.453305 -2560377.180676 -436881.472110 -0.008437
2184463.365303 -2560377.991644 -436876.220709 -0.009979
2184462.851145 -2560378.227362 -436870.894647 -0.009182
2184462.348918 -2560378.516535 -436865.577668 -0.008674
2184462.714923 -2560380.014396 -436860.493733 -0.006283
2184461.753813 -2560379.598524 -436854.994970 -0.010365
2184461.279518 -2560379.999791 -436849.770571 -0.003857
2184461.198662 -2560380.844243 -436844.519675 -0.005736
2184461.114395 -2560381.652788 -436839.357274 -0.010695
2184460.610034 -2560381.934220 -436834.037167 -0.010239
2184460.107978 -2560382.219318 -436828.745209 -0.007534
2184459.574065 -2560382.372141 -436823.371345 -0.009567
2184459.512888 -2560383.295807 -436818.181611 -0.007633
2184459.003497 -2560383.559510 -436812.834072 -0.009141
2184458.463917 -2560383.682939 -436807.467549 -0.010133
2184458.426448 -2560384.713941 -436802.298219 -0.008130
2184458.363053 -2560385.631110 -436797.090132 -0.007603
2184458.286413 -2560386.486207 -436791.879523 -0.006410
2184458.214833 -2560387.372553 -436786.636059 -0.008291
2184458.137959 -2560388.226775 -436781.424180 -0.007193
2184458.052319 -2560389.047644 -436776.176211 -0.008502
2184457.999046 -2560389.987671 -436771.079116 -0.010133
2184458.810215 -2560392.147399 -436766.077642 -0.010481
2184458.308190 -2560392.436024 -436760.773113 -0.008911
2184458.212563 -2560393.211108 -436755.518353 -0.010120
2184457.716040 -2560393.522138 -436750.221201 -0.008266
2184457.211266 -2560393.797118 -436744.915197 -0.006595
2184456.264028 -2560393.419945 -436739.538337 -0.012328
2184455.729918 -2560393.579055 -436734.134639 -0.006004
2184454.783877 -2560393.226225 -436728.669731 -0.008325
2184454.277666 -2560393.478824 -436723.437579 -0.011140
2184453.769097 -2560393.738583 -436718.115234 -0.010723
2184453.277163 -2560394.075980 -436712.800900 -0.010512
2184452.757185 -2560394.285541 -436707.469755 -0.010090
2184452.243146 -2560394.524377 -436702.128959 -0.010604
2184451.724357 -2560394.732214 -436696.829980 -0.007568
2184451.217548 -2560395.002211 -436691.502931 -0.007434
2184450.719506 -2560395.316464 -436686.162413 -0.009274
2184450.187819 -2560395.474945 -436680.807759 -0.009771
2184448.812167 -2560394.529977 -436675.275364 -0.009329
2184448.294091 -2560394.721221 -436670.061972 -0.009655
2184446.902463 -2560393.711275 -436664.479008 -0.012374
2184446.839524 -2560394.611227 -436659.354444 -0.004799
2184446.325821 -2560394.856838 -436653.989583 -0.007650
2184446.253557 -2560395.720129 -436648.831911 -0.013093
2184446.635999 -2560397.318607 -436643.634913 -0.010635
2184446.995440 -2560398.791254 -436638.518830 -0.010572
2184446.913492 -2560399.616509 -436633.325849 -0.007605
2184447.272743 -2560401.066158 -436628.300767 -0.010629
2184447.228460 -2560402.073277 -436623.089944 -0.011717
2184447.149498 -2560402.919047 -436617.868043 -0.011365
2184447.084937 -2560403.831172 -436612.653392 -0.011403
2184447.013676 -2560404.704438 -436607.471015 -0.008245
2184446.508273 -2560404.965507 -436602.215780 -0.013126
2184445.986644 -2560405.188126 -436596.780932 -0.010411
2184445.895051 -2560405.983444 -436591.517032 -0.012757
2184444.896451 -2560405.957423 -436583.596896 -0.011843
2184443.976724 -2560405.713428 -436578.199296 -0.010225
2184444.349058 -2560407.240696 -436573.105766 -0.009295
2184443.394055 -2560406.844405 -436567.647996 -0.010351
2184442.892695 -2560407.133940 -436562.345547 -0.008833
2184442.382352 -2560407.386819 -436557.017301 -0.008607
2184441.882538 -2560407.693757 -436551.669456 -0.011016
2184441.801196 -2560408.505167 -436546.549827 -0.012578
2184440.842720 -2560408.109930 -436541.008799 -0.009893
2184440.774629 -2560409.004595 -436535.795990 -0.009420
2184440.695954 -2560409.827819 -436530.679382 -0.011175
2184440.207247 -2560410.174808 -436525.387282 -0.009516
2184439.678969 -2560410.350220 -436520.029445 -0.010731
2184439.173711 -2560410.604212 -436514.803444 -0.013171
2184438.657835 -2560410.847885 -436509.398404 -0.008427
2184438.131553 -2560411.002316 -436504.173374 -0.009351
2184437.644556 -2560411.391990 -436498.724700 -0.010234
2184437.137677 -2560411.633080 -436493.521855 -0.010616
2184436.173466 -2560411.215654 -436487.962427 -0.009012
2184435.237473 -2560410.880343 -436482.629081 -0.011819
2184434.724881 -2560411.120352 -436477.309397 -0.010904
2184433.760305 -2560410.680743 -436471.838510 -0.012563
2184433.267611 -2560411.013203 -436466.529287 -0.012129
2184432.341361 -2560410.739794 -436461.124715 -0.010834
2184431.805882 -2560410.881152 -436455.762424 -0.011944
2184431.304918 -2560411.164702 -436450.497701 -0.007210
2184430.775408 -2560411.336201 -436445.122273 -0.009825
2184430.713215 -2560412.257869 -436439.911092 -0.009771
2184430.195749 -2560412.478734 -436434.573371 -0.010063
2184429.699661 -2560412.768800 -436429.382825 -0.010185
2184429.631217 -2560413.665112 -436424.152462 -0.011350
2184429.549914 -2560414.496563 -436418.940571 -0.010069
2184429.043155 -2560414.773712 -436413.576876 -0.013260
2184428.974101 -2560415.660996 -436408.373790 -0.012083
2184429.334561 -2560417.132725 -436403.272843 -0.010924
2184429.287876 -2560418.129357 -436398.053007 -0.012663
2184429.186544 -2560418.863862 -436392.850816 -0.009359
2184429.140633 -2560419.841153 -436387.734383 -0.013112
2184429.502348 -2560421.320587 -436382.620766 -0.013208
2184429.439658 -2560422.255566 -436377.337205 -0.008353
2184429.358128 -2560423.070618 -436372.193410 -0.012259
2184429.299977 -2560424.012150 -436366.977023 -0.012824
2184429.221517 -2560424.859369 -436361.753120 -0.012903
2184429.142403 -2560425.705298 -436356.521215 -0.013360
2184429.081128 -2560426.628563 -436351.319987 -0.012705
2184428.988577 -2560427.409841 -436346.093101 -0.011836
2184428.519505 -2560427.841159 -436340.838571 -0.008589
2184427.125234 -2560426.812198 -436335.281001 -0.008883
2184426.148936 -2560426.314754 -436329.818098 -0.009285
2184423.902534 -2560424.130245 -436324.147203 -0.013215
2184422.093674 -2560422.582034 -436318.511831 -0.012773
2184420.251767 -2560420.888042 -436312.834627 -0.013464
2184418.851291 -2560419.834048 -436307.258969 -0.015027
2184417.898425 -2560419.438236 -436301.837219 -0.013442
2184417.401090 -2560419.746733 -436296.530461 -0.012544
2184416.877845 -2560419.942349 -436291.185545 -0.012975
2184416.094782 -2560420.302550 -436285.965784 -0.016824
2184438.249880 -2560453.499408 -436281.416491 0.205467
2184414.898504 -2560420.624145 -436272.524303 -0.011461
2184414.377751 -2560420.829976 -436267.185947 -0.011529
2184413.874454 -2560421.092305 -436261.960193 -0.014307
2184413.363674 -2560421.365470 -436256.525928 -0.012327
2184413.258083 -2560422.084757 -436251.298675 -0.010898
2184412.349968 -2560421.875874 -436245.986611 -0.013786
2184411.838422 -2560422.118831 -436240.671893 -0.012741
2184412.199302 -2560423.595483 -436235.552953 -0.013031
2184411.649161 -2560424.262744 -436227.634946 -0.011228
2184411.152444 -2560424.580164 -436222.300002 -0.012773
2184411.080776 -2560425.455417 -436217.091067 -0.011970
2184411.003654 -2560426.309500 -436211.861324 -0.012574
2184410.469808 -2560427.052983 -436203.946375 -0.011626
2184410.388950 -2560427.871830 -436198.796147 -0.016061
2184410.341192 -2560428.873543 -436193.524923 -0.011370
2184409.824152 -2560429.075464 -436188.277674 -0.014937
2184409.757109 -2560429.990451 -436182.986746 -0.010469
2184409.260463 -2560430.288275 -436177.741134 -0.015418
2184409.171574 -2560431.090228 -436172.495248 -0.016558
2184408.623126 -2560431.162947 -436167.165145 -0.014227
2184407.715937 -2560430.977435 -436161.761396 -0.014272
2184407.185003 -2560431.136273 -436156.411673 -0.014758
2184407.133699 -2560432.102176 -436151.225861 -0.013418
2184406.622373 -2560432.346156 -436145.909780 -0.012428
2184406.118230 -2560432.628714 -436140.572438 -0.013673
2184405.162702 -2560432.204358 -436135.225229 -0.016620
2184404.679985 -2560432.599856 -436129.833863 -0.012995
2184404.149670 -2560432.769379 -436124.444666 -0.016840
2184403.203398 -2560432.395973 -436119.060158 -0.012649
2184402.267112 -2560432.054733 -436113.747524 -0.013891
2184525.126400 -2560607.938013 -436143.263141 -0.210540
2184398.163173 -2560428.122767 -436102.303356 -0.015123
2184395.465499 -2560425.249232 -436096.541156 -0.016930
2184393.634501 -2560423.627316 -436090.764652 -0.016068
2184392.697240 -2560423.298742 -436085.374385 -0.013011
2184389.114889 -2560419.146293 -436079.360487 -0.017251
2184386.392679 -2560416.208654 -436073.367515 -0.015168
2184384.983817 -2560415.109619 -436067.817691 -0.014121
2184383.193569 -2560413.639374 -436062.230822 -0.010863
2184380.473453 -2560410.672622 -436056.413255 -0.015968
2184379.542108 -2560410.374411 -436051.008961 -0.014371
2184379.035058 -2560410.643322 -436045.670981 -0.015671
2184376.752195 -2560408.307650 -436039.906823 -0.014352
2184375.822346 -2560408.013761 -436034.514781 -0.012107
2184374.404320 -2560406.889083 -436028.887766 -0.016787
2184373.039244 -2560405.984432 -436023.390402 -0.014436
2184371.635060 -2560404.891914 -436017.917265 -0.017919
2184370.683112 -2560404.501671 -436012.489827 -0.017146
2184369.748598 -2560404.189785 -436007.076411 -0.016108
2184368.810976 -2560403.860866 -436001.677162 -0.013943
2184367.856563 -2560403.463835 -435996.228180 -0.014559
2184366.885497 -2560402.987168 -435990.779945 -0.014241
2184366.387122 -2560403.295825 -435985.447018 -0.015459
2184365.012088 -2560402.330063 -435980.019129 -0.017382
2184364.498294 -2560402.586549 -435974.592381 -0.014806
2184363.544337 -2560402.164826 -435969.260567 -0.016516
2184363.018003 -2560402.341918 -435963.921836 -0.016445
2184362.086208 -2560402.045313 -435958.500988 -0.016389
2184361.152485 -2560401.738046 -435953.087261 -0.015592
2184360.194324 -2560401.322046 -435947.644340 -0.015611
2184359.737122 -2560401.820426 -435942.327304 -0.018406
2184358.728655 -2560401.149605 -435936.963587 -0.019123
2184358.233183 -2560401.483410 -435931.577187 -0.014421
2184357.730320 -2560401.769412 -435926.249880 -0.015041
2184357.193333 -2560401.901256 -435920.891791 -0.015895
2184355.342832 -2560405.977663 -435884.138241 -0.005926
2184353.411284 -2560413.302316 -435831.777255 -0.023119
2184353.226225 -2560414.804704 -435821.573919 -0.022465
2184353.184761 -2560415.853773 -435816.212477 -0.015058
2184355.291693 -2560427.530188 -435815.030480 0.160878
2184352.972373 -2560419.029291 -435798.263858 -0.023943
2184352.440442 -2560419.220778 -435792.739059 -0.017746
2184351.497731 -2560418.854297 -435787.400093 -0.020851
2184350.976544 -2560419.051636 -435782.071536 -0.020480
2184350.467540 -2560419.326220 -435776.660803 -0.016855
2184349.521013 -2560418.947147 -435771.296825 -0.021843
2184349.463534 -2560419.881726 -435766.111801 -0.020153
2184348.501488 -2560419.443152 -435760.684324 -0.018693
2184348.003421 -2560419.749507 -435755.364469 -0.019033
2184347.487975 -2560419.973050 -435750.043082 -0.018348
2184346.547708 -2560419.620189 -435744.694006 -0.022486
2184346.032312 -2560419.845252 -435739.371548 -0.022033
2184345.098371 -2560419.534109 -435733.963125 -0.020736
2184344.574885 -2560419.732492 -435728.588614 -0.024095
2184343.617578 -2560419.311111 -435723.180496 -0.021191
2184343.123816 -2560419.632718 -435717.882042 -0.020194
2184342.186621 -2560419.308696 -435712.466685 -0.019265
2184341.681607 -2560419.577033 -435707.169345 -0.017420
2184340.731803 -2560419.186716 -435701.786360 -0.023661
2184339.785229 -2560418.833592 -435696.293015 -0.018167
2184339.273092 -2560419.059651 -435691.035891 -0.022932
2184338.317488 -2560418.653489 -435685.599142 -0.022830
2184337.819959 -2560418.957690 -435680.299147 -0.021459
2184507.683459 -2560664.079726 -435711.814027 0.232816
2184382.332716 -2560486.609795 -435670.229269 -0.123098
2184361.109317 -2560458.455808 -435653.118325 0.179321
2184361.077654 -2560459.300560 -435649.084037 0.010039
2184362.670945 -2560463.330635 -435639.913779 -0.148626
2184389.771033 -2560504.081393 -435636.212833 -0.145147
2184537.923278 -2560719.460297 -435655.120183 -0.161804
2184497.337522 -2560684.728792 -435522.446539 0.229324
2184532.353675 -2560734.289282 -435533.460982 -0.238383
2184407.164979 -2560558.055570 -435487.901661 0.192399
2184373.134252 -2560512.452172 -435463.180960 0.219307
2184353.732539 -2560484.825706 -435457.154837 0.037646
2184536.795806 -2560746.894164 -435501.887829 -0.169193
2184333.300259 -2560459.910142 -435430.118990 0.221059
2184339.353509 -2560469.454597 -435426.452756 0.213521
2184539.864333 -2560758.707328 -435463.968445 0.179555
2184508.619339 -2560713.302998 -435459.563884 -0.213136
2184334.133132 -2560467.998546 -435393.802230 0.228962
2184359.417041 -2560506.377522 -435388.311618 -0.066532
2184371.185828 -2560524.942249 -435382.237521 0.106115
2184357.045858 -2560505.042662 -435376.593483 -0.158656
2184385.864005 -2560549.608901 -435366.394237 0.166296
2184359.991468 -2560522.070416 -435357.062585 0.808121
2184367.230502 -2560525.015097 -435350.864535 -0.167140
2184379.015757 -2560542.597228 -435349.823855 -0.219955
2184352.849225 -2560509.551000 -435320.326481 0.125853
2184355.399008 -2560513.136291 -435320.750307 -0.232359
2184382.973095 -2560554.943581 -435315.717046 -0.160321
2184339.407026 -2560493.352954 -435300.930758 -0.216610
2184349.805081 -2560510.834771 -435289.859136 -0.061928
2184355.027774 -2560525.153589 -435254.834093 -0.068692
2184355.422705 -2560526.616037 -435250.501083 -0.097778
2184358.457053 -2560531.731604 -435247.476557 -0.162845
2184340.854674 -2560518.678743 -435220.576652 0.013525
2184535.735506 -2560800.162845 -435213.650329 0.074860
2184352.720538 -2560544.427450 -435136.377872 0.229796
2184515.233035 -2560781.269136 -435153.296176 -0.129157
2184384.714035 -2560597.195700 -435107.462490 0.014514
2184397.376350 -2560617.232296 -435100.830219 0.227247
2184368.774815 -2560575.635858 -435096.691695 -0.151021
2184380.536542 -2560594.072344 -435091.215004 -0.121198
2184379.030891 -2560596.126584 -435069.657599 0.139185
2184374.496366 -2560591.330730 -435059.540683 -0.044769
2184529.837294 -2560814.039246 -435095.236732 -0.149065
2184423.303877 -2560666.899838 -435041.392576 0.035572
2184494.620477 -2560772.097310 -435042.392358 -0.153618
2184344.274922 -2560559.889153 -434989.789623 0.197982
2184334.973321 -2560548.021428 -434980.304444 0.172780
2184476.772502 -2560750.111610 -435018.935012 -0.235040
2184466.197053 -2560736.510566 -435008.710946 -0.119109
2184337.753471 -2560555.313297 -434963.303882 -0.210536
2184345.808963 -2560571.827852 -434939.145458 0.036848
2184348.292542 -2560578.352085 -434924.645502 0.139596
2184370.632350 -2560611.661706 -434923.220396 0.221122
2184327.507923 -2560550.948029 -434907.382431 0.219889
2184386.250088 -2560636.770753 -434912.560807 0.171469
2184350.527578 -2560587.797419 -434892.439648 0.218939
2184482.478944 -2560783.624835 -434887.397042 -0.202448
2184327.510365 -2560565.013729 -434834.694310 0.101336
2184344.987087 -2560590.756892 -434834.475132 0.076194
2184462.979345 -2560761.610742 -434852.412176 0.230021
2184512.927846 -2560833.915057 -434860.840679 -0.180412
2184514.602495 -2560837.772462 -434853.558082 -0.066428
2184344.974424 -2560597.762783 -434797.463415 0.226361
2184344.419356 -2560598.834566 -434787.801231 0.187236
2184476.506373 -2560789.408898 -434812.140741 0.214207
2184461.983747 -2560767.720262 -434813.171396 -0.240123
2184425.030908 -2560715.805549 -434798.801875 -0.239533
2184515.800477 -2560848.456543 -434806.890069 0.189547
2184361.196059 -2560628.448592 -434762.541106 0.229010
2184351.783895 -2560617.291311 -434747.762689 0.203634
2184368.268572 -2560646.372313 -434743.550373 -0.034761
2184371.594028 -2560649.418259 -434743.159084 0.064496
2184479.232723 -2560812.015810 -434747.229416 -0.382260
2184377.190462 -2560661.640290 -434712.754681 -0.030170
2184494.208226 -2560840.738186 -434681.375147 0.228243
2184472.959120 -2560811.947256 -434667.011403 0.169588
2184458.578257 -2560799.741246 -434629.991052 -0.527136
2184411.449254 -2560745.216335 -434540.814307 0.144982
2188496.392810 -2557532.917395 -439268.522596 0.257399
2188497.221100 -2557538.157383 -439263.227317 0.270247
2188498.561354 -2557545.852453 -439259.733844 0.228219
2188524.157915 -2557672.871201 -439275.699416 0.269439
2188493.171495 -2557524.068640 -439235.379342 -0.025136
2188527.185549 -2557695.529529 -439244.208262 -0.326053
2188513.423616 -2557641.082325 -439196.695504 -0.247352
2188515.178308 -2557644.569336 -439202.323400 0.151159
2188513.787328 -2557639.868643 -439192.988204 0.255200
2188512.466413 -2557637.027619 -439177.376544 0.269617
2188512.980198 -2557640.285814 -439174.962754 0.142911
2188513.228609 -2557642.184885 -439169.712094 0.135626
2188513.515233 -2557643.906523 -439168.350838 -0.041246
2188512.915537 -2557642.266065 -439162.167938 -0.038924
2188513.024920 -2557643.538083 -439159.151260 -0.151046
2188513.091556 -2557645.270057 -439153.295117 -0.136787
2188513.496790 -2557647.974362 -439150.225547 -0.235723
2188512.822032 -2557645.955517 -439145.557864 -0.310142
2188513.259493 -2557656.246534 -439112.178506 0.271400
2188493.236589 -2557562.637443 -439074.520187 -0.324029
2188497.090736 -2557587.415629 -439053.761939 0.208651
2188512.348221 -2557664.625811 -439057.940479 0.243248
2188500.992548 -2557613.699100 -439028.007081 0.239661
2188524.503675 -2557731.295897 -439039.274867 0.281591
2188511.896897 -2557667.655825 -439034.811153 -0.237389
2188496.448657 -2557598.963927 -438991.571461 0.281604
2188503.833318 -2557637.011622 -438990.452303 0.243968
2188509.629567 -2557723.820290 -438925.441010 -0.413765
2188523.654828 -2557758.322371 -438907.771174 -0.091373
2188523.778918 -2557758.705086 -438907.607758 -0.325466
2188524.225797 -2557762.512949 -438901.034817 -0.275391
2188513.984071 -2557717.105216 -438873.175306 0.268566
2188495.064154 -2557620.227199 -438859.126111 -0.822109
2188495.774339 -2557631.105892 -438843.380743 0.244385
2188494.409034 -2557635.174508 -438798.676962 -0.186996
2188483.637313 -2557587.236955 -438768.322606 0.078686
2188497.166779 -2557654.928963 -438773.436774 -0.112035
2188494.987712 -2557646.903540 -438760.494990 -0.246746
2188524.375620 -2557794.429419 -438771.180835 -0.322342
2188488.596257 -2557623.996959 -438720.519470 -0.005231
2188485.225358 -2557616.453311 -438680.235370 0.125148
2188514.168016 -2557763.255231 -438684.890518 0.284470
2188489.152731 -2557642.877872 -438652.620842 -0.011309
2188456.224728 -2557485.115567 -438611.301157 0.148136
2188451.617026 -2557466.632202 -438590.216942 0.144371
2188492.363833 -2557666.832821 -438622.101843 -0.159905
2188445.240231 -2557443.042032 -438552.364886 0.177886
2188494.889852 -2557685.939072 -438595.923295 -0.164967
2188441.617856 -2557432.815750 -438518.212380 0.283538
2188453.448230 -2557503.639974 -438474.178615 0.175688
2188455.429626 -2557517.231925 -438459.270426 0.272040
2188493.678662 -2557706.577433 -438484.382971 0.042505
2188493.585183 -2557709.933161 -438467.209759 -0.315772
2188454.604847 -2557526.095793 -438405.572114 0.228909
2188453.755932 -2557525.356599 -438390.279747 0.237820
2188454.566600 -2557531.262169 -438382.606983 0.230084
2188478.931262 -2557658.167584 -438371.443027 0.282576
2188478.891084 -2557663.155259 -438349.605448 0.240305
2188483.303290 -2557684.130750 -438355.878707 -0.095238
2188478.284734 -2557663.015613 -438337.243424 0.140023
2188452.993741 -2557544.486937 -438292.704308 -0.242345
2188479.816967 -2557677.313447 -438309.536160 -0.314004
2188456.584460 -2557574.562490 -438243.508420 -0.322053
2188445.424562 -2557533.553765 -438175.565784 0.070627
2188450.270427 -2557562.520367 -438159.380310 -0.020588
2188500.488952 -2557810.554118 -438192.394400 0.086602
2188437.079961 -2557504.013176 -438121.282580 0.241560
2188446.027748 -2557547.038051 -438131.000391 -0.194181
2188490.781235 -2557766.855591 -438167.333593 -0.298374
2188455.760526 -2557598.691727 -438123.432893 -0.115906
2188445.059491 -2557553.114375 -438084.578945 0.272752
2188437.612315 -2557532.478569 -438076.799068 0.330424
2188456.856279 -2557612.951356 -438082.427681 0.193998
2188438.349236 -2557524.520635 -438063.227903 -0.025892
2188476.758107 -2557716.716534 -438077.937199 0.288955
2188514.901491 -2557901.305835 -438120.469945 -0.316181
2188511.417744 -2557887.019292 -438103.388162 -0.099070
2188477.445077 -2557724.770517 -438059.620815 0.245530
2188445.336959 -2557569.604825 -438019.496830 0.249075
2188475.750869 -2557721.896140 -438036.016247 0.219396
2188505.829144 -2557893.490641 -438061.268403 0.694543
2188476.649863 -2557731.327130 -438015.521036 0.270438
2188439.352120 -2557590.527499 -437977.128689 -0.429504
2188431.474815 -2557585.915738 -437922.429474 -0.276739
2188445.596661 -2557594.358533 -437925.224356 0.264864
2188451.339687 -2557624.058978 -437922.376468 0.234545
2188444.746621 -2557592.365688 -437914.960786 -0.173656
2188476.464717 -2557750.397059 -437931.387159 0.071322
2188435.546375 -2557552.126407 -437886.308461 0.205886
2188443.848163 -2557593.240139 -437889.912524 0.117468
2188444.670828 -2557599.415307 -437884.380080 0.147245
2188438.128914 -2557570.179343 -437866.805324 -0.194250
2188453.932250 -2557650.679716 -437868.034355 -0.021039
2188447.586975 -2557622.440872 -437850.264835 0.245043
2188447.347307 -2557622.725205 -437842.368339 0.079981
2188444.527689 -2557610.327947 -437833.988525 0.098285
2188453.084355 -2557652.867581 -437840.177847 -0.203873
2188448.261914 -2557632.341921 -437822.407475 -0.005329
2188446.670625 -2557629.021883 -437803.415828 0.259254
2188483.592125 -2557809.536568 -437836.292465 0.008374
2188434.813987 -2557572.305093 -437785.881374 -0.050408
2188449.122171 -2557646.369227 -437783.046865 0.243744
2188453.222493 -2557674.031760 -437754.134737 0.286093
2188454.273628 -2557680.424348 -437749.364038 0.287834
2188452.766938 -2557674.571000 -437743.151057 0.249431
2188452.735015 -2557676.026857 -437737.868866 0.244918
2188448.727243 -2557657.760735 -437727.608916 0.280798
2188449.011368 -2557660.743734 -437719.519662 0.262138
2188448.435664 -2557658.528452 -437716.983203 0.114990
2188449.034261 -2557662.910475 -437711.470587 0.129526
2188448.526015 -2557660.856688 -437708.348627 0.001792
2188445.865135 -2557648.686309 -437702.864856 -0.106136
2188476.634962 -2557808.452344 -437692.331039 0.156304
2188437.529772 -2557621.450347 -437640.324834 0.286845
2188478.349137 -2557822.204069 -437672.192756 0.108442
2188439.285886 -2557633.337326 -437627.609171 0.289909
2188438.190834 -2557628.556702 -437624.549112 0.137954
2188440.091465 -2557639.317460 -437618.652708 0.214158
2188464.365049 -2557758.737857 -437636.626979 0.123538
2188479.384724 -2557834.091173 -437643.030352 -0.304914
2188450.760945 -2557705.500386 -437572.036538 0.289647
2188442.273287 -2557665.030945 -437558.789631 0.287606
2188445.742569 -2557685.084688 -437548.146639 0.263753
2188440.357157 -2557660.317431 -437536.566836 0.071497
2188499.777674 -2557955.922463 -437569.104009 0.066435
2188441.146010 -2557669.849309 -437513.758611 -0.142525
2188496.779166 -2557947.368607 -437541.855037 0.020124
2188479.389786 -2557864.862476 -437515.470264 0.241485
2188443.585893 -2557689.950336 -437483.660484 -0.105648
2188448.057491 -2557714.414251 -437474.871716 -0.057572
2188485.844660 -2557910.437284 -437462.163932 0.198479
2188448.302257 -2557726.317851 -437430.016437 -0.202553
2188463.524025 -2557808.373389 -437437.114946 -0.618851
2188441.016021 -2557695.218470 -437404.680880 -0.010508
2188444.419914 -2557713.558541 -437400.187731 -0.294069
2188435.811667 -2557674.106548 -437381.466742 -0.306577
2188491.095333 -2557950.304251 -437406.757213 0.183960
2188483.884638 -2557916.753412 -437392.240964 0.294708
2188438.635115 -2557694.081333 -437356.627625 -0.243831
2188474.398268 -2557878.375036 -437349.487962 0.287420
2188435.454182 -2557689.481853 -437308.611171 -0.271171
2188478.617886 -2557904.666990 -437330.382648 0.170449
2188451.914659 -2557779.792549 -437282.210790 -0.238107
2188437.284538 -2557710.107652 -437261.020168 -0.255026
2188431.486644 -2557682.797331 -437250.761656 -0.274492
2188443.553795 -2557744.312838 -437253.206142 -0.285409
2188437.696731 -2557723.347046 -437213.225652 -0.272644
2188442.594922 -2557753.503804 -437192.102551 -0.285694
2188461.553496 -2557848.877606 -437197.167795 -0.042451
2188463.585387 -2557861.250899 -437188.600024 0.152942
2188461.132345 -2557848.133003 -437191.772828 -0.307828
2188480.140648 -2557952.253964 -437162.524684 0.293557
2188444.726436 -2557777.317030 -437137.113155 -0.307838
2188497.111994 -2558040.668570 -437154.537301 0.294433
2188457.781310 -2557849.394270 -437114.602135 -0.318701
2188458.217725 -2557852.653904 -437108.914041 -0.307766
2188443.312521 -2557785.513591 -437073.772790 -0.224844
2188459.392336 -2557865.895938 -437078.654884 -0.317027
2188455.506675 -2557848.795919 -437067.705047 -0.245007
2188462.780195 -2557886.443892 -437065.581086 -0.242530
2188457.935410 -2557864.952464 -437051.447456 -0.316776
2188463.314832 -2557892.747224 -437050.670243 -0.316742
2188458.022546 -2557868.937379 -437038.170333 -0.231484
2188461.092656 -2557887.148658 -437027.494361 -0.268335
2188456.865047 -2557868.121660 -437016.126395 -0.192149
2188452.852503 -2557851.544176 -436996.760808 -0.873636
2188454.947836 -2557864.734349 -436988.446286 -0.309228
2188455.927460 -2557871.841210 -436981.139375 -0.201650
2188449.898683 -2557843.489484 -436970.085004 -0.320819
2188462.473709 -2557907.309982 -436972.435917 -0.313182
2188451.220762 -2557856.815216 -436943.954599 0.221564
2188471.285696 -2557956.462574 -436955.062755 0.254921
2188451.683174 -2557859.287837 -436942.363783 -0.176861
2188473.208996 -2557965.357626 -436958.916604 -0.308340
2188463.185909 -2557923.374813 -436919.534581 0.241753
2188462.815485 -2557920.948834 -436923.723557 -0.176246
2188488.131939 -2558044.991743 -436943.141724 -0.302066
2188463.326091 -2557928.753303 -436900.271847 -0.022632
2188469.656385 -2557960.770011 -436901.419780 -0.317059
2188457.517935 -2557902.684183 -436885.018155 -0.315976
2188472.221633 -2557979.070596 -436880.571162 -0.186765
2188464.987011 -2557952.530063 -436837.256326 -0.192376
2188456.575007 -2557915.322829 -436812.522848 0.281441
2188465.119260 -2557958.364820 -436814.759301 0.264796
2188475.439486 -2558008.685484 -436823.685156 0.033259
2188463.184431 -2557953.448842 -436793.519795 0.240848
2188461.934010 -2557949.493015 -436783.892012 0.241188
2188459.885255 -2557941.123210 -436775.554595 0.273123
2188455.440867 -2557920.706054 -436765.529867 0.290159
2188446.336144 -2557878.996414 -436745.912467 0.294577
2188451.448428 -2557902.330041 -436756.519904 -0.317715
2188461.356710 -2557954.837964 -436748.958745 0.125326
2188453.486714 -2557920.061456 -436725.746970 0.200172
2188448.062706 -2557895.062168 -436714.663746 0.108944
2188440.576818 -2557863.549058 -436686.380856 0.294285
2188434.061091 -2557833.590544 -436673.278892 0.243844
2188448.029868 -2557905.529839 -436668.969625 0.219766
2188434.256916 -2557842.238881 -436641.206807 0.275405
2188447.422252 -2557909.676966 -436640.985293 0.291160
2188451.630090 -2557933.787300 -436628.457873 0.246511
2188449.654321 -2557925.885230 -436619.882497 0.297425
2188439.755899 -2557879.063489 -436603.862734 0.241759
2188455.829154 -2557959.077241 -436612.666726 0.227948
2188428.844824 -2557837.872150 -436542.052505 0.138699
2188455.527621 -2557970.423654 -436558.023950 0.221411
2188437.164193 -2557882.718593 -436531.666666 0.280691
2188430.177509 -2557850.715163 -436518.315165 0.111897
2188435.454012 -2557879.527049 -436510.130148 0.284086
2188443.100561 -2557918.561834 -436509.719331 0.106813
2188425.463680 -2557839.584261 -436463.791293 0.297063
2188428.654072 -2557854.371030 -436469.297983 -0.053717
2188446.171553 -2557943.525366 -436470.714442 0.292381
2188423.881559 -2557838.446421 -436434.483191 0.263505
2188439.146376 -2557912.592910 -436451.148041 -0.105789
2188439.769284 -2557920.452088 -436430.454961 0.295945
2188429.696638 -2557871.017441 -436420.367782 -0.013533
2188434.884944 -2557899.398506 -436413.891278 0.207901
2188443.087495 -2557942.371557 -436411.312971 0.262826
2188450.718481 -2557977.859317 -436422.382702 -0.161938
2188426.185436 -2557861.151190 -436387.789729 0.019648
2188429.750200 -2557879.313004 -436387.371993 -0.072749
2188439.236445 -2557928.983161 -436382.958619 -0.021279
2188473.658628 -2558105.084482 -436380.280398 -0.199475
2188427.984981 -2557889.374478 -436308.103276 0.295685
2188434.013575 -2557921.519241 -436302.331781 0.280628
2188433.147546 -2557918.521095 -436295.897229 0.273010
2188422.631877 -2557868.501284 -436279.497443 -0.029131
2188426.943714 -2557894.404288 -436263.740930 0.188903
2188452.369117 -2558018.428580 -436286.604660 -0.310698
2188428.825622 -2557908.657885 -436244.894528 0.089721
2188459.159642 -2558056.355733 -436272.825147 -0.205732
2188478.249522 -2558153.886629 -436273.046070 0.245416
2188423.572620 -2557891.488031 -436203.351770 0.186451
2188410.431370 -2557827.912552 -436188.222512 -0.023360
2188410.731151 -2557833.536979 -436171.151521 -0.020869
2188410.615693 -2557835.016402 -436162.397459 -0.017770
2188410.592807 -2557836.055490 -436156.740456 -0.022717
2188410.734016 -2557838.311592 -436151.070730 -0.021856
2188410.793951 -2557839.955371 -436145.431213 -0.021584
2188410.671114 -2557840.868301 -436139.620759 -0.024877
2188410.755164 -2557843.110998 -436131.005739 -0.021401
2188410.692386 -2557844.111149 -436125.220924 -0.023730
2188410.683336 -2557846.217388 -436116.572337 -0.021267
2188410.475926 -2557846.533894 -436110.672214 -0.022860
2188410.901401 -2557850.687438 -436102.391780 -0.020297
2188411.013254 -2557853.972349 -436091.066208 -0.023928
2188411.122789 -2557855.714599 -436085.301541 -0.023071
2188411.412706 -2557858.650780 -436079.792970 -0.018633
2188411.670245 -2557862.618379 -436068.596643 -0.021512
2188411.687867 -2557864.760629 -436059.972711 -0.017135
2188412.327416 -2557869.684994 -436051.921615 -0.019709
2188412.244492 -2557870.655239 -436046.131598 -0.021812
2188412.360580 -2557872.866693 -436040.490292 -0.017530
2188412.450177 -2557874.563133 -436034.817477 -0.020944
2188412.263839 -2557875.938053 -436026.041453 -0.017921
2188412.620059 -2557878.958016 -436020.641804 -0.018222
2188412.567930 -2557879.976198 -436014.849837 -0.021497
2188412.476721 -2557880.947646 -436008.973576 -0.017975
2188412.881652 -2557884.039275 -436003.590032 -0.017922
2188412.907412 -2557885.637128 -435997.918806 -0.019757
2188412.855602 -2557886.671056 -435992.034048 -0.017954
2188412.737494 -2557887.598422 -435986.170958 -0.012680
2188412.854626 -2557889.333766 -435980.516977 -0.014934
2188413.046774 -2557891.645995 -435974.972581 -0.016741
2188413.259882 -2557894.002374 -435969.355001 -0.012487
2188413.542207 -2557896.898229 -435964.024105 -0.018067
2188413.553409 -2557898.490707 -435958.251547 -0.015404
2188413.681051 -2557900.244081 -435952.587269 -0.018837
2188413.967451 -2557903.160200 -435947.169772 -0.019011
2188414.215351 -2557905.585602 -435941.458702 -0.010720
2188414.122582 -2557906.523976 -435935.769352 -0.016735
2188414.217877 -2557908.239722 -435930.027515 -0.013200
2188414.241541 -2557909.835841 -435924.347805 -0.015518
2188414.311941 -2557911.498988 -435918.695272 -0.016427
2188414.369873 -2557913.159643 -435912.941690 -0.013058
2188414.454007 -2557914.841882 -435907.297474 -0.013510
2188414.443403 -2557916.400823 -435901.525400 -0.010210
2188414.494359 -2557918.037938 -435895.854170 -0.012367
2188414.561766 -2557920.246027 -435887.303364 -0.015407
2188414.632925 -2557921.924825 -435881.559340 -0.011417
2188414.558914 -2557922.907189 -435875.778748 -0.012758
2188414.839383 -2557925.818276 -435870.343294 -0.014374
2188414.936060 -2557927.519066 -435864.703677 -0.014800
2188414.874233 -2557928.535421 -435858.830809 -0.011470
2188415.169985 -2557932.017121 -435850.509405 -0.014785
2188415.199036 -2557933.636588 -435844.740474 -0.011896
2188415.521465 -2557936.606098 -435839.335403 -0.011645
2188415.750839 -2557938.975909 -435833.794008 -0.014041
2188415.823401 -2557940.660669 -435828.032074 -0.011526
2188416.112859 -2557943.582962 -435822.609868 -0.012212
2188416.210437 -2557945.289468 -435816.951251 -0.014207
2188416.526302 -2557948.248770 -435811.545003 -0.013860
2188416.485465 -2557949.295481 -435805.682764 -0.010128
2188416.656062 -2557951.577970 -435800.124584 -0.012468
2188416.704687 -2557953.224760 -435794.371796 -0.008645
2188416.884459 -2557955.517340 -435788.833074 -0.009375
2188416.941966 -2557957.165028 -435783.160911 -0.011616
2188416.828557 -2557958.108768 -435777.256651 -0.010029
2188417.009421 -2557960.951831 -435768.825759 -0.012484
2188417.205065 -2557963.811617 -435760.424408 -0.012398
2188417.202476 -2557965.383940 -435754.649409 -0.009366
2188417.725912 -2557969.119789 -435749.380870 -0.009058
2188417.672074 -2557970.140349 -435743.568308 -0.013857
2188417.534048 -2557971.047582 -435737.657784 -0.012036
2188418.032045 -2557975.288628 -435729.517381 -0.010940
2188418.202975 -2557977.576416 -435723.936922 -0.015260
2188418.210980 -2557979.160888 -435718.184044 -0.010200
2188418.720700 -2557982.880824 -435712.887698 -0.012267
2188419.045527 -2557985.860425 -435707.454280 -0.014527
2188419.565661 -2557989.609920 -435702.073885 -0.011106
2188419.606099 -2557991.234147 -435696.389321 -0.013975
2188420.830641 -2558002.032751 -435677.384662 -0.013390
2188421.278371 -2558005.663548 -435672.058952 -0.016463
2188421.487766 -2558007.999796 -435666.533024 -0.016700
2188419.829221 -2558004.726559 -435644.877108 -0.012750
2188419.702258 -2558005.710897 -435636.117363 -0.014452
2188419.688099 -2558008.279102 -435627.550095 -0.010975
2188419.451020 -2558008.086889 -435621.552899 -0.012590
2188419.595657 -2558010.330881 -435615.992217 -0.014304
2188419.729301 -2558012.095302 -435610.324427 -0.017737
2188419.734439 -2558013.683505 -435604.534807 -0.016050
2188419.761620 -2558014.828198 -435598.709710 -0.010048
2188419.918486 -2558017.092826 -435593.139472 -0.013058
2188419.681501 -2558017.369290 -435587.221721 -0.014932
2188419.537735 -2558018.257565 -435581.382632 -0.019541
2188419.733412 -2558020.588328 -435575.763377 -0.014463
2188419.570614 -2558021.443029 -435569.945214 -0.016773
2188419.540674 -2558022.496855 -435564.135284 -0.008115
2188419.738980 -2558024.366027 -435558.443900 -0.015236
2188419.466526 -2558024.589855 -435552.517485 -0.017013
2188419.579998 -2558026.800867 -435546.867295 -0.012819
2188419.417975 -2558026.705564 -435540.981258 -0.019052
2188419.619570 -2558029.514487 -435535.438928 -0.014719
2188419.387285 -2558029.817066 -435529.413196 -0.013288
2188419.309551 -2558030.799688 -435523.611265 -0.016070
2188419.552307 -2558033.186409 -435518.093373 -0.016003
2188419.283268 -2558033.413171 -435512.178243 -0.016927
2188419.557044 -2558035.872528 -435506.521986 -0.016942
2188419.595563 -2558037.489004 -435500.864097 -0.017025
2188419.841606 -2558039.902852 -435495.221862 -0.015205
2188419.577106 -2558040.133402 -435489.322712 -0.014545
2188419.469289 -2558041.073041 -435483.506049 -0.018091
2188419.555882 -2558042.782151 -435477.741837 -0.015656
2188419.853457 -2558045.723620 -435472.295226 -0.018182
2188419.707617 -2558046.617937 -435466.396652 -0.015008
2188419.857721 -2558048.406134 -435460.740614 -0.017547
2188419.640713 -2558048.708116 -435454.852463 -0.017128
2188419.740595 -2558050.889252 -435449.265336 -0.019989
2188419.892637 -2558052.692785 -435443.531645 -0.016229
2188419.932288 -2558054.318364 -435437.841752 -0.019420
2188420.026873 -2558056.035771 -435432.097011 -0.015284
2188420.084386 -2558057.687269 -435426.415357 -0.018114
2188419.861708 -2558057.981054 -435420.523985 -0.017520
2188420.166754 -2558060.935163 -435415.073528 -0.020498
2188420.230437 -2558063.153563 -435406.441699 -0.016788
2188420.401839 -2558068.673053 -435386.405204 -0.021842
2188420.811173 -2558077.602600 -435357.965147 -0.021832
2188421.562370 -2558089.526647 -435324.159670 -0.017426
2188421.690800 -2558091.843633 -435315.541453 -0.013834
2188421.789009 -2558094.024276 -435309.950163 -0.016860
2188422.133859 -2558097.075130 -435304.293943 -0.012856
2188422.340305 -2558099.412920 -435298.749517 -0.014262
2188422.598940 -2558101.823587 -435293.241051 -0.013394
2188422.360377 -2558102.081016 -435287.432379 -0.018232
2188422.634751 -2558105.008895 -435281.863365 -0.017769
2188422.993615 -2558107.578277 -435276.336200 -0.021195
2188422.565518 -2558107.117268 -435270.209410 -0.016011
2188422.666146 -2558108.833746 -435264.539985 -0.018359
2188423.021250 -2558111.871953 -435259.042604 -0.013292
2188423.036451 -2558113.461551 -435253.351207 -0.015608
2188423.218036 -2558115.761169 -435247.806341 -0.016390
2188422.955340 -2558116.002763 -435241.878389 -0.018145
2188422.942270 -2558117.116063 -435235.900634 -0.011526
2188423.085618 -2558119.361967 -435230.333073 -0.013317
2188423.306780 -2558121.721211 -435224.796858 -0.014043
2188423.411560 -2558125.004917 -435213.464051 -0.015884
2188423.442084 -2558126.167053 -435207.593894 -0.013638
2188424.064026 -2558132.070974 -435196.834381 -0.019831
2188423.540490 -2558131.022596 -435190.481269 -0.011982
2188423.328659 -2558131.341465 -435184.559654 -0.014299
2188423.228549 -2558132.285900 -435178.788726 -0.013200
2188423.054881 -2558132.683322 -435172.755606 -0.013403
2188422.868947 -2558133.037893 -435166.854722 -0.014384
2188422.885013 -2558134.643674 -435161.077784 -0.011165
2188422.834978 -2558135.667848 -435155.295229 -0.012323
2188422.753803 -2558136.644185 -435149.512379 -0.012754
2188422.804518 -2558137.835563 -435143.654380 -0.009939
2188423.033498 -2558140.212646 -435138.093934 -0.012998
2188422.673902 -2558140.306429 -435132.162806 -0.012588
2188422.625619 -2558141.332972 -435126.383177 -0.013477
2188422.105799 -2558141.868385 -435114.290824 -0.012037
2188422.276649 -2558143.677264 -435108.704429 -0.008105
2188422.131315 -2558144.564965 -435102.874669 -0.011312
2188422.230990 -2558146.255151 -435097.349010 -0.013583
2188421.974375 -2558146.529258 -435091.298502 -0.013302
2188421.734603 -2558147.385788 -435082.311007 -0.005184
2188421.965225 -2558149.746331 -435076.863646 -0.011239
2188421.815429 -2558150.641639 -435070.947702 -0.008754
2188421.812379 -2558151.736433 -435065.178034 -0.009887
2188422.003544 -2558154.055503 -435059.620313 -0.011682
2188421.931608 -2558155.065841 -435053.728815 -0.008772
2188421.895341 -2558156.106481 -435047.974510 -0.007643
2188422.068767 -2558158.417178 -435042.309974 -0.005383
2188421.950784 -2558159.344608 -435036.495293 -0.007920
2188422.139723 -2558161.660345 -435030.938493 -0.009529
2188422.236262 -2558163.385301 -435025.189582 -0.005290
2188422.155354 -2558164.365713 -435019.395653 -0.006757
2188422.244497 -2558166.065073 -435013.735206 -0.007657
2188422.419874 -2558168.360533 -435008.176599 -0.009086
2188422.497302 -2558170.059081 -435002.416090 -0.005602
2188422.287964 -2558170.387470 -434996.476149 -0.009568
2188422.314237 -2558171.990664 -434990.813765 -0.009108
2188422.142387 -2558172.385038 -434984.817148 -0.005705
2188422.258626 -2558174.122178 -434979.177571 -0.005262
2188422.111740 -2558175.010309 -434973.340869 -0.008908
2188422.184951 -2558176.689233 -434967.661480 -0.011279
2188422.238147 -2558178.351931 -434961.895956 -0.007482
2188422.181070 -2558179.369272 -434956.104307 -0.009225
2188422.098298 -2558180.363785 -434950.214370 -0.005636
2188422.201991 -2558182.082506 -434944.572097 -0.005088
2188422.217195 -2558183.679314 -434938.861256 -0.008987
2188422.275892 -2558185.333492 -434933.193731 -0.009688
2188422.226463 -2558186.379555 -434927.304394 -0.007103
2188422.323046 -2558188.090845 -434921.646613 -0.007818
2188422.107383 -2558188.888445 -434915.721454 -0.004414
2188422.280696 -2558190.699462 -434910.170509 -0.010564
2188420.126764 -2558190.688143 -434898.187989 -0.291909
2188422.401046 -2558195.088782 -434895.708785 -0.002562
2188422.642347 -2558196.997996 -434890.190290 -0.007294
2188425.799224 -2558201.758599 -434887.900158 0.247413
2188421.615463 -2558197.030667 -434869.086062 -0.003586
2188421.398791 -2558197.323761 -434863.286572 -0.007377
2188417.861178 -2558179.600294 -434860.023570 -0.244866
2188421.314263 -2558199.432626 -434851.559433 -0.010979
2188421.255681 -2558199.981434 -434845.687999 -0.012029
2188421.467452 -2558202.829001 -434840.048003 -0.002656
2188421.163899 -2558202.995125 -434834.217518 -0.007370
2188421.365312 -2558205.821948 -434828.619937 -0.007370
2188421.182307 -2558205.712697 -434822.660336 -0.005477
2188420.915832 -2558207.635461 -434807.920519 -0.008842
2188421.182331 -2558210.974248 -434802.710906 -0.009171
2188421.082622 -2558211.957341 -434796.759803 -0.010965
2188420.944045 -2558212.934512 -434788.002605 -0.010205
2188421.139503 -2558216.849784 -434776.663592 -0.008022
2188420.766026 -2558218.710193 -434758.859433 -0.004411
2188420.450127 -2558218.859567 -434753.022592 -0.009174
2188420.475024 -2558220.021578 -434747.137361 -0.007756
2188420.678232 -2558222.822328 -434741.701575 -0.006012
2188420.258608 -2558221.928220 -434735.420748 -0.006899
2188420.103500 -2558222.889634 -434726.624305 -0.009403
2188419.504023 -2558222.266017 -434717.478996 -0.004277
2188432.278254 -2558288.264423 -434715.653778 0.302160
2188412.165688 -2558190.125962 -434695.063119 0.055071
2188419.711115 -2558227.865765 -434697.444381 -0.006952
2188419.747787 -2558229.489951 -434691.774222 -0.007234
2188419.773005 -2558231.103579 -434686.071787 -0.010082
2188419.571787 -2558231.449266 -434680.127704 -0.014082
2188419.543770 -2558233.013047 -434674.237704 -0.006128
2188419.514736 -2558234.072147 -434668.470314 -0.005740
2188419.493193 -2558235.133408 -434662.765222 -0.013290
2188411.963204 -2558225.546602 -434652.176146 0.293128
2188429.285571 -2558289.322025 -434644.093853 0.282082
2188419.007502 -2558240.550251 -434630.551475 -0.008819
2188418.980934 -2558242.163439 -434621.912817 -0.007451
2188418.623112 -2558243.395310 -434610.079796 -0.005757
2188418.708536 -2558244.628913 -434604.325252 -0.006836
2188418.404335 -2558244.351657 -434598.290351 -0.008767
2188410.731153 -2558227.028204 -434553.158274 0.225111
2188419.032241 -2558256.743526 -434561.330325 -0.007174
2188419.048377 -2558258.902082 -434552.723548 -0.011863
2188419.228304 -2558261.781589 -434544.175221 -0.009081
2188419.037460 -2558267.460690 -434518.058294 -0.009478
2188420.514321 -2558276.777070 -434511.313746 0.090218
2188418.259051 -2558267.846137 -434497.221094 -0.012249
2188418.286105 -2558269.478650 -434491.438833 -0.008899
2188418.239643 -2558272.599606 -434444.593834 -0.005611
2188418.450740 -2558281.153726 -434439.454880 -0.003854
2188416.444171 -2558286.072251 -434380.177005 -0.009034
2188416.466776 -2558287.702527 -434374.382009 -0.006439
2188416.300980 -2558288.103516 -434368.457535 -0.009218
2188416.677220 -2558291.165852 -434363.074263 -0.006230
2188416.510257 -2558292.059399 -434357.088258 -0.009050
2188416.324543 -2558292.424324 -434351.191290 -0.008764
2188416.066126 -2558293.257635 -434342.270454 -0.005912
2188416.175085 -2558296.489229 -434333.878483 -0.008303
2188416.147912 -2558297.083273 -434328.055949 -0.004673
2188416.146220 -2558297.735285 -434322.143175 -0.010057
2188416.412963 -2558301.196764 -434316.282471 0.010818
2188415.960134 -2558303.430034 -434296.066089 -0.005381
2188416.217742 -2558305.410434 -434290.333694 -0.002615
2188415.828459 -2558307.085347 -434278.520446 -0.005419
2188415.853922 -2558333.083952 -434168.811671 0.001855
2188415.797827 -2558334.648326 -434160.259456 -0.000700
2188416.225667 -2558337.822506 -434154.722595 0.000595
2188416.004999 -2558338.144267 -434148.791702 -0.001017
2188415.911135 -2558339.135978 -434142.894896 0.002995
2188415.956815 -2558340.787129 -434137.206725 0.001724
2188413.417704 -2558327.169517 -434123.252481 -0.812773
2188417.460414 -2558359.583574 -434089.323980 0.010087
2188417.244076 -2558359.888769 -434083.526332 0.007281
2188417.163274 -2558360.889228 -434077.705295 0.004521
2188422.755052 -2558391.644188 -434068.670238 -0.257339
2188422.590743 -2558393.061374 -434057.800195 -0.292471
2187965.598784 -2557873.975533 -439347.143639 0.182224
2187936.507291 -2557735.030456 -439312.732299 0.322030
2187955.421260 -2557828.753471 -439320.623198 0.317678
2187923.386767 -2557673.796323 -439291.023942 0.152684
2187926.842081 -2557692.655602 -439285.362209 0.273581
2187925.468534 -2557687.836745 -439277.323829 0.324613
2187931.227993 -2557717.709955 -439273.663206 0.324892
2187997.719744 -2558042.309056 -439320.915609 0.299825
2187958.095979 -2557850.404230 -439286.054733 -0.282908
2187918.241689 -2557664.351076 -439222.381762 0.327707
2187917.170483 -2557660.246391 -439217.957687 0.236070
2187981.917400 -2557977.140523 -439259.557727 0.029177
2187916.745782 -2557665.072631 -439187.534864 0.297349
2187996.148932 -2558052.850647 -439243.568976 -0.222558
2187936.285629 -2557770.986634 -439158.003464 0.218195
2187919.701418 -2557695.102941 -439123.897449 0.321887
2187922.024154 -2557715.240559 -439088.901479 0.319328
2187923.416384 -2557726.881715 -439069.880310 0.326065
2187978.823701 -2558000.495911 -439096.551246 0.160130
2187981.857489 -2558018.753555 -439084.303293 -0.289410
2187982.495559 -2558023.181614 -439079.078410 -0.286209
2187917.843144 -2557714.705811 -439001.241700 0.246106
2187990.945963 -2558071.735824 -439054.584589 0.089823
2187959.632405 -2557921.978769 -439019.403241 -0.176459
2187923.042740 -2557751.318738 -438959.602502 0.273577
2187925.115787 -2557765.571806 -438944.225215 0.275599
2187929.662528 -2557795.200470 -438915.735708 0.201776
2187915.641698 -2557730.408039 -438889.626127 0.301246
2187963.627494 -2557963.402493 -438930.337511 -0.240627
2187932.552886 -2557820.100467 -438872.391807 0.329532
2187914.000458 -2557732.568949 -438846.309117 -0.090300
2187919.726646 -2557766.582735 -438825.905268 0.016054
2187989.518212 -2558106.334397 -438878.470941 0.121199
2187972.694582 -2558028.857353 -438848.025234 0.304911
2187909.127988 -2557719.426358 -438796.140600 -0.199988
2187986.038979 -2558106.483473 -438805.002120 0.321339
2187946.873464 -2557918.008843 -438765.074451 0.321507
2187919.341197 -2557790.015404 -438747.678556 -0.458816
2187924.771247 -2557811.444771 -438742.712057 -0.262852
2187947.618631 -2557925.465130 -438748.839003 -0.283803
2187987.891495 -2558127.490776 -438755.880087 0.280510
2187923.079355 -2557819.505870 -438707.569966 -0.328979
2187924.508686 -2557820.693727 -438698.359704 -0.211868
2187987.364204 -2558134.499021 -438708.704175 0.327724
2187916.129493 -2557792.206287 -438634.405219 -0.237241
2187931.849594 -2557871.475543 -438641.757687 -0.208745
2187924.414425 -2557837.032269 -438628.146605 -0.268674
2187931.046914 -2557867.686098 -438622.042471 -0.288402
2187920.717931 -2557826.363607 -438599.192718 -0.259988
2187928.999226 -2557867.018935 -438599.770270 -0.227760
2187984.928698 -2558139.272105 -438643.915985 -0.275238
2187925.217485 -2557864.801149 -438578.452513 -0.569939
2187910.727031 -2557782.808992 -438565.081607 -0.286760
2187916.357578 -2557812.612444 -438560.860454 -0.261478
2187919.043551 -2557828.124408 -438551.469127 -0.253405
2187919.297428 -2557829.618185 -438545.746072 -0.240737
2187916.092411 -2557836.633270 -438522.120134 -0.590601
2187921.972193 -2557870.316170 -438506.959331 -0.561257
2187918.779319 -2557839.628488 -438497.577829 -0.277394
2187919.913114 -2557846.689240 -438492.490025 -0.262156
2187921.046653 -2557854.500274 -438484.245709 -0.237213
2187913.490063 -2557819.491312 -438470.164003 -0.265050
2187971.252914 -2558104.276178 -438500.346902 0.317825
2187930.163596 -2557904.399823 -438467.566789 -0.171224
2187918.176856 -2557844.181634 -438446.425539 -0.136453
2187922.727784 -2557870.937190 -438449.708644 -0.287395
2187912.003607 -2557815.076674 -438431.237428 -0.116447
2187924.298969 -2557883.566375 -438429.771901 -0.234270
2187948.700436 -2558003.096706 -438446.812512 -0.288941
2187930.551930 -2557919.920752 -438410.845734 -0.290014
2187927.987654 -2557908.882383 -438402.714416 -0.283117
2187979.012946 -2558165.686388 -438428.107884 -0.302477
2187919.291449 -2557873.103127 -438366.393630 -0.271914
2187915.502525 -2557857.618686 -438352.139722 -0.184143
2187910.944817 -2557837.208280 -438341.821410 -0.155749
2187961.203740 -2558081.490002 -438382.483702 -0.260595
2187922.172990 -2557895.466110 -438337.130507 -0.146893
2187911.957991 -2557848.013666 -438319.251834 -0.130695
2187912.230560 -2557850.567629 -438312.511776 -0.197128
2187938.260369 -2557982.486782 -438311.763836 0.303788
2187943.195388 -2558006.398804 -438315.874661 -0.285044
2187944.756515 -2558019.538528 -438294.536739 0.066534
2187925.359082 -2557931.105742 -438269.994260 -0.200488
2187914.543178 -2557875.934368 -438254.520932 -0.199816
2187912.553286 -2557869.737274 -438243.606640 -0.164615
2187956.882366 -2558087.092904 -438268.291450 0.169499
2187922.414706 -2557925.261425 -438220.845577 -0.296636
2187973.584592 -2558177.626414 -438245.364263 -0.293945
2187973.486805 -2558177.653949 -438239.392769 -0.287945
2187972.763088 -2558173.570942 -438232.186445 -0.286268
2187915.637433 -2557901.657571 -438171.743999 -0.275232
2187936.694005 -2558011.233216 -438158.869175 -0.284942
2187969.634955 -2558174.461287 -438172.014786 -0.002115
2187970.635992 -2558207.935745 -438121.670423 -0.728580
2187930.177908 -2558014.786102 -438056.917191 0.174877
2187962.639394 -2558167.974800 -438051.549921 0.242671
2187960.539165 -2558160.469336 -438036.706199 -0.049254
2187960.161370 -2558160.123877 -438030.671224 -0.168988
2187930.647672 -2558021.247494 -437988.321459 0.287460
2187931.921050 -2558028.171588 -437986.401801 0.176132
2187929.798560 -2558020.152614 -437975.226107 0.323725
2187937.855856 -2558060.299215 -437976.433746 0.322554
2187937.717953 -2558062.077041 -437966.533055 0.257580
2187929.922494 -2558024.954615 -437957.067949 0.132816
2187937.328679 -2558062.159861 -437958.277931 0.117450
2187927.648010 -2558017.838607 -437938.240319 0.115979
2187930.645935 -2558037.057644 -437921.786656 0.319313
2187930.147017 -2558036.389015 -437913.045041 0.297877
2187927.066370 -2558022.460731 -437907.012094 0.084836
2187923.901980 -2558009.120515 -437895.879882 0.073812
2187959.246678 -2558182.908233 -437915.396192 0.302445
2187915.636354 -2557976.012905 -437860.143063 0.315543
2187916.126214 -2557979.341559 -437854.467030 0.323691
2187947.172429 -2558129.950956 -437879.676601 0.166008
2187933.176756 -2558061.299291 -437872.645856 -0.288258
2187916.108051 -2557983.578917 -437837.274473 0.323081
2187915.501254 -2557980.769162 -437835.307660 0.142226
2187936.754187 -2558086.065092 -437844.099488 0.078255
2187922.720716 -2558021.152877 -437820.262301 0.322793
2187918.240687 -2558001.469086 -437809.397372 0.259137
2187920.284644 -2558013.846807 -437798.820406 0.287609
2187933.756506 -2558081.865074 -437798.307729 0.321627
2187918.166239 -2558007.942301 -437779.899375 0.286176
2187937.739018 -2558104.952766 -437785.590066 0.277498
2187923.910111 -2558039.100051 -437769.600320 0.083723
2187921.657052 -2558028.789999 -437765.294372 -0.055354
2187923.826030 -2558040.742565 -437760.757479 -0.146723
2187955.032763 -2558193.838754 -437779.375015 -0.268908
2187917.983345 -2558022.261072 -437713.613129 0.291095
2187936.857312 -2558117.493203 -437715.100745 0.318580
2187913.962403 -2558009.153925 -437684.193490 0.296591
2187933.128644 -2558100.945426 -437705.054328 -0.233428
2187932.903811 -2558103.599745 -437688.728946 0.074141
2187933.530924 -2558109.264163 -437678.758972 0.277684
2187918.765929 -2558038.331146 -437664.091368 0.116323
2187933.898792 -2558111.137172 -437678.468303 -0.292020
2187917.703841 -2558036.364285 -437648.920730 -0.247023
2187966.184981 -2558280.697153 -437651.924102 0.311680
2187915.553142 -2558035.724665 -437606.384341 0.135187
2187905.232725 -2557987.887416 -437586.940580 0.090244
2187929.083657 -2558108.773179 -437585.719473 -0.066533
2187907.775129 -2558009.305150 -437551.218127 -0.117667
2187906.025851 -2558003.930028 -437537.179124 0.044989
2187919.439759 -2558077.112119 -437514.530188 0.042144
2187900.320028 -2557985.863228 -437492.344289 0.037692
2187903.259110 -2558004.328317 -437477.099695 0.182309
2187963.148956 -2558293.594748 -437531.782696 -0.286937
2187899.340659 -2557988.526513 -437463.152803 -0.096148
2187904.260355 -2558014.304013 -437455.960109 0.020364
2187905.120999 -2558021.918682 -437440.524454 0.092687
2187910.804371 -2558055.348830 -437421.966357 0.243714
2187941.432800 -2558202.374580 -437452.558535 -0.172910
2187919.390207 -2558099.394170 -437419.759383 0.173012
2187907.279265 -2558040.983282 -437409.100323 -0.181229
2187915.916722 -2558079.038339 -437399.694301 0.312385
2187911.630137 -2558065.305528 -437397.894152 -0.274011
2187913.099213 -2558075.383028 -437386.502688 0.016599
2187911.491161 -2558069.688671 -437377.986017 0.075991
2187912.432895 -2558075.928807 -437370.292434 0.189027
2187906.462911 -2558051.945663 -437344.075652 0.229313
2187922.229423 -2558132.956674 -437339.559326 0.277098
2187916.257923 -2558103.698232 -437337.239527 -0.198604
2187924.291997 -2558144.348169 -437335.202736 -0.066711
2187928.585587 -2558169.687540 -437319.959465 0.130000
2187923.498396 -2558150.732318 -437293.202565 -0.247891
2187947.163708 -2558268.807176 -437298.712303 0.138203
2187936.254598 -2558217.942741 -437279.817227 0.289956
2187920.636583 -2558143.153751 -437263.330672 0.174219
2187929.254795 -2558183.620928 -437276.002971 -0.280887
2187920.996146 -2558154.075835 -437224.635987 -0.111874
2187937.290125 -2558238.381386 -437216.506292 0.222461
2187917.369348 -2558146.401042 -437180.339488 0.288900
2187913.256648 -2558124.371897 -437184.338741 -0.264270
2187914.274096 -2558131.686599 -437177.020720 -0.278619
2187923.089750 -2558176.413113 -437176.005841 -0.275740
2187920.035016 -2558166.918230 -437150.422275 0.319249
2187906.735803 -2558105.234405 -437124.601423 0.195809
2187886.173448 -2558010.976588 -437086.688267 -0.041077
2187942.911050 -2558287.227386 -437130.091014 -0.152823
2187893.310647 -2558049.535947 -437075.865031 0.065613
2187905.287159 -2558110.652027 -437074.164210 0.220468
2187883.326758 -2558007.065756 -437051.106928 0.021997
2187886.669414 -2558021.881974 -437051.206697 -0.098062
2187882.789875 -2558007.756977 -437027.889035 0.016067
2187883.586018 -2558015.984103 -437011.340825 0.020675
2187897.839349 -2558087.484489 -437011.011698 0.305555
2187884.777022 -2558025.710011 -436995.177392 0.022360
2187886.787026 -2558039.987960 -436976.927457 0.015812
2187888.293158 -2558051.055241 -436963.865299 0.021341
2187888.374682 -2558052.278669 -436958.079136 0.014608
2187888.409889 -2558053.879146 -436952.479781 0.018246
2187888.441513 -2558055.506309 -436946.702673 0.019074
2187888.319011 -2558056.418335 -436940.912398 0.016877
2187888.555607 -2558058.796512 -436935.386457 0.014559
2187888.611456 -2558060.469660 -436929.553403 0.022965
2187888.550473 -2558061.452369 -436923.893620 0.017953
2187888.433946 -2558062.934812 -436915.136376 0.019953
2187888.612975 -2558065.248605 -436909.475628 0.019982
2187889.111564 -2558068.920154 -436904.347957 0.019183
2187889.032634 -2558069.918795 -436898.442720 0.018773
2187889.332868 -2558072.857455 -436893.022347 0.016803
2187889.293679 -2558073.907699 -436887.163629 0.019792
2187889.360073 -2558075.564640 -436881.515463 0.018213
2187889.541307 -2558078.424966 -436872.991697 0.018769
2187889.578976 -2558080.040708 -436867.330503 0.016669
2187889.646922 -2558081.698884 -436861.687129 0.015676
2187889.831267 -2558083.996774 -436856.158224 0.014582
2187889.652636 -2558084.378019 -436850.154948 0.015296
2187889.949942 -2558087.310361 -436844.740539 0.014183
2187889.606796 -2558086.975452 -436838.633259 0.017162
2187889.843508 -2558089.350495 -436833.120525 0.016326
2187890.018378 -2558091.636160 -436827.582179 0.014599
2187890.108830 -2558093.347345 -436821.831297 0.016428
2187890.310095 -2558095.670591 -436816.305355 0.015241
2187890.233189 -2558096.646354 -436810.541535 0.014541
2187890.226332 -2558098.759719 -436801.885772 0.015383
2187890.103814 -2558099.670383 -436796.097701 0.013535
2187890.226423 -2558101.427103 -436790.364259 0.016256
2187890.348608 -2558104.744883 -436778.949856 0.016214
2187890.435855 -2558106.414430 -436773.408126 0.010805
2187890.445121 -2558108.003140 -436767.648151 0.013962
2187890.523410 -2558109.682083 -436761.976402 0.010188
2187890.442171 -2558112.769118 -436747.584966 0.012881
2187890.541281 -2558114.473985 -436741.941622 0.011111
2187890.638550 -2558117.752700 -436730.529328 0.011963
2187890.768917 -2558119.507050 -436724.878269 0.008885
2187890.919129 -2558121.769540 -436719.249131 0.012914
2187890.718234 -2558122.096490 -436713.355583 0.011016
2187890.870062 -2558124.363986 -436707.713179 0.013783
2187890.963455 -2558126.060731 -436702.067033 0.011918
2187890.722923 -2558126.325992 -436696.178384 0.011609
2187890.658455 -2558127.340958 -436690.296557 0.013238
2187890.631478 -2558131.056179 -436673.023032 0.013505
2187890.654916 -2558132.652042 -436667.344909 0.010549
2187890.944069 -2558136.678333 -436656.082020 0.012873
2187891.088277 -2558138.922090 -436650.511660 0.009092
2187891.117206 -2558140.515610 -436644.887660 0.011058
2187891.261072 -2558142.304760 -436639.152152 0.013226
2187891.392505 -2558144.060668 -436633.499210 0.010059
2187891.420081 -2558145.663953 -436627.816025 0.006550
2187891.440095 -2558147.245542 -436622.182945 0.007752
2187891.688431 -2558149.654349 -436616.571968 0.011219
2187891.643222 -2558151.146115 -436610.886301 0.009255
2187891.595636 -2558152.185464 -436605.010037 0.010920
2187891.731172 -2558154.415447 -436599.442696 0.007675
2187892.018823 -2558156.858455 -436593.973977 0.009800
2187891.887422 -2558157.772856 -436588.080665 0.012079
2187892.098512 -2558160.108807 -436582.560248 0.011415
2187892.022882 -2558161.087757 -436576.784770 0.009663
2187892.130999 -2558162.806790 -436571.136705 0.007572
2187892.269661 -2558165.055150 -436565.485736 0.009845
2187892.578484 -2558167.536719 -436559.986167 0.008793
2187892.534528 -2558169.046548 -436554.206418 0.011593
2187892.620031 -2558170.716347 -436548.646301 0.004741
2187892.815831 -2558173.044407 -436543.032626 0.009153
2187892.715594 -2558174.002005 -436537.161368 0.012625
2187892.701501 -2558175.075365 -436531.383476 0.009381
2187893.164668 -2558178.720593 -436526.091473 0.008043
2187893.226432 -2558180.930412 -436517.470594 0.010908
2187893.524251 -2558183.865367 -436512.038846 0.008523
2187893.560108 -2558185.489742 -436506.298388 0.012965
2187893.512220 -2558186.512513 -436500.514423 0.009998
2187893.602007 -2558188.201661 -436494.874408 0.009168
2187893.930650 -2558191.169090 -436489.530710 0.000751
2187893.788347 -2558192.057243 -436483.684758 0.007642
2187893.930471 -2558194.310613 -436478.033263 0.010042
2187890.025530 -2558189.572050 -436471.546590 0.034285
2187894.008299 -2558197.075757 -436466.619054 0.006190
2187893.916591 -2558198.046873 -436460.744115 0.009347
2187893.841564 -2558199.026626 -436454.967429 0.007590
2187894.026513 -2558201.869085 -436446.559822 0.006036
2187893.962348 -2558203.339603 -436440.822940 0.013279
2187894.000274 -2558204.512514 -436434.929596 0.011647
2187894.197425 -2558206.828361 -436429.400255 0.010474
2187893.947495 -2558207.080184 -436423.501315 0.009698
2187894.339936 -2558210.155333 -436418.092647 0.007288
2187894.373570 -2558211.763070 -436412.428687 0.005659
2187894.577312 -2558214.107827 -436406.792463 0.007909
2187894.604525 -2558215.702255 -436401.147833 0.008250
2187894.810737 -2558218.030820 -436395.622004 0.007402
2187895.007848 -2558220.365936 -436389.982959 0.009558
2187895.168253 -2558222.629499 -436384.432795 0.007550
2187895.444612 -2558225.063752 -436378.918241 0.005913
2187895.525296 -2558226.752588 -436373.195061 0.011189
2187895.801132 -2558229.655357 -436367.755037 0.008715
2187895.749865 -2558230.686125 -436361.890435 0.011812
2187895.856659 -2558231.942456 -436356.120214 0.006558
2187896.125348 -2558235.290988 -436350.821040 0.009252
2187896.499015 -2558238.336446 -436345.414323 0.007562
2187896.798947 -2558241.286254 -436339.911343 0.012181
2187897.163121 -2558244.319505 -436334.492685 0.009456
2187897.481476 -2558247.299770 -436328.977754 0.012544
2187897.912945 -2558250.878536 -436323.783459 0.007793
2187898.274394 -2558253.921029 -436318.285484 0.011263
2187898.900933 -2558258.294387 -436313.006798 0.013052
2187899.122536 -2558260.645002 -436307.488837 0.012498
2187886.397951 -2558243.499868 -436297.959604 -0.046792
2187899.537021 -2558265.304609 -436296.430425 0.023672
2187899.593680 -2558266.967295 -436290.665916 0.012249
2187899.891005 -2558269.427490 -436285.179292 0.012985
2187899.818781 -2558270.882383 -436279.469412 0.009759
2187899.743720 -2558271.882014 -436273.577534 0.010974
2187899.675490 -2558272.869915 -436267.810832 0.010341
2187899.695628 -2558274.477468 -436262.030634 0.011723
2187899.764408 -2558276.121179 -436256.469627 0.005488
2187900.017683 -2558278.549615 -436250.776976 0.015010
2187900.073883 -2558280.191879 -436245.112995 0.013004
2187900.096956 -2558281.785035 -436239.439433 0.010927
2187900.276379 -2558284.074398 -436233.905832 0.010166
2187900.760637 -2558287.768622 -436228.510181 0.012363
2187900.865841 -2558289.481906 -436222.866078 0.011064
2187901.143238 -2558292.387625 -436217.420949 0.008094
2187901.396234 -2558294.782608 -436211.922271 0.008844
2187901.537705 -2558297.034778 -436206.268240 0.011330
2187901.772491 -2558299.409223 -436200.732298 0.008887
2187901.976633 -2558301.752531 -436195.103799 0.012263
2187902.035278 -2558303.397686 -436189.443867 0.010480
2187902.008824 -2558304.448323 -436183.682953 0.009470
2187901.987524 -2558305.992208 -436177.902453 0.012078
2187901.962765 -2558307.047241 -436172.132489 0.010041
2187901.867443 -2558307.995493 -436166.356700 0.009314
2187901.776109 -2558308.969041 -436160.470949 0.011607
2187901.709276 -2558309.959269 -436154.703294 0.010966
2187901.624207 -2558310.926676 -436148.909787 0.008361
2187901.515903 -2558311.873119 -436143.029989 0.011642
2187901.452952 -2558312.871372 -436137.251711 0.009927
2187901.357582 -2558313.821152 -436131.467842 0.008483
2187901.296559 -2558314.839258 -436125.591348 0.010955
2187901.104351 -2558315.199435 -436119.579095 0.012044
2187900.782525 -2558314.877967 -436113.574072 0.011210
2187900.515545 -2558315.093340 -436107.728079 0.016085
2187900.130078 -2558314.691902 -436101.634084 0.008676
2187899.935191 -2558315.027130 -436095.738979 0.007250
2187899.712385 -2558315.337808 -436089.740968 0.010278
2187899.645072 -2558316.330160 -436083.959011 0.008383
2187899.475083 -2558316.704530 -436078.058664 0.005723
2187899.203830 -2558316.941407 -436072.057513 0.009809
2187899.274848 -2558318.628298 -436066.269794 0.009461
2187899.196115 -2558319.599307 -436060.507807 0.009722
2187899.045848 -2558320.464345 -436054.728444 0.010086
2187899.025499 -2558321.527388 -436048.952599 0.007502
2187898.839174 -2558321.895666 -436042.943805 0.008868
2187898.854664 -2558323.477720 -436037.269999 0.007138
2187898.811528 -2558324.505231 -436031.497810 0.005458
2187898.598714 -2558324.832312 -436025.492708 0.007820
2187898.682730 -2558326.511997 -436019.855742 0.007729
2187898.586809 -2558327.468697 -436014.032974 0.002788
2187898.883709 -2558329.947072 -436008.438601 0.007302
2187898.573569 -2558330.113017 -436002.510475 0.005491
2187898.605116 -2558331.734713 -435996.746273 0.008531
2187898.501977 -2558332.677605 -435990.938042 0.004973
2187898.680997 -2558334.501567 -435985.306311 0.003302
2187898.399129 -2558334.723469 -435979.299622 0.007199
2187898.459698 -2558336.373946 -435973.629145 0.004606
2187898.418043 -2558337.403948 -435967.856293 0.003057
2187898.295554 -2558338.331754 -435961.962309 0.005533
2187898.439478 -2558340.571894 -435956.404182 0.003614
2187898.299297 -2558341.004849 -435950.426486 0.006841
2187898.399085 -2558342.712322 -435944.771528 0.004782
2187898.287346 -2558343.640485 -435938.971826 0.002441
2187898.207078 -2558344.630689 -435933.089257 0.004997
2187898.109936 -2558345.577095 -435927.310541 0.004271
2187898.173554 -2558347.231379 -435921.644923 0.002266
2187898.222822 -2558348.862219 -435915.987039 0.001340
2187898.022301 -2558349.209491 -435909.976432 0.002833
2187898.122702 -2558350.918093 -435904.320886 0.000910
2187900.079807 -2558355.873375 -435894.091748 -0.605600
2187885.243149 -2558333.551470 -435892.042877 0.287464
2187897.811670 -2558353.749559 -435886.860864 0.001124
2187897.798288 -2558354.823461 -435881.085927 -0.001376
2187897.708847 -2558355.798333 -435875.210760 0.002311
2187897.481669 -2558356.084483 -435869.316600 0.001963
2187897.551638 -2558357.769240 -435863.533997 0.002342
2187897.513590 -2558358.802084 -435857.776359 0.002231
2187897.687045 -2558361.086488 -435852.222740 -0.000020
2187897.467576 -2558361.386902 -435846.317784 -0.001540
2187897.496150 -2558363.006877 -435840.541577 0.000610
2187897.417170 -2558363.983059 -435834.754215 -0.001430
2187897.508688 -2558365.694606 -435829.003549 0.001590
2187897.537100 -2558367.294353 -435823.341559 0.000715
2187897.503013 -2558368.335349 -435817.573933 -0.000389
2187899.406746 -2558372.758726 -435807.163610 -0.594500
2187897.534248 -2558371.054221 -435806.023705 -0.000937
2187897.559027 -2558372.649635 -435800.357401 -0.001944
2187897.923815 -2558375.698193 -435794.857119 0.001795
2187897.541687 -2558375.278142 -435788.901765 -0.005848
2187900.497882 -2558383.587123 -435781.713206 -0.249505
2187898.809571 -2558385.131648 -435772.627470 0.001079
2187899.009908 -2558387.459429 -435767.065034 -0.002386
2187898.966180 -2558388.953158 -435761.383769 -0.003112
2187899.231883 -2558391.392231 -435755.751873 -0.001243
2187899.137052 -2558392.343630 -435749.968904 -0.002241
2187899.269664 -2558394.567057 -435744.409456 -0.003941
2187899.378770 -2558396.322364 -435738.562664 0.003177
2187899.423817 -2558397.930000 -435733.005189 -0.001484
2187899.507333 -2558399.631782 -435727.243822 0.000686
2187899.573625 -2558401.290965 -435721.577525 -0.001240
2187899.627496 -2558402.927621 -435715.929554 -0.001312
2187899.680585 -2558404.569034 -435710.251161 -0.004036
2187899.461855 -2558404.887144 -435704.251681 -0.000690
2187899.513961 -2558406.540612 -435698.492697 0.002474
2187899.472313 -2558407.556853 -435692.806995 -0.004206
2187899.495570 -2558409.161139 -435687.074197 0.002118
2187899.425074 -2558410.156171 -435681.260049 -0.002297
2187899.355431 -2558411.145512 -435675.481775 -0.003387
2187899.280315 -2558412.141173 -435669.617040 0.000966
2187899.474713 -2558414.458800 -435664.060604 -0.001693
2187899.354283 -2558415.375411 -435658.257639 -0.003848
2187899.392520 -2558416.533802 -435652.447447 0.002896
2187899.382708 -2558418.067240 -435646.842631 -0.004945
2187899.324974 -2558419.094538 -435640.952691 -0.003152
2187899.410850 -2558420.799947 -435635.193786 -0.000705
2187899.493419 -2558422.481400 -435629.543155 -0.001469
2187899.691444 -2558424.334413 -435623.918029 -0.002606
2187899.717519 -2558426.400154 -435618.334915 -0.003827
2187899.973367 -2558428.823396 -435612.710166 -0.000747
2187899.878301 -2558429.760276 -435607.014855 -0.006954
2187899.764836 -2558430.701839 -435601.128945 -0.003585
2187899.728375 -2558431.756445 -435595.267030 0.000356
2187899.350394 -2558431.355603 -435589.238492 -0.000814
2187899.678428 -2558434.335577 -435583.819114 -0.001792
2187899.595411 -2558435.327276 -435577.915612 -0.000755
2187899.411981 -2558435.680221 -435572.029434 -0.001104
2187899.423212 -2558437.804187 -435563.474327 -0.002787
2187899.187177 -2558438.101421 -435557.450860 -0.001277
2187899.370454 -2558440.948309 -435549.020023 -0.003559
2187899.205896 -2558441.813280 -435543.128155 0.000549
2187899.221198 -2558442.931414 -435537.359425 -0.001547
2187899.352529 -2558444.683871 -435531.729799 -0.001421
2187899.340670 -2558446.228512 -435526.043712 -0.003274
2187899.345033 -2558447.799210 -435520.349807 -0.006075
2187899.483563 -2558449.579506 -435514.622990 -0.001611
2187899.384768 -2558450.543372 -435508.740747 0.001846
2187899.463099 -2558452.220675 -435503.082008 0.000552
2187899.818930 -2558455.241858 -435497.671848 -0.000288
2187899.890067 -2558456.908527 -435492.013023 -0.001403
2187900.414320 -2558460.664367 -435486.625301 0.001558
2187900.133084 -2558460.878760 -435480.686539 -0.001421
2187900.295279 -2558463.166684 -435475.025658 0.000705
2187900.787804 -2558466.856899 -435469.737367 0.000020
2187900.949993 -2558469.124377 -435464.192837 -0.000553
2187901.282061 -2558472.113625 -435458.762432 -0.002512
2187901.503758 -2558474.492076 -435453.103135 -0.001798
2187901.999129 -2558478.187503 -435447.812279 -0.002611
2187902.213929 -2558480.531869 -435442.286458 -0.002668
2187903.026605 -2558487.213989 -435431.450741 -0.002322
2187888.901921 -2558443.955597 -435398.678958 -0.735907
2187918.548926 -2558573.799623 -435397.133207 -0.277390
2187904.100849 -2558511.233103 -435351.781753 -0.000679
2187902.204700 -2558505.358108 -435337.025281 -0.055821
2187928.500765 -2558635.129401 -435348.251006 0.186889
2187903.236795 -2558513.517358 -435325.166021 0.002712
2187902.107615 -2558511.341966 -435309.721099 -0.000317
2187901.800362 -2558512.612615 -435298.023609 -0.003048
2187901.378515 -2558513.265558 -435286.103631 -0.002241
2187901.207579 -2558513.661559 -435280.095516 -0.000427
2187900.857201 -2558513.769148 -435274.170790 -0.000240
2187900.984853 -2558516.069551 -435265.640352 -0.001939
2187901.825647 -2558525.457531 -435243.359054 -0.004145
2187901.634641 -2558526.749462 -435237.564983 0.002074
2187901.842319 -2558530.278414 -435223.222385 -0.007216
2187901.527859 -2558531.572993 -435211.332238 -0.000464
2187899.017009 -2558522.193464 -435196.947752 0.143450
2187901.762005 -2558536.552217 -435197.197861 -0.001125
2187901.437057 -2558536.703505 -435191.252477 -0.003228
2187901.181428 -2558536.020763 -435185.164004 -0.004398
2187900.781364 -2558535.608184 -435179.029555 -0.000964
2187900.751816 -2558536.664069 -435173.243533 -0.003223
2187900.821719 -2558538.338366 -435167.548041 -0.007381
2187900.542785 -2558538.106091 -435161.439389 -0.004425
2187900.537985 -2558539.661354 -435155.769152 -0.004423
2187900.558055 -2558541.260824 -435150.067734 -0.008088
2187900.680738 -2558543.020889 -435144.336666 -0.003253
2187900.731473 -2558544.661692 -435138.664032 -0.004793
2187901.054112 -2558547.660510 -435133.112440 -0.004080
2187901.262069 -2558549.999279 -435127.576746 -0.004567
2187901.577877 -2558552.965795 -435122.146382 -0.005938
2187901.852368 -2558555.402335 -435116.631314 -0.006083
2187901.793617 -2558556.418630 -435110.822712 -0.009680
2187902.083223 -2558559.908533 -435102.425273 -0.005252
2187901.857862 -2558560.773983 -435093.526958 -0.003229
2187901.914148 -2558562.420289 -435087.870497 -0.003328
2187901.500550 -2558561.984712 -435081.765626 -0.010103
2187901.494858 -2558564.109117 -435073.096588 -0.007962
2187901.633589 -2558565.869868 -435067.500457 -0.004393
2187881.219898 -2558467.088552 -435050.582950 -0.285192
2187901.482372 -2558567.886779 -435055.684667 -0.002248
2187901.495472 -2558569.460076 -435050.078176 -0.010184
2187901.658753 -2558571.290717 -435044.309214 -0.009904
2187901.527970 -2558572.192520 -435038.526920 -0.009256
2187903.134682 -2558576.384350 -435034.453203 0.093747
2187900.148098 -2558571.844617 -435011.520488 -0.010243
2187900.199474 -2558572.567452 -435005.593778 -0.005863
2187899.880832 -2558574.318960 -434993.843870 -0.007004
2187899.731835 -2558575.199573 -434988.030374 -0.008777
2187899.676525 -2558576.216744 -434982.251391 -0.009725
2187899.467422 -2558577.019368 -434976.367534 -0.016601
2187899.722403 -2558579.518955 -434967.826889 -0.008590
2187899.274321 -2558579.026402 -434961.748702 -0.011933
2187899.413707 -2558580.790867 -434956.146749 -0.008814
2187899.251931 -2558582.226283 -434947.316920 -0.009652
2187899.352670 -2558583.943793 -434941.653871 -0.011292
2187899.030608 -2558583.629483 -434935.650885 -0.010618
2187899.260846 -2558586.498361 -434930.053254 -0.011759
2187899.054429 -2558587.380100 -434921.243134 -0.015216
2187905.133415 -2558621.436557 -434910.367415 0.074530
2187898.578534 -2558590.076760 -434900.755425 -0.014064
2187897.842582 -2558588.337943 -434891.288977 -0.007202
2187891.053008 -2558557.301062 -434880.513548 -0.032647
2187897.710476 -2558591.889115 -434874.164636 -0.011773
2187897.524133 -2558592.276228 -434868.105128 -0.014120
2187897.323962 -2558592.630184 -434862.107275 -0.010204
2187897.155656 -2558593.013897 -434856.216807 -0.010768
2187897.197549 -2558594.646253 -434850.534898 -0.012657
2187896.965683 -2558595.506977 -434841.630894 -0.010611
2187896.694946 -2558595.742723 -434835.697512 -0.012530
2187896.343369 -2558595.382426 -434829.705308 -0.010042
2187896.582742 -2558597.796875 -434824.035034 -0.010108
2187896.268634 -2558597.503516 -434817.994251 -0.013027
2187896.284945 -2558599.112025 -434812.227138 -0.008830
2187895.949627 -2558598.785388 -434806.191461 -0.010754
2187895.926950 -2558599.855112 -434800.410039 -0.012370
2187895.805461 -2558600.775727 -434794.619008 -0.012512
2187895.739026 -2558601.821272 -434788.600637 -0.008203
2187895.757959 -2558603.398862 -434783.033471 -0.012344
2187895.766177 -2558604.505918 -434777.304202 -0.009817
2187909.200952 -2558670.719870 -434783.701288 -0.037489
2187895.311981 -2558605.126741 -434765.355401 -0.009855
2187895.362595 -2558606.773880 -434759.672281 -0.012154
2187895.402683 -2558608.403892 -434753.994715 -0.013496
2187895.201461 -2558608.740929 -434748.092596 -0.014083
2187895.291004 -2558610.461912 -434742.327803 -0.011331
2187895.219016 -2558611.460633 -434736.528343 -0.013381
2187895.122963 -2558612.995206 -434727.727148 -0.012909
2187894.862893 -2558613.262732 -434721.712802 -0.008970
2187894.952740 -2558614.941298 -434716.188042 -0.010785
2187894.843316 -2558616.459266 -434707.369506 -0.011444
2187894.919451 -2558618.713491 -434698.712691 -0.009557
2187894.803221 -2558619.647095 -434692.903465 -0.011416
2187894.735495 -2558620.665282 -434687.032024 -0.006830
2187894.825666 -2558622.358328 -434681.438051 -0.014898
2187894.675454 -2558623.827899 -434672.542800 -0.008281
2187894.910342 -2558626.213415 -434667.006027 -0.009030
2187894.807002 -2558627.164311 -434661.211465 -0.009798
2187894.935663 -2558628.947269 -434655.442088 -0.008320
2187894.853836 -2558629.914695 -434649.741290 -0.014422
2187894.900693 -2558631.569510 -434643.988440 -0.009266
2187894.901974 -2558633.168821 -434638.163531 -0.009906
2187894.899055 -2558634.261751 -434632.429838 -0.007374
2187895.101783 -2558636.601089 -434626.880705 -0.008472
2187895.111036 -2558638.188756 -434621.188312 -0.010474
2187895.190520 -2558639.881924 -434615.505775 -0.013083
2187895.467488 -2558643.372313 -434607.059647 -0.012114
2187895.882875 -2558646.489217 -434601.671865 -0.011178
2187896.091265 -2558648.857012 -434596.016265 -0.008747
2187895.986237 -2558649.793976 -434590.294277 -0.016186
2187896.081655 -2558653.199175 -434575.789601 -0.009155
2187896.101117 -2558654.802824 -434570.099086 -0.011016
2187895.873720 -2558656.697280 -434558.392218 -0.009426
2187896.256624 -2558659.766469 -434552.999553 -0.008120
2187896.663994 -2558666.060544 -434536.012319 -0.003218
2187897.083867 -2558671.305855 -434522.096125 -0.013305
2187896.880268 -2558675.408992 -434501.578954 -0.008747
2187878.992447 -2558592.860901 -434464.982730 0.264450
2187896.411775 -2558678.209074 -434478.205342 -0.012221
2187897.128062 -2558678.171990 -434471.493865 -0.051184
2187895.959422 -2558679.330312 -434466.225900 -0.008932
2187896.347187 -2558681.944830 -434460.730494 -0.009259
2187896.228045 -2558684.025134 -434448.929475 -0.005377
2187896.215882 -2558685.544518 -434443.449742 -0.013682
2187895.282272 -2558687.499020 -434410.704524 -0.001475
2187895.252050 -2558689.507169 -434405.045578 -0.006993
2187895.368755 -2558691.267242 -434399.327664 -0.013558
2187887.071906 -2558684.382955 -434374.153536 0.082498
2187895.507568 -2558698.909032 -434370.720630 -0.016088
2187901.634166 -2558730.529590 -434373.363238 -0.134244
2187893.438489 -2558698.533566 -434328.527996 -0.011227
2187893.706982 -2558700.997442 -434322.872941 -0.009869
2187893.745616 -2558704.709316 -434311.412929 -0.001396
2187893.588453 -2558704.634310 -434305.529790 -0.006413
2187893.518174 -2558705.654483 -434299.669428 -0.013885
2187903.322209 -2558754.146254 -434301.396525 0.027999
2187893.180782 -2558707.480355 -434284.979078 -0.010530
2187893.384452 -2558709.379564 -434279.233998 -0.007992
2187887.131942 -2558681.079365 -434268.565120 -0.000661
2187892.869556 -2558709.907910 -434267.374236 -0.010821
2187892.664973 -2558711.295632 -434258.534922 -0.010392
2187892.471597 -2558711.183029 -434252.557824 -0.009837
2187892.122132 -2558710.848976 -434246.496491 -0.013243
2187892.289285 -2558713.145728 -434240.917726 -0.015828
2187892.062851 -2558713.469104 -434234.924609 -0.010363
2187892.020092 -2558714.538332 -434229.027307 -0.008130
2187892.085481 -2558716.216366 -434223.343926 -0.010212
2187892.019116 -2558717.233025 -434217.539579 -0.012309
2187892.032999 -2558718.381456 -434211.681848 -0.007888
2187892.208876 -2558720.689379 -434206.120529 -0.009031
2187892.234095 -2558722.311960 -434200.410236 -0.012494
2187892.163462 -2558723.320701 -434194.615224 -0.013595
2187892.372525 -2558726.150591 -434189.120739 -0.017393
2187892.229244 -2558726.634895 -434182.951187 -0.016711
2187892.235249 -2558727.709744 -434177.426148 -0.007884
2187891.950518 -2558727.968971 -434171.308930 -0.012492
2187891.975271 -2558729.118294 -434165.543484 -0.013083
2187892.072440 -2558731.311646 -434159.957236 -0.014788
2187892.054773 -2558732.415083 -434154.088733 -0.010388
2187892.383310 -2558734.925031 -434148.697246 -0.012854
2187892.174938 -2558734.802462 -434142.667563 -0.016558
2187905.083224 -2558799.849570 -434146.542987 -0.313178
2187425.065212 -2558186.082850 -439345.161127 0.286501
2187424.595120 -2558185.549032 -439339.528861 0.269488
2187430.578001 -2558212.865320 -439348.399337 -0.125857
2187427.807630 -2558201.294041 -439339.015477 -0.065912
2187427.302737 -2558202.073102 -439325.759438 0.230137
2187430.431628 -2558218.726295 -439321.659588 0.272802
2187410.226075 -2558120.122920 -439311.047521 -0.251178
2187427.652882 -2558211.024364 -439295.475049 0.069487
2187433.227495 -2558237.444827 -439300.743442 -0.306875
2187434.060045 -2558242.545810 -439296.141978 -0.324017
2187434.889853 -2558256.656967 -439254.973027 -0.246324
2187406.463965 -2558125.098634 -439211.484366 0.184845
2187414.198842 -2558173.331693 -439173.538937 0.144490
2187398.502780 -2558101.417316 -439142.145416 0.159731
2187431.618930 -2558261.150660 -439167.774064 -0.308863
2187411.206945 -2558169.035350 -439125.673352 -0.124579
2187402.068381 -2558127.664451 -439107.572943 0.061590
2187397.226625 -2558109.687373 -439082.358960 0.212904
2187400.268380 -2558123.908589 -439085.715531 -0.043995
2187399.250902 -2558128.505493 -439046.237606 0.248761
2187391.284101 -2558096.013388 -439015.090643 -0.172888
2187388.336100 -2558085.833819 -438994.892148 -0.271218
2187388.613138 -2558097.309342 -438952.910092 -0.186121
2187427.853445 -2558290.177391 -438967.609025 0.262022
2187388.557312 -2558102.820432 -438928.322418 0.242246
2187388.033727 -2558101.843192 -438922.112457 0.123822
2187415.686488 -2558257.232036 -438849.970570 -0.284949
2187394.986436 -2558165.397473 -438801.598753 0.032668
2187384.155218 -2558116.009716 -438781.855330 -0.008525
2187391.097253 -2558159.918604 -438743.759071 0.277308
2187384.861501 -2558134.911883 -438717.475608 -0.043376
2187383.765905 -2558130.880496 -438712.321570 -0.107235
2187392.501947 -2558176.265157 -438703.574638 0.095411
2187380.396858 -2558120.057243 -438686.359647 0.138806
2187384.907498 -2558143.598058 -438682.403397 0.229436
2187436.315268 -2558391.841950 -438719.803897 0.286055
2187448.330059 -2558451.520931 -438721.114134 0.189351
2187379.209394 -2558123.021714 -438649.015403 0.223758
2187376.080158 -2558109.975766 -438637.906537 -0.260977
2187374.253762 -2558103.452433 -438626.923740 -0.106542
2187379.192140 -2558130.227421 -438616.929616 0.130132
2187439.575696 -2558428.274177 -438633.911223 -0.307388
2187370.633532 -2558100.782047 -438562.151214 -0.040441
2187370.926886 -2558103.262213 -438556.641740 -0.043068
2187371.032997 -2558105.479028 -438551.012526 -0.039072
2187371.292298 -2558107.905134 -438545.510558 -0.040162
2187371.620897 -2558110.900434 -438540.112981 -0.041163
2187371.682325 -2558112.584794 -438534.380505 -0.037725
2187371.596571 -2558113.568552 -438528.618942 -0.038818
2187371.861070 -2558116.002549 -438523.116484 -0.040228
2187372.022995 -2558118.303324 -438517.487302 -0.037372
2187372.336145 -2558121.267162 -438512.124803 -0.034693
2187372.901007 -2558125.086307 -438506.825221 -0.040311
2187373.233624 -2558128.083623 -438501.444624 -0.039790
2187373.540068 -2558131.062392 -438495.944696 -0.036442
2187374.298369 -2558136.093188 -438490.900939 -0.038599
2187374.843552 -2558139.875767 -438485.631281 -0.040764
2187375.040664 -2558142.224884 -438480.023276 -0.036887
2187375.226670 -2558144.539729 -438474.512455 -0.037002
2187375.750157 -2558148.288825 -438469.242934 -0.038628
2187375.999910 -2558150.716637 -438463.640368 -0.035475
2187375.645176 -2558150.366726 -438457.648599 -0.035601
2187375.041877 -2558149.182752 -438451.510600 -0.035444
2187374.906665 -2558149.649055 -438445.521052 -0.035257
2187374.517933 -2558149.251281 -438439.508132 -0.036540
2187374.476006 -2558150.295621 -438433.767321 -0.036668
2187373.874192 -2558148.665806 -438427.434969 -0.033350
2187373.882430 -2558150.239654 -438421.861502 -0.040548
2187373.733158 -2558150.676120 -438415.908281 -0.036603
2187373.423412 -2558150.862521 -438409.996251 -0.038330
2187373.084369 -2558151.107364 -438401.032181 -0.035592
2187373.127875 -2558152.746913 -438395.384417 -0.036918
2187373.223700 -2558154.464575 -438389.743966 -0.038935
2187372.980339 -2558155.668874 -438384.083351 -0.034726
2187373.074155 -2558156.467510 -438378.168708 -0.032964
2187374.160884 -2558158.923230 -438376.249905 0.310613
2187372.610058 -2558159.112326 -438360.794823 -0.039463
2187372.420353 -2558159.582635 -438351.834415 -0.039739
2187376.716413 -2558184.127373 -438338.442959 0.075204
2187372.535735 -2558165.143593 -438328.893386 -0.034008
2187372.542190 -2558166.726509 -438323.238246 -0.035206
2187372.143131 -2558166.314309 -438317.209464 -0.037813
2187371.796419 -2558165.975376 -438311.210005 -0.038766
2187371.831174 -2558167.617392 -438305.462950 -0.035885
2187371.947404 -2558169.378538 -438299.739926 -0.032523
2187372.128344 -2558171.690529 -438294.187828 -0.036241
2187371.834068 -2558171.890480 -438288.313512 -0.034903
2187371.950136 -2558173.636265 -438282.675367 -0.037101
2187371.935332 -2558174.738904 -438276.823790 -0.034778
2187371.962335 -2558176.329492 -438271.294614 -0.038016
2187372.361537 -2558179.465536 -438265.682203 -0.033702
2187371.976447 -2558179.073425 -438259.652738 -0.036671
2187372.083013 -2558181.348429 -438251.185364 -0.035349
2187372.762959 -2558186.276077 -438246.024743 -0.032990
2187372.547292 -2558187.060414 -438240.243016 -0.032544
2187373.186431 -2558193.676095 -438223.472498 -0.035176
2187369.456927 -2558189.654837 -438222.035175 0.538191
2187374.203292 -2558202.710260 -438207.165324 -0.035445
2187374.645124 -2558206.888955 -438198.992015 -0.038724
2187374.956592 -2558210.424438 -438190.603861 -0.037159
2187375.515443 -2558215.806121 -438179.600278 -0.034345
2187375.693280 -2558218.107012 -438174.069171 -0.035923
2187376.180434 -2558221.799156 -438168.780814 -0.038350
2187376.586977 -2558224.919008 -438163.301697 -0.034987
2187376.669785 -2558226.610714 -438157.671496 -0.035732
2187377.049581 -2558230.165823 -438152.236808 -0.035577
2187377.188839 -2558231.938808 -438146.627118 -0.035556
2187377.226345 -2558233.564401 -438140.978304 -0.037049
2187430.013250 -2558487.109673 -438184.058952 -0.289767
2187377.513439 -2558240.308706 -438118.194283 -0.035901
2187377.709552 -2558242.630476 -438112.691524 -0.035386
2187377.775262 -2558244.300216 -438107.037021 -0.037782
2187377.579929 -2558244.650544 -438101.146493 -0.040017
2187377.875216 -2558247.606587 -438095.634798 -0.037152
2187377.794827 -2558249.161360 -438086.890548 -0.035578
2187377.948911 -2558251.975384 -438078.489786 -0.036821
2187377.805458 -2558253.431448 -438069.755895 -0.032867
2187378.013883 -2558255.779356 -438064.213373 -0.036162
2187377.641413 -2558255.397401 -438058.212000 -0.036511
2187377.833021 -2558257.731117 -438052.597574 -0.032759
2187378.078603 -2558260.148020 -438046.978036 -0.030584
2187377.999451 -2558261.116543 -438041.311469 -0.036143
2187377.736873 -2558261.382032 -438035.317628 -0.033030
2187377.832646 -2558263.110018 -438029.578259 -0.030641
2187377.737449 -2558264.054688 -438023.907312 -0.036050
2187377.744620 -2558265.653753 -438018.138731 -0.034282
2187377.844479 -2558267.370919 -438012.497786 -0.036153
2187378.078649 -2558269.746829 -438007.006604 -0.035386
2187378.144663 -2558271.430487 -438001.261307 -0.032678
2187378.230883 -2558273.126510 -437995.620524 -0.034193
2187378.124962 -2558274.073187 -437989.842701 -0.036109
2187378.637284 -2558277.813453 -437984.473163 -0.032850
2187378.555632 -2558278.794323 -437978.708010 -0.034152
2187378.779139 -2558281.179839 -437973.072786 -0.032868
2187379.115111 -2558284.172762 -437967.687575 -0.032399
2187379.299705 -2558286.479321 -437962.161303 -0.033688
2187379.666061 -2558289.522857 -437956.755912 -0.035825
2187379.841166 -2558291.831123 -437951.134300 -0.032256
2187380.196292 -2558294.854181 -437945.744139 -0.032699
2187380.417396 -2558297.233359 -437940.117499 -0.030521
2187380.726426 -2558300.193410 -437934.689927 -0.033503
2187380.830969 -2558301.913965 -437929.061800 -0.034223
2187380.965131 -2558304.710368 -437920.563085 -0.030591
2187381.158361 -2558307.030821 -437915.030557 -0.032462
2187381.281154 -2558308.777287 -437909.408804 -0.033010
2187381.352161 -2558310.451395 -437903.754664 -0.035335
2187381.625795 -2558313.371176 -437898.243122 -0.031765
2187381.683237 -2558315.020806 -437892.606488 -0.032121
2187381.900010 -2558317.391744 -437886.985131 -0.029461
2187382.099859 -2558319.721076 -437881.452881 -0.031426
2187382.228857 -2558321.942070 -437875.924781 -0.031323
2187382.656822 -2558325.088929 -437870.450251 -0.027953
2187382.450889 -2558325.421218 -437864.553146 -0.030392
2187382.635945 -2558327.724378 -437859.038459 -0.030520
2187382.741985 -2558329.467368 -437853.289157 -0.028991
2187382.904559 -2558331.737710 -437847.766417 -0.029161
2187383.012214 -2558333.462472 -437842.134618 -0.030386
2187383.416265 -2558337.590343 -437833.863660 -0.027727
2187383.641186 -2558341.523413 -437822.672288 -0.031459
2187383.731792 -2558343.236906 -437816.950840 -0.027107
2187384.024802 -2558345.702407 -437811.444570 -0.028818
2187383.845656 -2558346.552738 -437805.562793 -0.024868
2187384.183583 -2558350.100655 -437797.278036 -0.027576
2187384.089764 -2558351.059842 -437791.514486 -0.028130
2187383.862378 -2558352.393038 -437782.723839 -0.027038
2187383.758301 -2558352.866694 -437776.886470 -0.026269
2187383.644684 -2558353.814800 -437771.012703 -0.023266
2187383.633076 -2558354.896446 -437765.261227 -0.024637
2187383.673898 -2558356.520850 -437759.616309 -0.025265
2187383.597398 -2558357.506483 -437753.850129 -0.026452
2187383.555344 -2558358.564796 -437747.969375 -0.025794
2187383.153170 -2558358.131637 -437741.974222 -0.024653
2187383.238075 -2558359.820510 -437736.339682 -0.025524
2187383.158686 -2558360.800826 -437730.576458 -0.026350
2187383.012861 -2558361.702200 -437724.688060 -0.023759
2187382.845937 -2558362.105875 -437718.707080 -0.021488
2187382.768381 -2558363.088299 -437712.946080 -0.022140
2187382.664038 -2558364.032816 -437707.170824 -0.023645
2187382.598008 -2558365.032073 -437701.412670 -0.024297
2187382.510795 -2558366.018953 -437695.540895 -0.021530
2187382.510806 -2558367.116433 -437689.794016 -0.022862
2187382.249988 -2558367.362158 -437683.900772 -0.023514
2187382.095184 -2558368.232715 -437678.109306 -0.025144
2187381.995060 -2558368.734637 -437672.141061 -0.023261
2187381.904604 -2558369.715612 -437666.272114 -0.020133
2187381.519218 -2558369.307589 -437660.274086 -0.019769
2187381.407783 -2558370.242909 -437654.487697 -0.021944
2187381.221071 -2558370.580014 -437648.712385 -0.026830
2187380.710678 -2558369.560215 -437642.373922 -0.020271
2187380.652045 -2558370.555203 -437636.704312 -0.026317
2187380.417783 -2558370.860749 -437630.695629 -0.024817
2187380.163886 -2558371.114837 -437624.806695 -0.025349
2187380.241031 -2558372.806872 -437619.076965 -0.021146
2187383.351321 -2558377.015981 -437616.523290 0.212091
2187379.872611 -2558373.540378 -437607.219145 -0.019295
2187379.826708 -2558375.024328 -437601.620730 -0.026933
2187379.599225 -2558375.333929 -437595.640649 -0.023067
2187379.789684 -2558378.212857 -437587.125625 -0.021773
2187379.740253 -2558379.233912 -437581.377637 -0.021948
2187379.377834 -2558379.331378 -437575.443252 -0.023939
2187379.644543 -2558381.302650 -437569.757477 -0.020126
2187380.000877 -2558384.325209 -437564.351834 -0.021892
2187379.566724 -2558383.844736 -437558.340360 -0.021397
2187379.868794 -2558386.318116 -437552.845678 -0.022051
2187381.809953 -2558390.521481 -437548.702043 0.086213
2187379.652667 -2558388.199450 -437541.258695 -0.027901
2187372.654878 -2558379.797080 -437532.175364 -0.161117
2187379.693709 -2558391.418658 -437529.748926 -0.021519
2187379.405054 -2558391.154101 -437523.763700 -0.022028
2187378.150364 -2558411.138185 -437525.635141 0.048051
2187379.589946 -2558394.567457 -437512.390887 -0.019932
2187379.432613 -2558395.436574 -437506.578148 -0.023371
2187379.286073 -2558395.844578 -437500.730891 -0.022485
2187379.177265 -2558396.799569 -437494.842376 -0.020620
2187379.298054 -2558398.539414 -437489.211633 -0.021651
2187379.313959 -2558400.127938 -437483.541089 -0.024053
2187369.003191 -2558353.588562 -437462.398705 0.156142
2187379.485697 -2558404.538164 -437469.363986 -0.023390
2187389.618591 -2558462.488840 -437438.158983 0.184270
2187379.037353 -2558411.114013 -437428.691364 -0.013157
2187378.990579 -2558413.074413 -437423.115636 -0.026307
2187377.856873 -2558411.455455 -437404.780120 -0.022016
2187377.519863 -2558411.591715 -437398.836293 -0.025369
2187377.889288 -2558414.162390 -437393.361158 -0.025681
2187378.027620 -2558416.392095 -437387.831340 -0.025754
2187377.743563 -2558416.158267 -437381.705176 -0.025910
2187377.900293 -2558418.413561 -437376.186651 -0.025359
2187377.793061 -2558419.366957 -437370.311009 -0.022250
2187377.899526 -2558421.085718 -437364.670739 -0.023739
2187377.890457 -2558422.167375 -437358.915833 -0.025366
2187377.774052 -2558423.087454 -437353.150683 -0.025229
2187377.965294 -2558425.417508 -437347.504444 -0.023862
2187377.868802 -2558426.369590 -437341.730788 -0.024987
2187377.766703 -2558426.867337 -437335.752422 -0.023611
2187377.323810 -2558427.315142 -437329.863989 -0.027351
2187377.883060 -2558430.625321 -437324.550589 -0.024978
2187377.410097 -2558429.645051 -437318.296656 -0.024734
2187377.790793 -2558432.695779 -437312.921409 -0.023870
2187377.690343 -2558433.660234 -437307.039277 -0.021481
2187377.771059 -2558435.340954 -437301.390290 -0.023287
2187377.948695 -2558437.629815 -437295.859710 -0.024124
2187377.744664 -2558437.976215 -437289.857134 -0.022700
2187378.227469 -2558441.647441 -437284.577678 -0.023257
2187378.422810 -2558443.967968 -437279.023670 -0.026701
2187378.797372 -2558447.015555 -437273.617724 -0.028527
2187378.971930 -2558449.313819 -437267.998147 -0.024203
2187379.233396 -2558451.730329 -437262.466432 -0.027118
2187379.402312 -2558454.024304 -437256.825282 -0.024681
2187379.579101 -2558456.311132 -437251.295994 -0.025340
2187379.498102 -2558457.283323 -437245.535022 -0.025577
2187379.469494 -2558458.351804 -437239.676458 -0.022803
2187379.445173 -2558459.879658 -437233.989238 -0.025447
2187379.401184 -2558460.907972 -437228.228949 -0.026491
2187379.458147 -2558462.550004 -437222.588549 -0.026865
2187379.592959 -2558465.360823 -437213.946281 -0.022313
2187380.655262 -2558472.282531 -437206.376605 -0.027967
2187381.348232 -2558477.762525 -437198.332478 -0.026309
2187381.284208 -2558478.780749 -437192.453690 -0.024384
2187381.692812 -2558481.873313 -437187.076702 -0.024249
2187381.977600 -2558484.787816 -437181.648228 -0.026111
2187382.345098 -2558487.839219 -437176.148522 -0.022906
2187382.340953 -2558489.394887 -437170.472860 -0.025063
2187382.469093 -2558491.162727 -437164.728930 -0.023044
2187382.084078 -2558490.735034 -437158.823647 -0.027085
2187382.096191 -2558492.898335 -437150.058980 -0.023000
2187383.011740 -2558498.584581 -437145.267999 -0.025523
2187382.244435 -2558496.215608 -437138.882713 -0.027870
2187382.236217 -2558498.872721 -437127.363592 -0.026144
2187422.537434 -2558696.581761 -437143.214108 0.166366
2187381.890828 -2558502.208973 -437107.029378 -0.027673
2187381.130038 -2558501.983430 -437091.931128 -0.021189
2187370.897862 -2558456.961144 -437065.601192 0.227425
2187380.512994 -2558502.968228 -437074.164658 -0.020561
2187380.192998 -2558502.644122 -437068.235882 -0.028293
2187379.683249 -2558504.817450 -437047.600272 -0.024469
2187378.941526 -2558502.962585 -437041.238367 -0.019885
2187379.314747 -2558505.988466 -437035.936402 -0.025322
2187379.250539 -2558507.004865 -437030.059328 -0.023271
2187378.896889 -2558507.675188 -437021.143216 -0.021957
2187379.011354 -2558509.401043 -437015.513683 -0.022524
2187378.804268 -2558509.721737 -437009.621890 -0.023858
2187378.946037 -2558511.508880 -437003.878177 -0.022023
2187378.500772 -2558511.003237 -436997.881883 -0.019648
2187378.603745 -2558512.722684 -436992.199192 -0.024726
2187378.129502 -2558512.188131 -436986.128856 -0.028395
2187378.373484 -2558514.597813 -436980.453644 -0.017167
2187378.151355 -2558514.895940 -436974.557692 -0.018505
2187378.246735 -2558516.125307 -436968.843420 -0.018553
2187378.071983 -2558516.960768 -436963.042841 -0.020051
2187377.938660 -2558517.855165 -436957.262385 -0.020653
2187377.617635 -2558517.544688 -436951.239527 -0.023534
2187377.643232 -2558519.158941 -436945.472629 -0.021204
2187377.404935 -2558519.430299 -436939.588858 -0.021011
2187377.482563 -2558521.120667 -436933.837010 -0.018516
2187377.567144 -2558522.805923 -436928.180694 -0.020649
2187377.337947 -2558523.094348 -436922.279646 -0.022253
2187377.277643 -2558524.111589 -436916.423768 -0.018234
2187377.164316 -2558525.036604 -436910.641354 -0.019463
2187377.423778 -2558527.459539 -436905.032546 -0.015887
2187377.156950 -2558527.689595 -436899.134247 -0.016325
2187377.103444 -2558528.704783 -436893.356215 -0.018558
2187377.179184 -2558531.497792 -436881.766691 -0.011693
2187377.478638 -2558534.409366 -436876.469478 -0.014794
2187377.774397 -2558536.899942 -436870.800151 -0.017532
2187377.682398 -2558538.787145 -436865.207519 -0.017384
2187377.037920 -2558537.149579 -436855.926559 -0.011563
2187376.867904 -2558539.544306 -436844.485514 -0.011832
2187376.907496 -2558540.647683 -436839.002775 -0.015573
2187362.824757 -2558521.241516 -436833.267433 0.373984
2187378.137499 -2558548.876456 -436807.943662 0.035610
2187376.611087 -2558548.327133 -436801.200574 -0.015989
2187361.114221 -2558523.648939 -436779.284018 -0.138393
2187376.307761 -2558552.263074 -436778.005516 -0.017010
2187374.291007 -2558571.073807 -436746.614179 -0.095210
2187376.092479 -2558559.460753 -436743.396683 -0.015916
2187375.621296 -2558558.478490 -436737.147358 -0.014902
2187375.570554 -2558559.493085 -436731.388931 -0.015253
2187375.330218 -2558559.762996 -436725.489327 -0.016330
2187375.257176 -2558560.759879 -436719.633398 -0.011868
2187375.132739 -2558561.654468 -436713.930741 -0.018781
2187374.989154 -2558562.082563 -436707.961602 -0.015093
2187375.024553 -2558563.714899 -436702.175142 -0.014658
2187374.767607 -2558563.961823 -436696.265334 -0.016270
2187374.752073 -2558565.499700 -436690.578671 -0.018672
2187374.633566 -2558565.960455 -436684.636170 -0.013241
2187374.661943 -2558567.559730 -436678.975987 -0.014208
2187374.464329 -2558567.892943 -436673.085745 -0.015381
2187374.664938 -2558570.217292 -436667.533628 -0.018448
2187374.476820 -2558570.561714 -436661.657414 -0.018541
2187374.349166 -2558571.484109 -436655.758176 -0.016775
2187374.293232 -2558572.508239 -436649.895140 -0.013167
2187374.354371 -2558574.156394 -436644.241030 -0.014310
2187374.420007 -2558575.812055 -436638.582560 -0.016139
2187374.488567 -2558577.488498 -436632.825749 -0.013509
2187374.626982 -2558579.250809 -436627.187487 -0.015160
2187374.456769 -2558580.090832 -436621.391030 -0.016133
2187374.262602 -2558580.900979 -436615.562495 -0.019526
2187374.340729 -2558582.121296 -436609.738347 -0.015616
2187374.179112 -2558582.974541 -436603.941076 -0.016857
2187374.481218 -2558585.445579 -436598.426446 -0.018632
2187374.238609 -2558585.727778 -436592.431534 -0.015087
2187374.206477 -2558587.235515 -436586.766677 -0.014970
2187374.330978 -2558588.978499 -436581.118493 -0.017023
2187374.118261 -2558589.308849 -436575.110867 -0.015365
2187373.946171 -2558590.156609 -436569.262616 -0.021091
2187374.271329 -2558592.670438 -436563.691515 -0.015273
2187374.151660 -2558593.584975 -436557.906424 -0.016342
2187374.103113 -2558594.603756 -436552.141312 -0.017236
2187374.016706 -2558595.570006 -436546.351418 -0.019703
2187374.073684 -2558597.226173 -436540.606209 -0.015633
2187374.144352 -2558598.890719 -436534.940089 -0.018043
2187374.049899 -2558599.843534 -436529.155675 -0.019793
2187374.132219 -2558601.540334 -436523.400591 -0.017252
2187374.282799 -2558603.784746 -436517.864159 -0.017535
2187374.362259 -2558605.480015 -436512.096647 -0.016073
2187374.317941 -2558606.503812 -436506.337967 -0.016433
2187373.978701 -2558606.163393 -436500.314916 -0.018736
2187374.063425 -2558607.852989 -436494.630900 -0.023129
2187374.090889 -2558609.465573 -436488.880006 -0.019015
2187374.157245 -2558611.123559 -436483.213310 -0.021327
2187374.067768 -2558612.099603 -436477.333609 -0.018352
2187374.308292 -2558614.476864 -436471.815777 -0.019008
2187374.313455 -2558616.042528 -436466.145965 -0.020154
2187374.212987 -2558616.987097 -436460.356320 -0.022032
2187374.369747 -2558618.777545 -436454.715240 -0.024091
2187374.390112 -2558620.363768 -436449.058125 -0.024564
2187374.427334 -2558622.544565 -436440.388425 -0.024787
2187374.557185 -2558624.773380 -436434.755091 -0.020030
2187374.816128 -2558627.180684 -436429.226892 -0.021901
2187374.904197 -2558628.888863 -436423.460013 -0.020660
2187375.285152 -2558631.941353 -436418.055598 -0.021804
2187375.537175 -2558634.819865 -436412.523728 -0.018513
2187375.773862 -2558637.192552 -436407.000341 -0.019382
2187376.131488 -2558640.212104 -436401.583144 -0.021140
2187376.323453 -2558642.536438 -436395.944946 -0.018279
2187376.585068 -2558644.931393 -436390.514776 -0.024556
2187376.670994 -2558646.632768 -436384.764232 -0.021567
2187376.489009 -2558647.473382 -436378.857459 -0.018992
2187376.554099 -2558649.128922 -436373.192394 -0.021041
2187376.637094 -2558650.807528 -436367.549466 -0.021613
2187376.403929 -2558651.089319 -436361.641955 -0.023327
2187376.315458 -2558652.067134 -436355.760470 -0.020312
2187376.510494 -2558654.397662 -436350.114895 -0.018165
2187376.179545 -2558654.064654 -436344.116507 -0.018096
2187376.526539 -2558657.068579 -436338.696332 -0.019990
2187376.331933 -2558657.409049 -436332.790757 -0.022425
2187376.365810 -2558659.033227 -436327.028244 -0.019253
2187376.485167 -2558660.765203 -436321.395080 -0.019744
2187376.542611 -2558662.426907 -436315.624957 -0.017834
2187376.515193 -2558663.479501 -436309.850975 -0.020039
2187376.616306 -2558665.653383 -436304.289202 -0.021169
2187376.294841 -2558665.352765 -436298.185384 -0.017595
2187376.350151 -2558666.992782 -436292.524182 -0.019146
2187376.427380 -2558668.669262 -436286.847982 -0.022458
2187376.473507 -2558670.294797 -436281.188902 -0.023427
2187376.441629 -2558671.355795 -436275.322445 -0.020592
2187376.470737 -2558672.955619 -436269.661708 -0.021299
2187376.511217 -2558674.589155 -436263.903588 -0.017989
2187376.583108 -2558676.252464 -436258.251689 -0.018874
2187376.501147 -2558677.226334 -436252.456388 -0.021693
2187376.422096 -2558678.216618 -436246.584329 -0.018225
2187376.597135 -2558680.499249 -436241.040836 -0.019365
2187376.816327 -2558682.848332 -436235.501948 -0.021132
2187377.183164 -2558685.895095 -436230.002282 -0.017281
2187376.974915 -2558686.215564 -436224.092439 -0.019714
2187376.774127 -2558686.545956 -436218.190161 -0.021610
2187377.241788 -2558690.207220 -436212.804020 -0.017464
2187377.307262 -2558691.861821 -436207.147247 -0.018620
2187377.171939 -2558692.770617 -436201.254809 -0.015679
2187377.245200 -2558694.438437 -436195.591319 -0.017513
2187377.171978 -2558695.438030 -436189.717470 -0.014315
2187377.567960 -2558698.481614 -436184.504421 -0.024680
2187377.300525 -2558698.727880 -436178.497833 -0.021298
2187377.384068 -2558700.409509 -436172.844429 -0.022551
2187377.540565 -2558703.788886 -436161.341302 -0.016169
2187377.826707 -2558706.717660 -436155.817626 -0.012564
2187371.232820 -2558704.185940 -436158.591939 -0.145195
2187379.681071 -2558722.942717 -436125.850347 -0.017331
2187380.036820 -2558725.974810 -436120.340010 -0.013954
2187380.790157 -2558730.977060 -436115.280114 -0.015462
2187381.287097 -2558734.666214 -436109.994207 -0.015950
2187382.046801 -2558739.677257 -436104.938484 -0.017042
2187383.473957 -2558748.064691 -436100.151564 -0.021597
2187384.118804 -2558751.933658 -436095.103808 -0.016907
2187384.326053 -2558755.214029 -436089.640767 -0.013632
2187384.402178 -2558756.416440 -436083.906131 -0.014277
2187384.502178 -2558758.115096 -436078.291563 -0.012194
2187385.098921 -2558762.985517 -436070.111202 -0.011558
2187385.223663 -2558765.189921 -436064.576439 -0.010530
2187385.443709 -2558767.543969 -436059.019522 -0.013831
2187385.860335 -2558771.137196 -436053.586074 -0.012732
2187385.847660 -2558772.193550 -436047.922789 -0.018003
2187386.311339 -2558775.865124 -436042.438886 -0.009173
2187386.151051 -2558776.255880 -436036.544301 -0.011162
2187385.923898 -2558776.541599 -436030.666385 -0.010006
2187385.644648 -2558776.778443 -436024.621938 -0.009770
2187385.383224 -2558777.015506 -436018.725606 -0.009504
2187385.263625 -2558777.464582 -436012.849995 -0.010831
2187384.728044 -2558776.383163 -436006.605466 -0.007156
2187384.131200 -2558774.731271 -436000.343471 -0.009271
2187383.616808 -2558773.663114 -435994.209924 -0.009441
2187382.967267 -2558771.932392 -435987.941289 -0.010916
2187382.488525 -2558770.937208 -435981.698594 -0.008560
2187381.966320 -2558769.865777 -435975.523259 -0.012267
2187381.740791 -2558770.151507 -435969.656946 -0.010022
2187381.243855 -2558769.129016 -435963.412477 -0.007396
2187381.031897 -2558769.443399 -435957.508003 -0.009020
2187380.779951 -2558769.696316 -435951.606020 -0.009472
2187380.310141 -2558768.694904 -435945.477371 -0.010036
2187380.237508 -2558769.699414 -435939.587119 -0.008315
2187380.134779 -2558770.640149 -435933.802150 -0.009293
2187380.066175 -2558771.632314 -435928.020248 -0.010958
2187379.881275 -2558772.003920 -435922.020681 -0.008532
2187379.919801 -2558773.619398 -435916.356584 -0.009493
2187379.835222 -2558774.586350 -435910.579188 -0.010344
2187379.923627 -2558776.277748 -435904.917039 -0.012304
2187379.809450 -2558777.217382 -435899.035065 -0.008650
2187379.884751 -2558778.893196 -435893.351194 -0.012313
2187379.965106 -2558780.577029 -435887.646893 -0.004343
2187380.117167 -2558782.833840 -435882.062918 -0.008583
2187380.049133 -2558783.828320 -435876.274749 -0.010641
2187380.280629 -2558786.213217 -435870.636990 -0.008216
2187380.506967 -2558788.572169 -435865.107063 -0.009002
2187380.779461 -2558791.462201 -435859.691285 -0.008141
2187381.015574 -2558793.839942 -435854.142699 -0.010899
2187381.280560 -2558796.727160 -435848.685596 -0.013863
2187381.713549 -2558799.873153 -435843.196082 -0.010132
2187382.247503 -2558803.624051 -435837.887180 -0.013410
2187373.361476 -2558807.660195 -435827.381337 -0.219966
2187382.284975 -2558819.504804 -435774.800425 -0.009742
2187381.763170 -2558819.084415 -435762.646900 -0.013331
2187381.368821 -2558818.638786 -435756.753310 -0.014919
2187381.547978 -2558821.520821 -435748.073494 -0.013322
2187381.452660 -2558822.466257 -435742.324440 -0.010974
2187381.004651 -2558821.987742 -435736.158119 -0.009792
2187380.956693 -2558823.545668 -435727.577947 -0.017952
2187380.835535 -2558825.013823 -435718.855789 -0.010802
2187380.754788 -2558825.991466 -435713.059197 -0.013215
2187380.794985 -2558827.618637 -435707.356401 -0.017827
2187380.721482 -2558831.199918 -435692.980349 -0.018495
2187363.622920 -2558752.175433 -435666.024171 0.250051
2187380.565508 -2558833.813753 -435675.391673 -0.011411
2187380.221122 -2558833.472170 -435669.347049 -0.014841
2187380.311019 -2558835.184966 -435663.578980 -0.013145
2187358.183709 -2558734.864917 -435629.279890 0.297450
2187380.064088 -2558837.554308 -435649.121344 -0.015066
2187379.846624 -2558837.391629 -435643.147303 -0.014906
2187379.423691 -2558837.501878 -435634.085911 -0.016183
2187379.223614 -2558838.863779 -435625.300070 -0.012834
2187378.976576 -2558839.129566 -435619.379650 -0.015030
2187378.692697 -2558838.874348 -435613.365395 -0.017025
2187378.743098 -2558840.509481 -435607.701695 -0.017988
2187378.663587 -2558841.499013 -435601.841598 -0.012882
2187378.573025 -2558842.467304 -435596.021331 -0.017183
2187378.612653 -2558844.086999 -435590.352880 -0.018318
2187378.422182 -2558844.453011 -435584.348554 -0.016108
2187378.454671 -2558846.609255 -435575.798277 -0.017708
2187378.186443 -2558846.860178 -435569.778065 -0.014997
2187378.396341 -2558849.198700 -435564.232795 -0.016579
2187378.669977 -2558851.170902 -435558.567104 -0.009599
2187378.293893 -2558851.238110 -435552.677378 -0.019208
2187378.224732 -2558852.248548 -435546.794142 -0.016299
2187378.172566 -2558853.285423 -435540.908733 -0.014165
2187378.019347 -2558854.156663 -435535.098122 -0.016030
2187378.010353 -2558855.236913 -435529.339526 -0.016461
2187377.910240 -2558856.206424 -435523.427270 -0.015671
2187377.677616 -2558856.490899 -435517.525740 -0.016203
2187377.761479 -2558858.192281 -435511.774069 -0.012703
2187377.807564 -2558859.823529 -435506.100767 -0.014381
2187377.611094 -2558860.161291 -435500.209318 -0.014820
2187377.496715 -2558861.089822 -435494.409464 -0.016737
2187377.399340 -2558863.154976 -435482.753548 -0.015209
2187377.378918 -2558864.218106 -435476.995404 -0.015286
2187377.313327 -2558866.272548 -435468.184817 -0.011776
2187376.890098 -2558866.904908 -435456.389711 -0.013012
2187377.062739 -2558869.190542 -435450.830558 -0.015082
2187377.161793 -2558870.897287 -435445.184629 -0.015414
2187376.773683 -2558870.489929 -435439.143646 -0.017295
2187376.983354 -2558872.844948 -435433.503441 -0.014231
2187377.007527 -2558874.461180 -435427.726065 -0.011485
2187377.117399 -2558876.185292 -435422.077155 -0.012491
2187377.196742 -2558877.865500 -435416.415454 -0.013805
2187376.950044 -2558878.696640 -435407.521685 -0.011284
2187377.017066 -2558880.358277 -435401.859598 -0.012329
2187377.127039 -2558883.650895 -435390.507026 -0.016484
2187377.018590 -2558884.618617 -435384.529378 -0.007931
2187377.017843 -2558885.715422 -435378.757475 -0.009849
2187377.126120 -2558889.004575 -435367.411821 -0.013283
2187376.888836 -2558889.299392 -435361.415015 -0.009081
2187376.954141 -2558890.960364 -435355.745388 -0.010751
2187376.924290 -2558892.015450 -435349.961785 -0.012881
2187376.687439 -2558891.843985 -435343.879897 -0.008698
2187376.693987 -2558893.882806 -435338.294795 -0.008988
2187376.884361 -2558895.725685 -435332.667314 -0.009685
2187376.749353 -2558896.644056 -435326.753362 -0.008065
2187376.629962 -2558897.551018 -435321.045593 -0.014523
2187376.767023 -2558899.330055 -435315.318418 -0.009850
2187376.964970 -2558901.656326 -435309.754645 -0.012802
2187377.079685 -2558903.407975 -435303.994240 -0.010509
2187377.166106 -2558908.794517 -435283.988202 -0.010701
2187377.230043 -2558910.449673 -435278.340706 -0.010213
2187377.136794 -2558911.978157 -435269.557706 -0.008869
2187377.481562 -2558914.978733 -435264.159035 -0.007632
2187377.554943 -2558916.656614 -435258.471429 -0.011101
2187378.165229 -2558921.557019 -435250.282796 -0.010393
2187379.385602 -2558931.795848 -435234.148126 -0.007769
2187379.687263 -2558934.274576 -435228.613641 -0.010243
2187380.489407 -2558940.386557 -435220.666512 -0.007340
2187381.065477 -2558944.199793 -435215.387026 -0.008346
2187380.026316 -2558943.654398 -435197.273733 -0.010034
2187379.380063 -2558943.046790 -435185.153906 -0.006626
2187379.027575 -2558943.181599 -435179.090819 -0.005724
2187378.454046 -2558942.196612 -435167.007570 -0.006098
2187378.221386 -2558942.951925 -435161.188644 -0.006715
2187378.143290 -2558943.938899 -435155.388244 -0.009109
2187378.190410 -2558945.592250 -435149.613687 -0.006710
2187377.898498 -2558945.329582 -435143.595765 -0.008496
2187377.484307 -2558944.881195 -435137.574731 -0.007664
2187377.557048 -2558946.553590 -435131.915821 -0.008330
2187377.307731 -2558946.837606 -435125.893901 -0.005995
2187377.229086 -2558947.371332 -435119.922848 -0.002959
2187377.070269 -2558948.239041 -435114.106628 -0.004882
2187376.788003 -2558947.989627 -435108.097569 -0.006043
2187376.612093 -2558948.852976 -435102.159917 -0.005491
2187376.402356 -2558949.168941 -435096.293757 -0.002814
2187376.651476 -2558951.573633 -435090.738210 -0.005900
2187376.534650 -2558952.498108 -435084.958320 -0.005407
2187376.329432 -2558952.830285 -435079.049110 -0.007134
2187376.437342 -2558954.561804 -435073.365802 -0.010862
2187376.210281 -2558954.874869 -435067.371317 -0.006451
2187376.098276 -2558955.825415 -435061.484802 -0.002435
2187360.961040 -2558883.857533 -435046.547868 -0.280216
2187376.056166 -2558958.983653 -435047.128219 -0.006518
2187375.807096 -2558961.936820 -435029.657644 -0.006140
2187375.882975 -2558963.614292 -435024.002407 -0.006450
2187375.719035 -2558964.028282 -435017.987855 -0.005368
2187375.747646 -2558965.634356 -435012.330313 -0.004770
2187375.628011 -2558967.112822 -435003.633170 -0.007738
2187375.583894 -2558968.165283 -434997.757948 -0.004392
2187375.700531 -2558970.372606 -434992.186315 -0.005888
2187375.649671 -2558971.417521 -434986.298648 -0.003534
2187375.373939 -2558971.181420 -434980.279757 -0.005674
2187375.535424 -2558974.025580 -434971.721937 -0.004690
2187375.576288 -2558975.633200 -434966.166955 -0.008338
2187375.498281 -2558976.638761 -434960.271000 -0.005927
2187375.552729 -2558978.303806 -434954.505385 -0.002578
2187375.482638 -2558979.300853 -434948.726679 -0.002974
2187375.417892 -2558980.308037 -434942.938896 -0.004496
2187375.504989 -2558982.007977 -434937.262762 -0.006950
2187375.403267 -2558982.973693 -434931.386587 -0.002116
2187375.643961 -2558985.375031 -434925.794048 -0.008483
2187375.381828 -2558985.638806 -434919.789236 -0.003919
2187375.467588 -2558987.331155 -434914.140750 -0.003907
2187375.575042 -2558989.057816 -434908.487870 -0.004653
2187376.356352 -2558996.252806 -434894.740181 -0.004906
2187376.413553 -2558999.498180 -434883.263570 -0.005156
2187376.322339 -2559001.017840 -434874.588505 -0.006712
2187376.407165 -2559003.836587 -434863.038303 -0.006546
2187376.478987 -2559006.546307 -434854.480451 -0.003290
2187376.377941 -2559008.053943 -434845.793907 -0.005646
2187376.110741 -2559008.303399 -434839.841784 -0.009549
2187376.245230 -2559010.080331 -434834.133091 -0.002684
2187376.216326 -2559011.145549 -434828.335865 -0.005687
2187376.114891 -2559012.101168 -434822.534676 -0.007335
2187376.077967 -2559013.147945 -434816.768445 -0.007411
2187375.805749 -2559013.384673 -434810.842747 -0.008705
2187367.994540 -2559001.610787 -434805.113258 0.206428
2187374.948877 -2559012.001708 -434798.640882 -0.012852
2187374.659869 -2559011.741105 -434792.654867 -0.011605
2187372.934219 -2559009.009391 -434767.952776 -0.006992
2187372.321910 -2559007.364981 -434761.576011 -0.004966
2187372.108282 -2559007.688844 -434755.664049 -0.006490
2187371.953140 -2559008.562531 -434749.868042 -0.006327
2187371.913260 -2559009.628928 -434743.973495 -0.004676
2187371.705537 -2559009.974883 -434737.984147 0.000171
2187371.246925 -2559010.013426 -434729.108630 -0.008825
2187371.082419 -2559010.423898 -434723.126275 -0.004474
2187371.114693 -2559012.227251 -434711.432746 -0.000365
2187370.316418 -2559010.764516 -434705.170350 -0.004695
2187370.431484 -2559012.502433 -434699.532273 -0.004080
2187370.036651 -2559012.098687 -434693.465625 -0.007620
2187369.883591 -2559012.508226 -434687.590648 -0.007067
2187369.610865 -2559012.768537 -434681.539992 -0.006354
2187362.146109 -2559003.550037 -434670.683633 -0.325334
2187369.354392 -2559014.155318 -434669.739028 -0.005484
2187368.991703 -2559013.793329 -434663.709192 -0.006325
2187368.860625 -2559015.829465 -434652.038288 -0.004045
2187368.652973 -2559016.178503 -434646.040731 -0.000048
2187368.286913 -2559015.797759 -434640.094286 -0.006576
2187368.358566 -2559017.496587 -434634.314900 -0.004493
2187368.164281 -2559017.851696 -434628.403035 -0.006356
2187367.943241 -2559018.181870 -434622.399625 -0.002403
2187367.848773 -2559019.148135 -434616.612499 -0.002909
2187367.607917 -2559019.436407 -434610.681808 -0.005131
2187367.432950 -2559019.838811 -434604.670486 -0.002983
2187367.375376 -2559020.860653 -434598.887725 -0.003941
2187367.286338 -2559021.852101 -434593.004465 0.000207
2187367.191168 -2559022.821038 -434587.201453 -0.001731
2187367.108971 -2559023.807165 -434581.411124 -0.002633
2187366.756675 -2559023.482727 -434575.265974 -0.000839
2187366.718528 -2559024.535877 -434569.477178 -0.002796
2187366.772388 -2559026.189394 -434563.807170 -0.003597
2187366.594726 -2559026.584957 -434557.811569 -0.000041
2187366.624229 -2559028.203855 -434552.130446 -0.001292
2187366.567790 -2559029.230494 -434546.336676 -0.003096
2187366.340985 -2559029.554091 -434540.328441 0.000460
2187366.285522 -2559030.582372 -434534.534833 -0.001342
2187366.205589 -2559031.571750 -434528.749500 -0.001788
2187366.138521 -2559032.581760 -434522.959634 -0.002957
2187365.974265 -2559033.000353 -434516.955549 -0.000488
2187365.883175 -2559035.036251 -434508.135756 0.003956
2187365.997479 -2559036.270002 -434502.632893 -0.001860
2187365.821439 -2559037.141400 -434496.697040 -0.000479
2187366.167710 -2559040.179682 -434491.161048 0.001947
2187366.094428 -2559041.181631 -434485.367408 0.000605
2187365.894192 -2559041.529286 -434479.460354 -0.000396
2187366.280906 -2559044.609088 -434474.038394 -0.001852
2187366.281667 -2559046.191102 -434468.314945 0.007277
2187366.386804 -2559047.936801 -434462.583879 -0.000511
2187366.442605 -2559049.611623 -434456.817420 0.003306
2187366.507724 -2559051.269249 -434451.234812 -0.003083
2187366.492413 -2559052.371926 -434445.369253 0.000941
2187366.477951 -2559053.946170 -434439.572246 0.003588
2187366.307346 -2559054.339313 -434433.667791 0.002000
2187366.226802 -2559055.332847 -434427.866097 0.000126
2187366.299104 -2559057.032089 -434422.105310 0.004123
2187366.048415 -2559057.309321 -434416.172834 0.001832
2187365.764938 -2559057.066996 -434410.166829 0.001546
2187365.791960 -2559058.705703 -434404.367750 0.002889
2187365.566557 -2559059.011530 -434398.483687 0.004697
2187365.534205 -2559060.079040 -434392.682242 0.001735
2187365.435213 -2559061.043405 -434386.889069 0.001126
2187365.236253 -2559061.412917 -434380.879029 0.003974
2187365.169060 -2559062.425877 -434375.086138 0.002641
2187364.937742 -2559062.750944 -434369.052312 0.004059
2187364.992962 -2559064.409758 -434363.382984 0.003456
2187364.838858 -2559064.826909 -434357.488559 0.002648
2187364.735437 -2559065.803806 -434351.590339 0.005787
2187364.674267 -2559066.825215 -434345.803469 0.004905
2187364.610398 -2559067.844766 -434340.006206 0.003122
2187364.380787 -2559068.169388 -434333.991004 0.006254
2187364.297642 -2559069.160003 -434328.192666 0.004837
2187364.240658 -2559070.187615 -434322.408820 0.004001
2187364.051737 -2559070.566943 -434316.429424 0.009693
2187363.942843 -2559071.523210 -434310.609043 0.006844
2187363.790660 -2559071.967276 -434304.589933 0.007812
2187363.694092 -2559072.933316 -434298.814072 0.008834
2187363.424803 -2559072.718876 -434292.787839 0.006257
2187363.442247 -2559074.320806 -434287.121915 0.006929
2187363.400725 -2559075.396795 -434281.206828 0.007244
2187363.128439 -2559075.639268 -434275.293668 0.007397
2187363.083299 -2559076.686967 -434269.504423 0.005978
2187362.827109 -2559076.971902 -434263.491708 0.010029
2187362.680048 -2559077.405113 -434257.580964 0.007612
2187362.644832 -2559078.464763 -434251.808595 0.007546
2187362.286551 -2559078.139071 -434245.654825 0.008796
2187362.024192 -2559078.397603 -434239.740846 0.008819
2187361.933556 -2559079.378863 -434233.940861 0.007504
2187361.741759 -2559079.761310 -434227.934270 0.010643
2187361.552624 -2559080.128305 -434222.036841 0.010493
2187361.213721 -2559080.271918 -434216.115933 0.011703
2187361.147174 -2559080.829406 -434210.202356 0.006981
2187368.093848 -2559116.131269 -434207.793116 -0.241338
2187339.918115 -2558982.761125 -434176.089722 -0.290434
2186866.097599 -2558387.702976 -439453.055576 0.154390
2186855.351630 -2558338.493719 -439436.312015 -0.007601
2186855.531138 -2558340.837922 -439430.696247 -0.003733
2186855.745904 -2558343.216035 -439425.181534 -0.004725
2186855.947666 -2558345.597776 -439419.544289 -0.003506
2186855.918376 -2558346.684656 -439413.797831 -0.004283
2186855.715594 -2558347.047103 -439407.941052 -0.003391
2186855.807362 -2558348.776615 -439402.314918 -0.003831
2186855.577277 -2558349.125043 -439396.315057 -0.001972
2186855.462991 -2558350.089849 -439390.531683 -0.004311
2186855.265948 -2558350.464503 -439384.652806 -0.005432
2186855.224678 -2558351.533518 -439378.900088 -0.006492
2186855.180290 -2558352.621446 -439373.023800 -0.005694
2186854.935600 -2558352.925719 -439367.133552 -0.006719
2186854.561061 -2558352.566611 -439361.158521 -0.004600
2186853.928331 -2558350.924689 -439354.797962 -0.002932
2186853.411087 -2558349.896106 -439348.667998 -0.003834
2186853.115255 -2558349.657309 -439342.682738 -0.004503
2186852.732847 -2558349.314020 -439336.560282 -0.002604
2186852.243087 -2558348.328402 -439330.420696 -0.005034
2186851.906351 -2558348.028579 -439324.429131 -0.005482
2186851.641349 -2558348.302971 -439318.527780 -0.007050
2186851.293311 -2558348.004633 -439312.437932 -0.002780
2186850.958204 -2558347.710942 -439306.425327 -0.005201
2186850.601495 -2558347.380072 -439300.435141 -0.004883
2186850.092818 -2558346.383129 -439294.199604 -0.002525
2186850.040994 -2558347.434027 -439288.445778 -0.003414
2186849.665946 -2558347.079676 -439282.430603 -0.004976
2186849.473458 -2558347.473439 -439276.472721 -0.000250
2186849.153742 -2558347.199213 -439270.474479 -0.001553
2186848.927736 -2558347.550604 -439264.471331 -0.000217
2186848.679405 -2558347.845365 -439258.587521 -0.000545
2186848.454204 -2558348.177858 -439252.688231 -0.002849
2186848.272632 -2558348.567281 -439246.834747 -0.001942
2186847.940378 -2558348.296113 -439240.717861 -0.000689
2186847.775563 -2558349.177025 -439234.951497 -0.000049
2186847.657833 -2558350.695459 -439226.295328 -0.002852
2186847.667555 -2558351.855307 -439220.448940 -0.000340
2186847.749430 -2558353.566611 -439214.815551 -0.001173
2186847.727918 -2558355.207176 -439206.275503 0.004380
2186854.176814 -2558385.713146 -439211.639693 -0.234820
2186847.579400 -2558357.742018 -439194.650476 -0.001834
2186847.539543 -2558348.439115 -439195.063302 0.111646
2186823.035436 -2558289.644470 -439169.800599 0.442875
2186840.866199 -2558352.958009 -439179.508116 0.382274
2186847.753485 -2558363.926684 -439171.809194 0.004689
2186847.880904 -2558365.704189 -439166.183304 0.003347
2186847.944712 -2558367.389020 -439160.538100 0.001888
2186847.974921 -2558369.975152 -439154.963436 0.005143
2186848.010631 -2558370.218812 -439149.052973 0.003602
2186847.902586 -2558371.647298 -439143.385135 0.004117
2186848.463621 -2558375.480815 -439138.010761 0.005438
2186848.790147 -2558379.042757 -439129.739968 0.004218
2186848.886400 -2558380.773554 -439124.105650 0.003010
2186848.937407 -2558382.437965 -439118.460055 0.001685
2186848.690679 -2558382.750388 -439112.474637 0.005370
2186848.930770 -2558385.158842 -439106.958555 0.003797
2186848.687125 -2558386.038235 -439098.094081 0.005967
2186848.773515 -2558387.753119 -439092.460855 0.005115
2186848.790873 -2558389.386970 -439086.702396 0.007561
2186848.743875 -2558390.438841 -439080.953416 0.007086
2186848.861768 -2558392.200710 -439075.321615 0.005464
2186848.909622 -2558393.859744 -439069.672715 0.004083
2186849.394992 -2558397.579010 -439064.286104 0.006255
2186850.394955 -2558405.035113 -439053.651061 0.009168
2186851.490795 -2558412.051144 -439046.012942 0.008607
2186852.445246 -2558419.429053 -439035.422580 0.003502
2186852.509205 -2558421.120852 -439029.720940 0.010139
2186852.859584 -2558424.157092 -439024.308261 0.007641
2186852.914356 -2558425.824362 -439018.663523 0.006522
2186853.131049 -2558428.213183 -439013.048451 0.009649
2186853.371776 -2558430.615991 -439007.552041 0.009938
2186853.431114 -2558432.310719 -439001.795839 0.011651
2186853.631222 -2558434.654576 -438996.284145 0.011492
2186853.576748 -2558435.695735 -438990.520148 0.009846
2186853.922434 -2558438.717286 -438985.140875 0.010428
2186854.021590 -2558440.451932 -438979.489855 0.007686
2186854.058804 -2558442.110977 -438973.741037 0.010786
2186854.149336 -2558443.826555 -438968.118927 0.010765
2186854.204287 -2558445.496296 -438962.455485 0.007936
2186854.138745 -2558446.539547 -438956.586457 0.010105
2186854.052924 -2558447.531641 -438950.825774 0.009528
2186854.183703 -2558449.323561 -438945.117948 0.014231
2186853.893053 -2558449.550610 -438939.211052 0.012724
2186853.826314 -2558450.572519 -438933.443523 0.011065
2186853.845745 -2558451.721752 -438927.691187 0.008776
2186853.430691 -2558452.456438 -438915.715790 0.013891
2186853.659477 -2558455.305354 -438910.304390 0.014296
2186853.606639 -2558455.879027 -438904.461446 0.013257
2186853.423003 -2558456.284664 -438898.460151 0.013907
2186853.314917 -2558457.714568 -438892.752868 0.010899
2186853.323591 -2558458.834507 -438887.062152 0.014606
2186853.478666 -2558460.668972 -438881.316963 0.015127
2186853.317142 -2558461.530873 -438875.632054 0.009952
2186852.937300 -2558461.174134 -438869.535310 0.014516
2186853.290400 -2558464.783939 -438861.168286 0.017119
2186853.353283 -2558466.462192 -438855.510092 0.014631
2186853.141934 -2558467.261125 -438849.753490 0.017453
2186853.421136 -2558469.844523 -438841.116516 0.012744
2186853.187939 -2558470.617395 -438835.322424 0.012607
2186853.256205 -2558472.325492 -438829.545135 0.012236
2186853.385251 -2558474.088604 -438823.960491 0.015025
2186853.356677 -2558475.158342 -438818.230180 0.015801
2186853.431237 -2558476.869046 -438812.486061 0.018524
2186853.742127 -2558479.848900 -438807.028961 0.012949
2186853.652053 -2558480.827844 -438801.284936 0.013919
2186853.958517 -2558484.361628 -438792.933016 0.019248
2186854.155314 -2558486.704175 -438787.377833 0.015073
2186854.259077 -2558488.456491 -438781.642837 0.017966
2186854.467562 -2558490.811192 -438776.113733 0.015939
2186854.526481 -2558492.478758 -438770.469347 0.014871
2186854.754455 -2558494.860611 -438764.951627 0.013608
2186854.827214 -2558496.568569 -438759.200990 0.015648
2186855.050045 -2558498.941923 -438753.684720 0.014651
2186855.273012 -2558501.317169 -438748.160792 0.012938
2186855.600454 -2558504.311489 -438742.748815 0.011213
2186855.967332 -2558507.380142 -438737.256365 0.014386
2186856.170779 -2558509.725481 -438731.731138 0.013038
2186856.481620 -2558512.711251 -438726.227304 0.016482
2186856.544755 -2558514.385545 -438720.575138 0.014602
2186856.961331 -2558517.509084 -438715.189405 0.013224
2186857.322789 -2558520.570848 -438709.685650 0.015498
2186857.200160 -2558521.505379 -438703.905432 0.014087
2186857.914462 -2558525.998480 -438698.760819 0.012002
2186858.090156 -2558528.317776 -438693.143176 0.016221
2186858.355986 -2558530.755334 -438687.623858 0.013967
2186858.513786 -2558533.031599 -438682.092657 0.013006
2186858.705778 -2558535.378141 -438676.459954 0.015426
2186858.803567 -2558537.100732 -438670.823161 0.014025
2186858.779013 -2558538.661864 -438665.058375 0.017279
2186859.059127 -2558541.118426 -438659.548267 0.015553
2186859.229847 -2558543.412756 -438654.022192 0.014767
2186859.317359 -2558545.139591 -438648.275158 0.017020
2186859.426340 -2558546.877846 -438642.641071 0.015611
2186859.565897 -2558549.130200 -438637.086279 0.013094
2186859.812865 -2558551.535024 -438631.580940 0.012617
2186860.276986 -2558555.766740 -438623.320086 0.014851
2186860.526548 -2558558.194898 -438617.708320 0.017887
2186860.367874 -2558559.075718 -438611.913664 0.015879
2186860.607773 -2558561.470325 -438606.403543 0.015139
2186860.462116 -2558562.387210 -438600.517586 0.017795
2186860.617303 -2558564.193033 -438594.890744 0.016160
2186861.486650 -2558570.399143 -438587.081115 0.013505
2186875.626657 -2558638.752803 -438594.142442 -0.137545
2186863.123792 -2558581.652962 -438574.150119 0.015443
2186864.731164 -2558592.401507 -438561.096961 0.014558
2186865.419067 -2558597.317449 -438556.037005 0.013330
2186865.411587 -2558598.888512 -438550.346456 0.009498
2186865.395159 -2558599.985256 -438544.534150 0.016146
2186865.469689 -2558601.670266 -438538.894290 0.015088
2186865.515002 -2558603.316784 -438533.224531 0.012110
2186865.749266 -2558605.718227 -438527.619584 0.016224
2186865.923347 -2558608.014430 -438522.094157 0.015520
2186866.037718 -2558609.759070 -438516.454374 0.013702
2186866.348207 -2558612.741995 -438510.934199 0.015776
2186866.729398 -2558615.806407 -438505.552313 0.015730
2186866.929569 -2558618.145720 -438500.004118 0.012471
2186867.409110 -2558621.838847 -438494.629408 0.016150
2186867.662216 -2558624.251723 -438489.114957 0.014766
2186867.978182 -2558627.222166 -438483.704596 0.013648
2186868.200727 -2558629.591828 -438478.172590 0.011367
2186868.409135 -2558631.953194 -438472.566618 0.015877
2186868.744392 -2558634.953399 -438467.151390 0.013859
2186868.794494 -2558636.621076 -438461.394828 0.016034
2186869.031012 -2558639.005811 -438455.892178 0.016182
2186868.928901 -2558639.965178 -438450.116320 0.014821
2186869.154572 -2558642.335712 -438444.600491 0.013835
2186869.479902 -2558645.339346 -438439.081246 0.015864
2186869.714114 -2558647.721564 -438433.570506 0.015147
2186870.078107 -2558650.763943 -438428.158413 0.012761
2186869.956156 -2558651.711215 -438422.280835 0.015904
2186870.053149 -2558652.959963 -438416.562471 0.015015
2186870.397720 -2558656.435629 -438411.251718 0.014603
2186870.306549 -2558657.982000 -438402.504703 0.016754
2186870.126488 -2558659.380304 -438393.833081 0.014604
2186870.066033 -2558663.114495 -438376.466499 0.019827
2186869.999084 -2558664.128415 -438370.676044 0.016305
2186869.706396 -2558663.872653 -438364.690242 0.015852
2186869.838655 -2558666.658146 -438356.277141 0.014599
2186870.069325 -2558669.035805 -438350.754174 0.012890
2186870.254500 -2558671.361130 -438345.139317 0.017343
2186870.262369 -2558674.072580 -438333.614764 0.017599
2186870.166399 -2558675.039155 -438327.837840 0.016047
2186870.030872 -2558675.942438 -438322.078040 0.016868
2186870.111327 -2558677.631997 -438316.438898 0.016014
2186869.745624 -2558677.290828 -438310.312956 0.017590
2186869.973852 -2558679.662442 -438304.797570 0.016815
2186869.603349 -2558679.294091 -438298.780093 0.015281
2186869.550847 -2558680.338725 -438292.929413 0.019153
2186869.484998 -2558681.348699 -438287.159946 0.017595
2186869.432418 -2558682.378376 -438281.391875 0.015855
2186869.466020 -2558684.017586 -438275.634594 0.018465
2186869.412993 -2558685.043585 -438269.880811 0.018071
2186869.475258 -2558686.704154 -438264.244480 0.017934
2186869.484581 -2558688.862338 -438255.595330 0.018851
2186869.288186 -2558689.210190 -438249.728433 0.019270
2186869.200905 -2558690.190150 -438243.942886 0.016578
2186869.249573 -2558691.848282 -438238.202414 0.020585
2186868.991343 -2558692.108006 -438232.306235 0.019753
2186869.267955 -2558694.550934 -438226.794303 0.018019
2186869.321789 -2558696.218467 -438221.043540 0.020947
2186869.263263 -2558697.233070 -438215.300736 0.021575
2186869.234756 -2558698.296999 -438209.537422 0.019734
2186869.420783 -2558700.624898 -438203.902668 0.022381
2186869.586278 -2558702.904293 -438198.364022 0.020835
2186869.846641 -2558705.321412 -438192.855283 0.019960
2186869.842892 -2558706.900983 -438187.106292 0.024275
2186869.787029 -2558707.925940 -438181.328142 0.021716
2186870.154833 -2558710.965434 -438175.936475 0.021280
2186870.159540 -2558712.543896 -438170.264677 0.019258
2186870.531976 -2558716.158642 -438161.905406 0.022864
2186870.594097 -2558717.820523 -438156.249978 0.021019
2186870.822500 -2558720.188242 -438150.742564 0.020895
2186870.991185 -2558722.492050 -438145.090280 0.022377
2186871.519396 -2558728.370306 -438131.188130 0.024346
2186871.746436 -2558730.740428 -438125.654815 0.022040
2186872.245837 -2558734.460625 -438120.256285 0.023263
2186872.267383 -2558736.057127 -438114.619090 0.024101
2186872.472925 -2558738.394285 -438109.086342 0.022188
2186872.840990 -2558741.435321 -438103.681708 0.020585
2186873.079427 -2558743.835056 -438098.073840 0.024567
2186873.270555 -2558746.151636 -438092.534263 0.022386
2186873.737437 -2558749.800549 -438087.254239 0.022116
2186874.115121 -2558752.872246 -438081.755557 0.024870
2186874.460898 -2558755.880318 -438076.344030 0.023176
2186874.610089 -2558758.150687 -438070.704514 0.026359
2186875.029682 -2558761.265441 -438065.317714 0.025054
2186875.270176 -2558763.652698 -438059.795156 0.023454
2186875.568694 -2558766.608610 -438054.274074 0.026030
2186875.917859 -2558769.620800 -438048.865149 0.024514
2186875.966879 -2558771.259354 -438043.218112 0.023818
2186876.579984 -2558775.590769 -438038.043599 0.022014
2186877.247630 -2558780.571307 -438029.902232 0.023168
2186877.888563 -2558784.957373 -438024.652763 0.027073
2186878.185694 -2558787.893443 -438019.227444 0.025282
2186879.124381 -2558793.617197 -438014.396568 0.018424
2186879.032692 -2558794.619254 -438008.425838 0.025703
2186879.995911 -2558797.966650 -438003.596265 0.044723
2186871.451624 -2558783.689170 -437985.449600 0.068308
2186878.381160 -2558797.708308 -437982.098318 0.022917
2186877.306242 -2558793.988667 -437975.386763 0.026551
2186876.902343 -2558793.100946 -437969.270091 0.024619
2186876.368803 -2558792.022629 -437963.125247 0.023146
2186875.868213 -2558790.988277 -437957.010214 0.023504
2186875.344977 -2558789.947006 -437950.746217 0.024196
2186874.820139 -2558788.881088 -437944.603764 0.022579
2186874.555055 -2558788.683230 -437938.491679 0.023334
2186874.243254 -2558788.855715 -437932.603152 0.024636
2186874.171604 -2558789.849306 -437926.842820 0.024068
2186874.101544 -2558790.851785 -437921.048858 0.020495
2186873.928047 -2558791.248537 -437915.072199 0.023626
2186873.638536 -2558791.464246 -437909.133462 0.019707
2186873.486384 -2558791.886261 -437903.191674 0.025757
2186873.354483 -2558792.795653 -437897.393732 0.023128
2186873.424275 -2558794.014687 -437891.562782 0.026290
2186872.950270 -2558793.471551 -437885.615362 0.020394
2186873.163451 -2558795.835210 -437879.978836 0.022245
2186872.953157 -2558796.156719 -437874.110134 0.022990
2186872.867095 -2558797.152116 -437868.215515 0.023778
2186872.927264 -2558798.807313 -437862.555804 0.021717
2186872.840448 -2558799.778037 -437856.790004 0.021195
2186872.922219 -2558801.464992 -437851.135846 0.019138
2186872.817393 -2558802.428293 -437845.258471 0.021991
2186872.837204 -2558803.556123 -437839.512977 0.020832
2186872.689409 -2558804.455084 -437833.631363 0.024317
2186872.638049 -2558805.482974 -437827.845576 0.021091
2186872.358534 -2558806.273418 -437818.962245 0.023351
2186872.272894 -2558807.231717 -437813.275765 0.016707
2186872.321386 -2558808.885141 -437807.522988 0.019776
2186872.151266 -2558809.285142 -437801.547551 0.022980
2186872.045898 -2558810.229473 -437795.769053 0.021742
2186871.974116 -2558811.223432 -437789.996334 0.020090
2186872.049212 -2558812.917180 -437784.241551 0.022339
2186871.953581 -2558813.872726 -437778.479848 0.022443
2186871.982374 -2558815.012111 -437772.740377 0.021496
2186872.092884 -2558817.207728 -437767.171282 0.018812
2186871.861278 -2558817.519344 -437761.169379 0.021031
2186872.273109 -2558820.618718 -437755.778325 0.019846
2186872.386246 -2558822.816253 -437750.218529 0.017959
2186872.229427 -2558823.234052 -437744.251861 0.021705
2186872.556811 -2558826.210249 -437738.836357 0.020259
2186872.765790 -2558828.548013 -437733.298886 0.018186
2186872.903893 -2558830.798688 -437727.648885 0.020651
2186873.029859 -2558832.546460 -437722.016810 0.019664
2186873.226861 -2558834.881913 -437716.387445 0.022670
2186873.037263 -2558835.236726 -437710.496112 0.020877
2186873.079486 -2558836.862924 -437704.836782 0.019359
2186873.284583 -2558839.193469 -437699.303844 0.017819
2186873.171317 -2558840.143099 -437693.420583 0.020392
2186873.104802 -2558841.142652 -437687.653197 0.019315
2186873.015277 -2558842.106566 -437681.889815 0.018996
2186873.003368 -2558843.205244 -437676.027232 0.021249
2186873.051729 -2558844.837568 -437670.381656 0.020885
2186873.117117 -2558846.498915 -437664.718573 0.018314
2186873.060606 -2558847.512970 -437658.952663 0.017150
2186873.084929 -2558849.129274 -437653.192227 0.019984
2186873.290808 -2558851.460958 -437647.656226 0.018175
2186873.188341 -2558852.426586 -437641.771270 0.020522
2186872.975982 -2558852.744589 -437635.888485 0.019939
2186872.921072 -2558853.763142 -437630.110245 0.017600
2186872.845597 -2558854.764808 -437624.248821 0.021330
2186872.911614 -2558856.422648 -437618.605592 0.020783
2186872.808035 -2558857.368494 -437612.821629 0.019075
2186872.717826 -2558858.333840 -437607.041044 0.017367
2186872.973794 -2558860.752510 -437601.435604 0.021258
2186872.781206 -2558861.099615 -437595.554476 0.020540
2186872.823388 -2558862.728509 -437589.873248 0.017030
2186872.835666 -2558864.325724 -437584.112118 0.020130
2186872.916661 -2558866.006885 -437578.463754 0.018774
2186872.838748 -2558866.988144 -437572.695032 0.017729
2186872.803759 -2558868.047334 -437566.849032 0.022127
2186872.658869 -2558868.935222 -437561.038922 0.018988
2186872.740300 -2558870.616662 -437555.390703 0.017491
2186872.625456 -2558871.562237 -437549.506970 0.020278
2186872.802999 -2558873.850571 -437543.968269 0.018770
2186872.816083 -2558874.960290 -437538.244471 0.019929
2186872.689859 -2558875.878616 -437532.421550 0.015165
2186872.504507 -2558876.248471 -437526.465878 0.020689
2186872.407366 -2558877.206405 -437520.664728 0.017267
2186872.521126 -2558880.512319 -437509.264335 0.019448
2186872.558792 -2558882.128227 -437503.610493 0.018621
2186872.481311 -2558883.110937 -437497.833468 0.016990
2186872.584662 -2558884.836288 -437492.116199 0.022058
2186872.057034 -2558883.305660 -437485.830816 0.015412
2186883.979934 -2558941.145321 -437494.982727 -0.171229
2186867.736271 -2558867.631403 -437464.778825 0.271536
2186865.881189 -2558862.044498 -437449.375628 0.130782
2186876.729873 -2558916.095372 -437446.961395 0.019651
2186883.938720 -2558952.775690 -437443.408213 -0.051484
2186878.315104 -2558927.777781 -437431.105206 0.019595
2186882.920017 -2558950.999234 -437429.297448 0.015553
2186882.072602 -2558948.979835 -437423.026668 0.031262
2186881.731711 -2558948.193053 -437416.848370 0.022267
2186880.977826 -2558945.874653 -437410.361469 0.023486
2186880.613396 -2558945.038605 -437404.253088 0.021593
2186879.392446 -2558941.100569 -437397.495690 0.024541
2186878.567963 -2558938.659979 -437391.094753 0.022132
2186878.069071 -2558937.621983 -437384.978247 0.022674
2186877.722563 -2558937.296578 -437378.854271 0.024331
2186877.414469 -2558937.006241 -437372.858632 0.023692
2186877.026884 -2558936.598775 -437366.846563 0.023413
2186876.981173 -2558937.626733 -437361.076873 0.021779
2186876.887137 -2558938.585455 -437355.287331 0.019282
2186876.722613 -2558940.002026 -437346.519882 0.022167
2186877.166790 -2558943.609421 -437341.225106 0.021359
2186877.208424 -2558944.785114 -437335.363460 0.022603
2186878.207873 -2558951.069097 -437330.552438 0.022056
2186878.552837 -2558954.627832 -437322.176624 0.025501
2186878.472364 -2558955.605317 -437316.394207 0.023365
2186878.807841 -2558958.586615 -437310.989373 0.022973
2186879.106833 -2558962.064484 -437302.680972 0.020428
2186879.227780 -2558963.817792 -437296.945738 0.023509
2186879.369045 -2558966.049849 -437291.400591 0.022577
2186879.925824 -2558970.850864 -437283.244460 0.025531
2186879.829232 -2558972.371208 -437274.466852 0.025745
2186880.959107 -2558979.375689 -437266.904940 0.019885
2186884.613801 -2559006.483165 -437229.407175 0.013656
2186884.550481 -2559007.406538 -437224.051824 0.024126
2186884.110852 -2559006.947276 -437217.886722 0.024397
2186883.570017 -2559005.868393 -437211.637292 0.026954
2186883.143430 -2559004.938603 -437205.519910 0.025764
2186882.753629 -2559004.067833 -437199.384941 0.022061
2186881.606935 -2559001.790854 -437187.002387 0.026222
2186881.220329 -2559001.390361 -437180.956317 0.022657
2186880.682216 -2558999.829944 -437174.729448 0.021826
2186879.809634 -2558997.328063 -437168.251480 0.026959
2186879.066461 -2558994.999588 -437161.897489 0.026898
2186878.262880 -2558992.592900 -437155.475872 0.022130
2186877.180766 -2558988.854700 -437148.759721 0.025683
2186876.176143 -2558985.697756 -437142.139217 0.028571
2186875.697909 -2558984.674215 -437136.108990 0.023239
2186867.814291 -2558970.468578 -437127.839172 0.052605
2186874.280004 -2558980.137887 -437123.298162 0.025595
2186873.518586 -2558978.271911 -437116.892999 0.026805
2186872.982957 -2558977.182275 -437110.744677 0.025357
2186872.531349 -2558976.215560 -437104.616741 0.023807
2186871.889732 -2558974.522375 -437098.253456 0.026087
2186871.622545 -2558974.757682 -437092.344187 0.024715
2186871.128519 -2558973.746512 -437086.103135 0.026986
2186870.649773 -2558972.739475 -437079.971079 0.025711
2186869.979549 -2558971.004348 -437073.599255 0.028037
2186869.355037 -2558969.301937 -437067.437166 0.021810
2186868.444280 -2558966.279267 -437060.849016 0.025355
2186867.814512 -2558964.584130 -437054.596561 0.024347
2186866.734305 -2558960.835884 -437047.948829 0.020927
2186866.035978 -2558959.053939 -437041.597885 0.025721
2186865.437837 -2558957.409425 -437035.329333 0.022467
2186864.927069 -2558956.355703 -437029.185376 0.020688
2186864.402275 -2558955.299241 -437022.935033 0.023014
2186864.112086 -2558956.631920 -437011.037848 0.026148
2186864.066182 -2558957.636139 -437005.386095 0.022149
2186863.711625 -2558957.274469 -436999.381010 0.021710
2186863.721559 -2558958.842943 -436993.732666 0.022302
2186863.381528 -2558958.548182 -436987.474284 0.024938
2186863.244007 -2558959.419194 -436981.794319 0.020495
2186863.088454 -2558959.833796 -436975.815216 0.023522
2186863.032791 -2558960.848698 -436970.021034 0.019838
2186862.888765 -2558961.746226 -436964.131598 0.023045
2186863.291303 -2558966.925247 -436950.205620 0.021833
2186862.677650 -2558967.374711 -436935.302540 0.022411
2186862.398322 -2558968.702610 -436923.519242 0.022473
2186862.361482 -2558969.742388 -436917.741856 0.020095
2186862.012870 -2558969.405761 -436911.640299 0.024061
2186862.024828 -2558970.982233 -436905.966018 0.022232
2186862.135804 -2558972.723674 -436900.200738 0.023087
2186861.808857 -2558972.871560 -436894.270729 0.021127
2186861.890421 -2558974.546299 -436888.630288 0.020812
2186861.838766 -2558975.564074 -436882.849923 0.018525
2186861.896626 -2558977.224593 -436877.088683 0.020871
2186861.828508 -2558978.216158 -436871.314689 0.019574
2186861.758599 -2558979.205270 -436865.539235 0.018187
2186861.764290 -2558980.768435 -436859.883464 0.018098
2186861.765371 -2558981.882684 -436854.005358 0.018964
2186861.687016 -2558982.858816 -436848.230534 0.017844
2186861.598986 -2558983.839056 -436842.348179 0.020281
2186861.626273 -2558985.435133 -436836.688861 0.019513
2186861.289253 -2558985.101371 -436830.672035 0.017633
2186861.270573 -2558986.168126 -436824.894936 0.014894
2186861.227723 -2558987.206666 -436819.063201 0.021150
2186860.955009 -2558987.436879 -436813.128234 0.017469
2186860.853112 -2558988.381822 -436807.329907 0.014737
2186860.889101 -2558990.006113 -436801.582909 0.018966
2186860.659366 -2558990.297096 -436795.669128 0.016410
2186860.452145 -2558990.619234 -436789.771680 0.014848
2186860.707713 -2558993.032811 -436784.155611 0.018163
2186860.714972 -2558994.121351 -436778.478554 0.010651
2186860.546537 -2558994.991042 -436772.526105 0.021992
2186860.466779 -2558995.961081 -436766.769812 0.022670
2186860.322042 -2558997.391758 -436758.065810 0.017868
2186860.024392 -2558997.081155 -436749.755298 -0.017195
2186860.082025 -2558999.323684 -436743.399926 0.016081
2186855.818322 -2558994.056207 -436734.729086 -0.180070
2186859.846453 -2559001.616413 -436731.976783 0.006203
2186859.670703 -2559003.694655 -436717.035403 0.004238
2186851.266438 -2558985.925158 -436713.180452 0.363444
2186859.678106 -2559006.301167 -436705.886049 0.014109
2186859.381800 -2559006.516355 -436699.831439 0.013401
2186866.349617 -2559039.945780 -436704.119483 -0.157433
2186859.655840 -2559010.508242 -436688.575778 0.018116
2186859.661857 -2559011.611514 -436682.800323 0.015009
2186855.814774 -2559008.191100 -436677.638749 0.512308
2186859.837573 -2559016.012206 -436668.603301 0.015554
2186859.720395 -2559016.925544 -436662.845688 0.017045
2186859.884869 -2559019.759418 -436654.282973 0.015693
2186859.959209 -2559021.441860 -436648.532441 0.018748
2186859.887144 -2559022.407088 -436642.869926 0.014701
2186860.270303 -2559025.476055 -436637.356771 0.016758
2186860.221916 -2559026.493393 -436631.599086 0.016624
2186859.937844 -2559026.718645 -436625.586772 0.019600
2186860.203836 -2559030.144388 -436617.264418 0.016901
2186859.911717 -2559029.874514 -436611.263771 0.015547
2186859.948014 -2559031.502028 -436605.498251 0.018300
2186860.566252 -2559035.373816 -436600.168005 0.023942
2186859.944067 -2559034.144368 -436594.063223 0.015274
2186860.151150 -2559036.484691 -436588.442976 0.019641
2186860.116100 -2559037.503381 -436582.792846 0.015720
2186859.935858 -2559038.354125 -436576.854761 0.015284
2186860.092994 -2559040.137620 -436571.238621 0.015580
2186859.966621 -2559041.061110 -436565.345071 0.018019
2186859.875785 -2559042.025135 -436559.530894 0.013663
2186860.004131 -2559044.251483 -436553.883928 0.017254
2186859.725341 -2559043.995384 -436547.916188 0.018829
2186859.845574 -2559045.728127 -436542.273025 0.017519
2186860.145749 -2559049.219517 -436533.866105 0.019668
2186859.108238 -2559038.980152 -436520.578146 0.353011
2186853.413627 -2559041.977819 -436518.247561 0.394775
2186856.992244 -2559049.759867 -436505.977252 -0.414451
2186859.657468 -2559053.508118 -436504.765224 0.017241
2186859.450824 -2559054.857367 -436495.981705 0.019906
2186847.705487 -2559042.041155 -436477.708906 -0.453081
2186857.501495 -2559049.372203 -436476.201915 0.038846
2186859.345606 -2559060.012759 -436473.002060 0.019716
2186859.426993 -2559061.706110 -436467.248116 0.022556
2186859.027949 -2559060.813595 -436461.133571 0.021248
2186858.880116 -2559061.686023 -436455.346172 0.020616
2186858.954770 -2559063.352378 -436449.690086 0.019217
2186859.021057 -2559065.023866 -436443.929548 0.021646
2186858.953532 -2559066.018941 -436438.136037 0.018718
2186858.696272 -2559066.281880 -436432.138058 0.022643
2186858.555974 -2559067.157422 -436426.392828 0.025786
2186858.538570 -2559068.228840 -436420.596599 0.021421
2186858.350067 -2559068.579471 -436414.692350 0.018952
2186858.454858 -2559070.770777 -436409.041604 0.022820
2186858.288249 -2559071.154340 -436403.139937 0.020072
2186858.044801 -2559071.422140 -436397.234147 0.018771
2186858.177146 -2559073.157205 -436391.672777 0.024694
2186858.134054 -2559074.220876 -436385.705523 0.018539
2186851.936550 -2559065.727465 -436380.991645 0.299887
2186857.602342 -2559075.710107 -436375.952333 0.609588
2186857.725662 -2559076.983603 -436365.296417 0.021506
2186856.140516 -2559090.820354 -436368.954733 0.137132
2186853.803917 -2559081.005603 -436297.596832 -0.627791
2186856.327813 -2559087.186655 -436297.652175 0.009676
2186851.339810 -2559078.188249 -436295.022476 0.525533
2186856.002252 -2559086.950459 -436286.120780 0.018183
2186853.586085 -2559114.172582 -436275.425549 0.064725
2186853.821565 -2559114.760861 -436274.693039 -0.217174
2186855.302854 -2559101.768664 -436281.490291 0.250201
2186849.920821 -2559085.827611 -436246.145133 -0.336624
2186841.660209 -2559073.812512 -436238.404300 0.244244
2186857.842801 -2559123.382798 -436232.860415 0.070079
2186859.042024 -2559130.511780 -436224.079130 0.237045
2186859.639897 -2559159.241152 -436220.944150 -0.137834
2186844.422844 -2559084.205102 -436208.257597 -0.237767
2186862.724678 -2559161.917807 -436196.378351 -0.586723
2186844.377277 -2559089.891780 -436180.260208 0.148131
2186869.698246 -2559174.709987 -436189.859605 -0.565250
2186848.903688 -2559099.854918 -436163.941258 -0.468100
2186854.453597 -2559108.188878 -436164.088652 0.013014
2186854.345375 -2559109.133433 -436158.227263 0.018367
2186855.057108 -2559111.878859 -436160.629944 -0.282684
2186854.328630 -2559115.098479 -436131.644997 0.016041
2186852.778620 -2559140.004093 -436129.848031 0.962853
2186852.476398 -2559115.799801 -436118.133537 0.415356
2186854.439299 -2559122.542951 -436103.414602 0.015185
2186854.339407 -2559123.664934 -436096.736102 -0.083166
2186854.536657 -2559125.324415 -436092.063755 0.004604
2186823.558895 -2558987.523305 -436030.445684 0.302755
2186853.445413 -2559129.437832 -436053.965150 0.024911
2186844.511798 -2559128.609688 -436037.953472 -0.502784
2186842.819834 -2559116.335891 -436038.398282 -0.093250
2186853.015658 -2559131.626775 -436036.434743 0.015842
2186852.862240 -2559132.048553 -436030.429484 0.016647
2186852.860997 -2559133.598306 -436024.783689 0.018230
2186853.184000 -2559136.097705 -436019.261497 0.015743
2186850.430498 -2559124.246427 -436014.276889 -0.102147
2186852.625505 -2559143.013289 -435985.984834 -0.138711
2186852.922973 -2559143.784940 -435981.677500 0.011578
2186853.016828 -2559147.593987 -435967.403364 0.015630
2186852.830644 -2559147.950389 -435961.491645 0.012625
2186852.979710 -2559150.190828 -435955.948070 0.012307
2186853.084336 -2559151.921484 -435950.185954 0.013934
2186853.269009 -2559154.215991 -435944.641707 0.012715
2186853.349507 -2559155.912524 -435938.867655 0.013798
2186853.400257 -2559157.543077 -435933.213403 0.013397
2186853.342699 -2559158.570790 -435927.322174 0.014893
2186853.564399 -2559160.916881 -435921.800021 0.014706
2186853.443038 -2559161.828083 -435916.023013 0.014845
2186853.768866 -2559164.800865 -435910.572979 0.011206
2186853.861794 -2559166.511972 -435904.821155 0.014086
2186853.849024 -2559167.580422 -435899.080356 0.015033
2186853.726520 -2559168.495917 -435893.273084 0.012390
2186853.659204 -2559169.507076 -435887.392022 0.014911
2186853.822726 -2559171.316448 -435881.685036 0.020312
2186853.798594 -2559172.827707 -435876.074148 0.012404
2186853.843467 -2559174.469113 -435870.306955 0.015020
2186853.951567 -2559176.184860 -435864.662021 0.014164
2186853.857614 -2559177.140980 -435858.868753 0.012002
2186853.893011 -2559178.748892 -435853.213106 0.011876
2186853.574904 -2559178.461552 -435847.092655 0.014007
2186853.909551 -2559181.442062 -435841.672736 0.012831
2186853.734475 -2559181.809685 -435835.792349 0.012526
2186853.729552 -2559183.927485 -435827.117364 0.013256
2186853.798840 -2559185.584651 -435821.471921 0.013305
2186853.960695 -2559187.390010 -435815.773870 0.019599
2186853.588135 -2559187.481449 -435809.778385 0.013283
2186853.694921 -2559189.194230 -435804.139651 0.013058
2186853.545542 -2559190.070757 -435798.325989 0.010504
2186853.812508 -2559192.499646 -435792.721798 0.015191
2186853.719177 -2559193.457304 -435786.927100 0.013081
2186853.831134 -2559195.178792 -435781.284607 0.012412
2186853.885079 -2559196.834174 -435775.519291 0.015029
2186853.822605 -2559197.836697 -435769.734304 0.013102
2186854.153796 -2559200.811773 -435764.316910 0.012295
2186854.521714 -2559203.858089 -435758.807011 0.015675
2186854.880641 -2559206.874171 -435753.394449 0.014825
2186855.027329 -2559209.116379 -435747.827171 0.012315
2186855.415434 -2559212.174711 -435742.423764 0.011637
2186855.917396 -2559216.432582 -435734.138322 0.012951
2186855.753601 -2559217.279773 -435728.365106 0.014543
2186856.103898 -2559220.302133 -435722.842992 0.017068
2186856.201109 -2559221.986960 -435717.286088 0.011403
2186856.523592 -2559224.964299 -435711.779028 0.016007
2186856.596930 -2559226.632025 -435706.113841 0.014167
2186856.814406 -2559228.993761 -435700.473214 0.016695
2186856.654943 -2559230.950154 -435688.889767 0.012486
2186857.102421 -2559235.125000 -435680.609366 0.015744
2186856.892265 -2559235.463272 -435674.601435 0.017826
2186856.954377 -2559237.091747 -435669.062645 0.014541
2186857.219860 -2559239.524166 -435663.432832 0.017126
2186857.103426 -2559240.448535 -435657.633715 0.015064
2186857.079043 -2559243.082451 -435646.090488 0.017075
2186857.010186 -2559244.073883 -435640.316968 0.016270
2186856.909565 -2559245.020220 -435634.528428 0.014985
2186856.941075 -2559247.198605 -435625.835012 0.013166
2186856.827240 -2559248.136007 -435619.978996 0.019442
2186856.640994 -2559248.490036 -435614.088096 0.018370
2186856.571287 -2559249.482764 -435608.302330 0.016625
2186856.621779 -2559251.116843 -435602.636572 0.015341
2186856.426735 -2559251.475978 -435596.640750 0.018237
2186856.348334 -2559252.454603 -435590.860460 0.017217
2186856.416759 -2559254.119415 -435585.176897 0.013858
2186856.510702 -2559255.837886 -435579.405332 0.015043
2186856.264108 -2559256.082747 -435573.618458 0.011768
2186856.344647 -2559258.798179 -435565.030105 0.011040
2186856.102430 -2559259.076861 -435559.082980 0.019607
2186856.024660 -2559259.617368 -435553.068481 0.018003
2186842.757648 -2559242.439477 -435535.494547 -0.256716
2186855.555996 -2559261.746075 -435535.585054 0.015139
2186856.174439 -2559265.636196 -435530.174798 0.013982
2186855.969684 -2559265.949304 -435524.353825 0.020070
2186856.021944 -2559268.627744 -435515.738896 0.017276
2186853.636106 -2559267.301197 -435503.890845 -0.700625
2186855.706013 -2559273.580478 -435489.679888 0.012956
2186855.909544 -2559275.445091 -435484.010435 0.021299
2186855.827526 -2559276.426745 -435478.191035 0.016777
2186855.498904 -2559276.103813 -435472.198114 0.017508
2186855.409267 -2559277.085313 -435466.309850 0.020284
2186836.342625 -2559189.929709 -435437.794002 0.164225
2186855.375695 -2559280.729697 -435451.929873 0.018194
2186855.100075 -2559280.486056 -435445.942518 0.018202
2186854.918499 -2559280.834896 -435440.131750 0.011389
2186854.904508 -2559283.507284 -435428.479139 0.016387
2186854.820013 -2559284.468230 -435422.748615 0.020234
2186854.645571 -2559286.974681 -435408.165166 0.018450
2186839.137826 -2559241.210323 -435388.887573 -0.816837
2186854.288158 -2559291.419889 -435381.920532 0.019337
2186854.062848 -2559291.719449 -435376.015335 0.018157
2186854.182876 -2559293.455223 -435370.376656 0.017853
2186853.785445 -2559293.044725 -435364.302946 0.012757
2186853.930161 -2559295.302433 -435358.644847 0.015713
2186853.578663 -2559294.966208 -435352.536138 0.019802
2186853.368344 -2559295.290571 -435346.622216 0.017441
2186853.337599 -2559296.342098 -435340.847971 0.015982
2186853.062999 -2559296.589174 -435334.821055 0.018000
2186852.865646 -2559296.928935 -435328.928616 0.017352
2186852.342035 -2559298.552330 -435311.154245 0.010252
2186852.440796 -2559300.244624 -435305.575680 0.015949
2186852.498838 -2559301.917453 -435299.771096 0.015213
2186852.060055 -2559300.966160 -435293.677050 0.017271
2186851.935889 -2559301.884547 -435287.863729 0.014243
2186851.756404 -2559302.269241 -435281.871989 0.017477
2186851.657298 -2559303.220060 -435276.087188 0.016520
2186851.702503 -2559304.849333 -435270.418418 0.015244
2186851.636494 -2559305.871041 -435264.516902 0.016318
2186851.722524 -2559307.563546 -435258.842094 0.013373
2186851.638246 -2559308.536906 -435253.057760 0.012285
2186851.398294 -2559308.831615 -435247.059633 0.016190
2186851.444538 -2559309.993600 -435241.320848 0.016264
2186851.416261 -2559311.520837 -435235.608115 0.012657
2186851.346819 -2559312.531483 -435229.738546 0.016651
2186851.533998 -2559314.839557 -435224.167954 0.013311
2186851.611407 -2559316.513653 -435218.522481 0.013478
2186851.551263 -2559317.541511 -435212.637799 0.015853
2186851.600774 -2559319.178298 -435206.967976 0.014411
2186851.349042 -2559319.444625 -435201.036906 0.011522
2186851.904355 -2559323.238503 -435195.646614 0.013883
2186851.677016 -2559323.536303 -435189.743889 0.013073
2186851.869705 -2559325.849204 -435184.194859 0.011621
2186852.070586 -2559328.190942 -435178.550188 0.014450
2186852.281216 -2559330.527247 -435173.020960 0.014440
2186852.290986 -2559332.105925 -435167.342932 0.013031
2186852.437413 -2559336.634934 -435147.249299 0.018643
2186826.411130 -2559276.208972 -435139.169938 0.164280
2186852.237510 -2559340.152239 -435129.720086 0.016893
2186851.732488 -2559339.582992 -435123.639303 0.013792
2186851.688776 -2559340.622388 -435117.838450 0.010276
2186851.469787 -2559341.493841 -435108.987682 0.015886
2186851.122958 -2559341.151999 -435102.966842 0.014806
2186850.783791 -2559340.819468 -435096.959552 0.014805
2186850.657639 -2559341.744239 -435091.108769 0.008601
2186850.618743 -2559342.780827 -435085.361410 0.009804
2186850.288663 -2559342.508018 -435079.098301 0.012659
2186850.267624 -2559344.037886 -435073.437002 0.013740
2186850.327065 -2559345.686120 -435067.793003 0.014551
2186850.626754 -2559348.170873 -435062.188170 0.018819
2186850.518860 -2559349.097146 -435056.483099 0.012247
2186850.158113 -2559348.759645 -435050.326973 0.012442
2186849.947280 -2559349.079964 -435044.445233 0.013251
2186849.751645 -2559349.429158 -435038.533689 0.010781
2186849.818325 -2559351.109558 -435032.773464 0.014112
2186849.735118 -2559352.084507 -435027.002080 0.014158
2186849.515661 -2559352.397778 -435021.090904 0.012459
2186849.584363 -2559354.084586 -435015.314694 0.014262
2186849.553415 -2559355.131488 -435009.580614 0.016556
2186849.305565 -2559355.408174 -435003.638035 0.012611
2186849.046372 -2559355.682964 -434997.608711 0.014200
2186849.144911 -2559357.391346 -434991.963584 0.014023
2186849.216641 -2559359.063363 -434986.298265 0.012581
2186849.145948 -2559360.080091 -434980.403042 0.014346
2186848.823855 -2559359.769762 -434974.420745 0.016342
2186848.704173 -2559360.699717 -434968.600914 0.012929
2186848.495747 -2559361.047734 -434962.592074 0.015236
2186848.417921 -2559362.035100 -434956.803122 0.013718
2186848.176714 -2559362.313846 -434950.904606 0.013739
2186848.139017 -2559363.362542 -434945.113280 0.010901
2186847.936813 -2559363.703597 -434939.198583 0.008480
2186847.678910 -2559363.977648 -434933.187287 0.011934
2186847.350503 -2559363.680003 -434927.084519 0.016227
2186858.728205 -2559419.645873 -434928.495032 0.120231
2186847.192836 -2559365.649206 -434915.524315 0.014760
2186847.135302 -2559366.667659 -434909.736376 0.012880
2186846.868915 -2559366.932107 -434903.710359 0.015161
2186846.548938 -2559366.631520 -434897.699478 0.014317
2186846.320580 -2559366.934812 -434891.778796 0.011998
2186846.093685 -2559367.257245 -434885.763022 0.014136
2186845.864955 -2559367.557643 -434879.854804 0.012984
2186845.717126 -2559367.990510 -434873.886492 0.017872
2186845.759606 -2559369.621374 -434868.212511 0.016205
2186845.447825 -2559369.350657 -434862.105666 0.019929
2186845.343148 -2559370.283642 -434856.403256 0.013637
2186845.237243 -2559371.245585 -434850.524646 0.017850
2186845.206083 -2559372.306943 -434844.725698 0.014354
2186845.079723 -2559373.238176 -434838.846769 0.019017
2186845.022244 -2559374.240545 -434833.156156 0.012719
2186844.678623 -2559373.921390 -434827.051751 0.017438
2186844.886320 -2559376.281387 -434821.391595 0.018851
2186844.628064 -2559376.537422 -434815.486255 0.018699
2186844.712104 -2559378.232041 -434809.812497 0.016289
2186844.550802 -2559378.650018 -434803.820528 0.019148
2186844.609792 -2559380.306281 -434798.149981 0.017636
2186844.557025 -2559381.330552 -434792.377212 0.017117
2186844.449728 -2559382.279252 -434786.569664 0.014484
2186844.181696 -2559382.537655 -434780.569781 0.019296
2186844.376026 -2559384.402287 -434774.882396 0.012865
2186844.071039 -2559384.600582 -434768.904879 0.020648
2186843.812745 -2559384.858714 -434762.992493 0.019876
2186843.920136 -2559386.586893 -434757.331443 0.017953
2186843.829813 -2559387.558155 -434751.542236 0.016811
2186843.774037 -2559388.598681 -434745.657401 0.019315
2186843.844651 -2559390.274156 -434739.982784 0.017180
2186843.770943 -2559391.268856 -434734.203517 0.016581
2186843.584981 -2559391.651761 -434728.205936 0.019531
2186843.520132 -2559392.663023 -434722.411408 0.017308
2186843.552260 -2559394.299095 -434716.633362 0.019825
2186843.475402 -2559395.290694 -434710.847367 0.018687
2186843.290203 -2559395.657204 -434704.950287 0.017628
2186843.254410 -2559396.706604 -434699.187194 0.017660
2186843.134648 -2559397.654361 -434693.285967 0.020177
2186842.908704 -2559397.963084 -434687.370776 0.018418
2186842.868535 -2559399.024844 -434681.503140 0.022180
2186842.918326 -2559400.668923 -434675.832674 0.020950
2186842.870466 -2559401.704169 -434670.050895 0.019541
2186842.783156 -2559402.697433 -434664.170307 0.023229
2186842.642998 -2559403.599329 -434658.357449 0.021111
2186842.627895 -2559404.681656 -434652.589635 0.020239
2186842.851724 -2559407.066848 -434646.938437 0.022212
2186842.726993 -2559407.990270 -434641.136196 0.020727
2186842.823339 -2559409.702205 -434635.481473 0.019714
2186842.930551 -2559411.447183 -434629.734212 0.023530
2186842.910998 -2559412.992609 -434624.035326 0.021327
2186843.192688 -2559415.446056 -434618.493466 0.018597
2186843.257983 -2559417.129413 -434612.738508 0.022695
2186843.402659 -2559418.913296 -434607.091947 0.021326
2186843.261127 -2559419.810364 -434601.297760 0.021010
2186843.294146 -2559421.451730 -434595.509371 0.022774
2186843.432624 -2559423.227421 -434589.858149 0.021135
2186843.486907 -2559424.875639 -434584.207689 0.021709
2186843.655708 -2559427.163631 -434578.642791 0.019680
2186843.806814 -2559429.445041 -434572.965053 0.020942
2186844.340134 -2559431.705011 -434562.892940 -0.105291
2186843.829963 -2559432.266223 -434558.436767 0.020744
2186843.495217 -2559432.411923 -434552.525404 0.021972
2186843.136743 -2559432.083276 -434546.378453 0.023066
2186842.681387 -2559431.124729 -434540.243114 0.022048
2186842.320364 -2559430.773206 -434534.202615 0.019760
2186841.631183 -2559429.021963 -434527.834808 0.023842
2186841.148439 -2559428.023376 -434521.693311 0.022907
2186840.678976 -2559427.063698 -434515.447134 0.025267
2186840.238361 -2559427.149785 -434506.502719 0.022367
2186839.662744 -2559425.545553 -434500.271439 0.023148
2186839.475755 -2559426.403314 -434494.327263 0.023352
2186839.035597 -2559425.464660 -434488.210967 0.023770
2186838.850713 -2559425.837230 -434482.303135 0.021846
2186837.938849 -2559422.814457 -434475.787907 0.019713
2186836.571407 -2559417.745132 -434468.795860 0.021260
2186835.732336 -2559415.308258 -434462.308084 0.025631
2186833.633256 -2559406.901990 -434451.867208 0.011555
2186833.192837 -2559405.512355 -434445.580087 0.017347
2186831.963623 -2559402.587700 -434436.049761 0.023586
2186831.737708 -2559402.901807 -434430.127936 0.021169
2186831.161737 -2559401.776861 -434423.908299 0.028738
2186830.874359 -2559401.540346 -434417.857815 0.023851
2186830.208939 -2559399.807632 -434411.593042 0.023526
2186829.751233 -2559398.871665 -434405.324953 0.023787
2186829.208423 -2559397.320623 -434399.080398 0.022463
2186829.152418 -2559398.814790 -434393.382059 0.021275
2186828.640294 -2559398.352413 -434384.223983 0.021628
2186828.561242 -2559399.345589 -434378.439807 0.020885
2186828.434181 -2559399.795166 -434372.594540 0.023472
2186829.977121 -2559402.189413 -434372.172730 0.661442
2186828.109042 -2559401.098570 -434360.751443 0.021587
2186827.744778 -2559400.762302 -434354.612921 0.023695
2186827.486532 -2559401.023923 -434348.716051 0.024591
2186827.311918 -2559401.434399 -434342.697084 0.025655
2186827.099621 -2559401.768396 -434336.786975 0.024060
2186826.985837 -2559402.707260 -434331.016097 0.025400
2186826.648435 -2559402.866356 -434325.033311 0.020174
2186826.695909 -2559404.059432 -434319.203638 0.025600
2186826.539421 -2559404.476310 -434313.302470 0.023686
2186826.308295 -2559404.783863 -434307.384284 0.021962
2186826.106377 -2559405.154208 -434301.363304 0.023350
2186825.868006 -2559405.446041 -434295.471315 0.024249
2186825.572209 -2559405.193222 -434289.449070 0.022258
2186825.333984 -2559405.488599 -434283.539809 0.021391
2186825.129021 -2559405.855891 -434277.513862 0.022565
2186826.303591 -2559411.972322 -434275.393531 -0.209715
2186383.035943 -2558960.904277 -439582.500915 0.297023
2186337.909967 -2558754.579284 -439521.546624 0.171055
2186342.885869 -2558777.681238 -439525.778728 -0.072769
2186342.654118 -2558777.752412 -439518.704367 -0.042734
2186342.510292 -2558778.645297 -439513.057611 -0.030694
2186342.473047 -2558779.736358 -439507.228787 -0.038145
2186342.768984 -2558782.708986 -439501.723304 -0.033725
2186342.866087 -2558784.443511 -439496.095308 -0.033521
2186343.062966 -2558786.787861 -439490.579479 -0.033124
2186343.020163 -2558787.856474 -439484.815873 -0.034521
2186342.903156 -2558788.837990 -439478.921752 -0.032719
2186342.948836 -2558790.497808 -439473.277017 -0.033015
2186342.773801 -2558790.908988 -439467.391825 -0.034561
2186342.711587 -2558791.968228 -439461.519149 -0.032045
2186342.651463 -2558793.008464 -439455.762683 -0.032366
2186342.726022 -2558794.712734 -439450.110503 -0.033875
2186342.771005 -2558796.394181 -439444.342320 -0.032197
2186342.980652 -2558798.756896 -439438.823749 -0.032342
2186342.941365 -2558799.832675 -439433.044250 -0.035131
2186342.758386 -2558800.243918 -439427.085883 -0.029991
2186342.885638 -2558803.053097 -439418.658735 -0.031870
2186343.006751 -2558804.823570 -439413.021086 -0.033120
2186342.923592 -2558805.849219 -439407.150827 -0.030026
2186342.991537 -2558807.545766 -439401.481350 -0.032982
2186345.116634 -2558823.660560 -439377.372552 -0.030337
2186346.396385 -2558832.991123 -439364.174178 -0.032406
2186350.684946 -2558861.857950 -439331.464165 -0.310302
2186351.155236 -2558865.662270 -439325.328116 -0.278077
2186348.585920 -2558856.239728 -439311.472678 -0.031563
2186348.585093 -2558858.410031 -439302.833056 -0.028946
2186350.327699 -2558870.807936 -439287.338602 -0.033142
2186350.974855 -2558876.368972 -439276.189259 -0.030389
2186351.727455 -2558881.948713 -439268.226660 -0.035045
2186352.200441 -2558900.343085 -439200.433590 -0.303145
2186369.398731 -2558986.082128 -439194.987156 0.170087
2186360.778100 -2558945.649701 -439186.830565 -0.035567
2186368.796420 -2558984.403304 -439189.333602 -0.092274
2186353.639014 -2558916.375780 -439162.874811 0.229104
2186360.298247 -2558947.420972 -439169.105206 -0.028658
2186359.254941 -2558944.548287 -439159.563486 -0.029268
2186357.886076 -2558940.324487 -439149.852539 -0.029600
2186356.837993 -2558937.125085 -439143.357314 -0.028116
2186356.658944 -2558937.064555 -439137.350486 -0.032967
2186356.092704 -2558935.983531 -439131.109785 -0.029118
2186355.675422 -2558935.108991 -439124.967649 -0.033228
2186355.371884 -2558935.317541 -439119.082514 -0.031682
2186354.922523 -2558934.408738 -439112.859025 -0.029136
2186354.842667 -2558934.950408 -439106.992791 -0.031091
2186354.041868 -2558933.044326 -439100.706302 -0.031589
2186353.952706 -2558934.052901 -439094.834105 -0.028450
2186353.570785 -2558933.689527 -439088.806643 -0.030428
2186353.478022 -2558934.675531 -439083.027694 -0.031823
2186353.454008 -2558935.778340 -439077.172796 -0.028591
2186353.333338 -2558936.725846 -439071.375182 -0.031070
2186353.173592 -2558937.149059 -439065.494389 -0.032495
2186352.603622 -2558936.622553 -439056.367414 -0.030145
2186352.724377 -2558938.387564 -439050.707909 -0.033324
2186352.553245 -2558939.275667 -439044.814765 -0.030187
2186352.365838 -2558939.652222 -439038.954792 -0.029005
2186351.994263 -2558939.302056 -439032.932813 -0.030729
2186351.929180 -2558940.346509 -439027.054871 -0.028671
2186351.441252 -2558939.361517 -439020.919528 -0.030323
2186351.476044 -2558940.550281 -439015.070687 -0.027909
2186351.039346 -2558940.098545 -439009.061967 -0.026849
2186350.791260 -2558940.392763 -439003.153890 -0.028725
2186350.414489 -2558940.033968 -438997.131681 -0.030502
2186350.179704 -2558940.362883 -438991.139209 -0.027072
2186350.107411 -2558940.913939 -438985.269042 -0.029726
2186338.199300 -2558922.941478 -438980.321107 0.441041
2186349.675803 -2558942.073559 -438973.476737 -0.027171
2186349.497471 -2558942.466319 -438967.597121 -0.028205
2186349.358672 -2558943.381679 -438961.810966 -0.029172
2186349.202415 -2558943.828667 -438955.816274 -0.027951
2186349.251907 -2558945.480213 -438950.175071 -0.027734
2186349.022766 -2558946.271227 -438944.329510 -0.032116
2186349.137892 -2558947.564105 -438938.554571 -0.024672
2186349.005337 -2558948.489516 -438932.762220 -0.026360
2186349.006685 -2558949.610323 -438927.000809 -0.028316
2186349.014650 -2558951.221686 -438921.235437 -0.025349
2186348.938820 -2558952.244826 -438915.369597 -0.021730
2186348.587367 -2558951.922376 -438909.346741 -0.024140
2186348.517790 -2558952.941630 -438903.556739 -0.027090
2186348.548646 -2558954.563743 -438897.916438 -0.026337
2186348.446486 -2558955.552595 -438892.021970 -0.024921
2186348.139591 -2558955.286145 -438886.050513 -0.023424
2186348.017099 -2558956.227481 -438880.249013 -0.026195
2186347.814661 -2558956.600444 -438874.266564 -0.022746
2186347.791619 -2558957.680941 -438868.516150 -0.023090
2186347.687221 -2558958.644286 -438862.738386 -0.024069
2186347.612783 -2558959.669949 -438856.864292 -0.021398
2186347.580140 -2558960.738503 -438851.099809 -0.022827
2186347.604349 -2558962.371090 -438845.342039 -0.019507
2186347.759446 -2558964.646018 -438839.778131 -0.022419
2186347.577710 -2558965.029434 -438833.904664 -0.022608
2186347.362822 -2558965.365411 -438828.018234 -0.023397
2186347.451774 -2558967.091607 -438822.277472 -0.019846
2186347.298223 -2558968.542441 -438813.597700 -0.022828
2186347.491938 -2558971.341195 -438808.111774 -0.027246
2186347.398100 -2558972.425442 -438799.291792 -0.023191
2186348.322710 -2558979.158644 -438791.577997 -0.010826
2186348.419476 -2558980.435859 -438785.741341 -0.022193
2186348.526017 -2558981.683080 -438780.120591 -0.013473
2186348.544555 -2558983.771733 -438774.454419 -0.022677
2186348.395420 -2558984.689546 -438768.547636 -0.021276
2186348.785956 -2558985.424947 -438767.465464 0.479678
2186348.493563 -2558987.521392 -438757.165316 -0.022148
2186348.298433 -2558987.898765 -438751.201595 -0.017093
2186348.484929 -2558990.216839 -438745.648130 -0.019739
2186348.076965 -2558990.375265 -438736.671452 -0.015004
2186348.278234 -2558992.715554 -438731.116846 -0.018102
2186347.910411 -2558992.361329 -438725.109401 -0.018511
2186347.887122 -2558993.443406 -438719.334504 -0.021259
2186348.019893 -2558996.808552 -438707.935648 -0.019013
2186347.888409 -2558997.727032 -438702.161113 -0.019018
2186347.962902 -2558999.429058 -438696.418026 -0.015300
2186348.341463 -2559003.041969 -438688.143482 -0.016609
2186348.732980 -2559006.141218 -438682.620054 -0.015632
2186348.985682 -2559009.014048 -438677.192892 -0.016064
2186349.205929 -2559011.369191 -438671.698593 -0.013953
2186349.028595 -2559011.758704 -438665.811339 -0.015520
2186349.258284 -2559014.156725 -438660.163401 -0.014618
2186349.203276 -2559015.652094 -438654.485034 -0.015323
2186349.185686 -2559016.741480 -438648.709249 -0.018117
2186349.448690 -2559019.162319 -438643.206539 -0.017946
2186349.370687 -2559020.177616 -438637.333451 -0.014891
2186349.560697 -2559022.498298 -438631.781298 -0.017463
2186349.392346 -2559022.898898 -438625.902160 -0.018623
2186349.271381 -2559023.847350 -438620.037379 -0.013777
2186349.497088 -2559026.219881 -438614.493513 -0.016576
2186349.269602 -2559026.533868 -438608.600052 -0.017513
2186349.373284 -2559028.283279 -438602.831385 -0.016861
2186349.388115 -2559029.873467 -438597.198476 -0.015104
2186349.440607 -2559031.525127 -438591.542159 -0.016261
2186349.143418 -2559031.284753 -438585.472402 -0.010800
2186349.399226 -2559033.701248 -438579.931791 -0.013814
2186349.233586 -2559034.570971 -438574.131760 -0.015364
2186349.288169 -2559036.225483 -438568.474977 -0.016616
2186348.965078 -2559035.947921 -438562.393802 -0.011602
2186348.753652 -2559036.290309 -438556.475508 -0.015242
2186348.849379 -2559038.006373 -438550.819307 -0.017391
2186348.610182 -2559038.319526 -438544.824654 -0.014154
2186348.580453 -2559039.389623 -438539.043503 -0.017141
2186348.376899 -2559039.738240 -438533.150395 -0.018762
2186348.424416 -2559041.376177 -438527.518669 -0.017500
2186348.287464 -2559042.303482 -438521.630180 -0.014461
2186348.228093 -2559043.328609 -438515.848482 -0.016960
2186348.353516 -2559045.087356 -438510.198789 -0.019199
2186347.964049 -2559044.715471 -438504.084262 -0.015723
2186348.310896 -2559047.724816 -438498.666461 -0.017288
2186348.268434 -2559048.786728 -438492.813356 -0.013167
2186348.016564 -2559049.068209 -438486.888685 -0.016596
2186347.975286 -2559050.120071 -438481.106386 -0.019406
2186347.890873 -2559051.121384 -438475.239021 -0.015789
2186348.149231 -2559053.509247 -438469.860489 -0.017070
2186348.094965 -2559054.576303 -438463.879216 -0.011289
2186347.946873 -2559055.458580 -438458.150867 -0.020044
2186347.888289 -2559056.495281 -438452.298631 -0.015619
2186347.935292 -2559058.142514 -438446.610591 -0.019575
2186347.921053 -2559059.220911 -438440.893716 -0.016908
2186347.703502 -2559059.567176 -438434.886897 -0.015300
2186347.782071 -2559062.848859 -438423.442132 -0.015887
2186347.686999 -2559063.801867 -438417.755086 -0.022039
2186347.618544 -2559064.825879 -438411.888442 -0.018553
2186347.559488 -2559065.858888 -438406.046491 -0.013146
2186347.446047 -2559066.807507 -438400.230311 -0.017401
2186347.510406 -2559068.006263 -438394.500711 -0.017931
2186347.317767 -2559068.834854 -438388.686558 -0.020125
2186347.261797 -2559069.877526 -438382.818166 -0.017100
2186347.487405 -2559072.244729 -438377.278193 -0.019468
2186343.677265 -2559066.967351 -438372.280915 0.151032
2186347.310659 -2559074.217800 -438365.624563 -0.017781
2186347.239365 -2559075.220541 -438359.850655 -0.019075
2186347.414748 -2559077.530359 -438354.204869 -0.016440
2186347.518487 -2559079.252984 -438348.558060 -0.018033
2186347.593556 -2559080.934027 -438342.902824 -0.019572
2186347.564162 -2559082.314363 -438336.970407 -0.012175
2186347.566387 -2559083.589580 -438331.366483 -0.018313
2186347.445751 -2559084.370555 -438325.337706 -0.009848
2186347.357188 -2559085.350687 -438319.544652 -0.012487
2186347.300744 -2559086.539480 -438313.924402 -0.018832
2186347.406256 -2559088.262469 -438308.285282 -0.019566
2186347.517624 -2559089.997648 -438302.629437 -0.022007
2186347.360410 -2559090.886705 -438296.758510 -0.016965
2186347.313951 -2559091.927468 -438290.976202 -0.019615
2186347.380497 -2559093.611116 -438285.226128 -0.016438
2186347.274725 -2559094.563173 -438279.439402 -0.018099
2186347.158492 -2559095.507275 -438273.614376 -0.023087
2186347.115886 -2559096.397582 -438267.638880 -0.011324
2186347.305522 -2559098.709393 -438262.097351 -0.012991
2186347.288110 -2559099.952782 -438256.473694 -0.020644
2186347.365392 -2559101.635402 -438250.819548 -0.022101
2186347.146030 -2559101.973976 -438244.820056 -0.019557
2186347.194599 -2559103.611817 -438239.172406 -0.019893
2186347.292967 -2559105.351080 -438233.380878 -0.021166
2186347.188408 -2559106.296541 -438227.631088 -0.019551
2186347.034310 -2559107.034080 -438221.593331 -0.010913
2186347.175344 -2559108.965364 -438216.114573 -0.016555
2186347.246007 -2559110.639857 -438210.448302 -0.019143
2186331.803163 -2559089.594359 -438201.539595 0.045013
2186346.902917 -2559112.216928 -438198.547360 -0.003783
2186347.151404 -2559114.294105 -438193.151213 -0.017956
2186347.011784 -2559115.057050 -438187.104373 -0.010459
2186347.141106 -2559116.974261 -438181.595005 -0.018878
2186346.953027 -2559117.336805 -438175.718069 -0.019138
2186347.078695 -2559119.417547 -438169.902452 -0.012032
2186347.055121 -2559120.637369 -438164.311309 -0.016619
2186347.117751 -2559122.295868 -438158.659917 -0.017451
2186346.997204 -2559123.090312 -438152.607071 -0.010927
2186347.227603 -2559125.611520 -438147.233671 -0.016914
2186347.210314 -2559126.706341 -438141.375466 -0.013947
2186347.230694 -2559128.150581 -438135.561436 -0.009692
2186347.327305 -2559130.012652 -438130.059780 -0.016606
2186347.360539 -2559131.626058 -438124.409562 -0.016635
2186347.390312 -2559133.108848 -438118.466130 -0.011341
2186347.619387 -2559135.624086 -438113.097627 -0.016788
2186347.726868 -2559137.347466 -438107.455435 -0.017805
2186347.774135 -2559139.000967 -438101.695824 -0.014994
2186347.949161 -2559141.135203 -438096.017010 -0.009888
2186348.015248 -2559142.818954 -438090.250577 -0.008018
2186348.333907 -2559145.779615 -438084.831346 -0.009140
2186348.273790 -2559146.792679 -438079.067961 -0.009634
2186348.517996 -2559149.181609 -438073.536297 -0.011444
2186348.597330 -2559150.885619 -438067.766522 -0.010345
2186348.756955 -2559153.146953 -438062.234627 -0.010174
2186348.819979 -2559154.822756 -438056.481950 -0.007102
2186348.910306 -2559156.520573 -438050.835267 -0.008123
2186348.954372 -2559158.153087 -438045.166330 -0.010133
2186349.027817 -2559159.843786 -438039.416296 -0.007058
2186348.969663 -2559160.860235 -438033.647460 -0.008104
2186348.829116 -2559161.758664 -438027.848079 -0.010045
2186348.774562 -2559162.797245 -438021.983775 -0.006727
2186348.707589 -2559163.801601 -438016.207829 -0.008217
2186348.477424 -2559164.121571 -438010.203903 -0.005909
2186348.524940 -2559165.735461 -438004.662069 -0.009637
2186333.553656 -2559146.229464 -437991.658177 -0.422278
2186348.646728 -2559169.062506 -437993.249250 -0.007903
2186348.704936 -2559170.730872 -437987.492258 -0.005105
2186348.775285 -2559172.400010 -437981.833627 -0.006760
2186348.614644 -2559172.801115 -437975.956152 -0.007784
2186348.820738 -2559175.131676 -437970.421274 -0.008970
2186348.869429 -2559176.784514 -437964.668264 -0.005405
2186348.886057 -2559178.376126 -437958.991355 -0.007645
2186349.013673 -2559180.124290 -437953.366387 -0.007507
2186348.920517 -2559181.108770 -437947.476679 -0.005631
2186348.964042 -2559182.737741 -437941.813980 -0.007013
2186348.899213 -2559183.760738 -437935.943768 -0.003831
2186349.139498 -2559186.141649 -437930.411704 -0.005696
2186349.041773 -2559187.099821 -437924.628667 -0.007102
2186349.224014 -2559189.411547 -437918.993158 -0.003752
2186349.157969 -2559190.415682 -437913.218053 -0.005163
2186349.385738 -2559192.776374 -437907.691304 -0.006077
2186349.166134 -2559193.108036 -437901.700264 -0.002788
2186349.196517 -2559194.718288 -437896.029324 -0.004626
2186349.559443 -2559197.274797 -437890.539494 -0.005273
2186349.422368 -2559198.620982 -437884.925375 0.002144
2186349.414962 -2559199.726278 -437879.085347 -0.006870
2186349.608091 -2559202.058548 -437873.426070 -0.005805
2186349.412646 -2559202.405434 -437867.550197 -0.005849
2186349.462081 -2559204.061656 -437861.778753 -0.004002
2186349.652772 -2559206.366467 -437856.248148 -0.004383
2186349.723668 -2559208.036422 -437850.580713 -0.006994
2186349.673994 -2559209.078881 -437844.720767 -0.003182
2186349.728581 -2559210.721624 -437839.065538 -0.004267
2186349.810729 -2559212.403029 -437833.423864 -0.004581
2186349.755823 -2559213.441983 -437827.541281 -0.002753
2186349.975865 -2559215.789088 -437822.018240 -0.003276
2186349.844599 -2559216.697682 -437816.223443 -0.004963
2186349.659097 -2559217.544578 -437810.316697 -0.002465
2186350.117671 -2559220.706928 -437804.921869 -0.004359
2186350.076932 -2559222.202212 -437799.282671 -0.001530
2186350.130855 -2559223.383355 -437793.518354 -0.004742
2186350.459745 -2559226.374657 -437787.989388 -0.002716
2186351.436596 -2559228.281601 -437787.834917 0.671393
2186350.429257 -2559228.995323 -437776.534248 -0.006882
2186350.609662 -2559231.279437 -437771.024064 -0.005247
2186350.849796 -2559233.678080 -437765.379155 -0.003919
2186350.749345 -2559234.632780 -437759.582643 -0.006645
2186351.071632 -2559237.127053 -437754.088783 -0.006667
2186350.940834 -2559238.052207 -437748.198395 -0.003765
2186350.987332 -2559239.680022 -437742.550499 -0.003958
2186351.086934 -2559241.408430 -437736.787421 -0.002473
2186351.146955 -2559243.052224 -437731.160200 -0.001046
2186350.861381 -2559243.270653 -437725.239778 -0.002940
2186351.007088 -2559245.064549 -437719.494975 -0.000826
2186350.919763 -2559246.039798 -437713.691998 -0.004454
2186351.096665 -2559248.325157 -437708.145743 -0.005924
2186350.807087 -2559248.529983 -437702.260782 -0.004405
2186350.756670 -2559249.575812 -437696.369587 -0.003621
2186350.739851 -2559250.648900 -437690.606349 -0.005039
2186350.519553 -2559250.976723 -437684.615617 -0.001677
2186350.549108 -2559252.563734 -437679.052680 -0.006864
2186350.492376 -2559253.599331 -437673.163494 -0.005583
2186350.418040 -2559254.589071 -437667.382691 -0.007277
2186350.215713 -2559254.937482 -437661.422472 -0.001480
2186350.259083 -2559256.547115 -437655.849465 -0.007927
2186350.032576 -2559256.869836 -437649.835869 -0.006544
2186350.136528 -2559258.596640 -437644.107384 -0.001913
2186349.902884 -2559258.892038 -437638.188184 -0.004890
2186349.690838 -2559259.216449 -437632.286369 -0.006928
2186349.602011 -2559260.183108 -437626.509490 -0.007906
2186349.560873 -2559261.251928 -437620.555802 0.000342
2186349.468337 -2559262.200393 -437614.854144 -0.007028
2186349.342337 -2559262.645826 -437608.993074 -0.007130
2186348.812184 -2559262.509102 -437602.986251 0.002072
2186348.924091 -2559263.782877 -437597.184998 -0.005913
2186348.914595 -2559264.883570 -437591.321248 -0.003516
2186348.781585 -2559265.787888 -437585.521461 -0.005580
2186348.960418 -2559267.612650 -437579.876568 -0.008426
2186339.285152 -2559253.619923 -437576.610623 0.657205
2186348.856981 -2559270.134238 -437568.331337 -0.005821
2186338.503691 -2559258.701854 -437554.013426 0.257984
2186349.279924 -2559276.926693 -437548.612651 -0.005693
2186349.397232 -2559279.120686 -437543.065303 -0.005824
2186349.676431 -2559284.231989 -437525.987780 -0.008344
2186349.800878 -2559287.552748 -437514.565837 -0.007283
2186349.810627 -2559288.659520 -437508.824430 -0.007421
2186350.036797 -2559291.498901 -437503.264419 -0.005632
2186350.325114 -2559293.928821 -437497.835546 -0.012241
2186349.436953 -2559291.443038 -437491.224634 -0.006006
2186348.994214 -2559290.497073 -437485.111387 -0.006429
2186348.621564 -2559290.120310 -437479.088918 -0.008047
2186348.247413 -2559289.758045 -437472.969192 -0.005027
2186337.253407 -2559238.243839 -437462.542939 -0.199263
2186347.881877 -2559290.486662 -437461.189871 -0.007998
2186347.749945 -2559291.390134 -437455.395875 -0.009521
2186334.119993 -2559272.868835 -437442.725704 -0.380613
2186347.776702 -2559294.101761 -437443.868447 -0.008275
2186347.554556 -2559294.427310 -437437.862207 -0.006270
2186347.453080 -2559295.373130 -437432.084546 -0.006984
2186347.386305 -2559296.372158 -437426.302101 -0.008963
2186347.134601 -2559296.651534 -437420.302879 -0.005612
2186347.215592 -2559298.331107 -437414.639305 -0.007834
2186346.983499 -2559298.637755 -437408.650704 -0.003945
2186346.764699 -2559298.950365 -437402.745352 -0.005942
2186346.689271 -2559299.937340 -437396.956791 -0.008281
2186346.633032 -2559300.948257 -437391.192388 -0.008820
2186346.396337 -2559301.253184 -437385.177521 -0.007267
2186346.309317 -2559302.220385 -437379.399544 -0.008343
2186346.249981 -2559303.230388 -437373.615983 -0.010592
2186345.925189 -2559302.938992 -437367.508793 -0.007717
2186345.779951 -2559303.822319 -437361.711197 -0.009244
2186345.436349 -2559303.504402 -437355.594510 -0.006818
2186345.511631 -2559305.153307 -437350.050960 -0.011210
2186344.998912 -2559304.124786 -437343.803908 -0.008941
2186344.794002 -2559304.470796 -437337.820149 -0.005231
2186344.562908 -2559304.767441 -437331.899000 -0.008407
2186344.459366 -2559305.708202 -437326.126621 -0.008727
2186344.045762 -2559305.289359 -437319.985966 -0.006706
2186344.057879 -2559306.404447 -437314.212673 -0.009673
2186343.962058 -2559307.354356 -437308.451793 -0.009090
2186343.888033 -2559308.357937 -437302.573634 -0.006300
2186343.555875 -2559308.511187 -437296.607807 -0.011417
2186343.532908 -2559309.577791 -437290.797437 -0.003500
2186343.490498 -2559310.616855 -437284.992888 -0.008088
2186343.543672 -2559312.248784 -437279.352103 -0.007666
2186343.499414 -2559313.297624 -437273.470779 -0.005867
2186343.406693 -2559314.239208 -437267.786638 -0.011539
2186343.372298 -2559315.297398 -437261.932094 -0.007629
2186343.207537 -2559316.169770 -437256.025023 -0.005383
2186345.392719 -2559321.718142 -437246.918514 -0.438320
2186343.034814 -2559318.106855 -437244.455454 -0.008950
2186342.951260 -2559319.076877 -437238.683766 -0.009495
2186342.898116 -2559320.107368 -437232.825380 -0.005495
2186342.831675 -2559321.105352 -437227.042592 -0.007476
2186342.608762 -2559321.424071 -437221.054932 -0.003685
2186342.677822 -2559323.086749 -437215.378194 -0.006809
2186342.774655 -2559324.784895 -437209.732564 -0.007687
2186342.803282 -2559326.384869 -437204.063956 -0.009113
2186342.695242 -2559327.337188 -437198.181984 -0.006019
2186342.615821 -2559328.331909 -437192.303334 -0.003280
2186342.512533 -2559329.256999 -437186.619245 -0.008689
2186342.360621 -2559329.678241 -437180.652031 -0.004485
2186342.408331 -2559331.310110 -437174.967023 -0.007884
2186342.275556 -2559332.227834 -437169.070880 -0.005511
2186342.133387 -2559332.644334 -437163.213263 -0.004817
2186341.847495 -2559332.856872 -437157.293613 -0.006696
2186341.921845 -2559334.522732 -437151.638217 -0.007940
2186341.850857 -2559335.527454 -437145.771062 -0.004164
2186341.770066 -2559336.503986 -437139.984666 -0.006289
2186341.670138 -2559337.453047 -437134.191207 -0.008455
2186341.605408 -2559338.465194 -437128.333471 -0.004100
2186341.412082 -2559338.811660 -437122.439762 -0.005573
2186341.460928 -2559340.458989 -437116.670643 -0.003302
2186341.353216 -2559341.393222 -437110.891839 -0.004078
2186341.441941 -2559343.080638 -437105.235308 -0.005773
2186341.144437 -2559343.825993 -437096.414078 -0.009963
2186341.134529 -2559344.913967 -437090.588412 -0.003902
2186341.373012 -2559347.280729 -437085.071437 -0.003956
2186341.151259 -2559348.070564 -437079.142012 -0.002569
2186341.168192 -2559350.245255 -437070.348139 -0.013819
2186340.977073 -2559350.548918 -437064.693954 -0.006351
2186340.662917 -2559350.269192 -437058.596533 -0.002761
2186340.874112 -2559352.597274 -437053.066687 -0.003354
2186340.823180 -2559353.617322 -437047.284748 -0.005749
2186340.676734 -2559354.511437 -437041.399135 -0.001891
2186340.612928 -2559355.510749 -437035.623254 -0.003249
2186340.707345 -2559357.222888 -437029.870573 -0.000665
2186340.556782 -2559358.094900 -437024.077569 -0.001578
2186340.525492 -2559359.142214 -437018.306278 -0.003436
2186340.617366 -2559361.298437 -437012.736345 -0.004930
2186340.779037 -2559363.090160 -437007.104673 -0.005987
2186336.896661 -2559358.469493 -437003.019172 0.260787
2186340.777603 -2559365.752276 -436995.579348 -0.003686
2186340.706186 -2559366.738333 -436989.811019 -0.004150
2186340.783816 -2559368.428335 -436984.041546 -0.002740
2186325.539188 -2559348.843663 -436971.748632 -0.325363
2186341.053797 -2559372.417362 -436972.742781 -0.001384
2186341.095426 -2559374.035431 -436967.074776 -0.002986
2186341.165475 -2559375.692634 -436961.424524 -0.003601
2186341.090140 -2559376.694506 -436955.533761 -0.002036
2186341.437159 -2559379.683943 -436950.126039 -0.002244
2186341.635648 -2559381.995545 -436944.579948 -0.004002
2186341.712067 -2559383.663838 -436938.921954 -0.005657
2186341.520639 -2559384.021064 -436932.969275 0.000882
2186341.284125 -2559384.307470 -436927.045830 -0.002306
2186341.285241 -2559386.417231 -436918.462690 -0.007133
2186340.942231 -2559386.107481 -436912.280463 0.002746
2186340.685324 -2559386.341851 -436906.476328 -0.002334
2186339.885439 -2559383.963164 -436899.984351 -0.000397
2186339.089556 -2559381.571737 -436893.599878 -0.002204
2186338.562531 -2559380.498809 -436887.465181 -0.002567
2186337.797836 -2559378.150639 -436881.097935 -0.003337
2186337.142115 -2559376.443966 -436874.739500 -0.000351
2186336.279071 -2559373.954678 -436868.336752 -0.002111
2186335.978095 -2559373.695704 -436862.229837 0.000304
2186335.620644 -2559373.333806 -436856.225126 0.000236
2186335.112032 -2559372.749723 -436850.192797 0.001162
2186334.882804 -2559372.585320 -436844.166557 -0.003935
2186334.653094 -2559372.894800 -436838.162832 -0.001412
2186334.613644 -2559373.931457 -436832.379158 -0.004033
2186334.332947 -2559374.144439 -436826.486835 -0.003264
2186334.137427 -2559374.505175 -436820.484046 -0.001460
2186333.900554 -2559374.785435 -436814.585374 -0.002305
2186333.813490 -2559375.766709 -436808.705832 0.000608
2186333.620552 -2559376.112078 -436802.812529 -0.000781
2186333.545011 -2559377.095516 -436797.022509 -0.003134
2186333.467857 -2559378.073027 -436791.249733 -0.004006
2186333.362705 -2559379.029300 -436785.358518 -0.001584
2186333.302746 -2559380.032985 -436779.584264 -0.002997
2186333.190210 -2559380.977878 -436773.694099 -0.000311
2186333.100500 -2559381.938447 -436767.911053 -0.001673
2186333.090043 -2559383.017859 -436762.130944 -0.004794
2186333.264805 -2559385.290894 -436756.595884 -0.004932
2186333.059209 -2559385.639302 -436750.577846 -0.004297
2186333.066552 -2559387.202814 -436744.919963 -0.004110
2186333.155340 -2559388.905313 -436739.166825 -0.001212
2186332.851937 -2559388.623999 -436733.164201 -0.002496
2186332.571021 -2559388.843079 -436727.238857 -0.004782
2186332.625866 -2559390.477993 -436721.581319 -0.005668
2186332.603658 -2559391.536663 -436715.815249 -0.007029
2186332.323388 -2559391.774364 -436709.787868 -0.005496
2186332.586652 -2559394.180608 -436704.252831 -0.007706
2186332.287850 -2559394.385183 -436698.250618 -0.003386
2186332.441915 -2559395.696203 -436692.549367 -0.002856
2186332.030389 -2559395.731019 -436686.561891 -0.007848
2186331.973681 -2559396.754960 -436680.695466 -0.004398
2186331.864716 -2559397.688073 -436674.903476 -0.006121
2186331.808973 -2559398.713579 -436669.036350 -0.002757
2186331.706697 -2559399.640256 -436663.340685 -0.009165
2186331.788161 -2559401.331900 -436657.585407 -0.006265
2186331.720658 -2559401.856671 -436651.737309 -0.006534
2186331.470237 -2559402.605314 -436645.788799 -0.006005
2186331.220423 -2559402.863939 -436639.898280 -0.005917
2186331.286089 -2559404.517630 -436634.227805 -0.008244
2186330.980558 -2559404.245376 -436628.148006 -0.002997
2186322.425522 -2559391.910267 -436624.997249 0.601071
2186330.777263 -2559406.153365 -436616.450878 -0.003967
2186330.585246 -2559406.499763 -436610.556726 -0.005584
2186330.679680 -2559408.192519 -436604.907030 -0.006653
2186330.418546 -2559408.456037 -436598.892753 -0.004171
2186330.627739 -2559410.782094 -436593.350683 -0.005888
2186330.397321 -2559411.073398 -436587.442534 -0.007726
2186330.593784 -2559413.942035 -436578.924103 -0.005202
2186330.332788 -2559414.192351 -436572.990886 -0.008662
2186330.255924 -2559415.184402 -436567.130770 -0.004133
2186330.215745 -2559416.217457 -436561.355933 -0.005854
2186329.996829 -2559416.524480 -436555.455458 -0.007241
2186327.188279 -2559413.717810 -436548.051272 -0.096516
2186329.967702 -2559419.692131 -436541.026132 -0.007041
2186329.556380 -2559419.273642 -436534.881038 -0.005535
2186329.510605 -2559420.277491 -436529.223400 -0.009693
2186329.548044 -2559421.906113 -436523.450956 -0.007332
2186329.467878 -2559422.901788 -436517.548306 -0.006669
2186329.409617 -2559423.905740 -436511.782290 -0.007130
2186329.377457 -2559426.519840 -436500.250673 -0.004483
2186328.872205 -2559425.482771 -436494.094854 -0.007270
2186329.082622 -2559427.808992 -436488.560269 -0.008127
2186328.967822 -2559429.295852 -436479.786641 -0.006374
2186328.879066 -2559430.256596 -436474.007010 -0.007378
2186328.849669 -2559431.305467 -436468.234021 -0.009325
2186328.684343 -2559432.176808 -436462.311398 -0.008348
2186328.501945 -2559432.537098 -436456.419289 -0.009961
2186328.616107 -2559434.255539 -436450.788626 -0.009676
2186328.432609 -2559435.111632 -436444.806404 -0.013823
2186325.247913 -2559420.302464 -436439.585472 -0.142734
2186328.359224 -2559437.189382 -436433.234837 -0.006067
2186327.268219 -2559436.270969 -436429.046583 0.532679
2186328.079779 -2559439.512179 -436418.748104 -0.010940
2186328.062264 -2559441.134947 -436410.026725 -0.006568
2186327.832669 -2559441.430110 -436404.104961 -0.009667
2186327.899755 -2559443.084968 -436398.438164 -0.011628
2186327.811779 -2559444.047648 -436392.654696 -0.012989
2186327.749932 -2559445.063488 -436386.788288 -0.009357
2186327.551390 -2559445.394799 -436380.918775 -0.008320
2186327.576018 -2559447.568670 -436372.155952 -0.003241
2186327.362263 -2559447.861915 -436366.376254 -0.006973
2186327.175783 -2559448.708403 -436360.419302 -0.008830
2186327.192760 -2559450.288803 -436354.747414 -0.010073
2186327.077289 -2559451.209534 -436348.966544 -0.010534
2186327.379981 -2559453.687411 -436343.354741 -0.007385
2186327.075740 -2559453.388189 -436337.446639 -0.013124
2186327.276429 -2559455.714285 -436331.825422 -0.008445
2186325.238277 -2559446.443363 -436329.546781 -0.222985
2186326.666239 -2559455.631850 -436319.784776 -0.008095
2186326.770944 -2559457.337603 -436314.146781 -0.008391
2186326.717165 -2559459.914526 -436302.637786 -0.003040
2186326.494557 -2559460.245151 -436296.578430 -0.005585
2186326.683378 -2559462.536733 -436291.054292 -0.004914
2186326.648023 -2559463.572545 -436285.301561 -0.004798
2186326.559816 -2559464.554691 -436279.405731 -0.003090
2186326.652492 -2559466.242357 -436273.767522 -0.003120
2186326.574544 -2559467.221544 -436267.977616 -0.005288
2186326.644986 -2559468.881831 -436262.309430 -0.007431
2186326.471041 -2559470.279366 -436253.537348 -0.004053
2186319.382695 -2559461.454677 -436244.015512 -0.198479
2186326.494849 -2559472.976093 -436242.014842 -0.001749
2186326.541397 -2559474.599112 -436236.353004 -0.002720
2186326.478726 -2559475.599420 -436230.572682 -0.004345
2186326.356132 -2559476.529236 -436224.679958 -0.001707
2186321.507096 -2559469.349618 -436221.272960 0.381929
2186326.106538 -2559477.881581 -436213.015261 -0.003907
2186326.034052 -2559478.866855 -436207.236507 -0.005314
2186325.959109 -2559480.345417 -436201.354763 0.002941
2186326.159272 -2559482.179492 -436195.808738 -0.004187
2186325.887869 -2559482.422392 -436189.820103 0.000858
2186325.553130 -2559482.094596 -436183.812235 0.000081
2186325.868023 -2559485.011807 -436178.533169 -0.000666
2186325.632818 -2559486.974132 -436163.748187 0.000447
2186325.591510 -2559488.045638 -436157.746446 0.004540
2186325.370917 -2559488.307486 -436152.086839 -0.001123
2186324.896318 -2559487.820334 -436145.796478 0.001924
2186324.642682 -2559488.038883 -436140.090035 0.006020
2186324.386080 -2559488.329773 -436133.975908 -0.000980
2186324.564946 -2559490.142485 -436128.362762 -0.000511
2186324.285094 -2559490.363596 -436122.434480 -0.002973
2186324.257338 -2559491.412643 -436116.674302 -0.003517
2186324.026821 -2559491.721153 -436110.666862 -0.001162
2186324.055488 -2559493.317117 -436105.006986 -0.001506
2186323.579571 -2559492.882046 -436095.897036 0.000997
2186323.694937 -2559495.070403 -436090.338254 0.000232
2186323.617113 -2559496.046288 -436084.567291 -0.000130
2186323.573470 -2559497.095172 -436078.675754 0.000810
2186323.503403 -2559498.083569 -436072.900920 -0.000092
2186323.404029 -2559499.026569 -436067.132421 0.000122
2186323.193711 -2559499.346497 -436061.234203 -0.001170
2186322.976920 -2559499.676921 -436055.221335 0.000514
2186322.904331 -2559500.660157 -436049.453696 0.000191
2186322.650790 -2559500.937732 -436043.428576 0.001608
2186322.570561 -2559501.910081 -436037.658074 0.001192
2186322.454905 -2559502.832475 -436031.870645 0.000198
2186322.468659 -2559503.947737 -436026.093804 -0.002856
2186322.196932 -2559504.193837 -436020.089215 0.000755
2186322.390323 -2559506.496389 -436014.548267 -0.000181
2186322.201172 -2559506.869393 -436008.531777 0.000377
2186322.230112 -2559508.450748 -436002.962362 -0.004862
2186322.288086 -2559510.103379 -435997.227684 0.000515
2186322.372691 -2559511.786282 -435991.556612 -0.002153
2186322.448069 -2559513.468987 -435985.803276 0.001059
2186322.177204 -2559513.697396 -435979.907797 0.001483
2186322.440241 -2559516.106992 -435974.357215 -0.001972
2186322.334544 -2559517.063843 -435968.460366 -0.000038
2186322.231099 -2559518.004879 -435962.672995 -0.001297
2186322.165526 -2559519.004186 -435956.880032 -0.004133
2186322.003633 -2559519.405325 -435950.928023 0.001965
2186321.895197 -2559519.877365 -435945.038768 -0.000848
2186321.970812 -2559522.006669 -435939.478606 -0.000938
2186322.015876 -2559523.645084 -435933.719109 0.002602
2186321.978270 -2559524.688191 -435927.918587 -0.001580
2186321.701168 -2559524.913905 -435921.991592 -0.003944
2186321.463867 -2559525.214303 -435915.977099 -0.001896
2186321.390662 -2559526.200362 -435910.193662 -0.003653
2186321.305493 -2559527.166298 -435904.420451 -0.004017
2186321.534826 -2559532.188429 -435887.347357 -0.003607
2186321.276183 -2559532.442175 -435881.419991 -0.006422
2186321.533038 -2559534.850557 -435875.816676 -0.001278
2186321.386992 -2559535.730839 -435870.014421 -0.002899
2186321.371299 -2559536.358740 -435864.032931 -0.003137
2186321.380576 -2559538.394864 -435858.441045 -0.004434
2186321.361996 -2559539.460933 -435852.670066 -0.006137
2186321.518391 -2559541.279241 -435846.838267 0.001413
2186321.029845 -2559540.712716 -435840.885555 -0.004042
2186321.118788 -2559542.401318 -435835.221933 -0.006076
2186320.710602 -2559541.981067 -435829.115765 -0.000866
2186320.753681 -2559543.138801 -435823.351627 -0.003375
2186320.894030 -2559545.386021 -435817.679151 -0.001920
2186320.813741 -2559546.361724 -435811.896331 -0.003264
2186320.750300 -2559547.360209 -435806.126443 -0.003797
2186320.955208 -2559549.683360 -435800.574480 -0.006129
2186321.149169 -2559551.525812 -435794.933460 -0.008518
2186320.654034 -2559550.982181 -435788.790781 -0.004652
2186320.994626 -2559553.967441 -435783.359807 -0.006541
2186320.649127 -2559555.206759 -435771.541735 -0.007227
2186320.540605 -2559555.671371 -435765.692697 -0.006256
2186317.016384 -2559552.752853 -435755.901009 -0.320489
2186320.764035 -2559559.595562 -435754.374037 -0.005033
2186320.833496 -2559561.256510 -435748.704361 -0.007157
2186320.786490 -2559562.280486 -435742.932680 -0.008229
2186320.700279 -2559563.265234 -435737.048916 -0.005473
2186320.467013 -2559563.573784 -435731.029488 -0.004090
2186320.354592 -2559564.499720 -435725.255727 -0.003812
2186320.389201 -2559566.109760 -435719.579013 -0.005756
2186320.334970 -2559567.141384 -435713.702439 -0.003087
2186320.426740 -2559568.832123 -435708.052739 -0.003863
2186320.798793 -2559571.864411 -435702.625630 -0.006106
2186320.860092 -2559573.528490 -435696.866961 -0.002961
2186321.045725 -2559575.827960 -435691.291282 -0.006851
2186321.178575 -2559577.575089 -435685.669279 -0.006006
2186321.930546 -2559583.120182 -435677.607679 -0.004985
2186321.652005 -2559583.341371 -435671.699083 -0.005541
2186321.508406 -2559583.784854 -435665.682849 -0.005954
2186321.649524 -2559586.010515 -435660.141094 -0.005617
2186321.705322 -2559587.648088 -435654.487911 -0.005847
2186321.633966 -2559588.634891 -435648.721781 -0.005976
2186321.551200 -2559589.629882 -435642.816224 -0.005142
2186321.936009 -2559592.678782 -435637.404016 -0.006448
2186322.122443 -2559594.969784 -435631.877542 -0.005752
2186322.502716 -2559598.032145 -435626.350920 -0.003940
2186322.715204 -2559600.365824 -435620.807927 -0.005539
2186322.748262 -2559601.972318 -435615.140397 -0.006578
2186323.141187 -2559605.053814 -435609.614022 -0.005172
2186323.312416 -2559607.328188 -435604.057698 -0.006900
2186323.450515 -2559609.088684 -435598.411644 -0.008385
2186323.538555 -2559611.257742 -435592.742561 -0.005303
2186323.687454 -2559613.037966 -435587.079938 -0.008583
2186323.748103 -2559614.679539 -435581.445204 -0.007185
2186323.643123 -2559615.637053 -435575.562067 -0.003884
2186324.229402 -2559619.462157 -435570.183871 -0.000871
2186325.099328 -2559625.078170 -435565.228219 -0.002244
2186326.059481 -2559630.822692 -435560.308528 -0.002217
2186326.515215 -2559634.443863 -435554.980260 -0.004968
2186327.002914 -2559638.123323 -435549.587793 -0.001109
2186327.177110 -2559640.404335 -435544.022278 -0.003732
2186327.640741 -2559644.036313 -435538.699787 -0.006122
2186328.599890 -2559649.795756 -435533.684169 -0.001635
2186328.985190 -2559652.847145 -435528.265602 -0.003335
2186329.654207 -2559656.794214 -435522.900506 -0.001175
2186329.824379 -2559659.062305 -435517.369547 -0.000472
2186329.526687 -2559659.278310 -435511.337095 0.001278
2186329.582307 -2559660.901624 -435505.772439 -0.004171
2186329.618414 -2559662.532321 -435499.998031 -0.001688
2186329.645742 -2559664.113342 -435494.431957 -0.006594
2186330.071204 -2559667.251526 -435488.856388 0.003019
2186330.282438 -2559669.585713 -435483.305709 0.000939
2186320.758722 -2559657.928695 -435479.169790 0.413944
2186317.104636 -2559655.375471 -435466.457885 0.061446
2186331.104756 -2559677.877289 -435463.880952 0.005190
2186330.315527 -2559675.987184 -435457.469270 -0.006771
2186329.355430 -2559672.897607 -435450.934090 0.002910
2186328.714216 -2559671.198502 -435444.679577 0.001968
2186328.128771 -2559669.586646 -435438.409104 -0.001616
2186327.273562 -2559667.132338 -435431.897805 -0.000147
2186326.676268 -2559665.494622 -435425.666725 0.000221
2186327.676876 -2559666.446694 -435420.906780 0.093064
2186325.641648 -2559663.404556 -435413.288642 0.002774
2186325.120003 -2559662.345385 -435407.144291 0.001647
2186324.781629 -2559662.020379 -435401.118599 -0.000535
2186324.427740 -2559661.687019 -435395.005136 0.002817
2186324.062669 -2559661.322457 -435388.976602 0.000993
2186323.833685 -2559661.618510 -435383.078908 0.000367
2186323.183924 -2559659.924172 -435376.724650 0.003847
2186322.612572 -2559658.334684 -435370.449900 -0.000450
2186322.166466 -2559657.845093 -435364.436539 0.001057
2186321.205425 -2559654.768987 -435357.828748 0.003853
2186320.285874 -2559651.737156 -435351.324881 0.002021
2186319.525284 -2559649.417283 -435344.854641 0.005120
2186319.013222 -2559648.373747 -435338.705802 0.003365
2186318.071162 -2559645.306565 -435332.208810 0.002700
2186317.315494 -2559642.978674 -435325.828629 0.000579
2186316.190038 -2559639.195528 -435319.107526 0.004661
2186315.597126 -2559637.570039 -435312.850605 0.002381
2186314.600973 -2559634.443201 -435306.231641 0.005148
2186314.098573 -2559633.414054 -435300.084187 0.003306
2186313.600168 -2559632.389606 -435293.943744 0.001866
2186313.260604 -2559632.077821 -435287.833551 0.005365
2186313.320599 -2559633.728139 -435282.164551 0.003495
2186313.246551 -2559634.731694 -435276.297217 0.007764
2186313.416450 -2559637.007852 -435270.736836 0.005787
2186313.351342 -2559638.009504 -435264.959879 0.004610
2186313.268825 -2559638.985318 -435259.181105 0.003836
2186313.372359 -2559640.697725 -435253.530625 0.002824
2186313.592227 -2559643.062904 -435247.890221 0.005575
2186313.650700 -2559644.708340 -435242.235931 0.005278
2186313.691573 -2559646.331721 -435236.559797 0.003370
2186313.777280 -2559648.037584 -435230.796617 0.005645
2186313.945889 -2559650.306899 -435225.262859 0.006190
2186313.766968 -2559650.702332 -435219.240710 0.006166
2186313.857954 -2559652.379513 -435213.686347 0.000923
2186313.779390 -2559653.925566 -435204.938633 0.004755
2186313.659372 -2559654.850781 -435199.134180 0.002321
2186313.568126 -2559655.834996 -435193.239109 0.004445
2186313.665584 -2559657.538505 -435187.590915 0.003652
2186313.525225 -2559658.430202 -435181.801297 0.003248
2186313.571222 -2559660.064416 -435176.112868 0.000082
2186313.572803 -2559661.180841 -435170.256892 0.003503
2186313.516103 -2559662.194496 -435164.488349 0.003102
2186313.211275 -2559662.401544 -435158.463262 0.005776
2186313.191104 -2559663.469486 -435152.699078 0.004927
2186313.062859 -2559663.920538 -435146.796488 0.001534
2186313.090230 -2559665.534324 -435141.059022 0.007593
2186313.248222 -2559667.797194 -435135.482779 0.004457
2186313.326037 -2559669.474568 -435129.820567 0.003008
2186313.257490 -2559670.471069 -435124.050853 0.002787
2186313.348194 -2559672.187358 -435118.279996 0.004262
2186313.246664 -2559673.130286 -435112.529954 0.006652
2186312.940234 -2559673.328160 -435106.554682 0.000509
2186313.275496 -2559675.859478 -435100.960287 0.005030
2186313.176254 -2559676.811844 -435095.181849 0.004725
2186312.914654 -2559677.527377 -435089.365565 0.004544
2186312.583959 -2559676.773063 -435083.137425 0.004710
2186312.344467 -2559677.058475 -435077.229210 0.003252
2186312.311701 -2559678.107886 -435071.467443 0.002945
2186311.981281 -2559677.814286 -435065.348448 0.005483
2186312.135573 -2559680.072082 -435059.774298 0.002476
2186312.242311 -2559681.808596 -435054.026515 0.005897
2186312.369627 -2559684.024173 -435048.460889 0.004339
2186312.761140 -2559687.091482 -435043.036065 0.002040
2186313.126975 -2559690.114974 -435037.636624 0.002719
2186313.437957 -2559693.082101 -435032.095050 0.004793
2186314.127507 -2559697.511074 -435026.925987 0.003716
2186314.102757 -2559698.571231 -435021.173892 0.004137
2186313.863001 -2559698.876995 -435015.154353 0.005840
2186313.320773 -2559697.792654 -435009.000197 0.004385
2186312.971814 -2559697.454980 -435002.978010 0.002866
2186312.498888 -2559696.490295 -434996.736379 0.004963
2186312.234055 -2559696.737804 -434990.831954 0.004640
2186312.154240 -2559697.723576 -434985.039847 0.002635
2186311.807363 -2559697.403233 -434978.936064 0.006835
2186311.384679 -2559696.496382 -434972.796643 0.003946
2186310.746444 -2559695.288328 -434966.528693 0.007487
2186310.402320 -2559694.962695 -434960.485371 0.003907
2186309.931122 -2559693.978141 -434954.369359 0.004342
2186309.860432 -2559694.979595 -434948.570133 0.001304
2186309.385142 -2559694.008121 -434942.346825 0.005344
2186309.159311 -2559694.316978 -434936.432984 0.003095
2186308.901824 -2559694.595847 -434930.419185 0.005934
2186308.704030 -2559694.948465 -434924.498693 0.002558
2186308.444575 -2559695.202303 -434918.607324 0.003177
2186308.284394 -2559695.625612 -434912.605406 0.004854
2186307.917764 -2559695.260367 -434906.593290 0.004549
2186307.286609 -2559693.582920 -434900.330550 0.002904
2186306.603980 -2559691.846824 -434893.962240 0.006118
2186306.242654 -2559691.490076 -434887.948347 0.005555
2186305.757037 -2559690.491044 -434881.800676 0.003390
2186305.254311 -2559689.484923 -434875.548439 0.005231
2186304.689960 -2559688.368240 -434869.396247 0.004513
2186304.770342 -2559689.500510 -434863.716376 0.005367
2186304.460767 -2559690.171969 -434857.781996 -0.004441
2186304.473066 -2559691.300381 -434851.969151 0.002905
2186304.280878 -2559691.660024 -434846.066340 0.001074
2186304.067157 -2559691.995093 -434840.109574 0.008250
2186303.888022 -2559692.381295 -434834.174408 0.002964
2186303.656159 -2559692.681611 -434828.270190 0.001953
2186303.450667 -2559693.025019 -434822.350415 -0.001133
2186303.196314 -2559693.307241 -434816.354533 0.003213
2186303.145190 -2559694.336064 -434810.579702 0.002238
2186302.754187 -2559692.133818 -434808.596767 0.483561
2186301.684259 -2559690.317643 -434797.786888 0.003469
2186300.990360 -2559688.953152 -434791.606128 -0.000583
2186300.671707 -2559688.273173 -434785.411220 0.006054
2186300.159662 -2559687.235122 -434779.265330 0.004712
2186299.407214 -2559685.335355 -434772.918212 0.007607
2186299.476115 -2559686.069237 -434767.130265 -0.003116
2186298.626229 -2559684.090811 -434760.727541 0.000828
2186298.318456 -2559683.811268 -434754.745292 0.002131
2186297.984026 -2559683.516257 -434748.627840 0.004836
2186297.770380 -2559683.851867 -434742.691277 0.000419
2186297.672939 -2559684.826826 -434736.828509 0.005701
2186297.431855 -2559685.120651 -434730.894811 0.002180
2186297.622892 -2559686.966659 -434725.273259 0.002057
2186297.385230 -2559687.740976 -434719.359634 0.005897
2186297.473906 -2559689.442903 -434713.689301 0.003611
2186297.426692 -2559690.474736 -434707.935764 0.004393
2186297.498208 -2559692.723161 -434699.273087 0.005253
2186297.430902 -2559693.732156 -434693.484539 0.003248
2186297.589131 -2559695.995190 -434687.943504 0.003602
2186297.602950 -2559697.141031 -434682.069675 0.005442
2186297.630789 -2559698.751989 -434676.398640 0.004370
2186297.505600 -2559699.692658 -434670.504352 0.007549
2186297.630857 -2559701.443873 -434664.866471 0.007292
2186297.801330 -2559703.745054 -434659.216334 0.010719
2186297.904980 -2559705.453597 -434653.643297 0.003663
2186297.983245 -2559707.153798 -434647.894970 0.007728
2186298.270396 -2559709.614605 -434642.340884 0.003868
2186299.146138 -2559716.986036 -434628.505894 0.008461
2186299.620009 -2559721.048390 -434623.426402 0.005497
2186303.250850 -2559739.576969 -434618.241665 -0.019473
2186302.914715 -2559739.829727 -434611.737580 0.006696
2186303.009965 -2559741.553567 -434605.999603 0.011419
2186303.057945 -2559743.192891 -434600.339409 0.011006
2186303.329260 -2559745.625707 -434594.804305 0.009035
2186303.468123 -2559747.882475 -434589.142034 0.011981
2186303.710550 -2559750.273062 -434583.601570 0.010201
2186303.846142 -2559752.523095 -434577.949067 0.014133
2186303.268962 -2559750.908651 -434571.812348 0.009551
2186302.677140 -2559749.313301 -434565.450240 0.011138
2186301.485947 -2559745.443899 -434558.713656 0.015490
2186300.785193 -2559743.208016 -434552.334547 0.012370
2186299.982687 -2559740.820092 -434545.948920 0.011191
2186299.383246 -2559739.172144 -434539.709456 0.009966
2186297.974194 -2559734.043318 -434532.832148 0.008291
2186297.057592 -2559731.043909 -434526.233262 0.010986
2186295.659832 -2559725.945127 -434519.277515 0.015264
2186294.748554 -2559722.918525 -434512.878715 0.009635
2186293.545415 -2559718.575744 -434506.019326 0.010386
2186292.475456 -2559714.885109 -434499.311076 0.014456
2186292.031093 -2559713.935968 -434493.271625 0.008023
2186290.839847 -2559709.625951 -434486.325438 0.013917
2186289.567599 -2559705.636424 -434479.587768 0.019821
2186289.065579 -2559704.141262 -434473.435311 0.012019
2186288.515617 -2559703.051144 -434467.293993 0.012064
2186288.139172 -2559702.694879 -434461.188775 0.016960
2186286.151175 -2559695.971622 -434448.063020 0.013894
2186285.548468 -2559694.346686 -434441.790598 0.010771
2186284.725539 -2559691.946200 -434435.314265 0.014958
2186283.962881 -2559689.636253 -434428.839696 0.017874
2186282.982838 -2559686.528276 -434422.319733 0.016138
2186282.229323 -2559684.212838 -434415.953371 0.015597
2186281.305353 -2559681.207062 -434409.333791 0.016614
2186280.588819 -2559679.394958 -434403.152466 0.011149
2186279.452793 -2559675.141613 -434396.350843 0.015931
2186285.443397 -2559703.784276 -434399.787698 -0.157059
2186295.835607 -2559752.927478 -434406.398264 -0.307420
2186286.492835 -2559710.203989 -434392.847102 -0.308441
2186284.872338 -2559704.319219 -434385.784117 -0.309892
2186284.966173 -2559707.906902 -434371.758105 0.036062
2186292.041304 -2559740.746132 -434379.856358 -0.295049
2186274.204736 -2559659.952991 -434351.701603 0.014746
2186273.157682 -2559656.296205 -434344.999398 0.018933
2186272.416168 -2559654.470869 -434338.688173 0.015332
2186272.901578 -2559710.669571 -434316.994712 -0.529218
2186291.912464 -2559754.780202 -434316.562492 -0.296397
2185826.078429 -2559187.251049 -439615.733015 0.284211
2185836.280470 -2559237.020495 -439613.981369 -0.010067
2185836.072589 -2559237.386562 -439608.099026 -0.009842
2185836.119145 -2559239.050183 -439602.432960 -0.011132
2185836.086341 -2559240.136679 -439596.657731 -0.012880
2185836.142421 -2559241.831915 -439590.896874 -0.009894
2185836.050753 -2559242.831334 -439585.114579 -0.010922
2185835.968564 -2559243.844541 -439579.333566 -0.012052
2185836.153803 -2559246.193784 -439573.667210 -0.011118
2185836.152345 -2559247.323543 -439567.906632 -0.012239
2185836.223615 -2559249.022092 -439562.245039 -0.013853
2185836.305252 -2559250.756306 -439556.475817 -0.012076
2185836.086364 -2559251.096254 -439550.634294 -0.007819
2185836.065095 -2559252.685151 -439544.819084 -0.008073
2185835.848743 -2559253.041887 -439538.910490 -0.010115
2185835.836474 -2559254.133717 -439533.260824 -0.014129
2185826.262226 -2559211.674182 -439515.020463 0.171900
2185836.570333 -2559260.840516 -439519.339202 -0.009954
2185840.874691 -2559288.016487 -439494.316006 -0.009727
2185840.876852 -2559289.146244 -439488.571597 -0.009424
2185840.512792 -2559288.829971 -439482.515544 -0.014053
2185840.011082 -2559287.862939 -439476.275035 -0.011168
2185839.562349 -2559286.949444 -439470.170777 -0.010491
2185838.726939 -2559284.576716 -439463.659448 -0.009351
2185838.183251 -2559283.528042 -439457.517238 -0.009808
2185837.698377 -2559282.566324 -439451.380567 -0.011313
2185836.896599 -2559280.236417 -439444.903885 -0.007734
2185836.335492 -2559279.162590 -439438.754794 -0.008601
2185835.598361 -2559276.930768 -439432.270095 -0.007286
2185834.820703 -2559274.617415 -439425.895967 -0.008223
2185834.330319 -2559273.645421 -439419.764601 -0.009095
2185833.795487 -2559272.612336 -439413.604482 -0.011453
2185833.168549 -2559270.996660 -439407.260165 -0.007651
2185832.929087 -2559271.314168 -439401.357192 -0.008626
2185832.734407 -2559271.697609 -439395.458832 -0.010237
2185832.343702 -2559271.348954 -439389.345252 -0.006138
2185832.566479 -2559273.728992 -439383.788140 -0.009236
2185832.464472 -2559274.720479 -439377.934043 -0.003408
2185832.599720 -2559276.511854 -439372.263858 -0.007148
2185832.822623 -2559278.883727 -439366.746406 -0.006557
2185832.853317 -2559281.083059 -439358.187574 -0.009147
2185833.191795 -2559284.669343 -439349.789088 -0.006478
2185833.348405 -2559288.092279 -439338.378897 -0.004470
2185833.530025 -2559290.969693 -439329.953900 -0.005971
2185833.756747 -2559293.350074 -439324.417224 -0.007411
2185833.651846 -2559294.343150 -439318.525228 -0.004868
2185833.341631 -2559296.242318 -439303.971512 -0.007119
2185833.076198 -2559296.538764 -439297.958038 -0.004465
2185832.915663 -2559296.967000 -439292.078957 -0.005092
2185832.656084 -2559297.254735 -439286.160220 -0.007071
2185832.468974 -2559297.662450 -439280.175329 -0.003605
2185832.226884 -2559297.975052 -439274.261032 -0.005590
2185832.313465 -2559299.687273 -439268.609456 -0.006465
2185832.087538 -2559300.601580 -439259.728207 -0.004097
2185832.165773 -2559302.301173 -439254.075502 -0.004882
2185832.060111 -2559303.272819 -439248.284555 -0.006405
2185831.951429 -2559304.819222 -439239.516989 -0.004163
2185832.168319 -2559307.180032 -439233.992971 -0.004035
2185831.858093 -2559307.509654 -439224.998722 -0.002404
2185831.847943 -2559309.638745 -439216.459522 -0.002494
2185831.878660 -2559311.274875 -439210.761936 -0.006347
2185832.229265 -2559315.435508 -439199.481511 -0.004616
2185831.947213 -2559315.684963 -439193.574567 -0.004997
2185831.960046 -2559317.860474 -439184.961262 0.001077
2185831.810545 -2559318.304733 -439179.071378 -0.000824
2185831.840368 -2559319.936308 -439173.385921 -0.003511
2185831.955338 -2559321.708088 -439167.627896 -0.001642
2185832.576120 -2559326.063326 -439162.338069 0.000876
2185832.397637 -2559326.468245 -439156.424698 -0.002696
2185832.872484 -2559329.652489 -439151.105528 0.002662
2185832.570216 -2559329.874836 -439145.177121 0.000752
2185833.060728 -2559333.584273 -439139.737666 0.000054
2185832.729670 -2559335.446293 -439125.160698 -0.003726
2185832.709486 -2559336.547667 -439119.337559 0.003073
2185832.580674 -2559337.485895 -439113.524254 0.000007
2185832.514928 -2559338.508944 -439107.758982 -0.000230
2185832.422403 -2559339.516347 -439101.861183 0.001480
2185832.218849 -2559339.877674 -439095.971217 0.000834
2185832.488292 -2559342.311827 -439090.457507 0.000541
2185832.464756 -2559343.867934 -439084.739137 -0.003956
2185832.563986 -2559345.600053 -439079.051467 0.004831
2185832.671152 -2559347.365397 -439073.255186 0.003500
2185832.575105 -2559348.345415 -439067.473318 0.002591
2185832.548085 -2559349.428272 -439061.693659 0.000105
2185832.340540 -2559349.782833 -439055.803550 -0.000465
2185832.109611 -2559350.123064 -439049.799649 0.002265
2185831.896491 -2559350.469093 -439043.909122 0.001785
2185831.665032 -2559350.810721 -439037.893287 0.003562
2185831.441967 -2559351.142387 -439031.998459 0.002759
2185831.476191 -2559352.770727 -439026.345960 0.003035
2185831.294118 -2559353.165336 -439020.441953 0.000572
2185831.202806 -2559354.171273 -439014.550600 0.002676
2185831.300348 -2559355.892624 -439008.905363 0.002143
2185831.196128 -2559356.882513 -439002.996096 0.002892
2185831.263289 -2559358.560041 -438997.340304 0.002083
2185831.320160 -2559360.223595 -438991.677022 0.000826
2185831.547786 -2559362.591313 -438986.170919 0.002374
2185831.921089 -2559365.661510 -438980.632087 0.002992
2185831.668766 -2559365.967678 -438974.629514 0.006335
2185831.791690 -2559367.732145 -438968.954029 0.002375
2185831.612664 -2559368.123419 -438963.083554 0.002975
2185831.341365 -2559368.388992 -438957.150259 -0.000130
2185831.430678 -2559370.097560 -438951.500276 -0.001072
2185831.385904 -2559371.165721 -438945.638582 0.002875
2185831.289470 -2559372.161800 -438939.749661 0.005335
2185831.328267 -2559373.801264 -438934.065432 0.002533
2185831.270481 -2559374.830219 -438928.310505 0.003231
2185831.163287 -2559375.811091 -438922.415078 0.005327
2185831.142990 -2559376.899047 -438916.644511 0.003688
2185831.222484 -2559378.595533 -438910.977328 0.001383
2185831.018087 -2559378.970005 -438904.984785 0.004677
2185831.063730 -2559380.612075 -438899.335007 0.004942
2185831.038706 -2559381.695949 -438893.547002 0.001624
2185831.063738 -2559383.310383 -438887.879516 0.000717
2185831.346502 -2559387.356738 -438876.587971 0.003022
2185831.273072 -2559388.368368 -438870.796166 0.000651
2185831.441876 -2559390.672608 -438865.142840 0.003226
2185831.576172 -2559393.003056 -438856.618253 0.001372
2185831.873722 -2559395.956276 -438851.082358 0.004062
2185831.801587 -2559396.967134 -438845.301517 0.002682
2185831.866526 -2559398.638747 -438839.642052 0.001594
2185831.927376 -2559400.323349 -438833.875780 0.003965
2185832.086528 -2559403.151142 -438825.445032 0.002358
2185832.213632 -2559404.927587 -438819.714570 0.006537
2185832.393048 -2559407.230394 -438814.152500 0.004025
2185832.546850 -2559409.031149 -438808.509583 0.002389
2185832.588701 -2559411.146285 -438802.844574 0.006842
2185832.870058 -2559414.153540 -438794.426148 0.003662
2185832.920365 -2559415.807673 -438788.739036 0.000182
2185833.130383 -2559418.166038 -438783.115125 0.004685
2185833.194800 -2559419.837324 -438777.446752 0.002775
2185833.259575 -2559421.507772 -438771.784430 0.001276
2185833.471606 -2559423.872264 -438766.142724 0.004069
2185833.571264 -2559425.593020 -438760.489366 0.002569
2185833.463715 -2559426.550981 -438754.698494 0.001085
2185833.704835 -2559428.940537 -438749.158576 -0.000796
2185833.752686 -2559430.601318 -438743.404086 0.003009
2185833.722597 -2559431.672770 -438737.624162 0.000729
2185833.695917 -2559433.211240 -438731.932748 -0.001196
2185833.962735 -2559435.651931 -438726.316523 0.002549
2185834.206755 -2559438.041963 -438720.792714 0.002104
2185834.380034 -2559440.333465 -438715.230758 -0.000241
2185834.463829 -2559442.029000 -438709.579977 -0.001120
2185834.669119 -2559444.384112 -438703.927638 0.000864
2185835.037246 -2559447.415476 -438698.522828 0.000788
2185834.846610 -2559447.788100 -438692.631301 -0.000485
2185834.842083 -2559449.374549 -438686.850789 0.002280
2185834.945034 -2559451.100113 -438681.190382 0.000058
2185835.002411 -2559452.758708 -438675.522047 -0.001676
2185834.705087 -2559452.532388 -438669.414282 0.000861
2185834.853804 -2559454.785041 -438663.857893 -0.000542
2185834.942072 -2559456.486187 -438658.206999 -0.001377
2185835.044668 -2559458.226342 -438652.456767 0.001524
2185834.922114 -2559459.160487 -438646.662092 0.000039
2185834.806157 -2559460.122647 -438640.764763 0.002337
2185834.859496 -2559461.770213 -438635.117795 0.002532
2185834.851977 -2559462.870929 -438629.350210 0.000871
2185835.064041 -2559465.214156 -438623.811415 -0.000212
2185835.219990 -2559468.030404 -438615.382664 -0.001710
2185835.529862 -2559470.994263 -438609.858732 0.001994
2185835.488309 -2559472.048301 -438604.067119 -0.001106
2185835.371502 -2559472.544275 -438598.091802 0.001578
2185835.187197 -2559473.385741 -438592.293080 0.001163
2185835.002208 -2559473.766717 -438586.392373 -0.001115
2185834.761653 -2559474.083706 -438580.383735 0.001530
2185834.483563 -2559474.324806 -438574.484314 0.001720
2185834.339839 -2559474.763444 -438568.602605 0.000260
2185834.097570 -2559475.077217 -438562.595576 0.003075
2185833.848572 -2559475.363281 -438556.687212 0.001601
2185833.945904 -2559477.075457 -438551.039641 0.000853
2185834.037225 -2559478.778335 -438545.392236 0.000282
2185833.899811 -2559479.708062 -438539.486883 0.002168
2185833.815629 -2559480.693612 -438533.712421 0.001662
2185833.922758 -2559482.422068 -438528.054663 -0.000263
2185833.370871 -2559481.358734 -438521.812641 0.003361
2185833.356087 -2559482.449184 -438516.031717 0.000616
2185832.795855 -2559481.355025 -438509.892611 0.000675
2185832.639635 -2559481.795139 -438503.892940 0.002006
2185832.379754 -2559482.061531 -438497.996267 0.002008
2185832.320957 -2559483.084047 -438492.223520 0.001062
2185832.071261 -2559483.385718 -438486.213666 0.003638
2185831.984717 -2559484.353106 -438480.519676 -0.002810
2185831.921933 -2559485.384324 -438474.660252 0.001588
2185831.803653 -2559486.321717 -438468.865563 -0.000006
2185831.769677 -2559487.397713 -438462.996687 0.003011
2185831.685728 -2559488.384368 -438457.211969 0.001375
2185831.620598 -2559489.397632 -438451.434559 0.000143
2185831.412714 -2559489.759456 -438445.434467 0.002631
2185831.447241 -2559491.377149 -438439.778535 0.002596
2185831.246918 -2559491.732883 -438433.876580 0.000712
2185831.446746 -2559494.071458 -438428.240266 0.004163
2185831.300897 -2559494.507767 -438422.341376 0.001298
2185831.466805 -2559496.776982 -438416.810049 0.001996
2185831.274086 -2559497.155551 -438410.835976 0.006553
2185831.317059 -2559498.794299 -438405.135733 0.002191
2185831.104538 -2559499.131972 -438399.228838 0.000133
2185831.152018 -2559501.311774 -438390.742813 0.003772
2185831.285346 -2559507.379561 -438367.642635 0.007282
2185831.600064 -2559509.853779 -438362.207594 -0.000037
2185831.871232 -2559514.323655 -438351.008160 0.003381
2185831.128249 -2559515.097010 -438333.444272 0.117115
2185834.476901 -2559531.238919 -438333.090208 0.004730
2185834.147494 -2559530.939604 -438327.089236 0.004442
2185833.637948 -2559529.934328 -438320.857227 0.007964
2185832.963427 -2559528.217910 -438314.559305 0.003666
2185832.326656 -2559526.563718 -438308.219143 0.007878
2185832.025548 -2559526.296251 -438302.281169 -0.000544
2185831.270689 -2559524.466182 -438295.935347 0.005914
2185830.461915 -2559522.100735 -438289.463223 0.009650
2185830.115466 -2559521.777110 -438283.452361 0.008824
2185829.641331 -2559520.810418 -438277.301307 0.005726
2185829.105517 -2559519.764841 -438271.069351 0.009860
2185828.634006 -2559518.802448 -438264.915113 0.006402
2185828.397106 -2559519.115855 -438258.923238 0.010319
2185827.949522 -2559518.646175 -438252.882809 0.009115
2185827.752528 -2559518.998261 -438247.008704 0.009743
2185827.572696 -2559519.382746 -438241.100391 0.006772
2185827.222527 -2559519.073970 -438234.970106 0.008243
2185827.292141 -2559520.741290 -438229.313259 0.007295
2185827.197613 -2559521.712022 -438223.510277 0.004195
2185827.200505 -2559522.833098 -438217.671929 0.009183
2185827.055293 -2559523.726098 -438211.877145 0.008200
2185827.003633 -2559524.756306 -438206.096647 0.006189
2185826.924369 -2559525.759531 -438200.230828 0.010535
2185827.016176 -2559527.465818 -438194.542229 0.005928
2185827.008806 -2559529.035424 -438188.780905 0.010560
2185826.825502 -2559529.411899 -438182.882390 0.008578
2185826.892707 -2559531.076973 -438177.214529 0.006499
2185826.967682 -2559532.768943 -438171.456653 0.009510
2185826.731996 -2559533.067621 -438165.553765 0.008195
2185827.621550 -2559539.345654 -438154.726369 0.002881
2185827.933850 -2559542.765080 -438149.303657 0.008051
2185828.166807 -2559545.131900 -438143.764055 0.006401
2185828.207315 -2559546.772693 -438138.001572 0.009629
2185828.380298 -2559548.593764 -438132.341768 0.005986
2185828.242606 -2559549.491021 -438126.575960 0.007527
2185828.393529 -2559552.308676 -438118.028571 0.008738
2185828.325114 -2559553.315397 -438112.232901 0.005871
2185828.554363 -2559555.675715 -438106.696074 0.004577
2185828.622304 -2559557.356114 -438100.937565 0.007534
2185828.561401 -2559558.367127 -438095.175746 0.007645
2185828.723441 -2559561.200803 -438086.628118 0.008451
2185828.884995 -2559563.462879 -438081.073171 0.007060
2185828.740240 -2559563.911799 -438075.080215 0.008722
2185829.022102 -2559566.793059 -438069.741532 0.003385
2185829.417535 -2559570.422577 -438061.358636 0.006566
2185829.167760 -2559570.702170 -438055.437572 0.003897
2185829.405766 -2559573.086071 -438049.830427 0.009355
2185829.402878 -2559574.649737 -438044.135149 0.006361
2185829.324480 -2559575.640794 -438038.337904 0.003583
2185829.632851 -2559578.130854 -438032.725273 0.006891
2185829.724046 -2559579.826480 -438027.072981 0.005699
2185829.840608 -2559582.588268 -438018.536888 0.008809
2185829.677236 -2559583.455998 -438012.718321 0.005872
2185829.504022 -2559583.841347 -438006.838707 0.005412
2185829.292146 -2559584.191898 -438000.829779 0.007157
2185829.220248 -2559585.188914 -437995.048676 0.005729
2185829.123486 -2559586.167009 -437989.161813 0.008526
2185828.802138 -2559585.876062 -437983.154674 0.007276
2185828.895864 -2559587.576422 -437977.495053 0.005504
2185828.946086 -2559588.748738 -437971.750602 0.004626
2185828.689378 -2559589.495585 -437965.820677 0.007006
2185828.723752 -2559591.108525 -437960.151791 0.005766
2185828.548857 -2559591.492655 -437954.263027 0.004496
2185828.322089 -2559591.819908 -437948.255185 0.006689
2185828.096152 -2559592.128898 -437942.359356 0.005948
2185827.887978 -2559592.467172 -437936.448600 0.003411
2185827.484674 -2559592.626715 -437927.426872 0.004516
2185827.017840 -2559591.659142 -437921.310796 0.004452
2185826.859187 -2559592.528442 -437915.513809 0.003411
2185826.347535 -2559591.516545 -437909.268513 0.005871
2185826.018736 -2559591.216207 -437903.247046 0.003444
2185825.920969 -2559592.187439 -437897.381252 0.008222
2185825.525304 -2559592.339895 -437888.462767 0.005142
2185825.458186 -2559593.345917 -437882.665422 0.002084
2185825.072548 -2559592.958633 -437876.651533 0.001859
2185825.121381 -2559594.607373 -437870.892885 0.005261
2185825.103824 -2559597.243422 -437859.449045 0.002677
2185825.051371 -2559598.285233 -437853.566967 0.004708
2185824.947485 -2559599.235529 -437847.770905 0.002631
2185824.971851 -2559600.852217 -437841.987723 0.004320
2185824.964490 -2559601.939565 -437836.228741 0.003433
2185824.944180 -2559603.461878 -437830.596294 0.006867
2185825.723119 -2559611.718797 -437810.968780 0.006524
2185825.834215 -2559613.440842 -437805.320255 0.005380
2185826.811308 -2559620.210051 -437797.576550 0.002035
2185827.016598 -2559623.091669 -437789.084082 0.007103
2185827.226151 -2559625.419885 -437783.539119 0.005531
2185827.112720 -2559626.353438 -437777.751444 0.004305
2185826.691283 -2559625.474440 -437771.508978 0.004880
2185826.274156 -2559625.044001 -437765.469017 0.002792
2185825.878597 -2559624.637887 -437759.469105 0.004099
2185825.388378 -2559623.654904 -437753.230341 0.006641
2185825.141367 -2559623.940436 -437747.282206 0.001344
2185824.997933 -2559624.361140 -437741.433227 0.003033
2185824.697726 -2559624.559342 -437735.522528 0.002646
2185824.203953 -2559623.572877 -437729.273533 0.004148
2185823.727874 -2559622.595116 -437723.127214 0.001471
2185823.337668 -2559622.212018 -437717.035298 0.007397
2185823.122946 -2559622.538466 -437711.122055 0.004758
2185822.395467 -2559621.294829 -437701.870852 0.007476
2185822.052308 -2559620.970795 -437695.848327 0.005443
2185821.467973 -2559620.392165 -437686.755132 -0.001452
2185820.900386 -2559619.367923 -437677.603281 0.006755
2185831.102474 -2559667.950683 -437684.058058 -0.147148
2185820.218340 -2559619.204470 -437665.548668 0.007255
2185819.632142 -2559618.615802 -437656.489790 0.003593
2185819.305309 -2559618.315048 -437650.470713 0.001332
2185818.902477 -2559617.913912 -437644.369661 0.006860
2185818.800351 -2559618.863555 -437638.578961 0.005232
2185818.491959 -2559618.587008 -437632.576322 0.004055
2185817.844322 -2559618.471688 -437620.534297 0.004911
2185817.488623 -2559618.128548 -437614.508664 0.002875
2185817.115799 -2559617.775041 -437608.392023 0.006246
2185817.039370 -2559618.759424 -437602.618634 0.005470
2185816.777175 -2559619.014853 -437596.699220 0.003367
2185816.576645 -2559619.374409 -437590.706013 0.006264
2185816.272211 -2559619.099217 -437584.723314 0.007023
2185816.077791 -2559620.481461 -437575.920500 0.007937
2185815.719175 -2559620.137192 -437569.876858 0.004276
2185815.344115 -2559619.759816 -437563.875431 0.004943
2185815.434880 -2559621.468527 -437558.114809 0.007171
2185815.084407 -2559621.132656 -437552.088808 0.004957
2185814.851960 -2559621.427175 -437546.194284 0.004464
2185814.898209 -2559623.054006 -437540.523578 0.002775
2185814.659558 -2559623.357268 -437534.523556 0.005937
2185814.596773 -2559624.360537 -437528.754420 0.005390
2185814.527162 -2559625.357494 -437522.965493 0.002995
2185814.449660 -2559626.338589 -437517.196512 0.002807
2185814.359363 -2559627.322603 -437511.301705 0.004691
2185814.297836 -2559628.326527 -437505.537898 0.004455
2185814.482221 -2559630.632853 -437499.887145 0.007114
2185814.960023 -2559634.271376 -437494.585683 0.006251
2185814.931628 -2559635.324069 -437488.825244 0.005708
2185814.460203 -2559634.367756 -437482.578884 0.007076
2185813.890925 -2559633.250566 -437476.418314 0.005048
2185813.394927 -2559632.236285 -437470.292265 0.004695
2185812.835547 -2559631.152490 -437464.022981 0.005825
2185812.626909 -2559631.478206 -437458.147214 0.006515
2185812.423570 -2559631.817858 -437452.240745 0.004231
2185811.893825 -2559630.771186 -437446.007109 0.007967
2185811.650373 -2559631.047903 -437440.114712 0.007931
2185811.569199 -2559632.042337 -437434.233036 0.010667
2185811.359484 -2559632.372539 -437428.325048 0.008380
2185811.138019 -2559632.684277 -437422.420761 0.006730
2185811.041116 -2559633.636254 -437416.647902 0.006632
2185810.732641 -2559633.834898 -437410.642854 0.010955
2185810.754731 -2559634.968826 -437404.850700 0.006270
2185810.633558 -2559635.901205 -437398.978387 0.010805
2185810.761770 -2559637.627041 -437393.435527 0.005601
2185810.672435 -2559638.611195 -437387.541954 0.007574
2185810.574021 -2559639.561291 -437381.765958 0.007063
2185810.525875 -2559640.604780 -437375.883778 0.009132
2185810.578965 -2559642.238678 -437370.222640 0.008154
2185810.649100 -2559643.903462 -437364.534040 0.004073
2185810.379968 -2559644.157438 -437358.544418 0.009074
2185810.485833 -2559645.866193 -437352.903460 0.008592
2185810.549875 -2559647.517589 -437347.235304 0.006715
2185810.473857 -2559648.517197 -437341.362520 0.010313
2185810.535607 -2559650.165430 -437335.692937 0.008209
2185810.787833 -2559652.566129 -437330.071845 0.012038
2185810.693230 -2559653.523018 -437324.288231 0.010719
2185810.565580 -2559654.435315 -437318.479531 0.008002
2185810.476934 -2559655.395582 -437312.723261 0.009254
2185810.410712 -2559656.416986 -437306.813434 0.009017
2185810.499947 -2559658.104923 -437301.149768 0.006968
2185810.584226 -2559659.798036 -437295.407660 0.011077
2185810.644172 -2559661.442332 -437289.742444 0.009562
2185810.579050 -2559662.444513 -437283.951484 0.007032
2185810.487316 -2559663.402756 -437278.180897 0.007023
2185810.530035 -2559665.024596 -437272.498804 0.004193
2185810.475131 -2559666.053456 -437266.635191 0.008149
2185810.400702 -2559667.058613 -437260.743628 0.009805
2185810.467955 -2559668.710774 -437255.092727 0.009462
2185810.529697 -2559670.356653 -437249.431683 0.008304
2185810.481300 -2559671.381030 -437243.653931 0.006448
2185810.527041 -2559673.024133 -437237.870939 0.007818
2185810.285288 -2559673.303456 -437231.970486 0.006969
2185810.091753 -2559673.673175 -437225.963596 0.008421
2185810.103189 -2559675.245481 -437220.292713 0.007526
2185810.092769 -2559676.318699 -437214.554520 0.008464
2185810.132324 -2559677.935861 -437208.869450 0.005597
2185809.921635 -2559678.279080 -437202.865707 0.007909
2185810.146462 -2559680.625155 -437197.322721 0.006007
2185810.525699 -2559683.676719 -437191.792601 0.007611
2185811.154407 -2559687.994916 -437186.611537 0.006691
2185811.342404 -2559690.285065 -437181.071496 0.006103
2185811.253990 -2559691.265792 -437175.194482 0.009599
2185811.346719 -2559692.958286 -437169.529927 0.007234
2185811.261287 -2559693.929163 -437163.739601 0.005241
2185811.157945 -2559694.889318 -437157.853250 0.008061
2185811.225794 -2559696.543991 -437152.190828 0.006635
2185811.038512 -2559696.919432 -437146.199708 0.009583
2185811.086914 -2559698.546836 -437140.527803 0.007564
2185810.868120 -2559698.858864 -437134.633023 0.006720
2185810.923617 -2559700.494947 -437128.970427 0.005568
2185810.993972 -2559702.171253 -437123.202733 0.007606
2185810.804464 -2559702.526660 -437117.309503 0.006221
2185810.689770 -2559703.469336 -437111.424216 0.009406
2185810.484871 -2559703.804018 -437105.519352 0.007296
2185810.230454 -2559704.081221 -437099.515471 0.010454
2185810.158786 -2559705.071437 -437093.729657 0.008557
2185809.948705 -2559705.399128 -437087.820633 0.006179
2185809.577302 -2559705.043363 -437081.705723 0.009496
2185809.358570 -2559705.355446 -437075.809136 0.008465
2185809.179155 -2559705.748335 -437069.787479 0.008204
2185809.062277 -2559706.649897 -437064.121319 0.005174
2185808.946314 -2559707.590661 -437058.234693 0.008263
2185808.769231 -2559707.965525 -437052.336063 0.006070
2185808.668038 -2559708.912949 -437046.542101 0.003941
2185808.733845 -2559710.113666 -437040.716680 0.008636
2185808.631835 -2559711.542832 -437034.890738 0.009307
2185808.759764 -2559713.268446 -437029.336280 0.003029
2185808.523533 -2559713.570074 -437023.344365 0.007044
2185808.593660 -2559715.244674 -437017.580519 0.009447
2185808.532919 -2559716.230143 -437011.914214 0.004933
2185808.491253 -2559717.281849 -437006.027798 0.006455
2185808.512055 -2559718.867550 -437000.354764 0.004987
2185808.262830 -2559719.154752 -436994.336427 0.006838
2185808.342756 -2559720.828306 -436988.666632 0.004287
2185808.550644 -2559723.144396 -436983.141275 0.004599
2185808.714562 -2559725.400431 -436977.586349 0.003197
2185809.091315 -2559728.444486 -436972.069410 0.005924
2185809.346651 -2559730.829895 -436966.552095 0.005885
2185809.387259 -2559732.447680 -436960.865341 0.002835
2185809.894862 -2559737.693799 -436949.814116 0.006856
2185810.113457 -2559740.031006 -436944.262398 0.004474
2185810.230849 -2559741.775596 -436938.500588 0.005983
2185810.169409 -2559742.310624 -436932.664987 0.006951
2185810.080195 -2559743.739961 -436926.947397 0.004082
2185809.673510 -2559743.336265 -436920.804424 0.005586
2185809.380893 -2559743.077265 -436914.807740 0.004724
2185808.938996 -2559742.603891 -436908.765020 0.002896
2185808.376993 -2559741.044544 -436902.438113 0.006566
2185808.109677 -2559741.286084 -436896.527440 0.005362
2185807.541651 -2559740.182397 -436890.275735 0.008283
2185807.167743 -2559739.791211 -436884.346488 0.002101
2185806.721371 -2559738.865426 -436878.116035 0.004132
2185806.343157 -2559738.482175 -436872.098799 0.003347
2185805.834325 -2559737.467088 -436865.846385 0.004979
2185805.495216 -2559737.140764 -436859.837275 0.003878
2185805.093219 -2559736.726015 -436853.798630 0.001656
2185804.613394 -2559735.728421 -436847.691661 0.002650
2185804.088126 -2559734.688131 -436841.442266 0.004762
2185803.854312 -2559734.974906 -436835.554427 0.004915
2185803.795160 -2559735.984495 -436829.760192 0.001938
2185803.582844 -2559736.320648 -436823.770967 0.005453
2185803.466960 -2559737.245964 -436817.973067 0.003464
2185803.090451 -2559736.884487 -436811.842616 0.005427
2185803.046845 -2559737.913261 -436806.068716 0.003979
2185802.819883 -2559738.212530 -436800.169083 0.002872
2185802.573687 -2559738.503271 -436794.152923 0.004680
2185802.297947 -2559738.728248 -436788.259351 0.005271
2185802.420507 -2559740.458484 -436782.622409 0.004938
2185802.097210 -2559740.155763 -436776.611565 0.003294
2185801.957561 -2559741.065354 -436770.697699 0.004551
2185801.899960 -2559742.068951 -436764.944729 0.005215
2185801.843849 -2559743.079699 -436759.166720 0.003677
2185801.734948 -2559744.030507 -436753.276987 0.006463
2185801.803129 -2559745.683012 -436747.620729 0.005450
2185801.982274 -2559747.499299 -436741.976758 0.003139
2185801.910345 -2559748.945647 -436736.301187 0.003775
2185802.020625 -2559750.679083 -436730.539749 0.005465
2185801.921978 -2559751.646596 -436724.642934 0.007351
2185801.839911 -2559753.057385 -436719.085557 0.005739
2185801.728563 -2559753.547481 -436713.081198 0.005489
2185801.655125 -2559754.535323 -436707.287334 0.002871
2185801.609467 -2559755.556471 -436701.535233 0.003501
2185801.661358 -2559757.204300 -436695.763751 0.005642
2185801.883430 -2559759.539213 -436690.246699 0.006413
2185801.594046 -2559759.750043 -436684.321036 0.004158
2185801.666855 -2559761.427176 -436678.559401 0.006892
2185801.761933 -2559765.782039 -436661.366203 0.007075
2185801.831457 -2559767.434588 -436655.718976 0.006866
2185801.368558 -2559766.483257 -436649.488960 0.009485
2185800.983682 -2559766.093370 -436643.451904 0.006998
2185800.556950 -2559765.639701 -436637.419860 0.005805
2185800.049148 -2559764.607024 -436631.276240 0.004008
2185799.529503 -2559763.569121 -436625.054467 0.008564
2185798.968625 -2559762.461365 -436618.887703 0.005864
2185798.532214 -2559761.549439 -436612.658624 0.007956
2185797.995230 -2559760.470891 -436606.525322 0.007637
2185797.475659 -2559759.418482 -436600.391182 0.007016
2185797.180078 -2559759.155225 -436594.389162 0.005700
2185796.573485 -2559757.993060 -436588.135946 0.009336
2185796.150986 -2559757.085927 -436582.002231 0.006479
2185796.001894 -2559757.975980 -436576.114163 0.010203
2185795.754579 -2559758.246540 -436570.203813 0.008549
2185795.558739 -2559758.591438 -436564.307321 0.006998
2185795.493766 -2559759.605937 -436558.426992 0.009473
2185795.385765 -2559760.540292 -436552.640920 0.008395
2185795.447580 -2559762.185132 -436546.974121 0.006699
2185795.216036 -2559762.474092 -436541.090162 0.006984
2185795.295557 -2559764.160453 -436535.332419 0.009897
2185795.356180 -2559765.800884 -436529.678789 0.009471
2185795.240506 -2559766.740820 -436523.791472 0.012484
2185795.426938 -2559769.031260 -436518.229692 0.009925
2185795.723226 -2559771.496657 -436512.600411 0.011838
2185795.378846 -2559771.162788 -436506.585196 0.010441
2185794.959235 -2559770.715450 -436500.574118 0.011181
2185794.484372 -2559769.749065 -436494.328120 0.012410
2185793.957230 -2559768.689282 -436488.173841 0.010081
2185793.437629 -2559767.634858 -436482.048731 0.010131
2185792.799998 -2559765.968789 -436475.681970 0.011830
2185792.141046 -2559764.254441 -436469.412103 0.009566
2185791.621050 -2559763.216250 -436463.186487 0.013758
2185791.109631 -2559762.178680 -436457.038130 0.011613
2185790.735257 -2559761.803341 -436451.005083 0.009081
2185790.182662 -2559760.721197 -436444.754654 0.011879
2185789.996618 -2559761.079946 -436438.861747 0.010420
2185789.623855 -2559760.702383 -436432.852134 0.010050
2185789.420986 -2559761.055405 -436426.845957 0.011913
2185789.275415 -2559761.934584 -436421.054563 0.011052
2185789.223513 -2559762.967645 -436415.179242 0.013851
2185789.152656 -2559763.959816 -436409.382264 0.010886
2185789.098286 -2559764.970277 -436403.617776 0.010396
2185788.957197 -2559765.411944 -436397.630922 0.012630
2185788.944986 -2559766.947850 -436391.955445 0.011709
2185789.007726 -2559768.594898 -436386.285080 0.009675
2185789.215261 -2559770.930075 -436380.642864 0.012616
2185789.304518 -2559772.616308 -436374.975616 0.010079
2185789.482233 -2559774.890462 -436369.431150 0.009330
2185789.585107 -2559776.613950 -436363.663847 0.010667
2185789.580814 -2559778.159935 -436357.996891 0.010513
2185789.517134 -2559779.174087 -436352.128294 0.014216
2185789.568633 -2559780.805878 -436346.450517 0.011591
2185789.493978 -2559781.788592 -436340.672917 0.010522
2185789.454983 -2559782.824869 -436334.894610 0.008552
2185789.530771 -2559784.506566 -436329.133292 0.011057
2185789.576262 -2559786.127053 -436323.467291 0.009835
2185789.501812 -2559787.110109 -436317.689690 0.008761
2185788.914977 -2559785.978304 -436311.431879 0.011512
2185788.904199 -2559787.055082 -436305.662684 0.009731
2185788.643806 -2559787.322891 -436299.652767 0.012452
2185788.400579 -2559787.599738 -436293.741643 0.010626
2185788.360061 -2559788.650556 -436287.863838 0.012754
2185788.404566 -2559790.268734 -436282.202436 0.011985
2185788.380537 -2559791.325245 -436276.435626 0.010737
2185788.327848 -2559792.342358 -436270.651078 0.008499
2185788.229755 -2559793.307204 -436264.772158 0.011881
2185787.979164 -2559793.574025 -436258.856317 0.009789
2185787.913827 -2559794.586496 -436252.984772 0.013091
2185787.666463 -2559794.857161 -436247.074415 0.011450
2185787.606481 -2559795.861671 -436241.298641 0.010208
2185787.691297 -2559797.540892 -436235.634209 0.008034
2185787.446626 -2559797.831807 -436229.627065 0.010808
2185787.403220 -2559798.860930 -436223.852759 0.009161
2185787.307624 -2559799.837733 -436217.932807 0.008818
2185787.363466 -2559801.467210 -436212.300457 0.010476
2185787.288451 -2559802.450229 -436206.520127 0.008998
2185787.655658 -2559805.484248 -436200.981890 0.010181
2185787.577366 -2559806.463319 -436195.196878 0.008344
2185787.634514 -2559808.101834 -436189.529105 0.006673
2185787.730516 -2559809.796527 -436183.871959 0.005099
2185787.596961 -2559810.710252 -436177.984106 0.008480
2185787.409730 -2559811.067663 -436172.091139 0.007036
2185787.184873 -2559811.385501 -436166.098988 0.010578
2185786.957962 -2559811.686116 -436160.193072 0.008855
2185786.774836 -2559812.049998 -436154.299089 0.007227
2185786.704778 -2559813.039978 -436148.521733 0.006076
2185786.757914 -2559814.690700 -436142.747833 0.007963
2185786.665947 -2559815.650158 -436136.959103 0.006265
2185786.757830 -2559817.357629 -436131.192068 0.007892
2185786.786365 -2559818.951089 -436125.536346 0.008016
2185787.044712 -2559821.343122 -436120.009243 0.007019
2185787.082269 -2559822.971644 -436114.230478 0.008808
2185787.114355 -2559824.570817 -436108.572820 0.008669
2185787.436549 -2559827.520083 -436103.138286 0.007054
2185787.597542 -2559829.311404 -436097.486265 0.004276
2185787.795081 -2559831.631395 -436091.848171 0.007862
2185787.827452 -2559833.232814 -436086.182075 0.006776
2185787.861628 -2559834.836209 -436080.519941 0.006189
2185788.163893 -2559837.304109 -436074.927614 0.011589
2185787.932965 -2559838.059687 -436069.133832 -0.000828
2185787.896570 -2559838.640187 -436063.242372 0.007685
2185787.995014 -2559840.809176 -436057.633406 0.002801
2185788.091789 -2559842.523858 -436051.868521 0.004519
2185788.200747 -2559845.791581 -436040.528930 0.014288
2185787.898869 -2559845.528815 -436034.481295 0.008865
2185787.663523 -2559845.818066 -436028.571366 0.006967
2185787.336693 -2559845.509889 -436022.563789 0.005861
2185787.388381 -2559847.156719 -436016.801110 0.008833
2185786.952249 -2559846.693403 -436010.750549 0.006280
2185787.089029 -2559848.446879 -436005.107882 0.004936
2185786.995170 -2559849.400269 -435999.338127 0.005054
2185786.945730 -2559850.438022 -435993.463560 0.007874
2185786.963269 -2559852.020509 -435987.783121 0.005802
2185786.894046 -2559853.003135 -435982.052379 0.008977
2185784.728480 -2559868.170735 -435973.540113 -0.071381
2185786.601167 -2559857.495249 -435958.553266 0.000825
2185786.395343 -2559857.329114 -435952.759843 0.003325
2185786.281374 -2559858.248448 -435947.011145 0.005874
2185786.330051 -2559859.891473 -435941.246750 0.008760
2185786.715290 -2559862.928968 -435935.846367 0.008873
2185787.758083 -2559869.800765 -435928.035242 0.011447
2185787.666518 -2559870.761103 -435922.249681 0.010041
2185787.040425 -2559869.095860 -435915.988770 0.007803
2185786.524433 -2559868.047681 -435909.867076 0.008064
2185785.750395 -2559866.173273 -435903.543698 0.003467
2185785.063877 -2559863.965702 -435897.126494 0.009327
2185784.214262 -2559861.512896 -435890.728241 0.007091
2185783.625224 -2559859.914369 -435884.395630 0.010805
2185782.955964 -2559858.188388 -435878.114468 0.007526
2185782.395154 -2559857.075019 -435871.983216 0.008108
2185781.848320 -2559855.541411 -435865.641787 0.010024
2185781.233593 -2559854.350925 -435859.492422 0.010006
2185780.787409 -2559853.411024 -435853.352366 0.007088
2185779.950356 -2559850.990870 -435846.869419 0.010183
2185779.602449 -2559850.652994 -435840.855721 0.008989
2185778.919678 -2559848.918956 -435834.498454 0.012606
2185778.460802 -2559847.960750 -435828.354598 0.009460
2185778.163384 -2559847.694541 -435822.361353 0.008999
2185777.550723 -2559846.506129 -435816.217072 0.009572
2185777.171689 -2559846.144884 -435810.072195 0.010237
2185776.774453 -2559845.731294 -435804.068308 0.011110
2185776.596604 -2559846.123711 -435798.063069 0.012346
2185776.093216 -2559845.096480 -435791.931839 0.011580
2185775.974174 -2559846.016383 -435786.146188 0.010805
2185775.781473 -2559846.386069 -435780.144115 0.012665
2185774.869852 -2559843.378518 -435773.654528 0.011284
2185774.188342 -2559841.628733 -435767.401037 0.011035
2185773.549992 -2559839.963281 -435761.033952 0.012546
2185773.168790 -2559839.115216 -435754.922884 0.010809
2185772.088478 -2559835.879086 -435748.296415 0.013965
2185771.569427 -2559834.831906 -435742.147765 0.011942
2185771.197445 -2559834.459700 -435736.127179 0.010671
2185770.741234 -2559833.517950 -435729.907664 0.013918
2185770.502817 -2559833.801956 -435724.007788 0.013035
2185770.116048 -2559833.411128 -435717.970052 0.010503
2185769.997266 -2559834.329152 -435712.198238 0.010854
2185769.673261 -2559834.044475 -435706.084442 0.013285
2185769.461388 -2559834.382234 -435700.100683 0.017309
2185769.197097 -2559834.632106 -435694.178811 0.014981
2185769.123433 -2559835.618297 -435688.404749 0.014224
2185769.042931 -2559836.594258 -435682.631003 0.013492
2185769.024463 -2559837.658369 -435676.881391 0.013723
2185768.581097 -2559837.206465 -435670.710736 0.013493
2185768.572388 -2559838.305268 -435664.845767 0.016247
2185768.442251 -2559839.210479 -435659.054495 0.015209
2185768.407646 -2559840.254810 -435653.283766 0.013686
2185768.323533 -2559841.244752 -435647.398775 0.016348
2185768.433754 -2559842.955227 -435641.784387 0.018262
2185768.181781 -2559843.225929 -435635.852228 0.014690
2185768.098598 -2559844.199915 -435630.069937 0.013391
2185768.161518 -2559845.866529 -435624.305552 0.015946
2185768.028138 -2559846.768679 -435618.506756 0.014283
2185767.818809 -2559847.114518 -435612.504409 0.016510
2185768.031933 -2559849.444356 -435606.966129 0.015533
2185767.822894 -2559849.790761 -435600.963618 0.017910
2185767.905226 -2559851.467087 -435595.312367 0.017046
2185767.832984 -2559852.458008 -435589.528924 0.015386
2185767.693203 -2559852.905230 -435583.542142 0.017445
2185767.147165 -2559852.278967 -435577.493211 0.017611
2185767.052898 -2559852.777843 -435571.604709 0.014411
2185766.479708 -2559851.664466 -435565.372312 0.019195
2185766.422933 -2559852.679332 -435559.586152 0.016913
2185766.181957 -2559852.963898 -435553.670280 0.014602
2185766.116835 -2559853.981353 -435547.794276 0.017496
2185765.924833 -2559854.333708 -435541.907211 0.016725
2185765.967634 -2559855.954837 -435536.237950 0.015273
2185765.832308 -2559856.870008 -435530.348142 0.018522
2185765.710722 -2559857.328513 -435524.458496 0.015865
2185765.337877 -2559856.974064 -435518.335758 0.018438
2185765.090634 -2559857.245850 -435512.438660 0.018015
2185764.868203 -2559857.557855 -435506.526418 0.015621
2185764.615878 -2559857.838595 -435500.532732 0.019658
2185764.599017 -2559858.910471 -435494.763352 0.018017
2185764.376142 -2559859.221460 -435488.854027 0.015895
2185764.343397 -2559860.286373 -435482.986187 0.018794
2185764.192472 -2559861.162132 -435477.193721 0.018135
2185764.114295 -2559862.152099 -435471.375386 0.013203
2185764.038337 -2559863.146352 -435465.538032 0.020107
2185763.827114 -2559863.474143 -435459.632482 0.018076
2185763.208390 -2559861.820976 -435453.376000 0.015925
2185762.519918 -2559860.081930 -435447.010970 0.018953
2185762.104880 -2559859.646839 -435440.993427 0.018809
2185761.628042 -2559858.685291 -435434.728163 0.018452
2185761.315483 -2559858.400255 -435428.727602 0.017663
2185761.059166 -2559858.662223 -435422.815888 0.015944
2185760.836931 -2559858.976040 -435416.900110 0.013198
2185760.612125 -2559859.295584 -435410.921934 0.018051
2185760.399793 -2559859.620632 -435405.024041 0.016751
2185760.359304 -2559860.671836 -435399.170602 0.021322
2185759.913547 -2559860.203184 -435393.092351 0.016248
2185759.614065 -2559859.942214 -435387.070981 0.013218
2185759.548616 -2559860.955149 -435381.222988 0.018731
2185759.301435 -2559861.233222 -435375.300857 0.015995
2185759.216531 -2559862.205005 -435369.527845 0.015609
2185758.881897 -2559861.909935 -435363.400283 0.016854
2185758.758594 -2559862.825240 -435357.622541 0.016925
2185758.429808 -2559862.516737 -435351.621856 0.016502
2185758.312275 -2559863.444736 -435345.824282 0.014591
2185758.066292 -2559863.737515 -435339.824529 0.017919
2185757.790158 -2559863.505129 -435333.838006 0.017598
2185757.511425 -2559863.758528 -435327.790403 0.017243
2185757.328795 -2559864.132790 -435321.873036 0.013430
2185757.278353 -2559865.170999 -435316.014355 0.017598
2185757.050754 -2559865.457757 -435310.213120 0.012166
2185756.983986 -2559866.476671 -435304.328860 0.014500
2185756.997281 -2559868.055367 -435298.662322 0.013826
2185756.751795 -2559868.348828 -435292.665367 0.017576
2185756.678141 -2559869.339424 -435286.886652 0.016400
2185756.607647 -2559870.336948 -435281.097344 0.014008
2185756.438139 -2559870.741931 -435275.112831 0.017128
2185756.230551 -2559871.073576 -435269.225059 0.016507
2185756.010720 -2559871.390714 -435263.317689 0.014495
2185756.055740 -2559873.017003 -435257.653065 0.013441
2185755.866368 -2559873.393849 -435251.661803 0.016243
2185755.584215 -2559873.621223 -435245.737752 0.014139
2185755.550820 -2559874.690103 -435239.857433 0.015898
2185755.225672 -2559874.848902 -435233.954355 0.016747
2185754.820440 -2559874.434368 -435227.916097 0.014626
2185754.629741 -2559874.345413 -435221.844319 0.017690
2185754.241670 -2559873.955470 -435215.812267 0.015747
2185754.009172 -2559874.252022 -435209.916153 0.015096
2185753.481245 -2559873.208044 -435203.691587 0.019557
2185753.154693 -2559872.907690 -435197.674007 0.017532
2185752.770847 -2559872.542805 -435191.535232 0.018878
2185752.508818 -2559872.799125 -435185.620114 0.017140
2185752.307919 -2559873.156005 -435179.659514 0.009744
2185751.972615 -2559872.844071 -435173.621806 0.019366
2185751.781546 -2559873.202403 -435167.729372 0.018085
2185751.400351 -2559872.823335 -435161.697260 0.015968
2185751.050515 -2559872.485752 -435155.693512 0.015604
2185750.827075 -2559872.811804 -435149.705948 0.019732
2185750.616193 -2559873.141712 -435143.808646 0.018452
2185750.359712 -2559873.411736 -435137.869067 0.014152
2185750.167814 -2559873.782690 -435131.894454 0.018732
2185749.782418 -2559873.388770 -435125.907888 0.020800
2185749.578628 -2559873.755058 -435119.868480 0.019619
2185749.320046 -2559874.015063 -435113.963921 0.018790
2185749.253265 -2559875.014855 -435108.200823 0.018750
2185749.078100 -2559875.393029 -435102.331739 0.019277
2185749.158537 -2559877.096825 -435096.540223 0.018912
2185749.071669 -2559878.066979 -435090.775711 0.019375
2185748.946743 -2559879.001480 -435084.890522 0.022985
2185748.754036 -2559879.361583 -435078.981627 0.020051
2185748.243638 -2559878.328028 -435072.857052 0.020077
2185747.898863 -2559878.018347 -435066.742568 0.022785
2185747.524610 -2559877.648706 -435060.720892 0.021492
2185747.172339 -2559877.312903 -435054.695199 0.019301
2185746.619870 -2559876.221721 -435048.544456 0.017887
2185746.165668 -2559875.286117 -435042.338533 0.022379
2185745.923761 -2559875.572644 -435036.431502 0.020932
2185745.728596 -2559875.924884 -435030.545830 0.020385
2185745.464814 -2559876.198081 -435024.528287 0.022491
2185745.264639 -2559877.006115 -435018.729531 0.022412
2185745.340913 -2559878.216568 -435012.990931 0.021320
2185745.121465 -2559878.555033 -435006.980477 0.023208
2185745.209069 -2559880.244261 -435001.335436 0.022987
2185745.153179 -2559881.270025 -434995.530656 0.018826
2185744.921760 -2559881.584464 -434989.552099 0.023955
2185744.832166 -2559882.555796 -434983.767896 0.022488
2185744.461645 -2559882.210021 -434977.645802 0.025257
2185744.345169 -2559883.122541 -434971.968591 0.021049
2185743.880596 -2559882.175640 -434965.746500 0.024288
2185743.696408 -2559882.549513 -434959.839592 0.021502
2185743.455506 -2559882.837707 -434953.936727 0.020431
2185743.134466 -2559882.560603 -434947.844662 0.024681
2185742.885653 -2559882.839071 -434941.931241 0.022797
2185742.679421 -2559883.195481 -434935.935060 0.025543
2185742.469361 -2559883.530947 -434930.028421 0.023395
2185742.212602 -2559883.794975 -434924.129316 0.023038
2185741.989134 -2559884.126972 -434918.126786 0.025615
2185741.910525 -2559885.115175 -434912.345075 0.024293
2185741.704717 -2559885.472150 -434906.351088 0.027227
2185741.648978 -2559886.475087 -434900.681414 0.022309
2185741.428547 -2559886.810197 -434894.688048 0.025835
2185741.378526 -2559887.839154 -434888.918460 0.024976
2185740.936189 -2559887.391690 -434882.772922 0.027066
2185740.923792 -2559888.475506 -434877.011834 0.026123
2185740.674454 -2559888.769202 -434871.010729 0.029419
2185740.468068 -2559889.111184 -434865.102965 0.027094
2185740.251042 -2559889.433815 -434859.212984 0.026657
2185740.052531 -2559889.803912 -434853.211949 0.028791
2185739.833997 -2559890.122979 -434847.329357 0.029080
2185739.482516 -2559889.788137 -434841.317635 0.028031
2185739.131950 -2559889.474242 -434835.195933 0.030365
2185738.880464 -2559889.749995 -434829.283765 0.028675
2185738.675232 -2559890.090650 -434823.394983 0.027930
2185738.394416 -2559890.339434 -434817.385745 0.031368
2185738.662974 -2559892.763013 -434811.840858 0.028357
2185738.562365 -2559893.717742 -434806.069187 0.028490
2185738.654385 -2559895.419131 -434800.410949 0.026949
2185738.431946 -2559895.754330 -434794.408848 0.029538
2185738.526731 -2559897.474689 -434788.664391 0.033386
2185738.248093 -2559897.710814 -434782.750462 0.032014
2185737.870129 -2559897.340932 -434776.720369 0.030040
2185737.857617 -2559898.428017 -434770.949594 0.028204
2185737.523363 -2559898.135125 -434764.849683 0.032029
2185737.330321 -2559898.498795 -434758.941553 0.029357
2185737.059744 -2559898.745784 -434753.036309 0.028760
2185736.833171 -2559899.075269 -434747.035172 0.031530
2185736.678951 -2559899.492907 -434741.149360 0.030034
2185736.285558 -2559899.097790 -434735.132814 0.029683
2185735.953784 -2559898.813311 -434729.012216 0.031533
2185735.460246 -2559898.268593 -434722.993671 0.033335
2185735.038271 -2559897.391491 -434716.758594 0.034360
2185734.691000 -2559897.065089 -434710.744872 0.033204
2185734.086568 -2559895.899046 -434704.600654 0.033633
2185733.616699 -2559894.951942 -434698.357379 0.035016
2185733.287209 -2559894.652560 -434692.343356 0.033418
2185732.962236 -2559894.364825 -434686.305343 0.029478
2185732.705166 -2559894.645831 -434680.323528 0.034774
2185732.523140 -2559895.022910 -434674.436663 0.033827
2185732.139813 -2559894.663399 -434668.309137 0.036222
2185731.898720 -2559894.955563 -434662.405378 0.035095
2185731.862951 -2559896.030451 -434656.517290 0.036202
2185731.640058 -2559896.328858 -434650.731974 0.032192
2185731.587674 -2559897.373577 -434644.871284 0.036398
2185731.357674 -2559897.684594 -434638.958073 0.033970
2185731.263343 -2559898.669691 -434633.082025 0.037730
2185730.901278 -2559898.324077 -434627.059834 0.036137
2185730.539300 -2559897.995848 -434620.939669 0.038720
2185730.490294 -2559899.032039 -434615.161739 0.037084
2185730.412771 -2559900.023919 -434609.392340 0.036752
2185730.216824 -2559900.383196 -434603.495178 0.035184
2185729.845202 -2559900.040291 -434597.378123 0.038449
2185729.616165 -2559900.352093 -434591.471981 0.036652
2185729.280036 -2559900.062332 -434585.356104 0.039200
2185728.901000 -2559899.689903 -434579.344427 0.038823
2185728.633342 -2559899.948883 -434573.413829 0.035823
2185728.198923 -2559899.053948 -434567.185196 0.037902
2185728.087865 -2559899.996663 -434561.414177 0.038204
2185727.766722 -2559899.730039 -434555.297274 0.040305
2185727.682368 -2559900.713736 -434549.522412 0.039620
2185727.470961 -2559901.049873 -434543.630035 0.038874
2185727.232764 -2559901.348330 -434537.726290 0.037674
2185727.009588 -2559901.688873 -434531.712647 0.039216
2185726.998023 -2559902.778282 -434525.956667 0.038761
2185726.851440 -2559903.691264 -434520.059233 0.041578
2185726.754359 -2559904.196050 -434514.183121 0.039674
2185726.621964 -2559905.107592 -434508.412393 0.040658
2185726.530693 -2559906.104268 -434502.512533 0.041953
2185726.308371 -2559906.428429 -434496.602029 0.039779
2185726.270772 -2559907.483390 -434490.826043 0.038070
2185726.022259 -2559907.786096 -434484.815935 0.040514
2185726.136038 -2559909.524949 -434479.159314 0.038655
2185725.889584 -2559909.812452 -434473.253529 0.037465
2185725.707201 -2559910.207571 -434467.279184 0.041715
2185725.631753 -2559911.209149 -434461.488917 0.039561
2185725.694470 -2559912.868570 -434455.848623 0.040396
2185725.490848 -2559913.242792 -434449.820781 0.040151
2185725.223105 -2559913.498344 -434443.917390 0.039684
2185725.005544 -2559913.829141 -434438.015039 0.038007
2185724.821244 -2559914.223943 -434432.030529 0.041495
2185724.449883 -2559913.868846 -434426.002268 0.039575
2185724.004788 -2559912.958451 -434419.783763 0.042701
2185723.618842 -2559912.582248 -434413.752843 0.040875
2185723.403724 -2559912.914991 -434407.861899 0.040189
2185722.943486 -2559912.430682 -434401.815204 0.038622
2185722.915988 -2559913.048542 -434395.894165 0.044381
2185722.460957 -2559912.576799 -434389.824782 0.040429
2185722.235571 -2559912.895162 -434383.930063 0.039796
2185714.244463 -2559877.798205 -434367.299383 -0.143954
2185713.411146 -2559874.864164 -434364.000681 -0.269964
2185753.465857 -2560063.082684 -434388.869909 -0.285846
2185736.796114 -2559988.907422 -434360.555391 -0.280080
2185291.887886 -2559507.896773 -439674.297780 0.191556
2185318.439901 -2559634.819424 -439676.388916 0.303642
2185302.899851 -2559565.075065 -439656.486033 -0.000906
2185305.350889 -2559577.229222 -439654.559744 -0.086112
2185308.653762 -2559602.300524 -439615.132591 -0.005021
2185309.009177 -2559605.347242 -439609.604073 -0.001726
2185309.654716 -2559609.694617 -439604.518476 -0.006621
2185310.401582 -2559615.801499 -439593.667621 -0.009082
2185311.416205 -2559621.641154 -439588.634759 -0.006218
2185311.580775 -2559623.949963 -439582.981661 -0.002587
2185312.850850 -2559631.059477 -439578.279526 -0.004046
2185312.936197 -2559632.776909 -439572.608679 -0.005961
2185312.792577 -2559633.701719 -439566.806047 -0.006870
2185312.766745 -2559634.795789 -439561.034075 -0.007670
2185312.770794 -2559635.950664 -439555.175445 -0.003916
2185312.643152 -2559636.901167 -439549.361376 -0.006268
2185312.412903 -2559637.241769 -439543.443667 -0.008105
2185312.182125 -2559637.598282 -439537.437541 -0.004844
2185312.117636 -2559638.638089 -439531.645182 -0.006652
2185312.041587 -2559639.658723 -439525.861597 -0.007373
2185311.853367 -2559640.077868 -439519.856431 -0.005018
2185311.635012 -2559640.433633 -439513.947607 -0.006316
2185311.372580 -2559640.720166 -439508.055843 -0.005007
2185311.072039 -2559640.501633 -439502.017909 -0.008818
2185310.876366 -2559640.909241 -439496.011809 -0.006222
2185310.473877 -2559640.538055 -439489.975189 -0.007528
2185310.154832 -2559640.307131 -439483.853584 -0.005062
2185309.975590 -2559640.719422 -439477.949871 -0.006811
2185309.530089 -2559640.304917 -439471.801379 -0.004058
2185309.172065 -2559639.996754 -439465.777920 -0.005030
2185308.952480 -2559640.348271 -439459.874074 -0.006027
2185308.532858 -2559639.952025 -439453.831284 -0.007245
2185308.357733 -2559640.369658 -439447.926798 -0.009178
2185307.921576 -2559639.507466 -439441.695250 -0.006613
2185307.577369 -2559639.675988 -439435.774314 -0.006139
2185307.163284 -2559638.847950 -439429.534827 -0.004843
2185306.733915 -2559638.436397 -439423.490631 -0.006106
2185306.599675 -2559638.913426 -439417.591731 -0.008489
2185306.023850 -2559637.850816 -439411.316433 -0.006894
2185305.553876 -2559636.916589 -439405.192981 -0.006819
2185305.163476 -2559636.579153 -439399.060515 -0.003881
2185304.664677 -2559635.606814 -439392.911490 -0.005532
2185304.343134 -2559635.351140 -439386.886697 -0.007509
2185303.959998 -2559635.005556 -439380.852362 -0.008951
2185303.740770 -2559635.373180 -439374.854448 -0.005261
2185303.610593 -2559636.316485 -439369.035276 -0.008091
2185303.560714 -2559637.387262 -439363.170349 -0.003720
2185303.627154 -2559639.075783 -439357.477389 -0.007147
2185303.879504 -2559641.483572 -439351.959411 -0.006366
2185304.110704 -2559643.883725 -439346.316735 -0.003386
2185304.331951 -2559646.253302 -439340.757072 -0.005776
2185304.529705 -2559648.588888 -439335.191533 -0.008166
2185304.565021 -2559650.243796 -439329.424742 -0.004420
2185304.556340 -2559651.362868 -439323.626632 -0.008134
2185304.762792 -2559653.707533 -439318.078933 -0.009223
2185304.821093 -2559655.393327 -439312.325541 -0.004608
2185304.845867 -2559657.585483 -439303.727032 -0.009735
2185305.252752 -2559660.692281 -439298.239860 -0.003970
2185305.293320 -2559662.342379 -439292.537716 -0.007660
2185305.539787 -2559664.746845 -439286.984644 -0.010196
2185305.589700 -2559666.403070 -439281.319696 -0.010638
2185305.546784 -2559667.481009 -439275.459357 -0.006022
2185305.719480 -2559669.777784 -439269.893441 -0.007873
2185305.766551 -2559671.452061 -439264.108090 -0.005975
2185305.664055 -2559673.007961 -439255.338371 -0.002976
2185305.806868 -2559674.781511 -439249.781740 -0.009004
2185305.378253 -2559674.386089 -439243.635099 -0.006550
2185305.336168 -2559676.033561 -439234.854301 -0.005698
2185305.081866 -2559676.308196 -439229.053985 -0.009652
2185304.881383 -2559676.702921 -439223.041576 -0.007780
2185304.475370 -2559676.321552 -439216.995995 -0.009785
2185304.097616 -2559675.996996 -439210.869260 -0.006690
2185304.053752 -2559677.055412 -439205.097419 -0.007165
2185303.942932 -2559678.020839 -439199.291191 -0.009284
2185303.742198 -2559678.411364 -439193.295411 -0.005888
2185303.841104 -2559680.137768 -439187.632336 -0.007318
2185303.711157 -2559681.091182 -439181.734838 -0.004161
2185303.944451 -2559683.471260 -439176.192811 -0.005211
2185304.110369 -2559685.757017 -439170.619438 -0.007618
2185304.398251 -2559688.214426 -439165.096349 -0.008351
2185304.494653 -2559689.951421 -439159.351774 -0.003829
2185304.683913 -2559692.272271 -439153.775503 -0.007054
2185304.741044 -2559693.954756 -439148.010670 -0.003674
2185304.727931 -2559695.060295 -439142.225356 -0.006139
2185304.978353 -2559697.923899 -439136.775163 -0.006951
2185305.257684 -2559700.369995 -439131.239996 -0.008447
2185305.193169 -2559701.416834 -439125.356019 -0.005415
2185305.515614 -2559704.383214 -439119.927060 -0.005941
2185305.766561 -2559706.790203 -439114.374012 -0.008436
2185305.806231 -2559708.445172 -439108.611584 -0.004429
2185305.874007 -2559710.123684 -439102.946499 -0.005337
2185306.096235 -2559712.486280 -439097.399923 -0.006572
2185306.162496 -2559714.178547 -439091.646048 -0.002390
2185306.069138 -2559715.170550 -439085.824190 -0.006401
2185306.176883 -2559716.904711 -439080.175950 -0.006676
2185306.111893 -2559717.951168 -439074.284457 -0.004512
2185306.337942 -2559720.318008 -439068.741743 -0.005479
2185306.501001 -2559722.593049 -439063.187105 -0.006086
2185306.450181 -2559723.659108 -439057.301137 -0.003739
2185306.627657 -2559725.957968 -439051.734565 -0.005799
2185306.683409 -2559727.614947 -439046.079962 -0.005450
2185306.718176 -2559728.803236 -439040.218559 -0.002808
2185306.850343 -2559731.031347 -439034.665695 -0.002534
2185307.095288 -2559733.428003 -439029.109687 -0.005351
2185307.348567 -2559735.851382 -439023.473611 -0.002163
2185307.245625 -2559736.818780 -439017.694923 -0.001942
2185307.453160 -2559739.160782 -439012.131405 -0.004588
2185307.595435 -2559741.402621 -439006.581123 -0.004302
2185307.616411 -2559742.571119 -439000.711381 -0.002125
2185307.803476 -2559744.876834 -438995.174344 -0.001661
2185307.855194 -2559746.534424 -438989.482231 -0.004747
2185307.794675 -2559747.581443 -438983.610347 -0.000871
2185308.027453 -2559749.954971 -438978.072156 -0.001564
2185307.910075 -2559750.906096 -438972.262770 -0.003879
2185307.636855 -2559751.180620 -438966.279308 0.002295
2185307.784616 -2559752.977307 -438960.603585 -0.001501
2185307.703542 -2559753.976786 -438954.820801 -0.002188
2185307.633193 -2559755.012017 -438948.931012 0.000238
2185307.815437 -2559756.850671 -438943.300908 -0.000125
2185307.487188 -2559757.032801 -438937.373474 -0.000773
2185307.412862 -2559758.061314 -438931.485673 0.001927
2185307.493047 -2559759.757575 -438925.805649 -0.000711
2185307.554259 -2559761.418661 -438920.158772 0.000027
2185307.653956 -2559763.157507 -438914.400897 0.003183
2185307.731215 -2559764.848553 -438908.723047 0.000812
2185307.639593 -2559765.829744 -438902.947589 0.000886
2185307.825356 -2559768.158126 -438897.269568 0.001707
2185307.912065 -2559769.855334 -438891.628227 0.002363
2185308.099235 -2559772.163099 -438886.070063 0.000838
2185308.228152 -2559773.944186 -438880.315721 0.003630
2185308.303506 -2559775.628264 -438874.654089 0.002656
2185308.329344 -2559777.243434 -438868.968133 0.000732
2185308.433262 -2559778.968021 -438863.315458 0.000080
2185308.370535 -2559779.993394 -438857.529852 -0.001324
2185308.322654 -2559781.056658 -438851.656495 0.002084
2185308.194530 -2559781.986061 -438845.862145 0.001390
2185308.252127 -2559783.664569 -438840.084161 0.003473
2185308.361742 -2559785.398860 -438834.423419 0.001926
2185308.230264 -2559786.325257 -438828.617536 0.000230
2185308.357475 -2559788.101018 -438822.870700 0.003603
2185308.427092 -2559789.777817 -438817.196882 0.001770
2185308.493058 -2559791.446270 -438811.536869 0.001153
2185308.422987 -2559792.478766 -438805.647197 0.003710
2185308.394356 -2559793.554427 -438799.858592 0.001216
2185308.308838 -2559794.541939 -438794.085883 0.001365
2185308.349313 -2559796.193653 -438788.309377 0.004136
2185308.303095 -2559797.238905 -438782.539766 0.003663
2185308.194015 -2559798.198251 -438776.731013 0.001162
2185308.262952 -2559799.872302 -438771.061981 -0.000222
2185308.187169 -2559800.875629 -438765.279990 -0.001008
2185308.137392 -2559801.934974 -438759.402562 0.002031
2185308.051316 -2559802.923247 -438753.618019 0.001243
2185307.839545 -2559803.289829 -438747.608725 0.003527
2185307.591058 -2559803.585160 -438741.690395 0.001788
2185307.560553 -2559804.654090 -438735.915030 0.000554
2185307.455210 -2559805.633210 -438730.021782 0.003416
2185307.517486 -2559807.295544 -438724.356925 0.002575
2185307.438526 -2559808.292592 -438718.578109 0.002146
2185307.232766 -2559808.649648 -438712.666941 -0.000090
2185307.141492 -2559809.648781 -438706.776059 0.002813
2185306.942369 -2559810.010351 -438700.890825 0.002835
2185306.885156 -2559811.044368 -438695.087530 -0.000391
2185306.765600 -2559812.002444 -438689.189474 0.002507
2185306.632671 -2559812.463110 -438683.300675 0.000654
2185306.426670 -2559813.298650 -438677.370214 0.002547
2185306.151513 -2559813.089773 -438671.379744 0.002264
2185306.069227 -2559814.081807 -438665.596362 0.001471
2185305.703669 -2559813.746815 -438659.563545 -0.000486
2185305.328336 -2559813.412498 -438653.443839 0.003008
2185305.061857 -2559813.680075 -438647.521129 0.001268
2185304.735188 -2559813.415804 -438641.412604 0.004680
2185304.543814 -2559813.794406 -438635.494541 0.001602
2185304.329333 -2559814.134345 -438629.595647 0.000853
2185304.130374 -2559814.500225 -438623.683265 -0.001513
2185303.862905 -2559814.782854 -438617.666108 0.001285
2185303.790241 -2559815.788540 -438611.881416 0.000128
2185303.946965 -2559817.585458 -438606.236848 -0.001059
2185304.105648 -2559819.864441 -438600.573931 0.001584
2185304.345456 -2559822.241133 -438595.035362 0.000596
2185304.496481 -2559824.491648 -438589.465861 -0.001359
2185304.060521 -2559824.068298 -438583.332707 0.002445
2185303.862497 -2559824.434302 -438577.421698 0.000166
2185303.556249 -2559824.183242 -438571.402442 -0.002114
2185302.994452 -2559823.118781 -438565.148559 0.001117
2185302.954261 -2559824.169651 -438559.375315 0.000089
2185302.924058 -2559825.240913 -438553.574414 -0.003587
2185302.189635 -2559823.464458 -438547.204715 0.000577
2185302.552411 -2559826.016177 -438541.702094 -0.000080
2185302.234594 -2559826.208512 -438535.764068 -0.002107
2185302.155987 -2559827.222856 -438529.875084 0.000458
2185302.248118 -2559828.925760 -438524.211368 -0.001015
2185302.292668 -2559830.581301 -438518.420941 0.000292
2185302.207712 -2559831.567487 -438512.633542 -0.001023
2185302.584953 -2559834.601379 -438507.213047 -0.001963
2185302.844380 -2559837.007079 -438501.667931 -0.004041
2185302.991048 -2559839.247511 -438496.107991 -0.004867
2185303.213545 -2559841.619029 -438490.447720 -0.003479
2185302.703349 -2559840.607741 -438484.314192 -0.003766
2185302.248801 -2559839.699182 -438478.072504 -0.002120
2185301.709611 -2559838.646910 -438471.926927 -0.002868
2185301.309938 -2559838.260035 -438465.881292 -0.005298
2185300.844800 -2559837.332363 -438459.653347 -0.002118
2185300.287807 -2559836.258143 -438453.484019 -0.004674
2185299.614603 -2559834.568503 -438447.127246 -0.000916
2185299.552569 -2559835.590008 -438441.328286 -0.003701
2185299.490167 -2559836.608727 -438435.539868 -0.005497
2185299.541384 -2559838.249379 -438429.874973 -0.006323
2185299.335733 -2559838.616702 -438423.877772 -0.003019
2185299.546142 -2559840.949820 -438418.323715 -0.004968
2185299.860798 -2559843.893322 -438412.881676 -0.006476
2185293.287486 -2559835.848573 -438406.243054 0.086085
2185283.315085 -2559822.355643 -438399.146815 0.227361
2185299.564945 -2559846.822795 -438395.311040 -0.001664
2185299.554663 -2559847.915944 -438389.535165 -0.003684
2185299.749656 -2559850.225551 -438383.979860 -0.005230
2185299.456733 -2559850.010783 -438377.852479 -0.004305
2185300.416846 -2559856.733203 -438370.139852 -0.003247
2185300.241120 -2559857.149762 -438364.114411 -0.003279
2185300.180477 -2559858.149159 -438358.439444 -0.008063
2185300.085270 -2559859.134656 -438352.555410 -0.004688
2185299.719881 -2559858.795891 -438346.514984 -0.007474
2185299.673131 -2559859.849734 -438340.649189 -0.003419
2185299.261763 -2559859.444199 -438334.599001 -0.006037
2185298.758426 -2559858.458165 -438328.367676 -0.002335
2185298.430034 -2559858.171328 -438322.340419 -0.004755
2185298.015563 -2559857.757846 -438316.305032 -0.005928
2185297.667589 -2559857.438562 -438310.294121 -0.006376
2185297.028834 -2559855.802603 -438303.913930 -0.005682
2185296.777875 -2559856.083865 -438298.008619 -0.006409
2185296.107236 -2559854.398266 -438291.636779 -0.004195
2185295.746916 -2559854.059071 -438285.630628 -0.003920
2185295.246313 -2559853.082428 -438279.368181 -0.003191
2185294.716087 -2559852.037558 -438273.235208 -0.003050
2185294.495767 -2559852.364134 -438267.330143 -0.004359
2185294.136945 -2559852.048520 -438261.205054 -0.001885
2185293.727926 -2559851.640886 -438255.175112 -0.002698
2185293.565375 -2559852.051986 -438249.276859 -0.004720
2185293.611328 -2559853.682860 -438243.607339 -0.005912
2185293.322864 -2559853.924666 -438237.605154 -0.001193
2185293.308517 -2559855.015209 -438231.800548 -0.005834
2185293.216114 -2559856.001132 -438225.925145 -0.001607
2185293.216465 -2559857.105387 -438220.159873 -0.002774
2185293.190541 -2559858.633304 -438214.467439 -0.004430
2185293.038794 -2559859.072488 -438208.494981 -0.000133
2185293.028807 -2559860.624767 -438202.798779 -0.002515
2185292.836700 -2559860.992880 -438196.891369 -0.004716
2185292.570885 -2559861.266954 -438190.892068 -0.000268
2185292.695014 -2559863.009335 -438185.244257 -0.001271
2185292.582849 -2559863.954103 -438179.435267 -0.003896
2185292.342670 -2559864.267509 -438173.429382 -0.000715
2185292.122362 -2559864.592275 -438167.525440 -0.001940
2185292.061251 -2559865.604800 -438161.756391 -0.002040
2185291.884431 -2559866.009508 -438155.766429 0.001019
2185291.837383 -2559867.509912 -438150.049146 -0.002300
2185291.557585 -2559867.302158 -438143.964789 0.002080
2185291.430969 -2559868.223371 -438138.162830 0.000305
2185291.382747 -2559869.253633 -438132.399049 0.000387
2185291.160708 -2559869.575275 -438126.494918 -0.000829
2185290.952442 -2559869.938570 -438120.473900 0.000054
2185290.718713 -2559870.239037 -438114.588108 0.000815
2185290.478136 -2559870.534093 -438108.677356 -0.000598
2185290.218661 -2559870.818707 -438102.666611 0.002448
2185290.040821 -2559871.201167 -438096.785284 0.002309
2185289.811237 -2559871.512718 -438090.873743 0.000402
2185289.568603 -2559871.821128 -438084.868069 0.003678
2185289.364194 -2559872.169432 -438078.958868 0.001556
2185289.164043 -2559872.523648 -438073.052953 -0.000532
2185288.874544 -2559872.747066 -438067.132893 -0.001684
2185288.701492 -2559873.153529 -438061.153789 0.002280
2185288.327360 -2559872.796403 -438055.117805 0.000019
2185288.110530 -2559873.143554 -438049.108165 0.002303
2185287.915017 -2559873.501399 -438043.215040 0.001301
2185287.652822 -2559873.782273 -438037.197802 0.003941
2185287.424352 -2559874.091627 -438031.301245 0.003386
2185287.235976 -2559874.463054 -438025.392366 0.000901
2185287.300008 -2559876.118374 -438019.720890 -0.000783
2185287.241754 -2559877.593465 -438014.037902 -0.000568
2185287.110345 -2559878.045214 -438008.151447 -0.002457
2185286.783561 -2559877.772726 -438002.029181 -0.000384
2185286.257475 -2559876.745927 -437995.804958 0.004373
2185285.890329 -2559876.395744 -437989.781666 0.003099
2185285.322212 -2559875.298977 -437983.604235 -0.000123
2185284.820014 -2559874.292794 -437977.466022 -0.001395
2185284.389939 -2559873.867708 -437971.335247 0.002149
2185283.947629 -2559872.949632 -437965.201329 0.000033
2185283.537732 -2559872.095868 -437958.974479 0.001840
2185283.356202 -2559872.933516 -437953.168859 0.001082
2185283.119926 -2559873.231887 -437947.263882 -0.000115
2185282.915496 -2559873.593973 -437941.264493 0.002799
2185282.696191 -2559873.914522 -437935.373218 0.002647
2185282.339933 -2559873.581858 -437929.339555 -0.000025
2185282.245728 -2559874.545277 -437923.554121 -0.000951
2185282.104107 -2559875.462557 -437917.634445 0.000050
2185281.952486 -2559875.878158 -437911.769913 0.000814
2185281.703975 -2559876.160798 -437905.849101 -0.001418
2185281.938934 -2559878.539325 -437900.206042 0.001130
2185281.787109 -2559879.416046 -437894.422613 0.001729
2185281.620351 -2559879.833127 -437888.425299 0.003795
2185281.338176 -2559880.064050 -437882.510526 0.002905
2185281.345777 -2559881.177594 -437876.730752 0.000108
2185281.281880 -2559882.186367 -437870.941475 -0.001897
2185281.298885 -2559883.770894 -437865.264494 -0.003194
2185281.357023 -2559885.432185 -437859.498612 -0.000106
2185281.388850 -2559887.588134 -437850.938440 -0.002376
2185281.361605 -2559888.663477 -437845.075697 0.001396
2185281.269618 -2559889.632177 -437839.275652 -0.000965
2185281.050404 -2559889.970129 -437833.280795 0.002525
2185281.286289 -2559892.332784 -437827.730289 0.000337
2185281.308354 -2559893.925417 -437822.048058 -0.001585
2185281.368644 -2559895.571321 -437816.383891 -0.002554
2185281.171102 -2559895.940458 -437810.392355 0.000901
2185281.106225 -2559896.945619 -437804.610046 -0.000614
2185280.911194 -2559897.303376 -437798.705953 -0.002569
2185280.637903 -2559897.563204 -437792.695548 0.000734
2185280.297098 -2559897.249760 -437786.671712 -0.001263
2185279.881600 -2559896.824688 -437780.649424 -0.001377
2185279.579511 -2559896.586806 -437774.523828 -0.000454
2185279.278440 -2559896.786370 -437768.618245 -0.000080
2185279.108071 -2559897.179911 -437762.717651 -0.002299
2185278.719031 -2559896.797995 -437756.675025 -0.004931
2185278.496331 -2559897.130117 -437750.678500 -0.001532
2185278.177315 -2559896.847113 -437744.662350 -0.003346
2185277.906804 -2559897.113259 -437738.638359 -0.001400
2185277.470247 -2559896.658262 -437732.606000 -0.001977
2185277.183864 -2559896.419682 -437726.609676 -0.002703
2185276.846014 -2559896.123654 -437720.505270 0.001018
2185276.511652 -2559895.821782 -437714.466849 -0.002512
2185276.066970 -2559895.356723 -437708.423158 -0.004128
2185275.868114 -2559895.725029 -437702.419934 -0.001759
2185275.637136 -2559896.026981 -437696.521642 -0.002369
2185275.579855 -2559897.047703 -437690.712712 -0.006578
2185275.340003 -2559897.352885 -437684.718451 -0.002421
2185275.405006 -2559899.001698 -437679.067791 -0.002452
2185275.348198 -2559900.017816 -437673.283904 -0.004177
2185275.104010 -2559900.302713 -437667.370551 -0.005880
2185275.030556 -2559901.309541 -437661.496006 -0.002347
2185274.782429 -2559902.156155 -437652.591120 -0.001359
2185274.862421 -2559903.831015 -437646.920942 -0.003549
2185274.633901 -2559904.136943 -437641.017588 -0.004702
2185274.374488 -2559904.397185 -437635.112221 -0.005324
2185274.156353 -2559904.736228 -437629.108649 -0.002745
2185274.094477 -2559905.745514 -437623.318793 -0.004922
2185273.897599 -2559906.113175 -437617.329186 -0.001520
2185273.793002 -2559907.058269 -437611.541101 -0.002538
2185273.724255 -2559908.075442 -437605.647427 -0.000904
2185273.763288 -2559909.687657 -437599.982377 -0.001524
2185273.559161 -2559910.030234 -437594.075651 -0.003567
2185273.509206 -2559911.075645 -437588.180121 -0.002558
2185273.390788 -2559911.983015 -437582.488846 -0.007725
2185273.330662 -2559913.010916 -437576.604093 -0.005313
2185273.247085 -2559914.008526 -437570.696187 -0.004667
2185273.287467 -2559915.613695 -437565.074035 -0.001330
2185273.109382 -2559915.999929 -437559.142080 -0.006343
2185272.892060 -2559916.317728 -437553.258534 -0.006104
2185272.653974 -2559916.632997 -437547.220819 -0.006079
2185272.445599 -2559916.961436 -437541.349837 -0.004707
2185272.496295 -2559918.609923 -437535.575372 -0.002492
2185272.174454 -2559919.326415 -437526.774765 -0.003464
2185272.032550 -2559919.777749 -437520.772332 -0.002579
2185271.927093 -2559920.725584 -437514.960173 -0.005856
2185271.655938 -2559920.967028 -437509.055298 -0.006343
2185271.452554 -2559921.307377 -437503.161697 -0.007219
2185271.157740 -2559921.074090 -437497.052121 -0.004890
2185271.170109 -2559922.650428 -437491.363451 -0.007273
2185271.093551 -2559923.655562 -437485.466004 -0.005675
2185271.019811 -2559924.640881 -437479.700797 -0.005482
2185270.997746 -2559925.706677 -437473.918467 -0.007928
2185270.856111 -2559926.615183 -437468.018125 -0.005085
2185270.622474 -2559926.913974 -437462.104670 -0.007280
2185270.684426 -2559928.560246 -437456.434150 -0.008972
2185270.717274 -2559930.158096 -437450.788223 -0.007703
2185270.692493 -2559931.237780 -437444.902399 -0.006423
2185270.596889 -2559932.195388 -437439.111296 -0.007979
2185270.868684 -2559934.620244 -437433.486259 -0.004709
2185270.703763 -2559935.479332 -437427.670785 -0.006921
2185270.651259 -2559936.501024 -437421.879988 -0.009458
2185270.891285 -2559938.881715 -437416.239164 -0.006924
2185270.946868 -2559940.513270 -437410.592398 -0.006273
2185270.994506 -2559942.137923 -437404.921287 -0.007696
2185271.213807 -2559944.488814 -437399.273444 -0.005342
2185271.841584 -2559948.792512 -437394.084953 -0.006140
2185272.318223 -2559952.418764 -437388.768790 -0.007612
2185272.615327 -2559954.883086 -437383.132843 -0.005957
2185273.389694 -2559959.859382 -437378.061264 -0.006977
2185273.721409 -2559962.812392 -437372.640369 -0.007281
2185274.050872 -2559965.764115 -437367.209018 -0.008353
2185273.832142 -2559966.103041 -437361.189265 -0.007158
2185273.061714 -2559963.792318 -437354.751652 -0.001417
2185272.397446 -2559962.088633 -437348.471382 -0.004513
2185271.732696 -2559960.381997 -437342.201853 -0.006747
2185271.068292 -2559958.693860 -437335.828059 -0.005064
2185270.423495 -2559957.010256 -437329.590421 -0.004642
2185270.150432 -2559957.248977 -437323.678050 -0.005854
2185269.795530 -2559956.931677 -437317.534601 -0.005329
2185269.337391 -2559955.979527 -437311.418511 -0.005801
2185268.932816 -2559955.566107 -437305.396612 -0.006288
2185268.669565 -2559955.818942 -437299.486507 -0.007364
2185268.331166 -2559955.517141 -437293.386217 -0.003374
2185268.121553 -2559955.845361 -437287.497393 -0.003718
2185267.710107 -2559955.446917 -437281.336164 -0.003715
2185267.465093 -2559955.724283 -437275.437533 -0.004152
2185267.205403 -2559956.005349 -437269.398094 -0.003867
2185267.174441 -2559957.029974 -437263.759861 -0.006227
2185266.807425 -2559956.690753 -437257.633146 -0.004054
2185266.668566 -2559957.582845 -437251.840321 -0.004811
2185266.329307 -2559957.284927 -437245.712853 -0.003349
2185266.093282 -2559957.573980 -437239.821487 -0.003329
2185266.044356 -2559958.614053 -437233.945566 -0.000615
2185265.791815 -2559958.882559 -437228.033542 -0.002128
2185265.745096 -2559959.906182 -437222.268802 -0.002426
2185265.510194 -2559960.199840 -437216.362302 -0.003850
2185265.427205 -2559961.190095 -437210.480776 -0.000860
2185265.189404 -2559961.481994 -437204.561892 -0.003366
2185264.954910 -2559961.772763 -437198.672205 -0.003402
2185264.905261 -2559962.814868 -437192.779546 -0.002067
2185264.661466 -2559963.096086 -437186.867890 -0.003762
2185264.411734 -2559963.367938 -437180.958944 -0.005243
2185264.394107 -2559964.431369 -437175.210455 -0.004718
2185264.173625 -2559964.760274 -437169.220191 -0.000962
2185263.892541 -2559964.990212 -437163.286724 -0.003835
2185263.696276 -2559965.354319 -437157.300441 -0.000121
2185263.463423 -2559965.653000 -437151.383286 -0.002763
2185263.217432 -2559965.927471 -437145.486692 -0.003023
2185263.084360 -2559966.382682 -437139.515744 0.000476
2185262.758893 -2559966.547475 -437133.576020 -0.001954
2185262.573006 -2559966.910907 -437127.684064 -0.003193
2185262.357858 -2559967.233330 -437121.778028 -0.005062
2185262.071403 -2559967.466741 -437115.771268 -0.001317
2185261.676315 -2559967.065868 -437109.751509 -0.001890
2185261.489440 -2559967.447049 -437103.748770 -0.000118
2185261.288835 -2559967.789734 -437097.849275 -0.001714
2185261.078095 -2559968.117732 -437091.947328 -0.003315
2185260.701795 -2559967.745168 -437085.924854 -0.004739
2185260.126465 -2559967.190537 -437076.775281 -0.003769
2185259.763586 -2559966.839699 -437070.744738 -0.006274
2185259.521746 -2559967.131457 -437064.777229 0.000224
2185259.165604 -2559966.786832 -437058.763626 -0.000695
2185258.973168 -2559967.160841 -437052.754723 0.000623
2185258.595608 -2559966.766126 -437046.844665 -0.003633
2185257.992457 -2559966.639357 -437037.737498 -0.005814
2185257.819492 -2559966.566672 -437031.714343 0.001584
2185257.361598 -2559966.081043 -437025.648389 -0.002018
2185257.036340 -2559965.768422 -437019.702557 0.002645
2185256.775129 -2559966.036247 -437013.725288 -0.004814
2185256.552457 -2559966.345771 -437007.824487 -0.006061
2185256.427365 -2559967.815394 -436999.074356 -0.001665
2185256.541945 -2559969.537708 -436993.402837 -0.004786
2185256.342274 -2559969.897591 -436987.407916 -0.002019
2185256.636301 -2559972.795478 -436981.974479 -0.002542
2185256.473340 -2559973.192091 -436976.081971 -0.004399
2185256.476751 -2559974.767506 -436970.302888 -0.001648
2185256.435747 -2559975.799872 -436964.530757 -0.002838
2185256.333438 -2559976.762404 -436958.637469 -0.000573
2185256.119847 -2559978.097121 -436949.914854 -0.004750
2185256.147636 -2559979.226278 -436944.171151 -0.005066
2185244.439778 -2559963.206629 -436939.017211 0.377928
2185256.141705 -2559981.895739 -436932.531642 0.001005
2185255.898327 -2559982.155208 -436926.738696 -0.003204
2185255.853543 -2559983.201627 -436920.853936 -0.001331
2185255.908888 -2559984.832293 -436915.197043 -0.001897
2185255.670725 -2559985.120872 -436909.283921 -0.003950
2185255.907512 -2559987.492965 -436903.647343 -0.000898
2185255.826247 -2559988.469599 -436897.852945 -0.003404
2185255.746351 -2559989.446025 -436892.069321 -0.004776
2185255.777846 -2559991.061722 -436886.295563 -0.002191
2185255.871017 -2559992.748851 -436880.638474 -0.003511
2185255.941293 -2559994.402494 -436874.977416 -0.004658
2185255.786122 -2559995.282024 -436869.102883 0.000565
2185255.917319 -2559997.028115 -436863.433136 -0.002820
2185255.677628 -2559997.313628 -436857.523670 -0.004505
2185255.307243 -2559996.965188 -436851.405123 -0.001608
2185255.088415 -2559997.281167 -436845.498090 -0.003563
2185254.709363 -2559996.904934 -436839.468842 -0.005478
2185254.467272 -2559997.185011 -436833.566705 -0.006591
2185254.096736 -2559996.839686 -436827.432642 -0.004992
2185253.904058 -2559997.192464 -436821.536051 -0.006583
2185253.661731 -2559997.487656 -436815.542499 -0.002742
2185253.459138 -2559997.822134 -436809.663750 -0.002445
2185253.234293 -2559998.134343 -436803.730468 -0.006880
2185253.076480 -2559998.556177 -436797.733839 -0.005129
2185252.937484 -2559999.448310 -436791.929790 -0.007053
2185252.532298 -2559999.045628 -436785.823017 -0.002272
2185252.499335 -2560000.089458 -436780.050643 -0.003720
2185252.088101 -2559999.663910 -436774.025323 -0.004697
2185251.822320 -2559999.931584 -436767.995740 -0.003512
2185251.829836 -2560001.016356 -436762.333863 -0.009094
2185251.422953 -2560000.612566 -436756.218069 -0.005117
2185251.174561 -2560000.905493 -436750.191042 -0.004110
2185251.094921 -2560001.883158 -436744.401454 -0.006248
2185250.886858 -2560002.210847 -436738.514839 -0.006577
2185251.016844 -2560003.947378 -436732.881874 -0.006539
2185251.013732 -2560005.514330 -436727.092081 -0.004680
2185251.000456 -2560006.586549 -436721.323905 -0.006211
2185250.908078 -2560007.545413 -436715.532871 -0.008029
2185250.644118 -2560007.815602 -436709.503225 -0.007069
2185250.252051 -2560007.417807 -436703.481764 -0.007994
2185249.887046 -2560007.059950 -436697.462320 -0.009363
2185249.392756 -2560006.072138 -436691.225661 -0.006958
2185249.053686 -2560005.755719 -436685.192492 -0.010206
2185248.487009 -2560004.656466 -436678.972316 -0.004570
2185248.305995 -2560005.033247 -436673.041483 -0.009665
2185248.080513 -2560005.331593 -436667.169058 -0.008289
2185247.707445 -2560004.980624 -436661.041852 -0.006189
2185247.466074 -2560005.261007 -436655.141306 -0.007066
2185247.240901 -2560005.579790 -436649.156510 -0.002861
2185246.976287 -2560005.831697 -436643.226007 -0.005992
2185246.808347 -2560005.776767 -436637.146748 -0.004221
2185246.525371 -2560006.436505 -436631.442989 -0.006976
2185246.490930 -2560007.502829 -436625.532771 -0.007784
2185246.306664 -2560007.884859 -436619.536046 -0.005639
2185246.114327 -2560008.234087 -436613.657705 -0.005600
2185245.979503 -2560009.133753 -436607.845681 -0.008412
2185245.925508 -2560010.144925 -436602.078415 -0.009106
2185245.700142 -2560010.468645 -436596.067407 -0.007187
2185245.469333 -2560010.768600 -436590.147486 -0.010124
2185244.748079 -2560009.430682 -436583.981197 -0.009376
2185244.683982 -2560009.982704 -436578.030214 -0.005620
2185244.353926 -2560009.683278 -436571.978697 -0.010993
2185243.952071 -2560009.286596 -436565.862639 -0.007043
2185243.489722 -2560008.781021 -436559.853973 -0.005189
2185243.196910 -2560008.532628 -436553.824521 -0.009380
2185242.998622 -2560008.875955 -436547.930374 -0.010690
2185242.652708 -2560008.561722 -436541.819047 -0.007783
2185242.302357 -2560008.224921 -436535.802079 -0.009321
2185241.767618 -2560007.176516 -436529.564070 -0.005965
2185241.507128 -2560007.434726 -436523.632450 -0.009495
2185241.052670 -2560006.500785 -436517.419573 -0.005671
2185240.643808 -2560006.079007 -436511.390977 -0.007098
2185240.281707 -2560005.724813 -436505.372823 -0.008463
2185239.993746 -2560005.478835 -436499.365818 -0.010526
2185239.508075 -2560004.965439 -436493.208912 -0.008624
2185239.173763 -2560004.646744 -436487.219123 -0.008006
2185238.573854 -2560003.046537 -436480.863124 -0.006618
2185238.172876 -2560002.631298 -436474.859651 -0.005735
2185237.851151 -2560002.795385 -436468.940364 -0.006538
2185237.532639 -2560002.506411 -436462.920963 -0.009055
2185237.452545 -2560003.500093 -436457.032879 -0.006948
2185237.114370 -2560003.177509 -436451.033671 -0.007128
2185236.774951 -2560003.398790 -436442.152302 -0.008282
2185236.254503 -2560003.399156 -436432.998788 -0.003487
2185236.057836 -2560003.747053 -436427.093891 -0.005877
2185235.276543 -2560005.613555 -436403.514497 -0.006177
2185235.036857 -2560005.433830 -436397.535666 -0.006933
2185234.993183 -2560006.921243 -436391.855153 -0.007362
2185234.785585 -2560008.818088 -436380.191733 -0.004901
2185234.596029 -2560009.176270 -436374.287799 -0.007379
2185234.573317 -2560010.250456 -436368.425163 -0.004272
2185234.476932 -2560011.200816 -436362.645923 -0.004992
2185234.560706 -2560013.435064 -436354.013819 -0.002399
2185234.403662 -2560014.301798 -436348.200890 -0.004847
2185234.436592 -2560015.919271 -436342.427197 -0.002282
2185234.404728 -2560016.962028 -436336.667318 -0.002873
2185234.468548 -2560018.606785 -436331.001495 -0.004448
2185234.400252 -2560019.619057 -436325.109198 -0.003042
2185234.310046 -2560021.038524 -436319.421074 -0.003117
2185234.414034 -2560022.278008 -436313.690491 -0.003984
2185234.427095 -2560023.850590 -436308.008150 -0.005932
2185234.406341 -2560025.369532 -436302.340702 -0.005859
2185234.255668 -2560025.814410 -436296.266981 0.001709
2185233.458406 -2560023.433872 -436289.977229 -0.005130
2185232.850921 -2560021.818240 -436283.641426 -0.001759
2185232.429882 -2560021.380374 -436277.602532 -0.003754
2185232.156925 -2560021.139160 -436271.682356 0.001702
2185231.461193 -2560022.074792 -436253.695027 -0.001719
2185230.149350 -2560027.640910 -436239.212346 0.047433
2185230.796379 -2560025.114115 -436227.362248 -0.001513
2185230.398040 -2560026.277298 -436215.557325 -0.000040
2185230.175005 -2560027.132545 -436206.766032 -0.003158
2185229.983844 -2560027.935545 -436201.017480 0.001146
2185229.955671 -2560028.534642 -436195.115191 -0.005109
2185229.577958 -2560029.179809 -436186.208141 -0.001956
2185229.437712 -2560030.077060 -436180.355060 0.004736
2185229.006337 -2560029.613611 -436174.381297 -0.004447
2185229.493248 -2560033.346485 -436166.045928 0.001115
2185229.186204 -2560033.097401 -436159.900529 -0.000177
2185228.930499 -2560033.356701 -436154.000016 -0.000846
2185228.815533 -2560034.277072 -436148.234097 0.000054
2185228.503078 -2560034.481663 -436142.171003 -0.001128
2185228.397430 -2560034.955810 -436136.316159 -0.001046
2185239.448808 -2560087.696339 -436136.662948 -0.646474
2185228.489675 -2560038.674171 -436124.958667 -0.000252
2185217.352255 -2560023.252054 -436111.628973 -0.629393
2185217.557193 -2560023.656085 -436115.417672 0.742916
2185216.431293 -2560025.522491 -436102.307185 -0.240087
2185227.045625 -2560042.429795 -436081.147858 0.018841
2185226.753539 -2560045.016069 -436060.154199 -0.000830
2185226.632755 -2560045.906649 -436054.508634 -0.002079
2185226.549993 -2560046.898681 -436048.613547 -0.000676
2185226.509015 -2560047.933222 -436042.830911 -0.003080
2185226.394534 -2560048.875482 -436036.948062 0.000208
2185226.345184 -2560049.435961 -436031.082638 -0.002169
2185225.758767 -2560050.924463 -436013.571795 0.001415
2185225.597360 -2560052.845672 -436004.672165 -0.001709
2185225.472172 -2560054.184745 -435999.158124 -0.011623
2185225.217920 -2560054.492199 -435992.989214 0.002731
2185210.120555 -2560016.196127 -435978.924370 -0.716389
2185225.175936 -2560055.744176 -435978.496963 0.001467
2185224.434883 -2560054.886164 -435972.165662 -0.007086
2185224.637498 -2560057.163923 -435966.778775 -0.007156
2185224.580346 -2560057.723044 -435960.850032 -0.001666
2185201.962382 -2560005.797739 -435949.488745 -0.368426
2185218.168262 -2560048.903958 -435949.112273 0.514535
2185208.255685 -2560038.704009 -435922.565076 0.557833
2185230.724642 -2560092.783163 -435904.759079 -0.236254
2185222.826628 -2560066.025459 -435893.146403 -0.001025
2185222.838600 -2560066.634034 -435887.526344 -0.008822
2185219.253619 -2560048.230735 -435873.860551 -0.620602
2185222.069210 -2560067.344911 -435872.687916 -0.006369
2185224.353624 -2560072.816333 -435864.489377 -0.303278
2185221.827757 -2560068.843901 -435857.833185 -0.004119
2185221.541487 -2560068.599956 -435851.835565 -0.005512
2185221.391700 -2560069.474979 -435846.043756 -0.006440
2185221.109599 -2560070.745694 -435837.111168 -0.002359
2185221.082915 -2560071.321055 -435831.358184 -0.008180
2185220.812679 -2560071.574699 -435825.370272 -0.003263
2185220.531876 -2560071.801980 -435819.450335 -0.005397
2185220.372384 -2560072.200701 -435813.577236 -0.005858
2185220.062012 -2560071.939424 -435807.474398 -0.003022
2185220.124746 -2560073.588078 -435801.791977 -0.006409
2185219.675492 -2560073.106389 -435795.769001 -0.006403
2185219.389042 -2560072.883928 -435789.652264 -0.005587
2185219.179970 -2560073.670906 -435783.860000 -0.005039
2185219.029823 -2560074.104089 -435777.871742 -0.002969
2185218.840211 -2560074.463355 -435771.972990 -0.005264
2185218.713825 -2560075.370153 -435766.198761 -0.004965
2185218.360197 -2560075.048959 -435760.074888 -0.003275
2185218.307374 -2560076.069690 -435754.280579 -0.006556
2185218.076239 -2560076.363387 -435748.399245 -0.005989
2185217.853187 -2560076.689277 -435742.406466 -0.002805
2185217.772101 -2560077.667618 -435736.613784 -0.005283
2185217.592836 -2560078.056528 -435730.631013 -0.002182
2185217.177759 -2560077.625796 -435724.610160 -0.002784
2185217.275037 -2560078.862043 -435718.858571 -0.005587
2185217.007055 -2560079.098335 -435712.991274 -0.003125
2185216.764898 -2560080.412115 -435704.160944 -0.003829
2185216.833691 -2560082.066950 -435698.495626 -0.005625
2185216.724029 -2560083.016874 -435692.620076 -0.001865
2185216.694122 -2560084.068087 -435686.846234 -0.003790
2185216.738440 -2560085.705427 -435681.073799 -0.001683
2185216.602426 -2560086.594567 -435675.318742 0.000601
2185216.734644 -2560088.345472 -435669.648183 -0.003162
2185216.811236 -2560090.012145 -435663.984222 -0.005188
2185216.732129 -2560091.009703 -435658.099758 -0.002800
2185217.114182 -2560094.037220 -435652.691326 -0.003329
2185216.992938 -2560094.954912 -435646.905500 -0.004420
2185217.095888 -2560096.674224 -435641.161279 -0.000905
2185217.293663 -2560098.978757 -435635.603757 -0.003503
2185217.246783 -2560100.001967 -435629.845155 -0.003630
2185217.449770 -2560102.328238 -435624.203988 -0.000529
2185217.805169 -2560105.317286 -435618.791142 -0.001013
2185217.935479 -2560107.064524 -435613.126017 -0.004228
2185217.511562 -2560106.639737 -435607.001379 -0.001007
2185217.282589 -2560106.955914 -435601.017143 0.003226
2185216.616828 -2560105.227073 -435594.853011 -0.003030
2185215.909236 -2560103.016211 -435588.371353 -0.003412
2185215.332890 -2560101.884896 -435582.263398 -0.000731
2185214.822786 -2560100.859259 -435576.122964 -0.002611
2185213.969162 -2560098.433850 -435569.624103 -0.001231
2185213.927159 -2560099.465931 -435563.860150 -0.001983
2185213.948211 -2560101.068500 -435558.092867 0.001121
2185213.734858 -2560101.390828 -435552.208984 0.000857
2185213.813560 -2560103.076943 -435546.454390 0.003797
2185213.438354 -2560102.708800 -435540.424868 0.001421
2185213.223279 -2560103.027986 -435534.544468 0.001525
2185213.017600 -2560103.381035 -435528.552085 0.004271
2185212.983883 -2560104.426347 -435522.785546 0.003079
2185212.860319 -2560105.343210 -435516.991615 0.001425
2185212.808158 -2560106.362037 -435511.220458 0.000228
2185212.856280 -2560108.002972 -435505.466035 0.003876
2185212.632008 -2560108.314162 -435499.558378 0.001646
2185212.948832 -2560111.246735 -435494.145914 0.002059
2185213.073708 -2560113.002657 -435488.389271 0.003889
2185213.291265 -2560115.333324 -435482.854469 0.003059
2185213.387120 -2560117.027466 -435477.203474 0.001775
2185213.521482 -2560119.256850 -435471.542783 0.004612
2185213.747766 -2560121.597873 -435466.021894 0.004724
2185214.294672 -2560125.348556 -435460.613977 0.006156
2185214.371496 -2560127.014023 -435454.965920 0.005727
2185214.220047 -2560127.891483 -435449.164392 0.003836
2185213.916886 -2560127.645062 -435443.056149 0.005900
2185213.833740 -2560128.598819 -435437.394999 0.002183
2185213.770304 -2560129.621145 -435431.513622 0.004273
2185213.819520 -2560131.249481 -435425.845156 0.002588
2185214.040690 -2560133.601214 -435420.223013 0.006833
2185214.071194 -2560135.204416 -435414.542151 0.004426
2185214.015061 -2560136.213873 -435408.792577 0.005306
2185214.429109 -2560139.297355 -435403.354333 0.001211
2185214.920194 -2560142.962127 -435397.962655 0.005289
2185215.992219 -2560149.842191 -435390.262551 0.004311
2185215.903009 -2560151.373931 -435381.503319 0.006552
2185215.659079 -2560151.656765 -435375.597839 0.004959
2185215.723378 -2560153.300379 -435369.968397 0.006373
2185215.525214 -2560153.664447 -435363.985890 0.009999
2185215.554206 -2560155.266530 -435358.302242 0.007194
2185215.128188 -2560154.825170 -435352.269436 0.005637
2185215.107396 -2560155.910157 -435346.397015 0.007703
2185214.862377 -2560156.185044 -435340.523469 0.008931
2185214.784524 -2560157.173534 -435334.721342 0.005417
2185214.425882 -2560156.846341 -435328.609499 0.008231
2185214.311638 -2560158.239118 -435322.905918 0.007060
2185214.124217 -2560158.156243 -435316.848576 0.011127
2185214.050840 -2560159.131494 -435311.159354 0.004556
2185214.266296 -2560161.460512 -435305.625670 0.003690
2185214.263753 -2560162.570691 -435299.765715 0.006492
2185221.406172 -2560199.561918 -435288.658059 0.235290
2185215.950265 -2560174.809187 -435283.758188 0.014089
2185215.752426 -2560177.753545 -435266.064265 0.266778
2185216.781576 -2560182.985922 -435267.372481 0.012218
2185214.628742 -2560174.050241 -435259.856249 0.012431
2185214.018069 -2560172.422755 -435253.600399 0.009745
2185213.646918 -2560171.713494 -435249.561573 -0.074633
2185213.374348 -2560172.320128 -435241.577387 0.011332
2185212.660698 -2560170.080375 -435235.223660 0.009592
2185211.559934 -2560166.358004 -435228.614228 0.008228
2185210.995829 -2560165.276479 -435222.355686 0.009967
2185210.468545 -2560164.225927 -435216.227932 0.009415
2185209.942901 -2560163.181531 -435210.082985 0.007388
2185209.580461 -2560162.847905 -435203.980175 0.011252
2185209.294003 -2560162.614147 -435197.957985 0.007268
2185208.781791 -2560161.587022 -435191.827185 0.006231
2185208.248691 -2560160.547927 -435185.588298 0.008918
2185208.134158 -2560161.464528 -435179.891864 0.002764
2185207.738718 -2560161.079063 -435173.804205 0.008640
2185207.333405 -2560160.229570 -435167.571532 0.008932
2185206.903448 -2560159.784236 -435161.538263 0.007396
2185206.569910 -2560159.475270 -435155.542017 0.007046
2185206.098543 -2560158.532263 -435149.285890 0.006694
2185205.699030 -2560158.126801 -435143.280766 0.007061
2185205.488050 -2560158.456377 -435137.398006 0.006755
2185204.912339 -2560157.353145 -435131.165092 0.010966
2185204.546584 -2560157.000689 -435125.147146 0.009362
2185204.136648 -2560156.124294 -435119.028755 0.007094
2185203.271993 -2560153.684972 -435112.538662 0.009421
2185202.815892 -2560153.197931 -435106.520317 0.009866
2185202.431377 -2560152.363035 -435100.385273 0.005315
2185202.039447 -2560151.989756 -435094.265781 0.008293
2185201.472872 -2560150.885348 -435088.120561 0.007170
2185201.601363 -2560152.642352 -435082.408250 0.012759
2185195.605272 -2560144.836090 -435071.724677 -0.318793
2185200.991981 -2560153.051750 -435070.503465 0.003374
2185201.580953 -2560155.389626 -435065.353419 0.010574
2185198.765059 -2560150.909993 -435064.210551 0.318385
2185200.937458 -2560156.285684 -435053.122455 0.004128
2185201.000058 -2560157.925284 -435047.531661 -0.004163
2185199.177345 -2560162.371590 -435035.683385 0.359748
2185200.759402 -2560160.348604 -435032.938764 0.006455
2185200.776346 -2560161.488113 -435027.093682 0.009944
2185200.690723 -2560162.460630 -435021.330333 0.010142
2185183.659796 -2560139.263886 -435010.062609 -0.113922
2185200.462806 -2560164.354287 -435009.628712 0.008874
2185200.366746 -2560165.316104 -435003.842517 0.007192
2185200.396351 -2560166.919287 -434998.179286 0.006353
2185200.245170 -2560167.819312 -434992.280412 0.008743
2185200.191394 -2560168.377190 -434986.437664 0.008487
2185200.261763 -2560170.058798 -434980.676334 0.010841
2185200.052193 -2560170.393470 -434974.788684 0.010023
2185199.991682 -2560171.407556 -434969.008593 0.008079
2185200.145184 -2560173.655807 -434963.439074 0.005405
2185199.874366 -2560173.452888 -434957.379673 0.010970
2185199.770584 -2560174.410550 -434951.560681 0.006418
2185199.554788 -2560174.750283 -434945.592263 0.011595
2185199.959637 -2560177.843601 -434940.054347 0.011637
2185199.535982 -2560177.386458 -434934.150335 0.008662
2185199.300547 -2560177.703053 -434928.152858 0.011463
2185199.350648 -2560179.338222 -434922.487172 0.009927
2185199.119556 -2560179.175633 -434916.537079 0.011282
2185199.016850 -2560180.603028 -434910.773219 0.004026
2185183.799561 -2560144.995129 -434895.460135 0.662780
2185181.841173 -2560157.042516 -434892.636391 0.124167
2185198.579568 -2560182.897565 -434890.353607 0.013437
2185198.372349 -2560183.289194 -434884.184944 0.013117
2185198.074655 -2560183.015140 -434878.309166 0.009666
2185198.041108 -2560184.550275 -434872.513380 0.011210
2185197.804486 -2560184.846708 -434866.622243 0.010665
2185197.787419 -2560185.938856 -434860.771887 0.014577
2185197.543241 -2560186.230712 -434854.848988 0.011111
2185197.306034 -2560186.527861 -434848.952035 0.010033
2185197.059205 -2560186.827699 -434842.958752 0.013479
2185197.145983 -2560188.519353 -434837.291021 0.010876
2185196.923898 -2560188.838434 -434831.397825 0.009803
2185196.674721 -2560189.118112 -434825.500756 0.008994
2185196.488900 -2560189.519447 -434819.445180 0.018640
2185196.281972 -2560189.849070 -434813.625786 0.010669
2185196.202072 -2560190.851783 -434807.758181 0.014257
2185196.135879 -2560191.856548 -434801.993701 0.013859
2185195.620735 -2560190.850889 -434795.745418 0.015160
2185195.692772 -2560192.517419 -434790.096470 0.014634
2185195.351485 -2560192.203901 -434784.088898 0.013338
2185195.252317 -2560193.162853 -434778.309410 0.012306
2185194.913599 -2560192.875107 -434772.182490 0.013127
2185204.049594 -2560235.445001 -434778.398310 -0.168501
2185194.289773 -2560192.805196 -434760.203090 0.018071
2185194.049924 -2560193.103639 -434754.286224 0.015211
2185193.908244 -2560193.555119 -434748.326630 0.019313
2185193.630092 -2560193.797974 -434742.403063 0.016716
2185193.390443 -2560194.091420 -434736.513482 0.016369
2185192.779278 -2560192.033913 -434730.030420 0.013416
2185192.761115 -2560193.556257 -434724.432867 0.019686
2185192.183361 -2560192.904516 -434718.357331 0.017557
2185191.786673 -2560192.070472 -434712.140168 0.018982
2185191.893328 -2560193.791288 -434706.484694 0.017034
2185191.462563 -2560192.890781 -434700.357906 0.014239
2185191.004208 -2560192.420766 -434694.255395 0.020207
2185190.515817 -2560191.435255 -434688.123490 0.018438
2185190.605952 -2560193.130845 -434682.473035 0.017163
2185190.365977 -2560193.445873 -434676.467331 0.019417
2185190.070998 -2560193.196248 -434670.493319 0.019983
2185189.631824 -2560192.745755 -434664.448873 0.017535
2185189.241442 -2560192.376864 -434658.349031 0.022172
2185189.356811 -2560194.114444 -434652.679648 0.018578
2185189.130516 -2560194.430565 -434646.783073 0.017253
2185188.959116 -2560194.823354 -434640.913000 0.017117
2185188.569333 -2560194.461170 -434634.787359 0.019193
2185188.329164 -2560194.756586 -434628.892313 0.018325
2185187.995810 -2560194.473139 -434622.794541 0.021667
2185187.748430 -2560194.758703 -434616.896704 0.020712
2185187.531089 -2560195.088044 -434611.003525 0.019490
2185187.017024 -2560194.088063 -434604.749499 0.020195
2185186.962995 -2560195.116866 -434598.971337 0.018219
2185186.667151 -2560195.346508 -434592.982382 0.023119
2185186.583563 -2560196.342019 -434587.151975 0.017012
2185186.702033 -2560198.060255 -434581.605854 0.024847
2185186.465388 -2560198.389346 -434575.563885 0.023486
2185186.447801 -2560199.448293 -434569.918814 0.019641
2185186.240450 -2560199.830357 -434563.821640 0.025808
2185186.248082 -2560201.403114 -434558.178619 0.027267
2185186.292441 -2560202.577672 -434552.409682 0.023882
2185186.059150 -2560202.883244 -434546.522506 0.023566
2185185.785938 -2560203.153064 -434540.506415 0.025422
2185185.595923 -2560203.521069 -434534.630021 0.025117
2185185.371268 -2560203.840213 -434528.740276 0.024212
2185184.822050 -2560202.792418 -434522.470025 0.024340
2185184.471457 -2560202.480614 -434516.393880 0.030020
2185183.983357 -2560201.495676 -434510.275212 0.029448
2185183.341566 -2560199.829684 -434504.022727 0.027674
2185182.967855 -2560199.470131 -434498.023691 0.027715
2185182.634642 -2560199.173932 -434492.011257 0.025764
2185181.960964 -2560197.477248 -434485.665003 0.029349
2185181.471649 -2560196.499014 -434479.506559 0.024977
2185180.949067 -2560195.461631 -434473.395048 0.025836
2185180.419752 -2560194.416239 -434467.273105 0.025890
2185179.907687 -2560193.420657 -434461.023098 0.026881
2185179.230255 -2560191.724814 -434454.646877 0.027782
2185178.851018 -2560190.896923 -434448.559080 0.027374
2185178.026252 -2560188.976946 -434442.205273 0.033710
2185177.871716 -2560189.385924 -434436.406318 0.026449
2185187.173465 -2560232.442767 -434443.980512 -0.196016
2185184.472991 -2560222.463450 -434430.230804 -0.203599
2185187.842344 -2560238.614996 -434429.958782 -0.319403
2185220.415788 -2560390.653114 -434448.082480 -0.312502
2185214.512894 -2560365.896098 -434434.417865 -0.300259
2184794.470659 -2559991.195579 -439783.111550 0.253103
2184770.459455 -2559886.916212 -439740.597697 -0.004487
2184770.389455 -2559887.968604 -439734.712026 -0.000763
2184770.332075 -2559889.023777 -439728.911229 -0.002764
2184770.121220 -2559889.398035 -439723.002766 -0.003539
2184770.203273 -2559891.130610 -439717.214593 -0.001955
2184770.120736 -2559892.147733 -439711.415262 -0.003245
2184770.071102 -2559893.211859 -439705.624132 -0.004537
2184770.094622 -2559894.856857 -439699.837728 -0.001422
2184770.335473 -2559897.255169 -439694.275078 -0.003549
2184770.293076 -2559898.327427 -439688.494733 -0.004020
2184770.489579 -2559900.661014 -439682.924014 -0.006035
2184770.558702 -2559902.370744 -439677.147003 -0.002951
2184770.630685 -2559904.064813 -439671.476934 -0.003489
2184770.865561 -2559906.452589 -439665.919047 -0.005209
2184771.076640 -2559908.824387 -439660.255265 -0.002554
2184771.311171 -2559911.211157 -439654.698239 -0.004181
2184771.527517 -2559913.572502 -439649.129415 -0.006328
2184771.725712 -2559915.903997 -439643.577619 -0.006465
2184771.966828 -2559918.318797 -439637.919867 -0.004129
2184772.014525 -2559919.979969 -439632.227231 -0.006206
2184772.418254 -2559923.080435 -439626.717213 -0.001556
2184772.294023 -2559924.038606 -439620.891221 -0.004411
2184772.563997 -2559926.470921 -439615.362270 -0.004097
2184772.795354 -2559928.854728 -439609.789822 -0.006944
2184772.714530 -2559929.885395 -439603.914408 -0.002062
2184772.918688 -2559932.225161 -439598.356374 -0.002932
2184772.807473 -2559933.219068 -439592.437522 -0.001396
2184772.906376 -2559934.949164 -439586.775420 -0.001840
2184772.838073 -2559935.982539 -439580.983099 -0.002865
2184772.756053 -2559936.998594 -439575.174902 -0.005217
2184772.693296 -2559938.036920 -439569.397614 -0.004976
2184772.657202 -2559939.135763 -439563.507275 -0.002386
2184772.505663 -2559940.050603 -439557.687545 -0.004199
2184772.485913 -2559941.154324 -439551.899773 -0.005940
2184772.265830 -2559941.529337 -439545.888960 -0.002805
2184772.216970 -2559942.589151 -439540.103506 -0.003661
2184772.134316 -2559943.600359 -439534.309794 -0.004513
2184772.232276 -2559945.346519 -439528.545708 -0.001116
2184772.162442 -2559946.376970 -439522.749328 -0.002511
2184771.919475 -2559946.701056 -439516.827069 -0.003948
2184771.634076 -2559946.979740 -439510.810530 0.000162
2184771.609287 -2559948.075231 -439505.020735 -0.001673
2184771.401628 -2559948.449151 -439499.110336 -0.002830
2184771.388264 -2559949.578448 -439493.227261 -0.000291
2184771.251177 -2559950.512616 -439487.409291 -0.002154
2184771.220147 -2559951.595694 -439481.632579 -0.002638
2184771.045603 -2559952.016550 -439475.728847 -0.004104
2184770.177255 -2559949.629724 -439469.218593 -0.001627
2184769.821193 -2559949.330467 -439463.197731 -0.002153
2184769.462814 -2559949.031629 -439457.153578 -0.004614
2184768.959327 -2559948.081823 -439450.907804 -0.001321
2184768.835957 -2559949.596599 -439442.215664 -0.003049
2184768.485138 -2559949.322758 -439436.093604 0.000541
2184768.400852 -2559950.329395 -439430.298244 -0.000636
2184768.186566 -2559950.708791 -439424.292934 0.002990
2184768.239743 -2559952.370095 -439418.615561 0.001934
2184768.015715 -2559952.735976 -439412.604085 0.005195
2184767.666070 -2559953.010390 -439403.683731 0.002910
2184767.699296 -2559954.643311 -439397.996219 0.001532
2184767.481125 -2559955.001252 -439392.075007 -0.000447
2184767.315009 -2559955.448609 -439386.082214 0.003043
2184767.007426 -2559955.679384 -439380.130788 0.000324
2184766.663350 -2559955.393453 -439374.119971 0.000566
2184766.053135 -2559953.831226 -439367.760810 0.003229
2184765.804724 -2559954.143992 -439361.835945 0.001591
2184765.424026 -2559953.821969 -439355.723576 0.006570
2184764.875473 -2559952.802575 -439349.478649 0.010920
2184764.900734 -2559953.954601 -439343.766588 0.001589
2184764.513602 -2559953.608849 -439337.729523 0.000377
2184764.175121 -2559953.332135 -439331.708815 -0.000613
2184763.800387 -2559953.024215 -439325.565835 0.001526
2184763.430632 -2559952.702120 -439319.537299 0.000538
2184763.077180 -2559952.420080 -439313.420011 0.004563
2184751.684207 -2559936.630493 -439307.753923 0.319965
2184765.243381 -2559956.484435 -439304.120582 0.196597
2184762.676640 -2559954.785576 -439295.785260 0.002590
2184762.445147 -2559955.118077 -439289.880889 0.002266
2184768.699998 -2559993.417117 -439286.608036 0.708591
2184762.816159 -2559973.666634 -439277.673034 0.389954
2184761.719567 -2559963.228768 -439240.216753 0.003167
2184761.687385 -2559964.304491 -439234.439952 0.002575
2184761.615311 -2559965.326571 -439228.634749 0.000260
2184761.185511 -2559964.933002 -439222.498033 0.004030
2184761.260596 -2559966.623335 -439216.815261 0.002031
2184761.186536 -2559967.657876 -439210.922135 0.004904
2184761.289688 -2559969.384766 -439205.263749 0.004519
2184761.367754 -2559971.076478 -439199.594339 0.003688
2184761.278449 -2559972.092038 -439193.680901 0.005015
2184761.280608 -2559973.216064 -439187.912040 0.004343
2184761.261133 -2559974.768479 -439182.212255 0.002944
2184761.081982 -2559975.195178 -439176.202830 0.005057
2184761.037486 -2559976.253306 -439170.415512 0.003740
2184761.083364 -2559977.897021 -439164.742110 0.003120
2184761.016277 -2559978.942050 -439158.842051 0.005315
2184761.011486 -2559980.053998 -439153.078278 0.005261
2184761.172474 -2559982.325735 -439147.490085 0.002232
2184761.088884 -2559983.347870 -439141.580082 0.003886
2184761.145297 -2559984.997464 -439135.954199 0.007419
2184761.172904 -2559986.642300 -439130.127352 0.006560
2184761.457197 -2559989.088347 -439124.580707 0.004691
2184761.470774 -2559990.681681 -439118.914911 0.005500
2184765.073560 -2559997.065105 -439118.303442 0.475636
2184761.879126 -2559995.362294 -439107.676599 0.005291
2184762.158828 -2559997.798729 -439102.141444 0.004583
2184762.870569 -2560002.247299 -439096.856653 0.007703
2184763.041428 -2560004.526591 -439091.297272 0.007112
2184763.304705 -2560006.942051 -439085.741597 0.004875
2184763.262927 -2560008.004304 -439079.943710 0.002471
2184763.270338 -2560009.608422 -439074.164615 0.006351
2184763.399821 -2560011.374219 -439068.491161 0.003897
2184763.140062 -2560011.658072 -439062.593966 0.004953
2184763.224770 -2560013.378279 -439056.805396 0.006139
2184763.025359 -2560013.753322 -439050.898278 0.004866
2184762.784467 -2560014.087045 -439044.879683 0.007504
2184762.560595 -2560014.428426 -439038.959782 0.005588
2184753.271587 -2560002.250444 -439025.991439 -0.586377
2184761.984818 -2560014.485462 -439026.912188 0.006379
2184761.761402 -2560014.825471 -439020.999146 0.005095
2184761.562879 -2560015.201532 -439015.089614 0.003547
2184761.324996 -2560015.538761 -439009.071942 0.006182
2184761.137015 -2560015.929822 -439003.166144 0.004726
2184760.875912 -2560016.212868 -438997.257673 0.004559
2184760.636669 -2560016.550066 -438991.227950 0.006250
2184760.599496 -2560017.614010 -438985.446237 0.005199
2184760.500142 -2560018.589511 -438979.645166 0.003620
2184760.292737 -2560018.972341 -438973.621473 0.005142
2184760.227752 -2560019.995271 -438967.836989 0.004305
2184760.096910 -2560020.947130 -438961.908211 0.005210
2184760.027105 -2560021.963149 -438956.121239 0.004412
2184760.117545 -2560024.222450 -438947.584228 0.004278
2184760.111276 -2560025.794209 -438941.861548 0.000341
2184760.099533 -2560026.910721 -438935.990271 0.003670
2184759.865270 -2560027.231902 -438930.081827 0.003008
2184759.791143 -2560028.262825 -438924.174519 0.004414
2184759.886819 -2560029.974560 -438918.505811 0.003126
2184759.784065 -2560030.941498 -438912.715647 0.002774
2184759.879552 -2560032.674983 -438906.923542 0.003326
2184759.624007 -2560032.968230 -438900.995354 0.001309
2184759.541468 -2560033.965123 -438895.203533 0.000325
2184759.497002 -2560035.033167 -438889.327174 0.003909
2184759.434981 -2560036.060546 -438883.533865 0.002306
2184759.322884 -2560037.017629 -438877.720085 -0.000045
2184759.243904 -2560038.035273 -438871.838070 0.003802
2184759.172544 -2560039.049887 -438866.037602 0.001740
2184759.256925 -2560040.742443 -438860.374056 0.001165
2184759.165159 -2560041.727372 -438854.569733 -0.000953
2184759.093075 -2560042.755995 -438848.681418 0.002312
2184759.157108 -2560044.422073 -438842.997484 0.000149
2184759.065075 -2560045.423224 -438837.097377 0.002773
2184759.162821 -2560047.136701 -438831.426815 0.001208
2184759.131376 -2560048.206893 -438825.640703 -0.000627
2184759.265689 -2560050.429547 -438820.068125 -0.001552
2184759.228776 -2560051.509904 -438814.178496 0.000594
2184759.425566 -2560053.819171 -438808.633296 0.000770
2184759.345790 -2560054.820851 -438802.829005 -0.001483
2184759.415824 -2560056.509480 -438797.063208 0.002038
2184759.600193 -2560058.806355 -438791.485899 -0.000493
2184759.692040 -2560060.510107 -438785.815785 -0.001889
2184759.764519 -2560062.185444 -438780.143822 -0.003010
2184759.841745 -2560063.885311 -438774.370974 -0.000299
2184760.180267 -2560066.858880 -438768.926320 -0.001706
2184760.305158 -2560068.606451 -438763.278584 -0.001962
2184760.383254 -2560070.289656 -438757.605106 -0.003358
2184760.728630 -2560073.291412 -438752.057033 -0.001060
2184760.762208 -2560074.911607 -438746.368896 -0.002972
2184760.834093 -2560076.601247 -438740.604277 0.000781
2184761.214669 -2560079.633168 -438735.174535 -0.000400
2184761.246267 -2560081.247164 -438729.501281 -0.000721
2184760.943167 -2560081.007359 -438723.494274 -0.001415
2184760.565151 -2560080.684910 -438717.334602 -0.001261
2184759.939679 -2560079.067363 -438711.079542 -0.002306
2184759.620077 -2560079.262608 -438705.146821 -0.003363
2184758.790759 -2560076.911334 -438698.664196 0.000096
2184758.449717 -2560076.618369 -438692.640233 -0.001319
2184758.110163 -2560076.328526 -438686.609687 -0.003381
2184757.594013 -2560075.343230 -438680.364460 -0.000390
2184757.055336 -2560074.308525 -438674.206842 -0.002037
2184756.684049 -2560073.971789 -438668.175376 -0.003464
2184756.375479 -2560073.741116 -438662.066424 -0.000240
2184755.790418 -2560072.636970 -438655.910599 -0.000646
2184755.444648 -2560072.337496 -438649.880229 -0.002746
2184755.038192 -2560071.967977 -438643.737691 -0.000216
2184754.670417 -2560071.630756 -438637.730509 0.000524
2184754.320272 -2560071.325013 -438631.695970 -0.001860
2184753.839747 -2560070.388834 -438625.463683 0.001640
2184753.456086 -2560070.034020 -438619.424669 -0.000381
2184753.038881 -2560069.631463 -438613.375139 -0.002451
2184752.728639 -2560069.397029 -438607.268865 0.001180
2184752.187998 -2560068.357058 -438601.116152 -0.000164
2184751.797602 -2560067.991024 -438595.081212 -0.001517
2184751.474675 -2560067.742274 -438588.947673 -0.000279
2184751.094319 -2560067.386611 -438582.935815 0.000273
2184745.442603 -2560059.342278 -438576.176893 0.378897
2184750.287563 -2560067.188899 -438567.874958 0.001025
2184750.038717 -2560066.385918 -438567.473449 0.777297
2184744.117426 -2560058.589083 -438559.948202 0.753466
2184747.615072 -2560064.401930 -438551.826424 0.230907
2184748.079625 -2560067.350749 -438522.846547 0.005236
2184732.305282 -2560044.994093 -438512.574128 0.278050
2184747.260201 -2560067.687491 -438504.890095 0.004748
2184746.341621 -2560067.982409 -438483.914173 0.001059
2184746.086837 -2560068.261172 -438478.025223 0.002458
2184736.272608 -2560055.036619 -438466.342276 -0.332394
2184745.481253 -2560068.250418 -438465.989753 0.004437
2184745.449190 -2560069.313310 -438460.204423 0.002503
2184745.115896 -2560069.498111 -438454.188646 0.007397
2184745.076629 -2560070.553193 -438448.387751 0.004341
2184731.603201 -2560051.456514 -438441.357857 0.232495
2184744.816445 -2560071.954582 -438436.594930 0.005606
2184744.884076 -2560073.615609 -438430.930468 0.004971
2184745.127004 -2560075.990245 -438425.369564 0.002434
2184744.902519 -2560076.333709 -438419.365997 0.005905
2184744.980659 -2560078.010494 -438413.697458 0.004637
2184744.900947 -2560079.020474 -438407.806515 0.007610
2184744.658486 -2560079.322047 -438401.890363 0.005980
2184744.426313 -2560079.636828 -438395.982330 0.005035
2184744.075766 -2560079.325553 -438389.951754 0.003050
2184743.869175 -2560079.677572 -438384.046281 0.001751
2184743.635495 -2560080.007007 -438378.039893 0.004994
2184743.403939 -2560080.324405 -438372.121410 0.003048
2184743.239298 -2560080.752450 -438366.134415 0.006483
2184743.104673 -2560081.211136 -438360.228917 0.003485
2184742.898669 -2560082.035779 -438354.324201 0.007914
2184742.855130 -2560083.081212 -438348.532350 0.005750
2184744.136650 -2560086.940279 -438338.359476 -0.170885
2184742.478898 -2560086.982619 -438325.251252 0.004498
2184742.303148 -2560089.512713 -438310.674141 0.004910
2184742.117678 -2560089.893684 -438304.774772 0.003476
2184725.525007 -2560067.000433 -438293.548048 -0.111514
2184741.793829 -2560091.198804 -438292.969073 0.005038
2184741.585424 -2560091.545862 -438287.067721 0.003951
2184741.337242 -2560091.853877 -438281.053156 0.006873
2184741.081357 -2560092.134846 -438275.129373 0.004783
2184740.722293 -2560091.827732 -438268.994165 0.006683
2184740.529991 -2560092.197714 -438263.095914 0.005653
2184740.279645 -2560092.483848 -438257.186202 0.004728
2184739.927929 -2560092.187078 -438251.050966 0.006449
2184739.556705 -2560091.841144 -438245.029871 0.005583
2184739.015206 -2560090.811689 -438238.776695 0.008328
2184738.790901 -2560091.136511 -438232.864682 0.006752
2184739.178020 -2560091.248002 -438230.199749 0.326108
2184737.936951 -2560089.847324 -438220.590691 0.007294
2184737.447530 -2560089.331166 -438214.541834 0.006577
2184737.332442 -2560089.814740 -438208.644043 0.003761
2184737.276319 -2560090.835320 -438202.873099 0.003763
2184734.420022 -2560085.997143 -438200.906393 0.548696
2184736.105131 -2560089.244708 -438194.523388 0.410731
2184737.468088 -2560092.499105 -438190.470320 0.694804
2184736.447869 -2560092.265642 -438179.042408 0.005369
2184736.230442 -2560096.295468 -438158.750036 0.002687
2184736.181050 -2560099.002293 -438144.197272 0.002223
2184736.205904 -2560104.288079 -438124.164505 0.002757
2184736.298463 -2560105.979607 -438118.510718 0.002392
2184737.846465 -2560114.641650 -438100.214752 -0.526829
2184736.927740 -2560113.528579 -438098.748125 0.004770
2184737.019927 -2560115.206306 -438093.172100 -0.001682
2184737.024030 -2560116.790210 -438087.384347 0.000995
2184736.840614 -2560117.656877 -438081.416623 -0.000943
2184736.896204 -2560118.831269 -438075.697025 0.001022
2184736.664878 -2560119.139080 -438069.807358 0.001606
2184736.484878 -2560119.532976 -438063.866796 -0.003758
2184736.215490 -2560119.802710 -438057.869556 0.001000
2184736.045830 -2560120.222831 -438051.860293 0.002491
2184735.932622 -2560121.156492 -438046.090593 0.003694
2184735.912099 -2560122.232526 -438040.295483 0.000543
2184735.620639 -2560122.458026 -438034.370586 -0.000788
2184735.528366 -2560123.442995 -438028.484539 0.002578
2184735.584103 -2560125.087422 -438022.784825 -0.001088
2184735.518160 -2560126.090380 -438017.017162 -0.000641
2184735.494434 -2560127.630906 -438011.235335 0.003197
2184735.516272 -2560128.747196 -438005.564974 -0.002819
2184735.363790 -2560129.649533 -437999.643404 -0.001221
2184735.319863 -2560130.683559 -437993.882438 -0.000827
2184735.413060 -2560132.392511 -437988.125142 0.002732
2184735.327441 -2560133.394639 -437982.199347 0.002222
2184735.344926 -2560135.529914 -437973.627498 -0.000112
2184735.430601 -2560137.207785 -437967.981246 0.000468
2184735.490117 -2560138.870738 -437962.201137 0.002531
2184735.585166 -2560140.548867 -437956.636241 -0.003019
2184735.747286 -2560142.359173 -437950.878169 -0.001293
2184735.562654 -2560143.191137 -437945.080956 -0.000876
2184735.512652 -2560144.236251 -437939.201894 0.002282
2184735.431656 -2560145.222882 -437933.399149 -0.000391
2184735.618972 -2560147.506891 -437927.847916 -0.000953
2184735.536057 -2560148.506327 -437921.952224 0.001238
2184735.599347 -2560150.152627 -437916.294678 0.001280
2184735.803398 -2560152.442969 -437910.848983 -0.003329
2184736.205401 -2560155.514143 -437905.311333 -0.001751
2184735.753145 -2560155.616856 -437896.275871 -0.000088
2184735.869416 -2560157.341921 -437890.614392 -0.001656
2184735.565940 -2560158.115255 -437881.702321 0.000279
2184735.375003 -2560158.026070 -437875.711132 -0.002022
2184734.583939 -2560155.822699 -437871.373098 -0.086900
2184737.755494 -2560172.276187 -437866.719090 -0.007921
2184737.571207 -2560172.752037 -437860.254253 0.004996
2184737.658557 -2560173.961318 -437854.596324 -0.001449
2184736.858543 -2560172.096626 -437848.203245 0.001659
2184736.360890 -2560171.106821 -437842.064868 0.000215
2184735.781606 -2560170.000361 -437835.906795 -0.001017
2184735.328641 -2560169.078016 -437829.761178 -0.004029
2184734.482924 -2560166.688706 -437823.276052 -0.000983
2184734.124823 -2560166.356058 -437817.259431 -0.001796
2184733.284736 -2560163.975370 -437810.771851 0.000885
2184732.789830 -2560162.988068 -437804.637018 -0.000144
2184732.167127 -2560161.363838 -437798.366874 -0.003201
2184731.251420 -2560158.872383 -437791.869138 0.000272
2184730.773214 -2560157.912583 -437785.722164 -0.002294
2184730.132561 -2560156.255685 -437779.479665 -0.002377
2184729.618521 -2560155.261697 -437773.222715 -0.001036
2184729.061455 -2560154.185048 -437767.072431 -0.002086
2184728.526449 -2560153.156319 -437760.831654 0.001235
2184728.312963 -2560153.490562 -437754.924018 -0.000437
2184733.465764 -2560187.839395 -437746.106825 0.089172
2184724.127148 -2560160.306295 -437744.177558 0.084616
2184726.934414 -2560169.661175 -437736.732483 0.138611
2184723.869203 -2560191.463783 -437677.437847 -0.280236
2184730.316631 -2560227.386978 -437695.993773 0.334414
2184722.358730 -2560166.186493 -437656.832292 -0.339995
2184723.308434 -2560153.121649 -437647.254033 0.294301
2184722.376574 -2560178.897971 -437642.883820 0.125169
2184730.135912 -2560197.662145 -437605.121993 -0.895381
2184726.757829 -2560212.725667 -437583.410208 0.111175
2184736.466260 -2560251.528355 -437567.253457 0.237197
2184722.898983 -2560174.241992 -437518.580257 0.486275
2184725.340162 -2560198.992003 -437502.300745 0.007899
2184727.884898 -2560213.048868 -437492.182415 0.270460
2184725.938142 -2560205.453980 -437485.414789 0.004131
2184726.078370 -2560208.784450 -437473.954450 0.003276
2184728.093034 -2560222.305828 -437458.394320 0.006364
2184727.019613 -2560217.735342 -437451.637241 -0.007211
2184729.230267 -2560230.535701 -437446.208161 0.074919
2184737.762177 -2560269.671846 -437451.885249 -0.108125
2184738.780683 -2560276.237011 -437444.994267 -0.024280
2184728.311991 -2560229.489726 -437429.748301 0.002741
2184728.284129 -2560231.499074 -437423.919796 0.007946
2184728.178917 -2560231.962180 -437418.173567 0.005140
2184727.838650 -2560231.632675 -437412.270934 0.000817
2184727.475834 -2560231.326217 -437406.039788 0.006720
2184726.947553 -2560230.288554 -437399.893161 0.005135
2184726.573035 -2560229.928365 -437393.873881 0.004229
2184729.297112 -2560232.636806 -437388.353107 0.014011
2184725.638971 -2560228.695160 -437380.627760 -0.085242
2184725.298581 -2560228.208967 -437375.485907 0.008494
2184725.258780 -2560229.250700 -437369.687593 0.005173
2184725.035585 -2560229.567376 -437363.779718 0.003508
2184724.901992 -2560230.484496 -437357.893695 0.007501
2184724.761118 -2560231.378006 -437352.086467 0.005684
2184724.662617 -2560231.890971 -437346.106204 0.007692
2184724.819462 -2560234.126647 -437340.545245 0.006689
2184724.772584 -2560235.153751 -437334.766652 0.005351
2184724.871961 -2560236.850316 -437329.099883 0.003424
2184724.930985 -2560238.499587 -437323.353851 0.008374
2184725.004743 -2560240.160129 -437317.676775 0.006086
2184725.083797 -2560241.844192 -437311.906085 0.008248
2184725.127936 -2560243.459911 -437306.233184 0.007022
2184725.292290 -2560245.708548 -437300.661811 0.004860
2184725.379855 -2560247.383865 -437295.012901 0.004690
2184725.578389 -2560249.699778 -437289.341002 0.005854
2184725.522602 -2560250.712764 -437283.565364 0.004966
2184725.317591 -2560251.053455 -437277.671515 0.003974
2184724.953150 -2560250.724715 -437271.550408 0.006775
2184724.589450 -2560250.386083 -437265.499165 0.002404
2184724.255812 -2560250.096975 -437259.408091 0.007279
2184723.833036 -2560249.668158 -437253.370866 0.005736
2184723.490961 -2560249.375662 -437247.233513 0.006328
2184723.111528 -2560248.987984 -437241.325822 0.002362
2184722.885855 -2560249.318488 -437235.311186 0.004070
2184722.450048 -2560248.871015 -437229.269756 0.002433
2184722.106628 -2560248.572174 -437223.153328 0.005148
2184721.747386 -2560248.233801 -437217.132432 0.003482
2184721.246526 -2560247.252558 -437210.885011 0.005247
2184720.849479 -2560246.859185 -437204.858539 0.003924
2184720.323589 -2560245.841929 -437198.604819 0.005687
2184719.725860 -2560244.702136 -437192.447923 0.004631
2184719.442389 -2560244.470021 -437186.456933 0.003983
2184719.085430 -2560244.136289 -437180.426844 0.001558
2184718.324769 -2560242.321152 -437174.047195 0.004452
2184718.249768 -2560242.853582 -437168.153569 0.000581
2184717.862008 -2560242.491085 -437162.024388 0.003102
2184717.462073 -2560242.089812 -437156.012891 0.003227
2184717.416452 -2560243.118848 -437150.228881 0.001266
2184717.173378 -2560243.421450 -437144.222061 0.004047
2184716.919358 -2560243.693774 -437138.301965 0.001842
2184716.694139 -2560244.019222 -437132.312951 0.006044
2184716.631669 -2560245.026082 -437126.514396 0.002943
2184716.407173 -2560245.337632 -437120.615448 0.002001
2184716.165962 -2560245.644254 -437114.601517 0.004071
2184716.075801 -2560246.606549 -437108.820034 0.003358
2184715.852221 -2560246.922593 -437102.904849 0.000891
2184715.632855 -2560247.259219 -437096.902356 0.003502
2184715.425391 -2560247.595524 -437091.003841 0.002211
2184715.326585 -2560248.547414 -437085.209663 0.000506
2184715.122318 -2560248.904540 -437079.217883 0.003759
2184714.934715 -2560249.267941 -437073.332256 0.003193
2184714.790915 -2560250.155646 -437067.524899 0.001295
2184714.445593 -2560249.836001 -437061.509385 -0.000274
2184714.375767 -2560250.847738 -437055.614618 0.001451
2184714.169590 -2560251.201239 -437049.624565 0.004881
2184714.070550 -2560252.134910 -437043.934602 -0.000607
2184713.837106 -2560252.450109 -437037.933550 0.002598
2184713.754212 -2560253.425088 -437032.141049 0.000490
2184713.718492 -2560254.465168 -437026.372772 -0.000295
2184713.419005 -2560254.686159 -437020.351103 0.002535
2184713.219196 -2560255.034880 -437014.448603 0.000475
2184713.002629 -2560255.357208 -437008.552150 -0.000457
2184712.761332 -2560255.661934 -437002.544624 0.002154
2184712.415111 -2560255.340605 -436996.529077 0.000734
2184712.193425 -2560255.672714 -436990.528296 0.003673
2184711.933618 -2560255.917576 -436984.713605 -0.002128
2184711.560029 -2560255.571443 -436978.604872 0.001702
2184711.346771 -2560255.916565 -436972.602717 0.004141
2184711.098328 -2560256.198954 -436966.668459 0.000415
2184710.733499 -2560255.844540 -436960.678395 0.001775
2184710.447815 -2560256.533738 -436954.808897 -0.002680
2184706.025754 -2560271.657807 -436955.962909 0.201563
2184708.794749 -2560256.091678 -436921.657666 0.002074
2184708.665847 -2560256.534772 -436915.806131 0.003243
2184708.283239 -2560256.707401 -436906.896831 0.000949
2184707.996458 -2560256.922996 -436901.011699 0.002476
2184707.577765 -2560256.517556 -436894.859737 0.003469
2184707.324180 -2560256.330908 -436888.855795 0.000764
2184707.243040 -2560257.306444 -436883.071084 -0.000567
2184707.001986 -2560257.588744 -436877.192620 0.000661
2184706.665434 -2560257.300909 -436871.061672 0.001537
2184706.376037 -2560257.517214 -436865.152665 0.001043
2184706.163972 -2560257.859691 -436859.170811 0.005283
2184705.782331 -2560257.492157 -436853.119108 0.001251
2184705.577937 -2560257.833185 -436847.218024 -0.000479
2184705.290671 -2560258.069153 -436841.210565 0.003121
2184705.136621 -2560258.476664 -436835.349204 0.003919
2184704.912376 -2560258.807704 -436829.333502 0.005287
2184704.652481 -2560259.613924 -436820.538558 0.003005
2184704.345043 -2560259.348682 -436814.527020 0.000965
2184727.107489 -2560365.040144 -436827.482714 -0.017786
2184703.827799 -2560259.887648 -436802.616312 0.003193
2184703.713378 -2560260.814620 -436796.826641 0.002129
2184703.203257 -2560259.812265 -436790.605748 0.006188
2184703.032554 -2560261.208894 -436781.896897 0.002363
2184703.000685 -2560262.249127 -436776.153511 0.003519
2184702.594650 -2560262.407974 -436767.118849 0.003353
2184702.313234 -2560262.630922 -436761.234949 0.004801
2184701.782024 -2560262.154042 -436752.075708 0.003636
2184701.734529 -2560263.174491 -436746.314983 0.003537
2184701.347495 -2560262.790090 -436740.308063 0.003734
2184701.086116 -2560263.614113 -436731.396019 0.003840
2184700.879685 -2560263.944651 -436725.529875 0.005359
2184700.782330 -2560264.898968 -436719.729373 0.002856
2184700.685047 -2560265.866762 -436713.846485 0.005981
2184700.499452 -2560266.248713 -436707.863310 0.009572
2184700.267410 -2560266.532973 -436702.052351 0.003340
2184700.297169 -2560268.140023 -436696.292976 0.007402
2184699.813373 -2560267.177608 -436690.064531 0.010274
2184699.842626 -2560268.754667 -436684.481039 0.003947
2184699.780310 -2560269.772136 -436678.609004 0.007265
2184699.688524 -2560270.747349 -436672.729611 0.010570
2184699.635187 -2560271.762715 -436666.950242 0.008988
2184699.494346 -2560273.199810 -436658.259574 0.006083
2184699.202192 -2560273.410200 -436652.357766 0.006224
2184699.286430 -2560275.643031 -436643.718282 0.008427
2184699.057238 -2560275.950354 -436637.798558 0.005437
2184698.936193 -2560276.882994 -436631.914872 0.009009
2184698.673725 -2560276.679800 -436625.923561 0.007721
2184698.562743 -2560277.646594 -436619.927756 0.014087
2184698.551532 -2560279.706618 -436611.477229 0.009421
2184698.160532 -2560279.334916 -436605.359481 0.012644
2184697.805473 -2560279.003071 -436599.325683 0.009520
2184697.397717 -2560278.575946 -436593.378319 0.015664
2184696.916791 -2560277.614497 -436587.181144 0.007687
2184696.591387 -2560277.334142 -436581.094389 0.012412
2184696.603819 -2560278.904974 -436575.401465 0.009550
2184696.482941 -2560280.385446 -436566.626019 0.011562
2184696.728323 -2560282.745369 -436561.091844 0.010489
2184696.627549 -2560284.157134 -436555.355719 0.006389
2184695.787119 -2560284.399970 -436537.480417 -0.002555
2184674.350449 -2560226.071106 -436519.607373 0.480544
2184695.576897 -2560286.340977 -436523.088633 -0.005425
2184713.082257 -2560416.575797 -436524.308833 0.305100
2184715.039763 -2560374.804963 -436522.856638 -0.258239
2184689.983543 -2560268.318346 -436483.391275 0.275202
2184695.506461 -2560294.831327 -436485.137588 0.012324
2184695.558318 -2560295.971386 -436479.531446 0.010867
2184695.041753 -2560294.967051 -436473.270333 0.011175
2184694.815383 -2560296.186985 -436467.561062 0.012439
2184694.717593 -2560297.242295 -436458.707218 0.014096
2184694.389221 -2560296.942552 -436452.710015 0.013698
2184694.092027 -2560297.696911 -436443.897291 0.010354
2184693.880256 -2560298.043751 -436437.893807 0.012379
2184693.488130 -2560297.656126 -436431.864325 0.010440
2184693.748288 -2560300.056233 -436426.223674 0.012522
2184693.351278 -2560299.659127 -436420.205545 0.011747
2184693.240627 -2560300.593860 -436414.404548 0.009361
2184693.105186 -2560301.506495 -436408.514674 0.012576
2184693.127412 -2560303.101319 -436402.774654 0.005191
2184692.809467 -2560303.369384 -436393.849072 0.012823
2184692.735460 -2560304.356673 -436388.057339 0.010440
2184692.807892 -2560306.009479 -436382.400629 0.009638
2184692.536261 -2560307.360635 -436370.625969 0.010816
2184692.289003 -2560307.641667 -436364.704350 0.007937
2184692.407443 -2560309.372328 -436358.984488 0.013490
2184692.259123 -2560310.257125 -436353.154070 0.009211
2184692.036846 -2560310.587216 -436347.157177 0.012047
2184692.009394 -2560311.617282 -436341.513469 0.008868
2184691.770410 -2560311.930628 -436335.474388 0.008328
2184691.706323 -2560312.940781 -436329.627226 0.013828
2184691.764472 -2560314.575778 -436323.955704 0.011948
2184726.282086 -2560476.741766 -436332.993307 -0.272546
2184691.343253 -2560320.011208 -436291.943079 0.010785
2184691.220932 -2560320.927772 -436286.147885 0.008987
2184691.266520 -2560322.543956 -436280.476198 0.007367
2184691.255762 -2560323.636008 -436274.615639 0.010369
2184690.847418 -2560323.223792 -436268.588772 0.008973
2184691.035323 -2560325.518324 -436262.943384 0.012365
2184690.761084 -2560325.298933 -436256.947571 0.010595
2184690.770606 -2560326.862226 -436251.274851 0.009696
2184690.703556 -2560327.857333 -436245.497373 0.008413
2184690.481822 -2560328.185147 -436239.515810 0.012606
2184690.514290 -2560329.789420 -436233.808335 0.007934
2184690.327614 -2560330.165221 -436227.847186 0.013220
2184690.553383 -2560332.501273 -436222.291291 0.010585
2184690.729800 -2560334.763006 -436216.739462 0.009475
2184690.472384 -2560335.029680 -436210.816232 0.006600
2184690.159654 -2560334.767214 -436204.737142 0.011400
2184689.904449 -2560335.033325 -436198.831837 0.010149
2184689.571815 -2560334.730048 -436192.824792 0.008638
2184689.163266 -2560334.333793 -436186.702051 0.011745
2184689.100197 -2560335.336270 -436180.918213 0.009748
2184689.018205 -2560336.310663 -436175.134735 0.008055
2184688.516580 -2560335.322586 -436168.906071 0.011044
2184688.601416 -2560336.995232 -436163.245342 0.009320
2184688.149957 -2560336.519025 -436157.221802 0.009171
2184688.115605 -2560337.562532 -436151.446377 0.007279
2184688.079715 -2560338.618663 -436145.581137 0.010367
2184687.961557 -2560339.537292 -436139.808790 0.010695
2184687.619390 -2560339.223412 -436133.782965 0.007799
2184687.174323 -2560338.775409 -436127.650696 0.010675
2184686.868200 -2560338.513267 -436121.635128 0.007878
2184686.223314 -2560336.857528 -436115.303836 0.012038
2184685.722010 -2560335.853812 -436109.172004 0.010533
2184685.311873 -2560335.442507 -436103.129299 0.007622
2184684.746350 -2560334.341860 -436097.004523 0.008265
2184684.265554 -2560333.386575 -436090.767418 0.009776
2184683.669621 -2560331.802867 -436084.438783 0.013045
2184683.232403 -2560331.349106 -436078.410792 0.012110
2184682.828079 -2560330.939827 -436072.401625 0.012165
2184682.397491 -2560330.042173 -436066.262698 0.008355
2184681.857467 -2560328.980724 -436060.131319 0.007594
2184681.503096 -2560328.647416 -436054.114496 0.005785
2184680.940187 -2560327.595508 -436047.732583 0.009160
2184680.756876 -2560327.940789 -436041.986254 0.007495
2184680.227174 -2560327.349967 -436035.940213 0.020482
2184679.879908 -2560327.044943 -436029.832851 0.009899
2184679.799046 -2560327.123858 -436023.767372 0.010683
2184679.542781 -2560327.843864 -436017.966117 0.011295
2184679.297966 -2560328.125233 -436012.067552 0.010332
2184679.098347 -2560328.477218 -436006.148305 0.006415
2184678.925699 -2560329.322790 -436000.324996 0.016491
2184678.879294 -2560330.357922 -435994.504959 0.010652
2184678.748224 -2560330.804035 -435988.625486 0.008821
2184709.185138 -2560472.715836 -436001.050807 0.289692
2184678.535509 -2560332.695135 -435976.978030 0.012523
2184678.632724 -2560334.386708 -435971.319203 0.010772
2184678.254601 -2560334.016563 -435965.310824 0.010086
2184678.127194 -2560335.492383 -435956.522729 0.010767
2184677.632217 -2560335.587425 -435944.646485 0.008974
2184677.064079 -2560334.505138 -435938.398687 0.011608
2184676.805905 -2560334.764184 -435932.511831 0.011860
2184676.129479 -2560333.071632 -435926.131910 0.012298
2184675.773764 -2560332.728876 -435920.155521 0.014044
2184675.433035 -2560332.417592 -435914.132479 0.011264
2184675.353041 -2560333.394779 -435908.355631 0.010183
2184674.744775 -2560332.253250 -435902.103931 0.013201
2184674.898736 -2560334.027169 -435896.458022 0.011302
2184674.380321 -2560332.997088 -435890.332870 0.010704
2184674.299088 -2560333.988026 -435884.463613 0.014346
2184674.097033 -2560334.350963 -435878.460803 0.016113
2184673.852937 -2560334.610937 -435872.690560 0.013541
2184673.473267 -2560334.281471 -435866.438350 0.017091
2184673.392399 -2560335.255681 -435860.671542 0.016778
2184673.323442 -2560336.246458 -435854.910308 0.016870
2184673.219986 -2560337.193146 -435849.113479 0.014444
2184673.136407 -2560338.183238 -435843.232252 0.017008
2184672.647481 -2560337.745319 -435834.220301 0.014309
2184672.412753 -2560339.609304 -435822.553860 0.016602
2184677.124416 -2560361.686437 -435823.799420 -0.233922
2184671.532272 -2560339.264341 -435807.468347 0.026862
2184671.256453 -2560339.051815 -435801.434475 0.021357
2184670.924097 -2560338.751265 -435795.422882 0.019394
2184670.660742 -2560339.003701 -435789.534557 0.019710
2184660.757303 -2560324.461285 -435786.109078 0.806938
2184670.300290 -2560339.810914 -435777.435723 0.026586
2184670.033655 -2560340.025720 -435771.741800 0.018315
2184669.908920 -2560340.955494 -435765.859459 0.021691
2184669.758970 -2560341.372520 -435759.991937 0.021311
2184669.434857 -2560341.544615 -435754.056742 0.018646
2184669.433739 -2560342.650792 -435748.210332 0.022499
2184669.316803 -2560343.576240 -435742.423285 0.021247
2184669.160546 -2560344.003794 -435736.441834 0.023704
2184668.573433 -2560342.876557 -435730.295483 0.022668
2184668.078880 -2560341.882674 -435724.170672 0.021472
2184667.001191 -2560339.220244 -435714.781421 0.019820
2184666.462635 -2560337.724062 -435708.449296 0.021398
2184666.087822 -2560337.361214 -435702.435572 0.020016
2184665.519802 -2560336.280057 -435696.187236 0.022496
2184665.049763 -2560335.798111 -435690.047584 0.025047
2184664.902300 -2560336.219344 -435684.178245 0.024413
2184664.326147 -2560335.105164 -435678.050395 0.024819
2184664.065373 -2560334.914702 -435672.023041 0.019520
2184663.753903 -2560334.659187 -435665.926930 0.022617
2184663.401661 -2560334.347471 -435659.811133 0.024660
2184663.057225 -2560334.487307 -435653.889649 0.023717
2184662.559877 -2560333.487943 -435647.773231 0.023333
2184661.739686 -2560331.601477 -435641.286073 0.030278
2184661.344339 -2560330.736163 -435635.271355 0.023542
2184660.952977 -2560330.346302 -435629.271886 0.024012
2184660.460403 -2560329.371196 -435623.053879 0.027367
2184660.251793 -2560329.710586 -435617.143582 0.024297
2184660.081729 -2560330.103500 -435611.251981 0.021912
2184659.695294 -2560329.742476 -435605.130536 0.024367
2184659.312843 -2560329.387280 -435599.008497 0.026502
2184658.744208 -2560328.288860 -435592.860983 0.024845
2184658.420517 -2560327.999221 -435586.862413 0.023819
2184658.146897 -2560328.241005 -435580.959374 0.022751
2184657.654161 -2560327.268171 -435574.729824 0.025175
2184657.143861 -2560326.251717 -435568.604710 0.024265
2184656.666200 -2560325.301867 -435562.372551 0.025920
2184656.573700 -2560326.262944 -435556.595677 0.024961
2184656.367087 -2560326.602231 -435550.701863 0.023201
2184655.972633 -2560326.228995 -435544.585723 0.026293
2184655.613279 -2560325.889253 -435538.574638 0.024887
2184655.214009 -2560325.491806 -435532.557618 0.023700
2184654.815428 -2560325.113684 -435526.432689 0.026071
2184654.510596 -2560324.852246 -435520.438512 0.024814
2184654.301074 -2560325.189121 -435514.536364 0.022478
2184653.696043 -2560324.144480 -435505.315471 0.023846
2184653.089636 -2560323.012659 -435499.039557 0.024536
2184652.830102 -2560323.267563 -435493.178960 0.027220
2184652.513488 -2560322.991324 -435487.169464 0.024798
2184652.076870 -2560322.559440 -435481.034339 0.027072
2184651.745676 -2560322.263016 -435475.019383 0.024469
2184651.659747 -2560323.232269 -435469.254275 0.024422
2184651.232360 -2560322.812215 -435463.129335 0.027421
2184650.743575 -2560321.829755 -435456.996016 0.025045
2184650.336867 -2560321.421940 -435450.978458 0.024098
2184649.832554 -2560320.431153 -435444.757627 0.027376
2184649.613612 -2560320.750867 -435438.874631 0.027026
2184649.296951 -2560320.493557 -435432.760395 0.028442
2184649.032419 -2560320.749672 -435426.857661 0.027131
2184648.836061 -2560321.107458 -435420.952499 0.024178
2184648.387453 -2560320.652326 -435414.847792 0.029365
2184648.225294 -2560321.057905 -435408.958082 0.027064
2184648.011982 -2560321.388307 -435403.065154 0.025634
2184647.484900 -2560320.367509 -435396.828450 0.027925
2184646.978749 -2560319.360028 -435390.693816 0.025962
2184646.716266 -2560319.159977 -435384.708932 0.024701
2184646.447371 -2560319.882953 -435378.807219 0.029420
2184646.259517 -2560319.783359 -435372.890110 0.019283
2184645.788133 -2560319.293047 -435366.794297 0.025969
2184645.530467 -2560319.577856 -435360.787733 0.028259
2184645.168702 -2560319.238913 -435354.761588 0.025447
2184645.143996 -2560320.295637 -435349.019353 0.026062
2184644.896257 -2560320.576805 -435343.121415 0.024766
2184644.359462 -2560319.543403 -435336.876560 0.026666
2184644.254675 -2560320.487514 -435331.103992 0.026136
2184644.068538 -2560320.856905 -435325.221264 0.024994
2184643.810494 -2560321.118712 -435319.344848 0.026084
2184643.513631 -2560320.436013 -435313.128547 0.024942
2184643.208486 -2560320.631993 -435307.230553 0.025129
2184642.906402 -2560320.851785 -435301.223916 0.028399
2184642.193867 -2560320.874313 -435295.565442 0.039413
2184641.655956 -2560320.707159 -435277.285462 0.026006
2184641.638863 -2560321.775696 -435271.544721 0.026551
2184641.254029 -2560321.423123 -435265.405816 0.027019
2184641.047520 -2560321.778966 -435259.428852 0.031007
2184709.935863 -2560643.516464 -435302.738154 0.557881
2184639.796157 -2560321.609670 -435235.629893 0.028096
2184639.078596 -2560320.977707 -435223.378423 0.030227
2184638.770426 -2560320.715008 -435217.377092 0.028433
2184694.888980 -2560569.579299 -435250.319887 0.354559
2184637.698745 -2560321.279856 -435193.614612 0.030542
2184640.587098 -2560335.582175 -435181.284348 -0.634239
2184636.461389 -2560319.683104 -435172.428771 0.031621
2184636.141593 -2560319.884749 -435166.388286 0.032266
2184635.926572 -2560320.213822 -435160.501342 0.031321
2184695.040321 -2560582.388357 -435204.575923 -0.369326
2184646.134117 -2560374.081451 -435139.162390 0.072863
2184633.360236 -2560318.819182 -435115.479378 0.033563
2184632.868094 -2560317.851069 -435109.249243 0.035540
2184631.897778 -2560317.475451 -435091.227095 0.035016
2184631.704995 -2560317.841415 -435085.324787 0.032112
2184631.369133 -2560317.553720 -435079.235093 0.035944
2184630.131980 -2560315.875785 -435060.985840 0.035615
2184629.575910 -2560316.327585 -435049.334570 0.034537
2184629.147418 -2560315.478403 -435042.973402 0.036276
2184628.879551 -2560315.730563 -435037.087424 0.036595
2184628.397332 -2560314.759043 -435030.965804 0.035136
2184628.197836 -2560315.133657 -435024.960545 0.036059
2184627.845463 -2560314.805553 -435018.968769 0.036078
2184627.409078 -2560314.924858 -435009.973714 0.038898
2184627.035928 -2560314.568545 -435003.968144 0.038111
2184626.816636 -2560314.891075 -434998.091812 0.038039
2184626.286105 -2560313.866873 -434991.865064 0.041341
2184626.113918 -2560314.261187 -434985.980129 0.039530
2184625.589684 -2560313.247706 -434979.745699 0.041795
2184625.061309 -2560314.320052 -434965.068152 0.038850
2184624.456766 -2560312.732577 -434958.727763 0.040865
2184705.452154 -2560705.883054 -434923.937732 0.295442
2184693.177206 -2560659.491132 -434872.533867 -0.010353
2184694.555788 -2560670.027677 -434855.602625 -0.093858
2184674.273801 -2560582.723788 -434830.367050 -0.234483
2184677.899260 -2560605.167497 -434793.305339 -0.217659
2184674.476855 -2560592.468085 -434776.167626 -0.219721
2184668.430387 -2560606.248681 -434617.879108 -0.724199
2184697.694853 -2560737.067348 -434632.920681 -0.277485
2184668.016263 -2560602.896807 -434603.130209 -0.298271
2184682.341555 -2560673.654829 -434588.460856 0.211160
2184689.017819 -2560706.003418 -434587.875627 0.113812
2184664.110298 -2560603.332160 -434519.348707 -0.273036
2184684.990298 -2560699.058013 -434525.217088 -0.279822
2184681.205500 -2560685.818782 -434515.018109 -0.237066
2184634.693113 -2560474.291956 -434472.180503 -0.261855
2184635.274112 -2560487.872453 -434427.166503 -0.158388
2184241.737751 -2560209.475563 -439811.075252 0.241930
2184243.018300 -2560216.106882 -439808.591467 0.149862
2184245.978210 -2560229.991814 -439808.159579 0.021188
2184243.409087 -2560221.452849 -439791.590442 0.024470
2184242.473961 -2560218.987525 -439785.135912 0.020735
2184240.562873 -2560213.663173 -439769.121337 0.022457
2184231.554894 -2560174.382645 -439755.176257 -0.063816
2184238.755800 -2560209.514403 -439750.295591 0.021109
2184238.554243 -2560209.906968 -439744.384143 0.020514
2184237.768094 -2560209.259113 -439732.181922 0.021399
2184237.414521 -2560208.982481 -439726.135943 0.019388
2184237.236791 -2560209.429997 -439720.119831 0.021829
2184237.025328 -2560209.807741 -439714.207018 0.021316
2184236.795182 -2560210.160191 -439708.282045 0.019924
2184236.559993 -2560210.522212 -439702.266904 0.023935
2184236.522936 -2560211.607598 -439696.457580 0.021266
2184236.340919 -2560212.028875 -439690.539967 0.019438
2184236.022363 -2560212.840118 -439681.605597 0.022350
2184235.941181 -2560213.861031 -439675.790370 0.020104
2184235.777634 -2560214.327482 -439669.775964 0.022496
2184235.659554 -2560215.293496 -439663.961290 0.021156
2184235.621680 -2560216.373127 -439658.169467 0.020245
2184235.567289 -2560217.452754 -439652.250841 0.021400
2184235.615995 -2560219.108967 -439646.571750 0.021195
2184235.670052 -2560220.775158 -439640.880064 0.019866
2184235.610021 -2560221.840893 -439634.986567 0.023328
2184235.826417 -2560224.195251 -439629.408839 0.021237
2184235.775961 -2560225.256992 -439623.609210 0.019864
2184236.007390 -2560227.650082 -439617.941030 0.022345
2184235.805685 -2560228.039939 -439612.026511 0.021372
2184235.883239 -2560229.739658 -439606.336108 0.019590
2184235.799074 -2560230.753500 -439600.524361 0.017850
2184235.794648 -2560232.921118 -439591.821982 0.019630
2184235.751296 -2560233.989986 -439586.034162 0.019168
2184235.776788 -2560235.631167 -439580.245421 0.022753
2184235.785307 -2560236.798031 -439574.344311 0.023874
2184235.982157 -2560239.099874 -439568.881783 0.019429
2184235.805350 -2560241.131369 -439557.161218 0.020551
2184236.099511 -2560245.766835 -439542.898781 0.019762
2184235.880034 -2560246.130975 -439536.973841 0.018013
2184235.843883 -2560247.209026 -439531.186346 0.017367
2184235.864865 -2560249.389375 -439522.597784 0.015634
2184235.895991 -2560251.607301 -439513.892513 0.016249
2184235.941465 -2560253.254327 -439508.216068 0.016445
2184235.866248 -2560254.298451 -439502.301313 0.018182
2184236.331056 -2560259.061715 -439491.068967 0.019279
2184236.323452 -2560260.636161 -439485.359818 0.017653
2184236.744365 -2560264.749962 -439477.120550 0.016467
2184236.974314 -2560266.687117 -439471.344960 0.016487
2184235.034059 -2560260.828080 -439460.001692 0.187127
2184236.791775 -2560268.693705 -439459.680853 0.022705
2184237.466113 -2560274.649680 -439448.738917 0.017419
2184236.512588 -2560273.409456 -439433.402077 0.013644
2184236.140953 -2560273.115219 -439427.267463 0.016902
2184236.053569 -2560274.119196 -439421.458985 0.015418
2184236.129246 -2560277.743089 -439408.070056 0.216485
2184235.389940 -2560274.647177 -439406.482523 0.015772
2184235.407421 -2560276.249646 -439400.810731 0.016818
2184235.379594 -2560277.340626 -439395.003769 0.014079
2184235.322072 -2560278.422174 -439389.019254 0.008977
2184235.617892 -2560280.857314 -439383.589405 0.018534
2184235.697462 -2560282.557771 -439377.883737 0.014994
2184235.150842 -2560281.562967 -439371.597631 0.015734
2184234.599363 -2560280.538135 -439365.430769 0.014356
2184233.983749 -2560278.990441 -439359.041685 0.014846
2184233.466228 -2560278.008511 -439352.908926 0.015697
2184232.759749 -2560276.308902 -439346.611947 0.013355
2184232.256897 -2560275.351778 -439340.463408 0.012535
2184231.575763 -2560273.704933 -439334.081544 0.015030
2184231.218393 -2560273.431927 -439327.933566 0.016922
2184230.721724 -2560272.483118 -439321.787016 0.015956
2184230.490442 -2560272.826255 -439315.850751 0.013421
2184230.134861 -2560272.533450 -439309.819201 0.012473
2184215.079756 -2560251.354343 -439299.755562 -0.010988
2184229.523288 -2560272.569066 -439297.736559 0.012176
2184229.299549 -2560272.918799 -439291.819959 0.011273
2184228.930976 -2560272.626530 -439285.680457 0.013879
2184228.827919 -2560273.602188 -439279.881779 0.013565
2184228.614253 -2560273.969125 -439273.953274 0.011308
2184228.084830 -2560272.991877 -439267.692652 0.013946
2184227.929461 -2560273.440640 -439261.783713 0.012158
2184227.386342 -2560272.442028 -439255.525661 0.015336
2184227.164730 -2560272.793588 -439249.610842 0.014517
2184226.937127 -2560273.141913 -439243.669325 0.011347
2184226.550542 -2560272.820460 -439237.538428 0.015127
2184226.402691 -2560273.279913 -439231.626657 0.012882
2184226.298933 -2560274.256462 -439225.812797 0.010974
2184226.006230 -2560274.502502 -439219.899022 0.011849
2184226.127849 -2560275.372233 -439213.915924 0.010224
2184227.888596 -2560279.107924 -439208.070038 -0.037987
2184225.501449 -2560276.282121 -439202.044017 0.014423
2184225.360317 -2560276.752440 -439196.123851 0.011039
2184223.671801 -2560274.982347 -439194.606274 0.576802
2184215.285277 -2560264.192433 -439181.877703 0.013744
2184224.814551 -2560278.429806 -439178.484771 0.007908
2184224.730264 -2560278.978123 -439172.582666 0.018385
2184224.122413 -2560278.357542 -439166.306310 0.013669
2184216.325274 -2560266.852288 -439163.665185 0.866482
2184223.375048 -2560278.639258 -439154.322039 0.004638
2184223.539782 -2560279.543340 -439148.475997 0.014570
2184223.274274 -2560280.392804 -439139.651598 0.012252
2184223.139046 -2560281.335225 -439133.758470 0.017113
2184222.705016 -2560282.628822 -439118.922928 0.017141
2184222.590962 -2560283.581801 -439113.138261 0.018266
2184222.396244 -2560283.972517 -439107.210926 0.015550
2184222.165215 -2560284.313146 -439101.265614 0.012001
2184222.092282 -2560285.343066 -439095.390407 0.017064
2184221.883078 -2560285.715401 -439089.447985 0.013257
2184221.802775 -2560286.717975 -439083.661609 0.013255
2184221.441900 -2560286.431180 -439077.527273 0.016170
2184221.503203 -2560288.092734 -439071.847212 0.015360
2184221.438277 -2560289.117835 -439066.059908 0.014903
2184221.119945 -2560289.327604 -439060.121289 0.013960
2184220.984386 -2560289.817878 -439054.120903 0.016362
2184220.911835 -2560290.835111 -439048.315052 0.014372
2184220.656054 -2560291.138504 -439042.367062 0.011093
2184220.717212 -2560292.814477 -439036.603644 0.015837
2184220.540115 -2560293.242339 -439030.604367 0.019456
2184220.487394 -2560294.285116 -439024.814598 0.018458
2184220.409416 -2560295.292778 -439019.013400 0.017139
2184220.163510 -2560295.605742 -439013.088456 0.015761
2184220.236029 -2560297.300890 -439007.308806 0.018696
2184220.329036 -2560299.007348 -439001.632388 0.017573
2184220.101267 -2560299.345497 -438995.712194 0.016202
2184220.042591 -2560300.397078 -438989.822832 0.019539
2184219.833448 -2560300.765352 -438983.889918 0.016546
2184219.845317 -2560302.355186 -438978.194202 0.015356
2184208.052253 -2560246.479549 -438960.952250 -0.701993
2184213.605495 -2560296.490071 -438956.067468 0.021005
2184219.090563 -2560304.977097 -438951.555727 0.018281
2184219.189070 -2560306.689927 -438945.880957 0.017026
2184219.111789 -2560307.694482 -438940.092448 0.016651
2184219.160848 -2560309.340609 -438934.387048 0.013664
2184219.437966 -2560311.340687 -438928.575631 0.022358
2184213.867389 -2560304.019036 -438919.214320 -0.204147
2184219.098026 -2560313.093194 -438916.910093 0.017939
2184218.866655 -2560313.422675 -438910.999549 0.017326
2184218.923306 -2560315.649818 -438902.332281 0.020404
2184218.841972 -2560316.649470 -438896.534211 0.019212
2184218.790170 -2560317.692870 -438890.734784 0.017360
2184218.782713 -2560319.247937 -438885.062056 0.018567
2184218.944484 -2560321.054852 -438879.377530 0.014887
2184218.874753 -2560322.090841 -438873.472745 0.016949
2184218.799452 -2560323.097891 -438867.679230 0.016175
2184219.002397 -2560325.432217 -438862.009938 0.018703
2184219.135960 -2560327.174992 -438856.443913 0.013210
2184218.996911 -2560328.110706 -438850.526486 0.015855
2184219.085406 -2560329.807181 -438844.851276 0.014670
2184219.295122 -2560332.153004 -438839.171929 0.016256
2184219.122083 -2560332.561491 -438833.289300 0.016838
2184219.187937 -2560334.227230 -438827.597544 0.014667
2184219.107119 -2560335.243745 -438821.702770 0.018047
2184218.617499 -2560334.295794 -438815.547455 0.015708
2184218.929832 -2560337.241153 -438809.983484 0.018052
2184218.971850 -2560338.851704 -438804.399813 0.012982
2184218.924563 -2560339.917107 -438798.505995 0.015504
2184219.135255 -2560342.243404 -438792.934276 0.013570
2184219.095543 -2560343.317576 -438787.051220 0.016910
2184218.852855 -2560343.631770 -438781.120064 0.014710
2184218.945407 -2560345.331055 -438775.453927 0.014271
2184218.525762 -2560344.937865 -438769.397030 0.012007
2184218.480710 -2560346.001576 -438763.524452 0.016431
2184218.249048 -2560346.332388 -438757.589522 0.013596
2184218.003413 -2560346.656346 -438751.577377 0.017227
2184217.938230 -2560347.673594 -438745.795948 0.017260
2184217.722546 -2560348.027796 -438739.860417 0.013987
2184217.662988 -2560349.054968 -438734.070132 0.012891
2184217.538297 -2560350.009607 -438728.152265 0.014941
2184217.380056 -2560350.443953 -438722.238307 0.012181
2184217.049035 -2560350.175165 -438716.207017 0.010209
2184216.952776 -2560351.170354 -438710.294543 0.012223
2184216.551318 -2560350.797244 -438704.265200 0.011899
2184216.188586 -2560350.479691 -438698.241629 0.011375
2184215.849560 -2560350.218746 -438692.100751 0.012692
2184215.593690 -2560350.509305 -438686.181661 0.011848
2184215.549997 -2560351.579030 -438680.281649 0.013911
2184215.097851 -2560351.135192 -438674.229340 0.012578
2184215.256891 -2560352.931041 -438668.559138 0.010165
2184214.870737 -2560353.154660 -438659.535181 0.012427
2184215.043063 -2560355.420736 -438653.969275 0.011829
2184214.961548 -2560356.416373 -438648.167128 0.010237
2184214.890574 -2560357.446648 -438642.259783 0.011929
2184214.551209 -2560357.164075 -438636.230007 0.010232
2184214.476406 -2560358.166792 -438630.440305 0.009632
2184214.165076 -2560358.955800 -438621.492806 0.009802
2184213.945053 -2560359.297214 -438615.579454 0.008598
2184213.535394 -2560358.932857 -438609.425146 0.010252
2184213.484389 -2560359.969390 -438603.639753 0.009483
2184213.187735 -2560359.748544 -438597.613251 0.007074
2184213.073818 -2560360.718205 -438591.687796 0.008024
2184212.806007 -2560360.983334 -438585.798521 0.010158
2184212.604602 -2560361.354342 -438579.871971 0.007103
2184212.493566 -2560362.323637 -438573.967600 0.010102
2184212.323029 -2560362.734814 -438568.065051 0.008605
2184212.180656 -2560363.645271 -438562.232916 0.005398
2184211.996780 -2560364.033466 -438556.345538 0.005747
2184211.343081 -2560363.992318 -438544.171836 0.010253
2184211.519073 -2560365.813801 -438538.489504 0.006215
2184211.404542 -2560366.759678 -438532.682996 0.004740
2184211.309909 -2560367.732052 -438526.890089 0.004224
2184211.123519 -2560368.139855 -438520.875328 0.006178
2184211.515955 -2560371.171794 -438515.452127 0.006115
2184211.089763 -2560370.780813 -438509.301248 0.008542
2184211.303683 -2560372.650705 -438503.655185 0.006814
2184210.917889 -2560372.758291 -438497.676710 0.003298
2184210.836386 -2560373.749548 -438491.883510 0.002425
2184210.878611 -2560375.370843 -438486.211639 0.002413
2184210.840144 -2560376.439283 -438480.339002 0.006468
2184210.759908 -2560377.437968 -438474.517092 0.002880
2184210.855274 -2560379.138378 -438468.839453 0.000939
2184210.848538 -2560380.254116 -438462.963079 0.004055
2184210.876249 -2560381.858338 -438457.267462 0.002146
2184210.769744 -2560382.832033 -438451.364289 0.004907
2184210.835103 -2560384.487563 -438445.688843 0.004000
2184210.678084 -2560385.489486 -438436.791980 0.004980
2184210.666060 -2560387.937922 -438431.295809 0.007421
2184210.638166 -2560388.558974 -438425.385827 0.001796
2184193.878241 -2560366.272395 -438410.439204 -0.204090
2184210.060259 -2560389.154064 -438410.456218 0.002633
2184209.927001 -2560390.636995 -438401.683813 0.007207
2184209.739655 -2560391.026736 -438395.752560 0.003249
2184209.470520 -2560390.998382 -438393.584015 0.404495
2184209.109537 -2560390.537926 -438383.615766 0.004644
2184209.067022 -2560392.056891 -438377.811678 0.007526
2184208.679113 -2560391.697236 -438371.784302 0.006985
2184208.602048 -2560392.712185 -438365.885345 0.009394
2184208.548392 -2560393.727902 -438360.176140 0.002117
2184208.124263 -2560393.336085 -438354.031852 0.004987
2184208.098178 -2560394.404887 -438348.249057 0.003536
2184207.575777 -2560393.412589 -438342.023221 0.008621
2184207.420024 -2560394.299116 -438336.194287 0.005859
2184207.519295 -2560396.005351 -438330.505865 0.002884
2184207.450872 -2560397.009494 -438324.731760 0.003367
2184207.064361 -2560396.668131 -438318.610135 0.007285
2184206.824608 -2560396.979841 -438312.675778 0.004360
2184206.748728 -2560397.995492 -438306.777574 0.006769
2184206.530279 -2560398.332367 -438300.871973 0.006026
2184206.189421 -2560398.041456 -438294.842509 0.004134
2184205.918578 -2560398.322213 -438288.820939 0.007101
2184206.106815 -2560400.603621 -438283.268593 0.007141
2184205.943268 -2560401.021540 -438277.361481 0.004963
2184205.872548 -2560402.026294 -438271.563974 0.003281
2184205.771206 -2560403.001405 -438265.677239 0.007316
2184205.860239 -2560404.689496 -438260.000376 0.005601
2184205.900934 -2560406.306216 -438254.323200 0.004813
2184205.834420 -2560407.336636 -438248.415969 0.006287
2184206.059876 -2560409.670100 -438242.875227 0.006522
2184205.953066 -2560410.620480 -438237.080775 0.005769
2184206.226243 -2560413.041357 -438231.443209 0.009363
2184206.109204 -2560413.980741 -438225.627737 0.006891
2184205.613069 -2560413.031692 -438219.370667 0.008366
2184205.219475 -2560412.660956 -438213.345166 0.007998
2184204.692118 -2560411.645192 -438207.201164 0.007074
2184204.325657 -2560411.314820 -438201.174863 0.005997
2184203.661500 -2560409.668332 -438194.802363 0.007985
2184203.277074 -2560409.312517 -438188.769605 0.006714
2184202.616783 -2560407.670913 -438182.399911 0.009026
2184202.245599 -2560407.334174 -438176.368937 0.007449
2184201.854005 -2560406.967033 -438170.338492 0.006528
2184201.489336 -2560406.657758 -438164.206251 0.008817
2184201.128813 -2560406.334047 -438158.185648 0.008107
2184200.921452 -2560406.685807 -438152.277188 0.006719
2184200.424822 -2560405.733146 -438146.028594 0.008780
2184200.151811 -2560405.991532 -438140.101735 0.007195
2184200.083941 -2560406.996928 -438134.312791 0.006144
2184199.991542 -2560407.986616 -438128.409936 0.008368
2184199.936308 -2560409.011440 -438122.616472 0.006595
2184199.974265 -2560410.621695 -438116.942488 0.006219
2184199.921524 -2560411.668226 -438111.046973 0.008187
2184199.768443 -2560412.092334 -438105.173912 0.008817
2184199.446293 -2560412.281656 -438099.227203 0.006489
2184199.388677 -2560413.301272 -438093.440371 0.005213
2184199.126388 -2560413.591814 -438087.418566 0.007960
2184198.921202 -2560413.946225 -438081.508505 0.006164
2184198.833295 -2560414.922815 -438075.712041 0.004833
2184198.627875 -2560415.293372 -438069.708396 0.007965
2184198.387842 -2560415.596839 -438063.794691 0.006612
2184198.171528 -2560415.934857 -438057.882805 0.005050
2184197.944144 -2560416.273654 -438051.875033 0.008124
2184197.718979 -2560416.599455 -438045.958222 0.006282
2184197.499663 -2560416.933540 -438040.042778 0.004445
2184197.134547 -2560416.619519 -438033.920255 0.007552
2184196.874454 -2560416.893904 -438028.004425 0.006603
2184196.581429 -2560417.142111 -438021.961949 0.007943
2184196.618905 -2560418.295073 -438016.205224 0.007373
2184196.282121 -2560418.012083 -438010.147262 0.002507
2184195.564804 -2560416.274985 -438003.820236 0.009807
2184195.033679 -2560415.255184 -437997.652519 0.006760
2184194.581140 -2560414.344409 -437991.519167 0.005093
2184193.821351 -2560412.550730 -437985.160387 0.010390
2184193.651162 -2560412.960310 -437979.226785 0.005679
2184193.137672 -2560411.975837 -437972.998628 0.009896
2184192.740742 -2560411.601630 -437966.951119 0.007356
2184192.653131 -2560412.580463 -437961.139175 0.004491
2184192.395071 -2560412.397065 -437955.159692 0.005074
2184192.193900 -2560413.212436 -437949.326318 0.002657
2184191.971196 -2560413.558030 -437943.310602 0.004968
2184191.745069 -2560413.896852 -437937.303128 0.007947
2184191.633881 -2560414.817525 -437931.617633 0.003909
2184191.296422 -2560414.546849 -437925.478528 0.004901
2184191.337052 -2560416.158094 -437919.806934 0.004393
2184191.200981 -2560417.057970 -437914.028710 0.005754
2184191.061590 -2560417.511771 -437908.098646 0.000603
2184191.076641 -2560419.105364 -437902.313730 0.003602
2184191.094482 -2560420.250187 -437896.434430 0.005464
2184191.111484 -2560421.824791 -437890.769609 0.006121
2184190.981517 -2560422.740291 -437884.957295 0.004145
2184190.993487 -2560423.859665 -437879.172974 0.001493
2184191.110204 -2560425.599468 -437873.407162 0.003888
2184191.252505 -2560427.813385 -437867.830966 0.002488
2184191.177644 -2560428.822812 -437861.942403 0.005440
2184191.274398 -2560430.499107 -437856.369751 -0.000506
2184191.441595 -2560432.764043 -437850.707441 0.002965
2184191.595625 -2560434.555688 -437844.956000 0.005828
2184191.749446 -2560436.787767 -437839.371144 0.003341
2184191.994639 -2560439.605626 -437833.892560 0.001084
2184192.460573 -2560442.735222 -437828.482401 -0.000072
2184192.004763 -2560441.831434 -437822.267992 0.004123
2184191.616553 -2560441.465275 -437816.234621 0.002578
2184191.255137 -2560441.138295 -437810.204352 0.000547
2184190.724544 -2560440.132146 -437803.949002 0.002642
2184190.486048 -2560440.432369 -437798.047439 0.002193
2184189.957181 -2560439.411588 -437791.887922 -0.000311
2184189.591516 -2560439.097450 -437785.748619 0.001219
2184189.233213 -2560438.771347 -437779.734934 0.000635
2184188.987658 -2560439.064568 -437773.815111 -0.001213
2184188.887532 -2560440.037194 -437767.919074 0.001557
2184188.705522 -2560440.419498 -437762.022115 0.000369
2184188.576572 -2560441.334507 -437756.213042 -0.001420
2184188.397833 -2560441.739284 -437750.215180 0.001216
2184188.497579 -2560443.434983 -437744.549878 -0.000033
2184188.212957 -2560443.679396 -437738.584600 -0.005230
2184188.161126 -2560444.697781 -437732.826173 -0.004101
2184188.077545 -2560445.693714 -437726.933646 -0.001417
2184187.890248 -2560446.085161 -437720.937699 0.001575
2184187.812026 -2560447.079328 -437715.105848 -0.003538
2184187.703715 -2560448.014571 -437709.344967 -0.001350
2184187.431383 -2560448.266637 -437703.429653 -0.002204
2184187.074744 -2560447.984761 -437697.178943 0.001977
2184186.746334 -2560447.682238 -437691.274392 -0.002513
2184186.387644 -2560447.375166 -437685.145716 -0.000399
2184185.989385 -2560446.991833 -437679.116729 -0.001401
2184185.594309 -2560446.621351 -437673.048890 -0.006098
2184185.270832 -2560446.361832 -437666.939805 -0.002982
2184184.834426 -2560445.945119 -437660.783178 -0.001700
2184184.676645 -2560446.335166 -437655.032998 -0.003328
2184184.288675 -2560445.984940 -437648.902002 -0.000628
2184183.896040 -2560445.614703 -437642.847636 -0.004161
2184183.653554 -2560445.922930 -437636.855958 0.000448
2184183.634844 -2560446.992190 -437631.083404 -0.000579
2184183.672280 -2560448.602537 -437625.380383 -0.004160
2184183.597347 -2560449.608644 -437619.495493 -0.000880
2184183.372194 -2560449.929942 -437613.578248 -0.003070
2184183.403621 -2560451.526816 -437607.897090 -0.004480
2184183.242133 -2560451.952539 -437601.914199 -0.000795
2184183.367698 -2560454.141920 -437596.325208 -0.003330
2184183.357218 -2560455.239602 -437590.456856 -0.000029
2184182.818468 -2560454.200460 -437584.305429 -0.001719
2184182.233669 -2560453.095071 -437578.146490 -0.003208
2184181.779998 -2560452.176105 -437572.021359 -0.004415
2184181.110993 -2560450.517315 -437565.634802 -0.004146
2184180.737001 -2560450.163297 -437559.632305 -0.003326
2184180.111061 -2560449.024439 -437553.322045 -0.004340
2184179.990763 -2560449.490187 -437547.453401 -0.004642
2184179.613629 -2560449.153772 -437541.327850 -0.001761
2184179.250253 -2560448.818746 -437535.308116 -0.002983
2184179.254655 -2560449.918983 -437529.547041 -0.003550
2184178.953140 -2560450.151697 -437523.492688 -0.003337
2184179.028262 -2560451.801178 -437517.866918 -0.000662
2184179.108754 -2560453.472883 -437512.170447 -0.004534
2184179.157937 -2560455.098515 -437506.472894 -0.007779
2184178.887199 -2560455.366376 -437500.468539 -0.003811
2184178.555202 -2560455.080651 -437494.432508 -0.007135
2184178.400948 -2560455.967183 -437488.554258 -0.001676
2184178.355348 -2560456.995283 -437482.782945 -0.002075
2184178.133677 -2560457.322521 -437476.856168 -0.005345
2184178.008713 -2560458.238141 -437471.061081 -0.006133
2184188.524015 -2560507.627558 -437470.961143 0.115183
2184177.808661 -2560460.272417 -437456.290229 -0.002852
2184176.777234 -2560457.157106 -437449.796618 -0.002487
2184175.897357 -2560455.268673 -437440.498443 -0.006420
2184175.381584 -2560454.274123 -437434.273532 -0.002291
2184175.126978 -2560454.553956 -437428.338760 -0.005574
2184174.572386 -2560453.504426 -437422.103199 -0.001546
2184174.403223 -2560453.903230 -437416.203585 -0.003536
2184174.254133 -2560454.328608 -437410.318891 -0.004616
2184174.112318 -2560455.223149 -437404.502931 -0.007172
2184173.916168 -2560455.592953 -437398.533298 -0.001594
2184173.460201 -2560455.129393 -437392.467323 -0.005093
2184173.251246 -2560455.488514 -437386.459873 -0.002771
2184173.166243 -2560456.458769 -437380.683309 -0.002823
2184173.252768 -2560458.131129 -437375.021595 -0.003845
2184173.302669 -2560459.770509 -437369.242759 -0.001317
2184173.397156 -2560461.471061 -437363.486922 0.002171
2184172.380450 -2560458.363138 -437357.073800 -0.003859
2184171.373113 -2560455.300632 -437350.474231 -0.000522
2184169.502870 -2560448.823649 -437340.260971 -0.000651
2184168.852345 -2560447.164166 -437334.015008 -0.001214
2184168.485055 -2560446.817269 -437328.015296 -0.000628
2184168.261708 -2560447.157525 -437321.992111 0.000519
2184168.058290 -2560447.488082 -437316.191842 -0.004983
2184167.918054 -2560448.398188 -437310.293316 -0.001860
2184167.730522 -2560448.793116 -437304.260882 -0.002417
2184167.712848 -2560449.857144 -437298.509982 -0.001860
2184164.499845 -2560438.326758 -437283.900930 0.263864
2184166.748807 -2560448.404850 -437286.234384 -0.000001
2184166.320775 -2560447.972784 -437280.211964 -0.000011
2184165.848090 -2560447.025141 -437274.076847 -0.001942
2184165.457242 -2560446.651614 -437268.034667 -0.004638
2184165.127653 -2560446.374511 -437261.951858 0.000609
2184164.711293 -2560445.965063 -437255.900566 -0.002373
2184164.229389 -2560445.022314 -437249.657627 -0.000847
2184163.860905 -2560444.678058 -437243.636034 -0.002189
2184163.589751 -2560444.923384 -437237.744246 -0.001230
2184163.301060 -2560444.691503 -437231.746789 -0.002321
2184162.825530 -2560444.666769 -437225.683253 0.000818
2184162.906771 -2560445.870927 -437219.959565 0.001731
2184163.095145 -2560448.145736 -437214.396392 -0.000012
2184162.602800 -2560447.190980 -437208.136428 0.000305
2184171.791292 -2560488.623396 -437215.771844 -0.249628
2184156.856493 -2560437.569620 -437198.947951 0.494057
2184161.000846 -2560444.099809 -437189.589680 -0.001272
2184160.609977 -2560443.739156 -437183.469832 0.002012
2184160.444983 -2560444.120703 -437177.690855 -0.002475
2184160.183289 -2560444.401101 -437171.678912 0.000315
2184159.787768 -2560444.019092 -437165.641357 -0.001921
2184159.430787 -2560443.688926 -437159.630044 -0.002630
2184158.924196 -2560442.707009 -437153.398256 0.000433
2184158.716792 -2560443.048190 -437147.494140 -0.001290
2184158.385972 -2560442.755375 -437141.488668 -0.002073
2184158.035145 -2560442.912013 -437135.435156 -0.001099
2184157.833805 -2560443.258370 -437129.552319 -0.001014
2184157.513521 -2560442.997501 -437123.449644 0.002211
2184157.475841 -2560444.041450 -437117.647426 -0.001515
2184157.164477 -2560444.244458 -437111.653543 0.004067
2184156.944337 -2560444.570051 -437105.734092 0.001175
2184156.897137 -2560445.592040 -437099.970342 0.001104
2184156.673669 -2560446.342067 -437094.277987 -0.001587
2184156.290537 -2560445.571797 -437087.885623 -0.002910
2184155.854998 -2560445.121659 -437081.890050 -0.000394
2184155.457333 -2560444.747506 -437075.795614 -0.007953
2184155.160641 -2560444.503244 -437069.797623 -0.009037
2184154.413696 -2560442.686350 -437063.611889 -0.001970
2184154.071154 -2560442.400757 -437057.467448 -0.002170
2184149.033531 -2560434.502374 -437054.634106 0.507683
2184153.035772 -2560440.935122 -437042.200895 -0.002119
2184152.510468 -2560439.942816 -437035.864268 0.004982
2184152.396867 -2560440.849610 -437030.197845 0.002287
2184152.341440 -2560441.431441 -437024.213380 -0.010695
2184151.923111 -2560441.450961 -437018.357050 -0.003199
2184151.734707 -2560441.835677 -437012.359056 -0.000900
2184151.548661 -2560442.214396 -437006.423816 -0.006123
2184151.143597 -2560441.827204 -437000.322903 -0.000706
2184151.031637 -2560442.311286 -436994.407781 -0.005948
2184150.677501 -2560442.433535 -436988.510717 -0.003745
2184150.297873 -2560442.066071 -436982.513648 -0.002739
2184149.851030 -2560441.646286 -436976.254162 0.002152
2184149.782766 -2560442.618403 -436970.595118 -0.001118
2184149.427335 -2560442.311915 -436964.458888 -0.000331
2184149.378318 -2560443.334276 -436958.677512 -0.001970
2184149.129407 -2560443.628426 -436952.684054 0.002103
2184148.923610 -2560443.978327 -436946.747484 -0.002846
2184148.847587 -2560444.957556 -436940.981708 -0.002423
2184148.735249 -2560445.912114 -436935.058559 -0.002526
2184148.676493 -2560446.914922 -436929.302124 -0.001640
2184148.502282 -2560447.309174 -436923.373474 -0.006578
2184148.595114 -2560448.979906 -436917.759609 -0.003474
2184148.562606 -2560450.500151 -436911.957072 -0.001726
2184148.508330 -2560451.517717 -436906.160290 -0.004715
2184148.538990 -2560453.117969 -436900.441206 -0.010146
2184148.392661 -2560453.550892 -436894.509630 -0.002559
2184148.411251 -2560455.125614 -436888.828059 -0.004063
2184148.483108 -2560456.775981 -436883.160070 -0.005697
2184148.400726 -2560457.768872 -436877.265078 -0.003747
2184148.323358 -2560458.749428 -436871.482236 -0.005086
2184148.258795 -2560459.767298 -436865.593725 -0.002953
2184148.339220 -2560461.432366 -436859.915228 -0.005612
2184148.094692 -2560461.715087 -436854.024996 -0.005572
2184148.000766 -2560462.246066 -436847.992949 -0.008586
2184147.512737 -2560461.717981 -436841.996185 -0.005322
2184147.145917 -2560461.388235 -436835.887912 -0.001598
2184146.908257 -2560461.664652 -436830.091721 -0.006282
2184146.533242 -2560461.330632 -436823.944902 -0.006123
2184146.157935 -2560460.966359 -436817.961010 -0.004114
2184145.743703 -2560460.580823 -436811.782382 -0.006046
2184145.444061 -2560460.347621 -436805.688506 -0.002570
2184145.140097 -2560460.531699 -436799.864235 -0.008358
2184144.916079 -2560460.861718 -436793.874613 -0.004617
2184144.947701 -2560462.609562 -436784.879716 -0.012910
2184144.889173 -2560464.028753 -436779.415118 -0.005984
2184144.809933 -2560465.005282 -436773.637370 -0.006853
2184144.693506 -2560465.931104 -436767.838678 -0.008685
2184130.873645 -2560439.671768 -436746.047129 0.164497
2184134.519519 -2560455.441485 -436739.209605 -0.283273
2184144.282562 -2560471.398839 -436735.719854 -0.005221
2184144.096381 -2560471.770449 -436729.814992 -0.007807
2184144.007597 -2560472.730250 -436724.049766 -0.007194
2184143.724982 -2560473.505956 -436715.255424 -0.009034
2184143.531111 -2560473.886854 -436709.235380 -0.008742
2184143.284404 -2560474.162079 -436703.362960 -0.006934
2184143.102290 -2560474.556856 -436697.358629 -0.005610
2184143.003479 -2560475.506010 -436691.572731 -0.006712
2184142.927553 -2560476.490729 -436685.778391 -0.009297
2184142.816237 -2560477.439682 -436679.887527 -0.006438
2184142.638742 -2560477.821845 -436673.992187 -0.008393
2184142.372743 -2560478.073680 -436668.096152 -0.008535
2184141.981750 -2560477.715570 -436661.948408 -0.008054
2184141.793702 -2560478.086931 -436656.032491 -0.011859
2184141.598752 -2560478.434838 -436650.178451 -0.009582
2184141.244257 -2560478.125905 -436644.055674 -0.007640
2184141.122291 -2560479.036969 -436638.288832 -0.006637
2184140.700084 -2560478.617026 -436632.234734 -0.010216
2184140.249829 -2560477.709953 -436626.034332 -0.005947
2184139.795680 -2560477.261683 -436619.872219 -0.005392
2184139.609600 -2560477.630268 -436613.980962 -0.006936
2184139.459916 -2560478.506631 -436608.183287 -0.008185
2184139.299240 -2560478.912669 -436602.293755 -0.010035
2184138.734004 -2560477.839401 -436596.073258 -0.004991
2184138.428633 -2560477.585382 -436590.051861 -0.008252
2184138.005353 -2560477.176137 -436583.922090 -0.005438
2184137.457688 -2560476.117447 -436577.772393 -0.007681
2184137.259060 -2560476.488060 -436571.764712 -0.006211
2184137.260192 -2560477.568093 -436566.076225 -0.013979
2184136.850523 -2560477.169305 -436559.993773 -0.007244
2184136.671960 -2560477.545793 -436554.119409 -0.007296
2184136.058203 -2560476.405661 -436547.874634 -0.003439
2184135.872800 -2560476.782106 -436541.949397 -0.008080
2184135.624245 -2560477.058283 -436536.059685 -0.007977
2184135.250494 -2560476.719028 -436529.943749 -0.005190
2184135.017834 -2560477.020587 -436524.044716 -0.006338
2184134.658611 -2560476.685472 -436518.030600 -0.007725
2184134.279839 -2560476.337516 -436511.922462 -0.004133
2184134.000498 -2560476.578592 -436505.981597 -0.008083
2184133.686647 -2560476.306057 -436499.987833 -0.008640
2184133.496939 -2560476.688109 -436493.990191 -0.006668
2184133.099917 -2560476.293762 -436487.993933 -0.005549
2184132.862344 -2560476.608200 -436481.979397 -0.004050
2184132.635223 -2560476.913586 -436476.100424 -0.003480
2184132.389653 -2560477.199230 -436470.185836 -0.005799
2184132.181792 -2560477.535393 -436464.295491 -0.006895
2184131.642004 -2560476.505032 -436458.047728 -0.004935
2184131.297370 -2560476.188787 -436452.046861 -0.005638
2184130.908999 -2560475.827492 -436445.932722 -0.002397
2184130.728759 -2560476.205905 -436440.036724 -0.004505
2184130.331594 -2560475.811618 -436434.036310 -0.003971
2184130.092470 -2560476.123204 -436428.027560 -0.001785
2184129.860161 -2560476.419691 -436422.154743 -0.000725
2184129.626118 -2560476.723818 -436416.231778 -0.004114
2184129.412477 -2560477.069663 -436410.238289 -0.001113
2184129.057377 -2560476.743369 -436404.209061 -0.004251
2184128.807637 -2560477.016059 -436398.328023 -0.003280
2184128.537829 -2560477.283322 -436392.313040 -0.001161
2184128.209210 -2560476.990524 -436386.311571 -0.002159
2184128.149852 -2560478.000053 -436380.515972 -0.005296
2184127.880299 -2560478.260580 -436374.536077 0.000070
2184127.654231 -2560478.573638 -436368.627208 -0.002234
2184127.405822 -2560478.849741 -436362.737939 -0.002205
2184127.210491 -2560479.204184 -436356.850572 -0.003232
2184126.989963 -2560479.540155 -436350.856130 -0.000368
2184126.883114 -2560480.479764 -436345.059546 -0.002526
2184126.628924 -2560480.761115 -436339.087589 0.003209
2184126.414545 -2560481.091225 -436333.180090 0.000729
2184126.202065 -2560481.425138 -436327.269288 -0.002102
2184125.817730 -2560481.072054 -436321.144890 -0.000026
2184125.456385 -2560480.729265 -436315.153340 0.000586
2184125.071659 -2560480.374080 -436309.037835 0.003474
2184124.996304 -2560481.336437 -436303.373689 -0.000555
2184123.903261 -2560481.434311 -436279.366863 0.001269
2184123.581873 -2560481.630814 -436273.324165 0.002088
2184123.401332 -2560482.465498 -436267.508822 -0.000171
2184132.218490 -2560519.278154 -436271.156872 0.450972
2184111.968060 -2560468.407952 -436237.362446 0.707175
2184131.163974 -2560526.314352 -436235.837221 0.034109
2184121.882753 -2560486.873467 -436217.406546 0.002503
2184121.754759 -2560487.319992 -436211.558774 0.003480
2184121.424242 -2560487.491931 -436205.586343 -0.002437
2184123.527678 -2560497.220297 -436205.877114 -0.181639
2184124.932476 -2560507.174708 -436190.961727 0.132900
2184123.243426 -2560500.708499 -436185.194285 -0.168547
2184124.817505 -2560512.554779 -436164.043963 0.162389
2184122.924518 -2560506.189799 -436155.950215 -0.037514
2184124.951293 -2560518.237952 -436144.654866 0.265644
2184128.411754 -2560536.388276 -436136.545270 -0.118659
2184127.667571 -2560533.848913 -436131.871774 -0.190906
2184131.943977 -2560566.610243 -436077.169703 -0.284197
2184152.684857 -2560686.263344 -435985.427611 -0.307440
2184163.975837 -2560740.757773 -435975.581500 0.248430
2184190.720949 -2560862.907869 -435994.926722 -0.258668
2184149.090835 -2560676.688924 -435955.432148 -0.258504
2184157.427086 -2560727.638128 -435937.015062 0.704173
2184150.478308 -2560722.282532 -435897.514868 -0.702681
2184173.095360 -2560805.807854 -435883.113050 -0.147236
2184139.226610 -2560693.537136 -435838.377744 0.059219
2184151.945804 -2560712.065609 -435858.440074 -0.310902
2184141.695861 -2560671.936148 -435822.891177 -0.015478
2184147.905286 -2560701.262025 -435817.343296 -0.298309
2184143.129582 -2560684.266391 -435795.546009 -0.284076
2184124.319060 -2560628.402617 -435775.971849 -0.161553
2184151.806458 -2560730.499409 -435775.128388 0.285338
2184144.553862 -2560696.331086 -435776.738169 -0.271384
2184133.812375 -2560648.682350 -435763.252515 -0.313101
2184188.291769 -2560896.878646 -435799.094709 -0.203839
2184153.971505 -2560743.081380 -435765.327421 -0.314153
2184154.710552 -2560748.007218 -435760.178754 -0.314781
2184175.366246 -2560845.905124 -435756.982197 0.278570
2184154.195998 -2560754.224786 -435722.377139 -0.070633
2184168.193106 -2560821.866218 -435715.367560 -0.024655
2184180.944857 -2560879.314711 -435725.604220 -0.259655
2184138.026522 -2560687.888366 -435680.809925 -0.201515
2184138.214040 -2560689.903029 -435674.464520 -0.296876
2184153.593184 -2560763.743818 -435669.412374 0.199358
2184136.614183 -2560686.715886 -435656.078658 -0.179965
2184142.029836 -2560712.007086 -435657.087977 -0.269677
2184145.641046 -2560732.988420 -435640.925926 0.048087
2184129.608241 -2560661.720613 -435622.245571 -0.314635
2184145.591088 -2560736.532055 -435624.674546 -0.116087
2184142.085979 -2560719.612100 -435620.073093 -0.301554
2184145.042482 -2560737.771186 -435605.854416 0.164087
2184142.646412 -2560726.288737 -435609.032040 -0.280684
2184129.891879 -2560672.023117 -435583.808450 0.098612
2184136.804277 -2560704.241911 -435584.617886 0.066284
2184146.546258 -2560784.577162 -435564.888127 0.903232
2184136.850561 -2560714.005580 -435544.366267 -0.296329
2184147.201095 -2560802.971722 -435550.441181 -0.180895
2184141.174007 -2560736.792866 -435534.612500 -0.212258
2184169.868440 -2560893.341879 -435549.656208 -0.856151
2184146.957529 -2560767.598214 -435521.242848 -0.071212
2184145.326708 -2560763.382211 -435503.853742 -0.233266
2184140.088852 -2560787.185190 -435504.163788 -0.027655
2184154.140635 -2560812.731071 -435469.747539 0.296163
2184141.143283 -2560811.158419 -435472.776192 -0.024958
2184180.534373 -2560985.076763 -435332.261720 -0.254312
2184159.731102 -2560930.543761 -435281.565044 0.429226
2184162.895387 -2560941.258381 -435275.147432 0.768321
2184138.282822 -2560818.655376 -435111.750426 -0.176449
2184115.660492 -2560757.889565 -435092.701089 -0.581966
2184132.887776 -2560811.098575 -435051.027058 -0.326606
2184150.524728 -2560893.042470 -435059.426639 -0.319802
2184129.049000 -2560802.762968 -435002.710780 -0.211365
2184129.837622 -2560814.307523 -434972.479854 0.107302
2184127.743616 -2560805.853626 -434966.535016 -0.199813
2184127.490425 -2560807.201714 -434955.074235 -0.206576
2184132.471757 -2560846.456305 -434884.385768 -0.202565
2184133.935019 -2560864.323519 -434839.687196 -0.319449
2184134.152865 -2560868.699064 -434825.244617 -0.070249
2184115.194500 -2560805.556295 -434712.048872 -0.294065
2184119.538442 -2560826.501345 -434710.006086 -0.297794
2184137.888192 -2560913.250928 -434707.611074 -0.053154
2184137.242283 -2560911.148946 -434703.949489 -0.172078
2184138.228204 -2560919.078372 -434680.113105 -0.210352
2184171.382877 -2561082.745508 -434655.709520 0.250440
2184160.678325 -2561043.409219 -434608.883789 0.289614
2184162.719754 -2561053.193533 -434608.881248 -0.119252
2184161.875168 -2561051.301589 -434600.251378 -0.264270
2184157.522590 -2561031.807194 -434580.417734 -0.890339
