0 27.000000 442.000000
1 81.000000 1858.000000
2 398.000000 669.000000
3 1026.000000 899.000000
4 1265.000000 1943.000000
5 1662.000000 1150.000000
6 1875.000000 1965.000000
7 2226.000000 88.000000
8 2548.000000 385.000000
9 2755.000000 1843.000000
10 3126.000000 1447.000000
11 3504.000000 1683.000000
12 3879.000000 277.000000
13 4284.000000 1348.000000
14 4775.000000 1062.000000
15 5192.000000 577.000000
16 5295.000000 1944.000000
17 5583.000000 220.000000
18 5843.000000 1090.000000
19 6317.000000 1049.000000
20 6598.000000 50.000000
21 6813.000000 49.000000
22 7166.000000 899.000000
23 7431.000000 1541.000000
24 7653.000000 1010.000000
25 7764.000000 1651.000000
26 8087.000000 1360.000000
27 8140.000000 1528.000000
28 8343.000000 21.000000
29 8715.000000 455.000000
30 8879.000000 1150.000000
31 9012.000000 901.000000
32 9303.000000 823.000000
33 9445.000000 1234.000000
34 9635.000000 1472.000000
35 9762.000000 1858.000000
36 10051.000000 188.000000
37 10105.000000 759.000000
38 10133.000000 1269.000000
39 10207.000000 1790.000000
40 10393.000000 103.000000
41 10572.000000 114.000000
42 10681.000000 475.000000
43 10798.000000 825.000000
44 10910.000000 1146.000000
45 11024.000000 1596.000000
46 11147.000000 984.000000
47 11265.000000 1332.000000
48 11397.000000 1002.000000
49 11579.000000 977.000000
50 11756.000000 1135.000000
51 11929.000000 186.000000
52 12010.000000 1042.000000
53 12182.000000 698.000000
54 12348.000000 725.000000
55 12523.000000 1867.000000
56 12697.000000 267.000000
57 12764.000000 1925.000000
58 12868.000000 1936.000000
59 13082.000000 1540.000000
60 13252.000000 1002.000000
61 13296.000000 555.000000
62 13354.000000 899.000000
63 13422.000000 353.000000
64 13528.000000 1642.000000
65 13647.000000 277.000000
66 13721.000000 1554.000000
67 13765.000000 1951.000000
68 13890.000000 537.000000
69 14044.000000 1240.000000
70 14134.000000 257.000000
71 14218.000000 1938.000000
72 14329.000000 1195.000000
73 14436.000000 1528.000000
74 14568.000000 825.000000
75 14639.000000 1474.000000
76 14755.000000 1803.000000
77 14847.000000 557.000000
78 14915.000000 992.000000
79 15059.000000 1308.000000
80 15147.000000 984.000000
81 15289.000000 987.000000
82 15439.000000 391.000000
83 15545.000000 438.000000
84 15626.000000 308.000000
85 15728.000000 728.000000
86 15816.000000 1672.000000
87 15886.000000 768.000000
88 16068.000000 491.000000
89 16209.000000 1378.000000
90 16308.000000 1164.000000
91 16444.000000 670.000000
92 16521.000000 444.000000
93 16538.000000 1940.000000
94 16683.000000 1269.000000
95 16819.000000 21.000000
96 16944.000000 487.000000
97 17033.000000 1200.000000
98 17161.000000 894.000000
99 17234.000000 1200.000000
100 17335.000000 189.000000
101 17378.000000 1858.000000
102 17395.000000 1904.000000
103 17511.000000 1942.000000
104 17640.000000 678.000000
105 17809.000000 325.000000
106 17782.000000 1541.000000
107 17897.000000 954.000000
108 18029.000000 1196.000000
109 18106.000000 1730.000000
110 18246.000000 1771.000000
111 18278.000000 1552.000000
112 18443.000000 541.000000
113 18536.000000 1289.000000
114 18593.000000 1348.000000
115 18751.000000 987.000000
116 18756.000000 1811.000000
117 18861.000000 1858.000000
118 19070.000000 242.000000
119 19134.000000 1615.000000
120 19332.000000 1535.000000
121 19527.000000 1280.000000
122 19693.000000 277.000000
123 19763.000000 1637.000000
124 243.000000 768.000000
125 512.000000 798.000000
126 733.000000 512.000000
127 895.000000 243.000000
128 1263.000000 846.000000
129 1571.000000 585.000000
130 1919.000000 19.000000
131 2138.000000 947.000000
132 2377.000000 1708.000000
133 2754.000000 1963.000000
134 2890.000000 1396.000000
135 3189.000000 1468.000000
136 3437.000000 1721.000000
137 3651.000000 962.000000
138 3850.000000 514.000000
139 4251.000000 1465.000000
140 4533.000000 1396.000000
141 4735.000000 1277.000000
142 5050.000000 1828.000000
143 5210.000000 141.000000
144 5377.000000 1627.000000
145 5673.000000 845.000000
146 5791.000000 1559.000000
147 6036.000000 1316.000000
148 6151.000000 1599.000000
149 6286.000000 1161.000000
150 6361.000000 1682.000000
151 6583.000000 1501.000000
152 6718.000000 1027.000000
153 6854.000000 1003.000000
154 7035.000000 837.000000
155 7135.000000 200.000000
156 7241.000000 1344.000000
157 7367.000000 958.000000
158 7522.000000 1385.000000
159 7591.000000 1662.000000
160 7776.000000 1613.000000
161 7928.000000 1295.000000
162 8050.000000 1891.000000
163 8169.000000 666.000000
164 8212.000000 1592.000000
165 8320.000000 1517.000000
166 8443.000000 1373.000000
167 8546.000000 1632.000000
168 8646.000000 1163.000000
169 8781.000000 1398.000000
170 8837.000000 1277.000000
171 9191.000000 37.000000
172 9214.000000 843.000000
173 9259.000000 1651.000000
174 9342.000000 1749.000000
175 9549.000000 823.000000
176 9617.000000 1760.000000
177 9702.000000 122.000000
178 9883.000000 243.000000
179 9924.000000 1738.000000
180 10080.000000 356.000000
181 10151.000000 1278.000000
182 10258.000000 429.000000
183 10272.000000 1973.000000
184 10415.000000 1536.000000
185 10511.000000 1974.000000
186 10675.000000 198.000000
187 10810.000000 517.000000
188 10873.000000 1285.000000
189 11090.000000 335.000000
190 11188.000000 534.000000
191 11218.000000 958.000000
192 11313.000000 444.000000
193 11359.000000 1292.000000
194 11553.000000 505.000000
195 11538.000000 1830.000000
196 11622.000000 1562.000000
197 11708.000000 273.000000
198 11778.000000 803.000000
199 11833.000000 1662.000000
200 11914.000000 1401.000000
201 12090.000000 1396.000000
202 12251.000000 548.000000
203 12323.000000 958.000000
204 12424.000000 1220.000000
205 12571.000000 842.000000
206 12644.000000 1070.000000
207 12812.000000 289.000000
208 12836.000000 1709.000000
209 13062.000000 774.000000
210 13163.000000 1237.000000
211 13256.000000 846.000000
212 13327.000000 1515.000000
213 13556.000000 583.000000
214 13575.000000 1889.000000
215 13745.000000 275.000000
216 13774.000000 1395.000000
217 13824.000000 1709.000000
218 14018.000000 981.000000
219 14068.000000 1610.000000
220 14194.000000 1699.000000
221 14391.000000 139.000000
222 14531.000000 290.000000
223 14577.000000 1316.000000
224 14671.000000 1854.000000
225 14775.000000 950.000000
226 14822.000000 665.000000
227 14838.000000 1896.000000
228 14921.000000 1850.000000
229 15017.000000 1865.000000
230 15087.000000 1666.000000
231 15247.000000 336.000000
232 15231.000000 1707.000000
233 15353.000000 27.000000
234 15425.000000 448.000000
235 15559.000000 114.000000
236 15526.000000 1765.000000
237 15685.000000 446.000000
238 15755.000000 650.000000
239 15766.000000 1578.000000
240 15875.000000 1812.000000
241 16029.000000 1026.000000
242 16117.000000 1504.000000
243 16301.000000 37.000000
244 16324.000000 328.000000
245 16385.000000 982.000000
246 16569.000000 1456.000000
247 16696.000000 512.000000
248 16761.000000 1240.000000
249 16852.000000 1416.000000
250 17059.000000 123.000000
251 17115.000000 551.000000
252 17157.000000 1064.000000
253 17246.000000 1673.000000
254 17293.000000 1931.000000
255 17379.000000 1952.000000
256 17527.000000 1375.000000
257 17658.000000 682.000000
258 17745.000000 1222.000000
259 17772.000000 1806.000000
260 17894.000000 730.000000
261 18054.000000 1816.000000
262 18129.000000 1958.000000
263 18232.000000 1943.000000
264 18297.000000 1316.000000
265 18343.000000 1747.000000
266 18536.000000 1168.000000
267 18653.000000 674.000000
268 18713.000000 182.000000
269 18815.000000 1729.000000
270 18845.000000 1540.000000
271 18910.000000 1885.000000
272 19062.000000 1653.000000
273 19189.000000 201.000000
274 19251.000000 500.000000
275 19267.000000 1810.000000
276 19448.000000 957.000000
277 19556.000000 1285.000000
278 19575.000000 1825.000000
279 19721.000000 1216.000000
280 19778.000000 887.000000
281 19924.000000 320.000000
282 76.000000 636.000000
283 214.000000 800.000000
284 577.000000 1389.000000
285 854.000000 903.000000
286 1024.000000 91.000000
287 1382.000000 945.000000
288 1578.000000 358.000000
289 1871.000000 457.000000
290 2119.000000 68.000000
291 2252.000000 1088.000000
292 2325.000000 1620.000000
293 2579.000000 866.000000
294 2689.000000 1352.000000
295 2860.000000 24.000000
296 3047.000000 371.000000
297 3099.000000 1762.000000
298 3220.000000 1541.000000
299 3276.000000 1938.000000
300 3387.000000 473.000000
301 3588.000000 435.000000
302 3676.000000 1790.000000
303 3792.000000 1415.000000
304 3847.000000 1616.000000
305 4046.000000 524.000000
306 4084.000000 1830.000000
307 4198.000000 203.000000
308 4280.000000 1199.000000
309 4356.000000 1646.000000
310 4544.000000 1428.000000
311 4614.000000 1696.000000
312 4733.000000 906.000000
313 4873.000000 1604.000000
314 4937.000000 1516.000000
315 5123.000000 576.000000
316 5152.000000 1113.000000
317 5249.000000 1621.000000
318 5326.000000 1201.000000
319 5527.000000 227.000000
320 5652.000000 767.000000
321 5750.000000 1344.000000
322 5941.000000 1101.000000
323 6071.000000 324.000000
324 6221.000000 672.000000
325 6286.000000 1120.000000
326 6360.000000 1398.000000
327 6557.000000 946.000000
328 6592.000000 768.000000
329 6743.000000 45.000000
330 6808.000000 1344.000000
331 6872.000000 1429.000000
332 6910.000000 1927.000000
333 7112.000000 936.000000
334 7192.000000 972.000000
335 7242.000000 1278.000000
336 7265.000000 771.000000
337 7366.000000 1600.000000
338 7564.000000 1037.000000
339 7593.000000 845.000000
340 7677.000000 723.000000
341 7746.000000 787.000000
342 7810.000000 751.000000
343 7826.000000 1351.000000
344 7917.000000 1045.000000
345 8043.000000 1184.000000
346 8143.000000 109.000000
347 8194.000000 352.000000
348 8277.000000 1888.000000
349 8407.000000 699.000000
350 8525.000000 767.000000
351 8581.000000 646.000000
352 8711.000000 29.000000
353 8781.000000 192.000000
354 8835.000000 966.000000
355 9058.000000 104.000000
356 9128.000000 208.000000
357 9128.000000 208.000000
358 9250.000000 446.000000
359 9281.000000 1187.000000
360 9339.000000 1412.000000
361 9398.000000 954.000000
362 9541.000000 487.000000
363 9573.000000 907.000000
364 9628.000000 768.000000
365 9710.000000 401.000000
366 9818.000000 173.000000
367 9845.000000 1698.000000
368 9945.000000 1285.000000
369 10042.000000 1344.000000
370 10181.000000 645.000000
371 10244.000000 1286.000000
372 10288.000000 1874.000000
373 10422.000000 24.000000
374 10427.000000 1627.000000
375 10519.000000 1470.000000
376 10568.000000 1280.000000
377 10637.000000 1088.000000
378 10800.000000 69.000000
379 10786.000000 1898.000000
380 11041.000000 655.000000
381 11118.000000 669.000000
382 11179.000000 974.000000
383 11206.000000 1647.000000
384 11291.000000 1088.000000
385 11345.000000 1544.000000
386 11436.000000 1129.000000
387 11509.000000 1051.000000
388 11628.000000 1897.000000
389 11716.000000 1368.000000
390 11818.000000 1888.000000
391 11868.000000 1100.000000
392 11939.000000 1625.000000
393 12077.000000 723.000000
394 12191.000000 639.000000
395 12209.000000 612.000000
396 12272.000000 240.000000
397 12349.000000 534.000000
398 12439.000000 156.000000
399 12561.000000 1510.000000
400 12661.000000 784.000000
401 12707.000000 800.000000
402 12760.000000 988.000000
403 12880.000000 512.000000
404 12910.000000 938.000000
405 13030.000000 1213.000000
406 13082.000000 1912.000000
407 13249.000000 1442.000000
408 13319.000000 1404.000000
409 13359.000000 1413.000000
410 13404.000000 1893.000000
411 13568.000000 42.000000
412 13695.000000 273.000000
413 13879.000000 632.000000
414 13931.000000 944.000000
415 14061.000000 154.000000
416 14005.000000 1844.000000
417 14064.000000 1967.000000
418 14137.000000 1265.000000
419 14243.000000 1262.000000
420 14318.000000 875.000000
421 14376.000000 825.000000
422 14410.000000 678.000000
423 14542.000000 392.000000
424 14569.000000 303.000000
425 14647.000000 869.000000
426 14732.000000 921.000000
427 14776.000000 556.000000
428 14866.000000 1624.000000
429 15097.000000 136.000000
430 15188.000000 1521.000000
431 15244.000000 1343.000000
432 15324.000000 733.000000
433 15439.000000 1344.000000
434 15616.000000 432.000000
435 15676.000000 432.000000
436 15678.000000 1922.000000
437 15765.000000 718.000000
438 15824.000000 1469.000000
439 16029.000000 778.000000
440 16087.000000 625.000000
441 16234.000000 193.000000
442 16320.000000 320.000000
443 16351.000000 1041.000000
444 16442.000000 1751.000000
445 16547.000000 963.000000
446 16676.000000 768.000000
447 16795.000000 351.000000
448 16834.000000 483.000000
449 16914.000000 543.000000
450 17059.000000 1053.000000
451 17088.000000 1266.000000
452 17163.000000 1128.000000
453 17244.000000 1166.000000
454 17305.000000 519.000000
455 17356.000000 20.000000
456 17387.000000 593.000000
457 17525.000000 612.000000
458 17608.000000 1443.000000
459 17632.000000 1432.000000
460 17818.000000 1899.000000
461 17921.000000 208.000000
462 17898.000000 1762.000000
463 18064.000000 1808.000000
464 18115.000000 1933.000000
465 18192.000000 768.000000
466 18320.000000 474.000000
467 18330.000000 246.000000
468 18367.000000 1524.000000
469 18432.000000 787.000000
470 18504.000000 687.000000
471 18618.000000 243.000000
472 18576.000000 869.000000
473 18662.000000 619.000000
474 18732.000000 633.000000
475 18794.000000 773.000000
476 18831.000000 192.000000
477 18886.000000 542.000000
478 19064.000000 1255.000000
479 19128.000000 1882.000000
480 19207.000000 582.000000
481 19267.000000 307.000000
482 19371.000000 207.000000
483 19405.000000 247.000000
484 19554.000000 322.000000
485 19627.000000 373.000000
486 19658.000000 205.000000
487 19713.000000 555.000000
488 19762.000000 791.000000
489 19821.000000 1002.000000
490 19907.000000 1373.000000
491 128.000000 1328.000000
492 180.000000 1641.000000
493 221.000000 1745.000000
494 307.000000 1676.000000
495 541.000000 137.000000
496 627.000000 1020.000000
497 637.000000 1018.000000
498 819.000000 488.000000
499 926.000000 928.000000
500 1009.000000 1355.000000
501 1179.000000 19.000000
502 1285.000000 724.000000
503 1436.000000 1062.000000
504 1566.000000 333.000000
505 1650.000000 1488.000000
506 1798.000000 443.000000
507 1805.000000 1583.000000
508 1918.000000 861.000000
509 2006.000000 1606.000000
510 2175.000000 549.000000
511 2236.000000 235.000000
512 2283.000000 1337.000000
513 2445.000000 1173.000000
514 2561.000000 1805.000000
515 2663.000000 1208.000000
516 2746.000000 1401.000000
517 2781.000000 1912.000000
518 2948.000000 1134.000000
519 3033.000000 596.000000
520 3118.000000 1661.000000
521 3176.000000 1978.000000
522 3305.000000 930.000000
523 3401.000000 222.000000
524 3525.000000 1523.000000
525 3683.000000 837.000000
526 3772.000000 243.000000
527 3857.000000 645.000000
528 3902.000000 675.000000
529 4022.000000 284.000000
530 4240.000000 247.000000
531 4262.000000 768.000000
532 4407.000000 695.000000
533 4512.000000 600.000000
534 4573.000000 1653.000000
535 4750.000000 997.000000
536 4854.000000 1764.000000
537 5034.000000 811.000000
538 5079.000000 274.000000
539 5143.000000 640.000000
540 5206.000000 132.000000
541 5273.000000 393.000000
542 5322.000000 699.000000
543 5428.000000 1746.000000
544 5568.000000 680.000000
545 5692.000000 537.000000
546 5724.000000 466.000000
547 5866.000000 409.000000
548 6026.000000 472.000000
549 6108.000000 705.000000
550 6145.000000 1461.000000
551 6262.000000 1774.000000
552 6561.000000 768.000000
553 6576.000000 458.000000
554 6645.000000 1683.000000
555 6724.000000 1806.000000
556 6810.000000 1965.000000
557 6886.000000 503.000000
558 7054.000000 1750.000000
559 7071.000000 1540.000000
560 7235.000000 767.000000
561 7296.000000 814.000000
562 7330.000000 929.000000
563 7424.000000 625.000000
564 7525.000000 1684.000000
565 7647.000000 486.000000
566 7795.000000 74.000000
567 7847.000000 500.000000
568 7897.000000 99.000000
569 8007.000000 241.000000
570 8066.000000 1214.000000
571 8175.000000 1930.000000
572 8249.000000 1897.000000
573 8352.000000 171.000000
574 8428.000000 1232.000000
575 8603.000000 917.000000
576 8753.000000 955.000000
577 8816.000000 1892.000000
578 8864.000000 1912.000000
579 8939.000000 1849.000000
580 9120.000000 761.000000
581 9144.000000 868.000000
582 9258.000000 1274.000000
583 9381.000000 1922.000000
584 9533.000000 670.000000
585 9564.000000 1070.000000
586 9686.000000 1451.000000
587 9789.000000 1111.000000
588 9883.000000 1481.000000
589 9919.000000 693.000000
590 10010.000000 494.000000
591 10097.000000 1891.000000
592 10217.000000 126.000000
593 10296.000000 942.000000
594 10387.000000 72.000000
595 10540.000000 242.000000
596 10611.000000 1857.000000
597 10729.000000 296.000000
598 10712.000000 1689.000000
599 10795.000000 1474.000000
600 10908.000000 265.000000
601 11039.000000 1261.000000
602 11176.000000 397.000000
603 11192.000000 874.000000
604 11271.000000 1479.000000
605 11320.000000 1665.000000
606 11515.000000 1037.000000
607 11625.000000 1410.000000
608 11734.000000 51.000000
609 11798.000000 625.000000
610 11847.000000 1395.000000
611 11941.000000 1741.000000
612 12036.000000 1929.000000
613 12080.000000 1573.000000
614 12181.000000 1868.000000
615 12282.000000 539.000000
616 12320.000000 299.000000
617 12373.000000 1683.000000
618 12438.000000 932.000000
619 12557.000000 935.000000
620 12617.000000 896.000000
621 12677.000000 1291.000000
622 12742.000000 692.000000
623 12790.000000 1095.000000
624 12844.000000 1017.000000
625 12933.000000 899.000000
626 13028.000000 921.000000
627 13065.000000 655.000000
628 13154.000000 1835.000000
629 13305.000000 513.000000
630 13357.000000 923.000000
631 13363.000000 1938.000000
632 13550.000000 280.000000
633 13577.000000 1498.000000
634 13740.000000 977.000000
635 13787.000000 1035.000000
636 13840.000000 1769.000000
637 14014.000000 752.000000
638 14099.000000 1160.000000
639 14140.000000 956.000000
640 14231.000000 1419.000000
641 14332.000000 1112.000000
642 14385.000000 1303.000000
643 14628.000000 509.000000
644 14630.000000 164.000000
645 14717.000000 643.000000
646 14758.000000 1806.000000
647 14942.000000 924.000000
648 15011.000000 1400.000000
649 15179.000000 688.000000
650 15216.000000 457.000000
651 15268.000000 509.000000
652 15430.000000 172.000000
653 15394.000000 1408.000000
654 15546.000000 1229.000000
655 15618.000000 388.000000
656 15687.000000 793.000000
657 15723.000000 756.000000
658 15795.000000 1763.000000
659 15884.000000 62.000000
660 16007.000000 1476.000000
661 16128.000000 1333.000000
662 16187.000000 1722.000000
663 16245.000000 983.000000
664 16316.000000 1540.000000
665 16372.000000 1771.000000
666 16384.000000 1615.000000
667 16523.000000 963.000000
668 16574.000000 1189.000000
669 16639.000000 1594.000000
670 16811.000000 1465.000000
671 16844.000000 1942.000000
672 17103.000000 321.000000
673 17192.000000 251.000000
674 17238.000000 1165.000000
675 17342.000000 234.000000
676 17555.000000 116.000000
677 17625.000000 254.000000
678 17628.000000 955.000000
679 17693.000000 1465.000000
680 17863.000000 1059.000000
681 17910.000000 1036.000000
682 18006.000000 693.000000
683 18077.000000 1587.000000
684 18247.000000 1525.000000
685 18342.000000 177.000000
686 18403.000000 852.000000
687 18552.000000 276.000000
688 18568.000000 478.000000
689 18707.000000 374.000000
690 18785.000000 1551.000000
691 18839.000000 1601.000000
692 18930.000000 1589.000000
693 19055.000000 1749.000000
694 19064.000000 1262.000000
695 19159.000000 1378.000000
696 19205.000000 1160.000000
697 19353.000000 702.000000
698 19442.000000 192.000000
699 19521.000000 750.000000
700 19598.000000 426.000000
701 19683.000000 645.000000
702 19719.000000 892.000000
703 19800.000000 1806.000000
704 19890.000000 930.000000
705 32.000000 1084.000000
706 87.000000 1251.000000
707 162.000000 1322.000000
708 206.000000 1101.000000
709 340.000000 253.000000
710 515.000000 954.000000
711 616.000000 1487.000000
712 779.000000 339.000000
713 881.000000 1316.000000
714 1010.000000 217.000000
715 1054.000000 1102.000000
716 1102.000000 1074.000000
717 1252.000000 594.000000
718 1280.000000 1165.000000
719 1421.000000 1280.000000
720 1528.000000 982.000000
721 1597.000000 1476.000000
722 1634.000000 1472.000000
723 1757.000000 607.000000
724 1875.000000 1290.000000
725 2040.000000 66.000000
726 2097.000000 332.000000
727 2132.000000 732.000000
728 2206.000000 1172.000000
729 2260.000000 1860.000000
730 2393.000000 233.000000
731 2520.000000 1684.000000
732 2580.000000 1598.000000
733 2633.000000 1860.000000
734 2708.000000 1542.000000
735 2865.000000 886.000000
736 3062.000000 754.000000
737 3102.000000 1369.000000
738 3246.000000 371.000000
739 3313.000000 150.000000
740 3328.000000 299.000000
741 3401.000000 725.000000
742 3564.000000 1409.000000
743 3579.000000 1155.000000
744 3753.000000 792.000000
745 3774.000000 976.000000
746 3827.000000 1338.000000
747 4008.000000 423.000000
748 4122.000000 616.000000
749 4157.000000 602.000000
750 4208.000000 379.000000
751 4305.000000 480.000000
752 4368.000000 306.000000
753 4412.000000 1296.000000
754 4538.000000 1695.000000
755 4620.000000 1388.000000
756 4678.000000 1572.000000
757 4776.000000 1591.000000
758 4941.000000 245.000000
759 5025.000000 765.000000
760 5077.000000 829.000000
761 5163.000000 887.000000
762 5222.000000 978.000000
763 5351.000000 58.000000
764 5422.000000 421.000000
765 5538.000000 867.000000
766 5565.000000 487.000000
767 5675.000000 763.000000
768 5725.000000 668.000000
769 5777.000000 429.000000
770 5868.000000 576.000000
771 5933.000000 1044.000000
772 6061.000000 665.000000
773 6105.000000 1007.000000
774 6236.000000 68.000000
775 6258.000000 523.000000
776 6382.000000 165.000000
777 6341.000000 1702.000000
778 6531.000000 322.000000
779 6588.000000 741.000000
780 6634.000000 1589.000000
781 6782.000000 512.000000
782 6869.000000 872.000000
783 6894.000000 1786.000000
784 7056.000000 1433.000000
785 7187.000000 957.000000
786 7245.000000 1036.000000
787 7304.000000 891.000000
788 7337.000000 657.000000
789 7407.000000 492.000000
790 7605.000000 58.000000
791 7604.000000 1920.000000
792 7652.000000 1661.000000
793 7722.000000 764.000000
794 7782.000000 424.000000
795 7820.000000 86.000000
796 7836.000000 1938.000000
797 8031.000000 89.000000
798 8069.000000 598.000000
799 8157.000000 704.000000
800 8209.000000 1285.000000
801 8265.000000 1546.000000
802 8334.000000 1782.000000
803 8558.000000 275.000000
804 8674.000000 1193.000000
805 8699.000000 1253.000000
806 8813.000000 1505.000000
807 8881.000000 1300.000000
808 8884.000000 1522.000000
809 9073.000000 104.000000
810 9179.000000 40.000000
811 9198.000000 908.000000
812 9366.000000 427.000000
813 9432.000000 731.000000
814 9513.000000 810.000000
815 9564.000000 803.000000
816 9681.000000 695.000000
817 9781.000000 573.000000
818 9837.000000 723.000000
819 9898.000000 272.000000
820 10015.000000 343.000000
821 10071.000000 1783.000000
822 10173.000000 1507.000000
823 10283.000000 163.000000
824 10365.000000 1156.000000
825 10437.000000 1352.000000
826 10624.000000 256.000000
827 10564.000000 1706.000000
828 10635.000000 1278.000000
829 10733.000000 1604.000000
830 10777.000000 1518.000000
831 10919.000000 1106.000000
832 11005.000000 1414.000000
833 11068.000000 1782.000000
834 11177.000000 1613.000000
835 11224.000000 1226.000000
836 11275.000000 1603.000000
837 11359.000000 1117.000000
838 11411.000000 1977.000000
839 11519.000000 1642.000000
840 11605.000000 1383.000000
841 11633.000000 654.000000
842 11746.000000 20.000000
843 11813.000000 393.000000
844 11860.000000 733.000000
845 11885.000000 884.000000
846 12057.000000 621.000000
847 12069.000000 651.000000
848 12231.000000 81.000000
849 12234.000000 1830.000000
850 12347.000000 189.000000
851 12365.000000 1550.000000
852 12445.000000 1110.000000
853 12531.000000 1277.000000
854 12602.000000 1914.000000
855 12720.000000 151.000000
856 12811.000000 299.000000
857 12874.000000 62.000000
858 12861.000000 1637.000000
859 12907.000000 1025.000000
860 13004.000000 667.000000
861 13110.000000 488.000000
862 13153.000000 1207.000000
863 13197.000000 748.000000
864 13264.000000 628.000000
865 13321.000000 191.000000
866 13403.000000 94.000000
867 13399.000000 1401.000000
868 13556.000000 1703.000000
869 13625.000000 1264.000000
870 13632.000000 1250.000000
871 13753.000000 1682.000000
872 13781.000000 1405.000000
873 13852.000000 505.000000
874 13875.000000 1609.000000
875 13923.000000 1684.000000
876 14028.000000 1231.000000
877 14069.000000 704.000000
878 14161.000000 53.000000
879 14241.000000 472.000000
880 14276.000000 908.000000
881 14324.000000 544.000000
882 14448.000000 463.000000
883 14421.000000 1805.000000
884 14600.000000 464.000000
885 14648.000000 269.000000
886 14647.000000 1388.000000
887 14751.000000 1750.000000
888 14863.000000 18.000000
889 14882.000000 1501.000000
890 14911.000000 1364.000000
891 15039.000000 1268.000000
892 15125.000000 1732.000000
893 15145.000000 1364.000000
894 15193.000000 1314.000000
895 15282.000000 1088.000000
896 15380.000000 1972.000000
897 15514.000000 753.000000
898 15625.000000 512.000000
899 15630.000000 48.000000
900 15695.000000 141.000000
901 15741.000000 1809.000000
902 15765.000000 832.000000
903 15859.000000 1178.000000
904 16008.000000 884.000000
905 16118.000000 557.000000
906 16188.000000 390.000000
907 16247.000000 516.000000
908 16261.000000 385.000000
909 16283.000000 1806.000000
910 16329.000000 1803.000000
911 16398.000000 1787.000000
912 16553.000000 1504.000000
913 16586.000000 1275.000000
914 16687.000000 739.000000
915 16697.000000 555.000000
916 16789.000000 1004.000000
917 16886.000000 959.000000
918 17095.000000 696.000000
919 17154.000000 1429.000000
920 17253.000000 979.000000
921 17257.000000 1207.000000
922 17322.000000 1477.000000
923 17523.000000 73.000000
924 17618.000000 568.000000
925 17742.000000 125.000000
926 17820.000000 852.000000
927 17842.000000 640.000000
928 17919.000000 979.000000
929 18113.000000 86.000000
930 18220.000000 188.000000
931 18259.000000 788.000000
932 18350.000000 1230.000000
933 18413.000000 920.000000
934 18517.000000 555.000000
935 18648.000000 256.000000
936 18715.000000 1468.000000
937 18857.000000 154.000000
938 18878.000000 1787.000000
939 18891.000000 1613.000000
940 19033.000000 1630.000000
941 19091.000000 1051.000000
942 19162.000000 1338.000000
943 19316.000000 369.000000
944 19349.000000 884.000000
945 19411.000000 655.000000
946 19558.000000 570.000000
947 19592.000000 148.000000
948 19605.000000 1695.000000
949 19689.000000 1845.000000
950 19716.000000 1354.000000
951 19867.000000 1026.000000
952 19913.000000 1238.000000
953 115.000000 711.000000
954 212.000000 357.000000
955 296.000000 1554.000000
956 520.000000 634.000000
957 643.000000 438.000000
958 787.000000 1299.000000
959 1031.000000 1081.000000
960 1116.000000 1059.000000
961 1189.000000 58.000000
962 1209.000000 524.000000
963 1306.000000 826.000000
964 1408.000000 847.000000
965 1566.000000 292.000000
966 1644.000000 761.000000
967 1737.000000 525.000000
968 1856.000000 1001.000000
969 1930.000000 1831.000000
970 2125.000000 349.000000
971 2144.000000 541.000000
972 2234.000000 1452.000000
973 2314.000000 1471.000000
974 2441.000000 464.000000
975 2614.000000 1706.000000
976 2711.000000 983.000000
977 2770.000000 1250.000000
978 2867.000000 1387.000000
979 2918.000000 1306.000000
980 3101.000000 833.000000
981 3226.000000 26.000000
982 3284.000000 522.000000
983 3322.000000 1298.000000
984 3554.000000 1978.000000
985 3716.000000 1402.000000
986 3829.000000 1621.000000
987 3906.000000 1693.000000
988 4161.000000 311.000000
989 4192.000000 1775.000000
990 4339.000000 1036.000000
991 4550.000000 436.000000
992 4559.000000 1753.000000
993 4674.000000 434.000000
994 4769.000000 169.000000
995 4842.000000 421.000000
996 4903.000000 471.000000
997 5072.000000 1715.000000
998 5182.000000 1651.000000
999 5287.000000 768.000000
1000 5350.000000 1388.000000
1001 5441.000000 1489.000000
1002 5519.000000 1336.000000
1003 5645.000000 459.000000
1004 5720.000000 192.000000
1005 5703.000000 1760.000000
1006 5831.000000 1584.000000
1007 6032.000000 900.000000
1008 6112.000000 1856.000000
1009 6202.000000 113.000000
1010 6269.000000 721.000000
1011 6391.000000 217.000000
1012 6556.000000 917.000000
1013 6582.000000 537.000000
1014 6664.000000 254.000000
1015 6667.000000 1494.000000
1016 6736.000000 1852.000000
1017 6793.000000 1462.000000
1018 6947.000000 940.000000
1019 7058.000000 1289.000000
1020 7097.000000 1897.000000
1021 7220.000000 889.000000
1022 7384.000000 61.000000
1023 7384.000000 61.000000
1024 7438.000000 1536.000000
1025 7589.000000 292.000000
1026 7661.000000 187.000000
1027 7737.000000 987.000000
1028 7778.000000 1262.000000
1029 7885.000000 1168.000000
1030 8056.000000 959.000000
1031 8150.000000 395.000000
1032 8234.000000 961.000000
1033 8309.000000 1793.000000
1034 8398.000000 550.000000
1035 8505.000000 544.000000
1036 8580.000000 1085.000000
1037 8747.000000 312.000000
1038 8762.000000 692.000000
1039 8862.000000 1907.000000
1040 9062.000000 317.000000
1041 9105.000000 704.000000
1042 9203.000000 973.000000
1043 9296.000000 1569.000000
1044 9340.000000 1608.000000
1045 9553.000000 126.000000
1046 9625.000000 801.000000
1047 9645.000000 422.000000
1048 9717.000000 766.000000
1049 9810.000000 340.000000
1050 9917.000000 562.000000
1051 10013.000000 1899.000000
1052 10131.000000 1195.000000
1053 10198.000000 1803.000000
1054 10343.000000 1132.000000
1055 10406.000000 1336.000000
1056 10505.000000 1791.000000
1057 10688.000000 276.000000
1058 10748.000000 356.000000
1059 10770.000000 550.000000
1060 10834.000000 1307.000000
1061 11029.000000 1058.000000
1062 11078.000000 654.000000
1063 11236.000000 193.000000
1064 11269.000000 272.000000
1065 11399.000000 683.000000
1066 11572.000000 878.000000
1067 11691.000000 525.000000
1068 11754.000000 381.000000
1069 11692.000000 1687.000000
1070 11762.000000 1643.000000
1071 11876.000000 1152.000000
1072 11922.000000 1875.000000
1073 12071.000000 89.000000
1074 12157.000000 383.000000
1075 12242.000000 995.000000
1076 12305.000000 1183.000000
1077 12342.000000 767.000000
1078 12447.000000 768.000000
1079 12553.000000 1290.000000
1080 12611.000000 1913.000000
1081 12698.000000 276.000000
1082 12756.000000 74.000000
1083 12868.000000 320.000000
1084 12917.000000 569.000000
1085 13014.000000 1471.000000
1086 13136.000000 1741.000000
1087 13286.000000 260.000000
1088 13378.000000 909.000000
1089 13432.000000 1119.000000
1090 13560.000000 1640.000000
1091 13564.000000 1876.000000
1092 13737.000000 876.000000
1093 13806.000000 558.000000
1094 13870.000000 1384.000000
1095 13895.000000 1922.000000
1096 14122.000000 751.000000
1097 14147.000000 1894.000000
1098 14281.000000 1411.000000
1099 14333.000000 1362.000000
1100 14406.000000 1538.000000
1101 14580.000000 978.000000
1102 14654.000000 1028.000000
1103 14692.000000 1305.000000
1104 14879.000000 246.000000
1105 14937.000000 453.000000
1106 14946.000000 1933.000000
1107 15077.000000 1075.000000
1108 15160.000000 1676.000000
1109 15192.000000 1596.000000
1110 15294.000000 985.000000
1111 15377.000000 1661.000000
1112 15448.000000 1516.000000
1113 15556.000000 1501.000000
1114 15626.000000 1367.000000
1115 15628.000000 1401.000000
1116 15709.000000 1100.000000
1117 15788.000000 1233.000000
1118 15850.000000 974.000000
1119 16017.000000 593.000000
1120 16068.000000 869.000000
1121 16181.000000 882.000000
1122 16218.000000 527.000000
1123 16313.000000 433.000000
1124 16363.000000 470.000000
1125 16416.000000 343.000000
1126 16531.000000 1700.000000
1127 16640.000000 32.000000
1128 16646.000000 1560.000000
1129 16696.000000 1277.000000
1130 16814.000000 1697.000000
1131 16858.000000 1322.000000
1132 16926.000000 1706.000000
1133 17051.000000 1809.000000
1134 17118.000000 1984.000000
1135 17156.000000 1953.000000
1136 17206.000000 1721.000000
1137 17311.000000 1408.000000
1138 17335.000000 1423.000000
1139 17428.000000 1536.000000
1140 17614.000000 281.000000
1141 17631.000000 530.000000
1142 17700.000000 544.000000
1143 17758.000000 296.000000
1144 17764.000000 1857.000000
1145 17835.000000 1543.000000
1146 17886.000000 1024.000000
1147 18050.000000 1477.000000
1148 18093.000000 1488.000000
1149 18139.000000 1922.000000
1150 18216.000000 1808.000000
1151 18304.000000 1415.000000
1152 18357.000000 1044.000000
1153 18443.000000 1548.000000
1154 18509.000000 1448.000000
1155 18581.000000 804.000000
1156 18644.000000 684.000000
1157 18728.000000 1409.000000
1158 18779.000000 1249.000000
1159 18849.000000 831.000000
1160 18914.000000 905.000000
1161 19045.000000 989.000000
1162 19071.000000 260.000000
1163 19128.000000 1797.000000
1164 19156.000000 1748.000000
1165 19202.000000 1878.000000
1166 19340.000000 206.000000
1167 19365.000000 1863.000000
1168 19508.000000 138.000000
1169 19537.000000 1920.000000
1170 19641.000000 543.000000
1171 19733.000000 475.000000
1172 19722.000000 1719.000000
1173 19870.000000 506.000000
1174 19922.000000 535.000000
1175 29.000000 250.000000
1176 67.000000 1766.000000
1177 148.000000 1784.000000
1178 201.000000 1597.000000
1179 322.000000 120.000000
1180 400.000000 1335.000000
1181 674.000000 236.000000
1182 752.000000 366.000000
1183 769.000000 821.000000
1184 937.000000 209.000000
1185 1028.000000 1452.000000
1186 1099.000000 1448.000000
1187 1150.000000 1229.000000
1188 1301.000000 582.000000
1189 1389.000000 40.000000
1190 1508.000000 256.000000
1191 1625.000000 1775.000000
1192 1736.000000 505.000000
1193 1778.000000 1064.000000
1194 1923.000000 1681.000000
1195 2110.000000 811.000000
1196 2138.000000 651.000000
1197 2202.000000 684.000000
1198 2262.000000 1647.000000
1199 2365.000000 1732.000000
1200 2558.000000 1028.000000
1201 2652.000000 117.000000
1202 2807.000000 43.000000
1203 2834.000000 416.000000
1204 2887.000000 1863.000000
1205 3255.000000 945.000000
1206 3259.000000 684.000000
1207 3349.000000 1622.000000
1208 3523.000000 194.000000
1209 3569.000000 640.000000
1210 3654.000000 1382.000000
1211 3709.000000 1088.000000
1212 3769.000000 1727.000000
1213 3845.000000 1229.000000
1214 3937.000000 1425.000000
1215 4081.000000 357.000000
1216 4143.000000 1732.000000
1217 4302.000000 1488.000000
1218 4404.000000 36.000000
1219 4506.000000 937.000000
1220 4565.000000 1495.000000
1221 4652.000000 1280.000000
1222 4827.000000 768.000000
1223 5033.000000 1152.000000
1224 5198.000000 171.000000
1225 5296.000000 143.000000
1226 5371.000000 1221.000000
1227 5553.000000 114.000000
1228 5590.000000 1152.000000
1229 5670.000000 1447.000000
1230 5735.000000 1595.000000
1231 5797.000000 1576.000000
1232 5885.000000 1953.000000
1233 6080.000000 1722.000000
1234 6272.000000 502.000000
1235 6322.000000 1795.000000
1236 6509.000000 1275.000000
1237 6648.000000 1717.000000
1238 6799.000000 808.000000
1239 6842.000000 1766.000000
1240 7041.000000 1141.000000
1241 7174.000000 367.000000
1242 7255.000000 362.000000
1243 7256.000000 466.000000
1244 7382.000000 240.000000
1245 7398.000000 1044.000000
1246 7606.000000 504.000000
1247 7589.000000 1856.000000
1248 7705.000000 1277.000000
1249 7798.000000 1680.000000
1250 7900.000000 631.000000
1251 8110.000000 1277.000000
1252 8237.000000 21.000000
1253 8381.000000 119.000000
1254 8427.000000 878.000000
1255 8539.000000 1827.000000
1256 8641.000000 896.000000
1257 8725.000000 1963.000000
1258 8845.000000 176.000000
1259 8901.000000 841.000000
1260 9041.000000 1622.000000
1261 9088.000000 1700.000000
1262 9243.000000 1359.000000
1263 9319.000000 1024.000000
1264 9340.000000 669.000000
1265 9446.000000 1217.000000
1266 9556.000000 1487.000000
1267 9579.000000 1927.000000
1268 9799.000000 1136.000000
1269 9916.000000 286.000000
1270 10015.000000 446.000000
1271 10128.000000 1238.000000
1272 10148.000000 1061.000000
1273 10250.000000 1726.000000
1274 10359.000000 1342.000000
1275 10521.000000 366.000000
1276 10583.000000 242.000000
1277 10670.000000 296.000000
1278 10755.000000 1195.000000
1279 10812.000000 1132.000000
1280 10905.000000 1906.000000
1281 11011.000000 1696.000000
1282 11152.000000 239.000000
1283 11193.000000 1085.000000
1284 11261.000000 1608.000000
1285 11331.000000 1457.000000
1286 11554.000000 765.000000
1287 11667.000000 191.000000
1288 11741.000000 124.000000
1289 11792.000000 227.000000
1290 11872.000000 336.000000
1291 11889.000000 1605.000000
1292 12013.000000 1805.000000
1293 12074.000000 1857.000000
1294 12246.000000 532.000000
1295 12309.000000 576.000000
1296 12328.000000 272.000000
1297 12427.000000 33.000000
1298 12534.000000 896.000000
1299 12601.000000 697.000000
1300 12605.000000 1649.000000
1301 12660.000000 1807.000000
1302 12797.000000 314.000000
1303 12872.000000 822.000000
1304 12897.000000 1033.000000
1305 13065.000000 508.000000
1306 13149.000000 1085.000000
1307 13240.000000 996.000000
1308 13289.000000 1294.000000
1309 13359.000000 1128.000000
1310 13439.000000 1279.000000
1311 13524.000000 1364.000000
1312 13614.000000 1741.000000
1313 13695.000000 309.000000
1314 13737.000000 1786.000000
1315 13785.000000 1387.000000
1316 13851.000000 1555.000000
1317 13906.000000 1304.000000
1318 14048.000000 878.000000
1319 14110.000000 505.000000
1320 14177.000000 609.000000
1321 14261.000000 386.000000
1322 14359.000000 1183.000000
1323 14405.000000 1954.000000
1324 14590.000000 1417.000000
1325 14636.000000 1978.000000
1326 14818.000000 1281.000000
1327 14827.000000 1679.000000
1328 15027.000000 1031.000000
1329 15090.000000 560.000000
1330 15138.000000 380.000000
1331 15226.000000 139.000000
1332 15284.000000 1012.000000
1333 15365.000000 1921.000000
1334 15393.000000 1762.000000
1335 15577.000000 1177.000000
1336 15659.000000 557.000000
1337 15754.000000 363.000000
1338 15789.000000 576.000000
1339 15779.000000 1959.000000
1340 16037.000000 402.000000
1341 16097.000000 311.000000
1342 16137.000000 851.000000
1343 16204.000000 404.000000
1344 16286.000000 432.000000
1345 16381.000000 510.000000
1346 16417.000000 760.000000
1347 16509.000000 1496.000000
1348 16570.000000 1788.000000
1349 16692.000000 162.000000
1350 16727.000000 1410.000000
1351 16809.000000 1540.000000
1352 16937.000000 1100.000000
1353 17112.000000 971.000000
1354 17188.000000 828.000000
1355 17192.000000 576.000000
1356 17297.000000 558.000000
1357 17344.000000 1154.000000
1358 17417.000000 750.000000
1359 17552.000000 506.000000
1360 17632.000000 148.000000
1361 17672.000000 1625.000000
1362 17737.000000 1272.000000
1363 17819.000000 1579.000000
1364 17881.000000 1154.000000
1365 18049.000000 848.000000
1366 18141.000000 463.000000
1367 18212.000000 1308.000000
1368 18308.000000 1588.000000
1369 18417.000000 31.000000
1370 18561.000000 128.000000
1371 18612.000000 478.000000
1372 18651.000000 715.000000
1373 18739.000000 811.000000
1374 18814.000000 913.000000
1375 18849.000000 530.000000
1376 18938.000000 21.000000
1377 19007.000000 213.000000
1378 19058.000000 1972.000000
1379 19173.000000 952.000000
1380 19296.000000 309.000000
1381 19280.000000 1670.000000
1382 19443.000000 145.000000
1383 19442.000000 1584.000000
1384 19622.000000 350.000000
1385 19631.000000 506.000000
1386 19695.000000 970.000000
1387 19794.000000 1280.000000
1388 19901.000000 454.000000
1389 54.000000 856.000000
1390 105.000000 1030.000000
1391 186.000000 1125.000000
1392 286.000000 469.000000
1393 367.000000 432.000000
1394 511.000000 122.000000
1395 565.000000 769.000000
1396 691.000000 1024.000000
1397 816.000000 759.000000
1398 924.000000 795.000000
1399 1025.000000 1524.000000
1400 1064.000000 1632.000000
1401 1237.000000 512.000000
1402 1262.000000 168.000000
1403 1360.000000 897.000000
1404 1513.000000 530.000000
1405 1580.000000 448.000000
1406 1644.000000 1187.000000
1407 1727.000000 1350.000000
1408 1827.000000 89.000000
1409 2008.000000 634.000000
1410 2101.000000 558.000000
1411 2155.000000 812.000000
1412 2251.000000 977.000000
1413 2400.000000 529.000000
1414 2644.000000 38.000000
1415 2732.000000 720.000000
1416 2786.000000 1137.000000
1417 2875.000000 1516.000000
1418 2916.000000 1320.000000
1419 3095.000000 1918.000000
1420 3192.000000 1512.000000
1421 3317.000000 948.000000
1422 3333.000000 1129.000000
1423 3444.000000 1276.000000
1424 3534.000000 1917.000000
1425 3631.000000 945.000000
1426 3749.000000 905.000000
1427 3766.000000 1691.000000
1428 3946.000000 252.000000
1429 4007.000000 1554.000000
1430 4128.000000 134.000000
1431 4366.000000 96.000000
1432 4439.000000 504.000000
1433 4586.000000 288.000000
1434 4646.000000 478.000000
1435 4745.000000 1910.000000
1436 4878.000000 1039.000000
1437 5024.000000 184.000000
1438 5111.000000 280.000000
1439 5156.000000 420.000000
1440 5208.000000 1044.000000
1441 5267.000000 1116.000000
1442 5328.000000 1684.000000
1443 5550.000000 473.000000
1444 5625.000000 1034.000000
1445 5731.000000 121.000000
1446 5773.000000 173.000000
1447 5870.000000 625.000000
1448 5890.000000 409.000000
1449 6028.000000 1152.000000
1450 6088.000000 924.000000
1451 6150.000000 1265.000000
1452 6213.000000 1858.000000
1453 6262.000000 1181.000000
1454 6379.000000 1393.000000
1455 6446.000000 1331.000000
1456 6562.000000 1497.000000
1457 6584.000000 1661.000000
1458 6666.000000 1483.000000
1459 6782.000000 1009.000000
1460 6863.000000 1490.000000
1461 7103.000000 637.000000
1462 7138.000000 1092.000000
1463 7252.000000 1227.000000
1464 7377.000000 45.000000
1465 7419.000000 220.000000
1466 7511.000000 1949.000000
1467 7646.000000 49.000000
1468 7702.000000 257.000000
1469 7735.000000 1884.000000
1470 7799.000000 1142.000000
1471 7926.000000 965.000000
1472 8125.000000 1168.000000
1473 8137.000000 846.000000
1474 8271.000000 47.000000
1475 8292.000000 1958.000000
1476 8327.000000 1432.000000
1477 8412.000000 549.000000
1478 8522.000000 1179.000000
1479 8622.000000 1682.000000
1480 8755.000000 1057.000000
1481 8815.000000 1817.000000
1482 8909.000000 443.000000
1483 9052.000000 277.000000
1484 9119.000000 1521.000000
1485 9245.000000 1109.000000
1486 9302.000000 977.000000
1487 9370.000000 1155.000000
1488 9414.000000 1539.000000
1489 9534.000000 1840.000000
1490 9633.000000 17.000000
1491 9673.000000 1818.000000
1492 9783.000000 1503.000000
1493 9851.000000 1765.000000
1494 10015.000000 114.000000
1495 10105.000000 77.000000
1496 10162.000000 210.000000
1497 10218.000000 1468.000000
1498 10344.000000 1305.000000
1499 10421.000000 1109.000000
1500 10557.000000 901.000000
1501 10613.000000 1131.000000
1502 10683.000000 1942.000000
1503 10737.000000 1650.000000
1504 10845.000000 134.000000
1505 10904.000000 1773.000000
1506 11028.000000 1955.000000
1507 11160.000000 366.000000
1508 11201.000000 1347.000000
1509 11270.000000 1360.000000
1510 11367.000000 1812.000000
1511 11541.000000 738.000000
1512 11683.000000 781.000000
1513 11697.000000 1146.000000
1514 11821.000000 1428.000000
1515 11885.000000 1275.000000
1516 12035.000000 1347.000000
1517 12127.000000 784.000000
1518 12158.000000 1458.000000
1519 12292.000000 714.000000
1520 12325.000000 193.000000
1521 12431.000000 735.000000
1522 12547.000000 1089.000000
1523 12682.000000 923.000000
1524 12725.000000 475.000000
1525 12797.000000 382.000000
1526 12824.000000 526.000000
1527 12933.000000 801.000000
1528 13036.000000 492.000000
1529 13102.000000 403.000000
1530 13128.000000 1410.000000
1531 13196.000000 1180.000000
1532 13278.000000 944.000000
1533 13356.000000 1503.000000
1534 13441.000000 1493.000000
1535 13514.000000 1407.000000
1536 13593.000000 1323.000000
1537 13692.000000 1455.000000
1538 13777.000000 1310.000000
1539 13854.000000 1896.000000
1540 13924.000000 1787.000000
1541 14091.000000 991.000000
1542 14166.000000 1767.000000
1543 14318.000000 476.000000
1544 14363.000000 1211.000000
1545 14517.000000 69.000000
1546 14575.000000 406.000000
1547 14660.000000 1929.000000
1548 14875.000000 138.000000
1549 14901.000000 173.000000
1550 14906.000000 1918.000000
1551 15032.000000 1720.000000
1552 15090.000000 1625.000000
1553 15230.000000 740.000000
1554 15268.000000 508.000000
1555 15353.000000 626.000000
1556 15412.000000 1463.000000
1557 15508.000000 1808.000000
1558 15624.000000 1907.000000
1559 15676.000000 1767.000000
1560 15745.000000 1451.000000
1561 15814.000000 1152.000000
1562 15848.000000 691.000000
1563 15935.000000 1310.000000
1564 16046.000000 1683.000000
1565 16136.000000 21.000000
1566 16252.000000 79.000000
1567 16318.000000 356.000000
1568 16368.000000 295.000000
1569 16554.000000 895.000000
1570 16596.000000 1256.000000
1571 16649.000000 1039.000000
1572 16772.000000 34.000000
1573 16843.000000 981.000000
1574 16942.000000 1550.000000
1575 17060.000000 1922.000000
1576 17115.000000 1771.000000
1577 17204.000000 746.000000
1578 17201.000000 1751.000000
1579 17269.000000 1814.000000
1580 17441.000000 196.000000
1581 17504.000000 763.000000
1582 17592.000000 1286.000000
1583 17632.000000 1428.000000
1584 17805.000000 744.000000
1585 17877.000000 770.000000
1586 17913.000000 384.000000
1587 18052.000000 850.000000
1588 18181.000000 803.000000
1589 18252.000000 822.000000
1590 18280.000000 1333.000000
1591 18353.000000 1480.000000
1592 18504.000000 594.000000
1593 18604.000000 1346.000000
1594 18719.000000 917.000000
1595 18811.000000 1091.000000
1596 18832.000000 1834.000000
1597 19064.000000 71.000000
1598 19106.000000 709.000000
1599 19166.000000 655.000000
1600 19245.000000 1638.000000
1601 19330.000000 1565.000000
1602 19528.000000 384.000000
1603 19594.000000 1032.000000
1604 19754.000000 521.000000
1605 19882.000000 705.000000
1606 53.000000 594.000000
1607 122.000000 1482.000000
1608 203.000000 85.000000
1609 265.000000 1909.000000
1610 431.000000 1160.000000
1611 550.000000 1647.000000
1612 644.000000 1274.000000
1613 820.000000 1002.000000
1614 892.000000 192.000000
1615 1027.000000 218.000000
1616 1106.000000 727.000000
1617 1188.000000 841.000000
1618 1314.000000 367.000000
1619 1351.000000 1201.000000
1620 1398.000000 1831.000000
1621 1581.000000 1567.000000
1622 1689.000000 1483.000000
1623 1817.000000 246.000000
1624 1910.000000 237.000000
1625 2126.000000 196.000000
1626 2150.000000 1856.000000
1627 2323.000000 997.000000
1628 2552.000000 382.000000
1629 2619.000000 1893.000000
1630 2709.000000 768.000000
1631 2766.000000 1238.000000
1632 2946.000000 222.000000
1633 3049.000000 85.000000
1634 3172.000000 1077.000000
1635 3289.000000 815.000000
1636 3335.000000 1189.000000
1637 3510.000000 662.000000
1638 3589.000000 1418.000000
1639 3631.000000 1541.000000
1640 3778.000000 1344.000000
1641 3884.000000 1340.000000
1642 4070.000000 1152.000000
1643 4204.000000 1136.000000
1644 4347.000000 511.000000
1645 4416.000000 1695.000000
1646 4535.000000 1239.000000
1647 4583.000000 1417.000000
1648 4773.000000 513.000000
1649 4871.000000 1184.000000
1650 5048.000000 25.000000
1651 5126.000000 1572.000000
1652 5214.000000 1856.000000
1653 5374.000000 504.000000
1654 5564.000000 147.000000
1655 5659.000000 1344.000000
1656 5854.000000 104.000000
1657 6062.000000 346.000000
1658 6103.000000 1201.000000
1659 6165.000000 1627.000000
1660 6301.000000 387.000000
1661 6371.000000 1541.000000
1662 6508.000000 128.000000
1663 6617.000000 1883.000000
1664 6700.000000 517.000000
1665 6758.000000 1528.000000
1666 6852.000000 1435.000000
1667 7024.000000 839.000000
1668 7067.000000 710.000000
1669 7165.000000 1856.000000
1670 7271.000000 901.000000
1671 7355.000000 1933.000000
1672 7505.000000 241.000000
1673 7621.000000 1922.000000
1674 7715.000000 227.000000
1675 7795.000000 1006.000000
1676 7870.000000 1093.000000
1677 8005.000000 647.000000
1678 8112.000000 1214.000000
1679 8227.000000 402.000000
1680 8256.000000 1099.000000
1681 8335.000000 1414.000000
1682 8416.000000 1682.000000
1683 8584.000000 523.000000
1684 8738.000000 1163.000000
1685 8840.000000 847.000000
1686 9061.000000 768.000000
1687 9186.000000 1091.000000
1688 9296.000000 1287.000000
1689 9405.000000 217.000000
1690 9552.000000 622.000000
1691 9610.000000 1130.000000
1692 9748.000000 986.000000
1693 9819.000000 1086.000000
1694 9855.000000 1110.000000
1695 9933.000000 1065.000000
1696 10126.000000 1856.000000
1697 10318.000000 326.000000
1698 10421.000000 310.000000
1699 10551.000000 809.000000
1700 10570.000000 1795.000000
1701 10706.000000 1163.000000
1702 10767.000000 1319.000000
1703 10919.000000 171.000000
1704 11007.000000 1126.000000
1705 11177.000000 284.000000
1706 11230.000000 923.000000
1707 11285.000000 634.000000
1708 11446.000000 213.000000
1709 11550.000000 1111.000000
1710 11565.000000 1275.000000
1711 11715.000000 1434.000000
1712 11803.000000 1398.000000
1713 11913.000000 1033.000000
1714 12012.000000 1484.000000
1715 12163.000000 144.000000
1716 12211.000000 161.000000
1717 12317.000000 1561.000000
1718 12412.000000 562.000000
1719 12514.000000 200.000000
1720 12567.000000 1108.000000
1721 12719.000000 156.000000
1722 12789.000000 174.000000
1723 12773.000000 1557.000000
1724 12910.000000 231.000000
1725 13080.000000 1089.000000
1726 13143.000000 1151.000000
1727 13214.000000 1027.000000
1728 13268.000000 1418.000000
1729 13427.000000 311.000000
1730 13541.000000 1618.000000
1731 13661.000000 330.000000
1732 13815.000000 22.000000
1733 13893.000000 54.000000
1734 14006.000000 799.000000
1735 14102.000000 1151.000000
1736 14276.000000 510.000000
1737 14327.000000 769.000000
1738 14402.000000 1282.000000
1739 14550.000000 1635.000000
1740 14673.000000 1542.000000
1741 14804.000000 447.000000
1742 15022.000000 382.000000
1743 15079.000000 517.000000
1744 15130.000000 918.000000
1745 15286.000000 841.000000
1746 15430.000000 1078.000000
1747 15619.000000 1082.000000
1748 15793.000000 1108.000000
1749 16034.000000 638.000000
1750 16230.000000 142.000000
1751 16360.000000 446.000000
1752 16658.000000 314.000000
1753 16859.000000 321.000000
1754 17141.000000 104.000000
1755 17217.000000 1872.000000
1756 17557.000000 1984.000000
1757 17871.000000 19.000000
1758 18141.000000 1787.000000
1759 18600.000000 248.000000
1760 18918.000000 132.000000
1761 19369.000000 145.000000
1762 19710.000000 1295.000000
1763 191.000000 48.000000
1764 320.000000 29.000000
1765 384.000000 1727.000000
1766 512.000000 424.000000
1767 578.000000 1343.000000
1768 647.000000 941.000000
1769 769.000000 279.000000
1770 938.000000 198.000000
1771 1027.000000 741.000000
1772 1170.000000 125.000000
1773 1244.000000 647.000000
1774 1373.000000 1516.000000
1775 1559.000000 874.000000
1776 1676.000000 746.000000
1777 1758.000000 21.000000
1778 1836.000000 939.000000
1779 2035.000000 116.000000
1780 2086.000000 562.000000
1781 2113.000000 1763.000000
1782 2208.000000 1104.000000
1783 2339.000000 1680.000000
1784 2429.000000 1843.000000
1785 2618.000000 178.000000
1786 2690.000000 984.000000
1787 2795.000000 330.000000
1788 2859.000000 1177.000000
1789 2940.000000 1277.000000
1790 3068.000000 237.000000
1791 3191.000000 623.000000
1792 3244.000000 1250.000000
1793 3288.000000 931.000000
1794 3322.000000 1053.000000
1795 3447.000000 1600.000000
1796 3592.000000 1727.000000
1797 3719.000000 758.000000
1798 3849.000000 1280.000000
1799 4023.000000 355.000000
1800 4070.000000 1407.000000
1801 4240.000000 1098.000000
1802 4271.000000 1219.000000
1803 4432.000000 1289.000000
1804 4570.000000 1236.000000
1805 4735.000000 1133.000000
1806 4787.000000 1233.000000
1807 4933.000000 178.000000
1808 5045.000000 1230.000000
1809 5206.000000 628.000000
1810 5264.000000 1093.000000
1811 5320.000000 1007.000000
1812 5541.000000 152.000000
1813 5506.000000 1667.000000
1814 5684.000000 281.000000
1815 5769.000000 233.000000
1816 5858.000000 1066.000000
1817 6006.000000 1149.000000
1818 6080.000000 908.000000
1819 6148.000000 846.000000
1820 6253.000000 1326.000000
1821 6373.000000 796.000000
1822 6550.000000 31.000000
1823 6682.000000 512.000000
1824 6731.000000 614.000000
1825 6787.000000 1467.000000
1826 6881.000000 1643.000000
1827 7043.000000 1647.000000
1828 7132.000000 1098.000000
1829 7297.000000 925.000000
1830 7340.000000 829.000000
1831 7421.000000 337.000000
1832 7506.000000 1686.000000
1833 7640.000000 1169.000000
1834 7756.000000 1599.000000
1835 7850.000000 1506.000000
1836 7918.000000 1604.000000
1837 8126.000000 1758.000000
1838 8198.000000 570.000000
1839 8301.000000 1338.000000
1840 8368.000000 1388.000000
1841 8385.000000 1314.000000
1842 8505.000000 649.000000
1843 8565.000000 454.000000
1844 8670.000000 614.000000
1845 8718.000000 1528.000000
1846 8827.000000 39.000000
1847 8914.000000 888.000000
1848 9046.000000 582.000000
1849 9112.000000 576.000000
1850 9211.000000 384.000000
1851 9303.000000 1244.000000
1852 9398.000000 768.000000
1853 9527.000000 1515.000000
1854 9674.000000 380.000000
1855 9745.000000 1401.000000
1856 9821.000000 242.000000
1857 10039.000000 1090.000000
1858 10125.000000 1296.000000
1859 10236.000000 258.000000
1860 10280.000000 1463.000000
1861 10437.000000 838.000000
1862 10615.000000 448.000000
1863 10686.000000 358.000000
1864 10707.000000 1097.000000
1865 10859.000000 772.000000
1866 10884.000000 957.000000
1867 11054.000000 1205.000000
1868 11175.000000 1083.000000
1869 11316.000000 411.000000
1870 11379.000000 1475.000000
1871 11553.000000 1099.000000
1872 11642.000000 997.000000
1873 11836.000000 583.000000
1874 12004.000000 442.000000
1875 12169.000000 702.000000
1876 12280.000000 321.000000
1877 12350.000000 1282.000000
1878 12617.000000 457.000000
1879 12650.000000 553.000000
1880 12806.000000 997.000000
1881 12893.000000 769.000000
1882 13080.000000 824.000000
1883 13218.000000 422.000000
1884 13366.000000 768.000000
1885 13551.000000 1122.000000
1886 13747.000000 897.000000
1887 13891.000000 330.000000
1888 14253.000000 1918.000000
1889 14342.000000 943.000000
1890 14680.000000 297.000000
1891 14944.000000 113.000000
1892 15370.000000 516.000000
1893 15774.000000 1152.000000
1894 16266.000000 153.000000
1895 16366.000000 1739.000000
1896 16751.000000 440.000000
1897 17047.000000 1090.000000
1898 17606.000000 329.000000
1899 18004.000000 1371.000000
1900 18651.000000 931.000000
1901 19057.000000 209.000000
1902 19368.000000 701.000000
1903 19632.000000 524.000000
9308 143.000000 414.000000
9309 153.000000 420.000000
9310 108.000000 430.000000
9311 152.000000 618.000000
9312 138.000000 392.000000
9313 149.000000 642.000000
9314 380.000000 554.000000
9315 372.000000 558.000000
9316 430.000000 549.000000
9317 492.000000 541.000000
9318 470.000000 545.000000
9319 489.000000 546.000000
9320 468.000000 548.000000
9321 490.000000 544.000000
9322 485.000000 545.000000
9323 510.000000 546.000000
9324 505.000000 549.000000
9325 499.000000 545.000000
9326 800.000000 552.000000
9327 696.000000 406.000000
9328 901.000000 437.000000
9329 948.000000 550.000000
9330 1118.000000 469.000000
9331 1112.000000 642.000000
9332 950.000000 548.000000
9333 1197.000000 438.000000
9334 1270.000000 493.000000
9335 1345.000000 627.000000
9336 1513.000000 647.000000
9337 1427.000000 647.000000
9338 1506.000000 651.000000
9339 1734.000000 579.000000
9340 1503.000000 432.000000
9341 1811.000000 447.000000
9342 1821.000000 441.000000
9343 1944.000000 364.000000
9344 1942.000000 463.000000
9345 1960.000000 448.000000
9346 1958.000000 664.000000
9347 2135.000000 405.000000
9348 2301.000000 384.000000
9349 2440.000000 598.000000
9350 2401.000000 415.000000
9351 2697.000000 178.000000
9352 2770.000000 146.000000
9353 2508.000000 442.000000
9354 2844.000000 102.000000
9355 2618.000000 463.000000
9356 2843.000000 78.000000
9357 3185.000000 170.000000
9358 3101.000000 185.000000
9359 3081.000000 465.000000
9360 3072.000000 465.000000
9361 3399.000000 185.000000
9362 3446.000000 180.000000
9363 3378.000000 186.000000
9364 3561.000000 367.000000
9365 3692.000000 369.000000
9366 3525.000000 400.000000
9367 3617.000000 365.000000
9368 3639.000000 182.000000
9369 3601.000000 378.000000
9370 3808.000000 213.000000
9371 4122.000000 137.000000
9372 4188.000000 175.000000
9373 4250.000000 542.000000
9374 4340.000000 81.000000
9375 4256.000000 145.000000
9376 4241.000000 472.000000
9377 4333.000000 218.000000
9378 4573.000000 143.000000
9379 4603.000000 121.000000
9380 4547.000000 228.000000
9381 4521.000000 96.000000
9382 4681.000000 378.000000
9383 4495.000000 655.000000
9384 4607.000000 630.000000
9385 4722.000000 385.000000
9386 4769.000000 150.000000
9387 4800.000000 375.000000
9388 4859.000000 645.000000
9389 4959.000000 384.000000
9390 4863.000000 195.000000
9391 5105.000000 189.000000
9392 5145.000000 163.000000
9393 5164.000000 205.000000
9394 5099.000000 157.000000
9395 5183.000000 390.000000
9396 5242.000000 92.000000
9397 5239.000000 152.000000
9398 5269.000000 160.000000
9399 5260.000000 113.000000
9400 5338.000000 230.000000
9401 5436.000000 185.000000
9402 5431.000000 183.000000
9403 5456.000000 163.000000
9404 5414.000000 226.000000
9405 5499.000000 192.000000
9406 5621.000000 183.000000
9407 5569.000000 452.000000
9408 5588.000000 96.000000
9409 5703.000000 203.000000
9410 5865.000000 236.000000
9411 5887.000000 244.000000
9412 5874.000000 234.000000
9413 5891.000000 235.000000
9414 5936.000000 206.000000
9415 5958.000000 208.000000
9416 5929.000000 204.000000
9417 5955.000000 209.000000
9418 5945.000000 205.000000
9419 5941.000000 186.000000
9420 6130.000000 415.000000
9421 6249.000000 132.000000
9422 6206.000000 430.000000
9423 6306.000000 146.000000
9424 6258.000000 138.000000
9425 6303.000000 152.000000
9426 6298.000000 329.000000
9427 6194.000000 439.000000
9428 6575.000000 237.000000
9429 6599.000000 175.000000
9430 6613.000000 201.000000
9431 6597.000000 162.000000
9432 6675.000000 598.000000
9433 6656.000000 170.000000
9434 6764.000000 579.000000
9435 6952.000000 454.000000
9436 6788.000000 192.000000
9437 6845.000000 225.000000
9438 7067.000000 506.000000
9439 6996.000000 231.000000
9440 6985.000000 355.000000
9441 7101.000000 180.000000
9442 7073.000000 205.000000
9443 7063.000000 143.000000
9444 7299.000000 550.000000
9445 7372.000000 498.000000
9446 7239.000000 166.000000
9447 7531.000000 432.000000
9448 7308.000000 147.000000
9449 7550.000000 465.000000
9450 7434.000000 271.000000
9451 7481.000000 165.000000
9452 7523.000000 123.000000
9453 7568.000000 213.000000
9454 7787.000000 173.000000
9455 7802.000000 211.000000
9456 7976.000000 351.000000
9457 8047.000000 367.000000
9458 7892.000000 348.000000
9459 8266.000000 493.000000
9460 8045.000000 232.000000
9461 8349.000000 619.000000
9462 8200.000000 331.000000
9463 8204.000000 334.000000
9464 8200.000000 228.000000
9465 8361.000000 346.000000
9466 8289.000000 318.000000
9467 8323.000000 372.000000
9468 8466.000000 338.000000
9469 8465.000000 378.000000
9470 8399.000000 340.000000
9471 8492.000000 364.000000
9472 8427.000000 333.000000
9473 8683.000000 305.000000
9474 8660.000000 322.000000
9475 8574.000000 330.000000
9476 8738.000000 287.000000
9477 8758.000000 380.000000
9478 8973.000000 301.000000
9479 9009.000000 448.000000
9480 8667.000000 302.000000
9481 8883.000000 461.000000
9482 9216.000000 392.000000
9483 8785.000000 387.000000
9484 8949.000000 572.000000
9485 9142.000000 394.000000
9486 9066.000000 440.000000
9487 9110.000000 352.000000
9488 9223.000000 462.000000
9489 9365.000000 413.000000
9490 9571.000000 354.000000
9491 9611.000000 417.000000
9492 9490.000000 491.000000
9493 9605.000000 404.000000
9494 9638.000000 396.000000
9495 9676.000000 382.000000
9496 9711.000000 350.000000
9497 9772.000000 285.000000
9498 9577.000000 320.000000
9499 9747.000000 395.000000
9500 9825.000000 339.000000
9501 9832.000000 300.000000
9502 9989.000000 248.000000
9503 10075.000000 202.000000
9504 10031.000000 304.000000
9505 10111.000000 206.000000
9506 10199.000000 304.000000
9507 10309.000000 336.000000
9508 10265.000000 322.000000
9509 10262.000000 250.000000
9510 10279.000000 368.000000
9511 10443.000000 175.000000
9512 10489.000000 371.000000
9513 10601.000000 238.000000
9514 10535.000000 188.000000
9515 10630.000000 228.000000
9516 10612.000000 284.000000
9517 10789.000000 159.000000
9518 10695.000000 181.000000
9519 10824.000000 311.000000
9520 10874.000000 150.000000
9521 10794.000000 261.000000
9522 10986.000000 268.000000
9523 10895.000000 193.000000
9524 10976.000000 233.000000
9525 11030.000000 295.000000
9526 10936.000000 348.000000
9527 11015.000000 171.000000
9528 11015.000000 197.000000
9529 11073.000000 268.000000
9530 11172.000000 522.000000
9531 11403.000000 193.000000
9532 11431.000000 238.000000
9533 11450.000000 232.000000
9534 11417.000000 155.000000
9535 11529.000000 189.000000
9536 11397.000000 373.000000
9537 11591.000000 205.000000
9538 11539.000000 425.000000
9539 11683.000000 567.000000
9540 11752.000000 170.000000
9541 11731.000000 74.000000
9542 11799.000000 78.000000
9543 11833.000000 78.000000
9544 11854.000000 78.000000
9545 11877.000000 80.000000
9546 11899.000000 81.000000
9547 11921.000000 81.000000
9548 11955.000000 82.000000
9549 11977.000000 82.000000
9550 12011.000000 83.000000
9551 12033.000000 82.000000
9552 12067.000000 86.000000
9553 12111.000000 88.000000
9554 12134.000000 89.000000
9555 12157.000000 92.000000
9556 12201.000000 95.000000
9557 12235.000000 96.000000
9558 12268.000000 101.000000
9559 12290.000000 101.000000
9560 12313.000000 103.000000
9561 12335.000000 104.000000
9562 12369.000000 104.000000
9563 12391.000000 107.000000
9564 12413.000000 107.000000
9565 12436.000000 107.000000
9566 12458.000000 110.000000
9567 12480.000000 111.000000
9568 12503.000000 111.000000
9569 12526.000000 111.000000
9570 12548.000000 112.000000
9571 12570.000000 114.000000
9572 12593.000000 116.000000
9573 12614.000000 119.000000
9574 12637.000000 120.000000
9575 12659.000000 121.000000
9576 12681.000000 124.000000
9577 12705.000000 126.000000
9578 12726.000000 126.000000
9579 12749.000000 127.000000
9580 12771.000000 128.000000
9581 12793.000000 129.000000
9582 12816.000000 130.000000
9583 12838.000000 131.000000
9584 12861.000000 132.000000
9585 12883.000000 133.000000
9586 12916.000000 134.000000
9587 12939.000000 135.000000
9588 12961.000000 135.000000
9589 12983.000000 138.000000
9590 13005.000000 139.000000
9591 13028.000000 139.000000
9592 13061.000000 142.000000
9593 13084.000000 143.000000
9594 13106.000000 146.000000
9595 13128.000000 148.000000
9596 13151.000000 149.000000
9597 13173.000000 152.000000
9598 13195.000000 153.000000
9599 13217.000000 156.000000
9600 13240.000000 156.000000
9601 13262.000000 158.000000
9602 13285.000000 159.000000
9603 13307.000000 161.000000
9604 13329.000000 162.000000
9605 13352.000000 162.000000
9606 13385.000000 164.000000
9607 13418.000000 166.000000
9608 13441.000000 167.000000
9609 13463.000000 171.000000
9610 13485.000000 171.000000
9611 13508.000000 171.000000
9612 13541.000000 175.000000
9613 13563.000000 177.000000
9614 13586.000000 178.000000
9615 13608.000000 182.000000
9616 13630.000000 185.000000
9617 13653.000000 189.000000
9618 13675.000000 190.000000
9619 13753.000000 201.000000
9620 13775.000000 205.000000
9621 13797.000000 207.000000
9622 13876.000000 197.000000
9623 13909.000000 196.000000
9624 13943.000000 198.000000
9625 13965.000000 196.000000
9626 13987.000000 198.000000
9627 14009.000000 199.000000
9628 14032.000000 200.000000
9629 14055.000000 200.000000
9630 14077.000000 202.000000
9631 14099.000000 201.000000
9632 14121.000000 201.000000
9633 14144.000000 203.000000
9634 14166.000000 203.000000
9635 14189.000000 203.000000
9636 14211.000000 204.000000
9637 14233.000000 203.000000
9638 14256.000000 205.000000
9639 14277.000000 203.000000
9640 14300.000000 206.000000
9641 14323.000000 205.000000
9642 14345.000000 205.000000
9643 14367.000000 207.000000
9644 14389.000000 206.000000
9645 14412.000000 208.000000
9646 14434.000000 209.000000
9647 14457.000000 211.000000
9648 14479.000000 210.000000
9649 14501.000000 210.000000
9650 14524.000000 211.000000
9651 14546.000000 214.000000
9652 14569.000000 214.000000
9653 14591.000000 215.000000
9654 14613.000000 214.000000
9655 14635.000000 216.000000
9656 14658.000000 217.000000
9657 14680.000000 218.000000
9658 14703.000000 219.000000
9659 14725.000000 220.000000
9660 14747.000000 219.000000
9661 14769.000000 222.000000
9662 14803.000000 223.000000
9663 14881.000000 226.000000
9664 14993.000000 232.000000
9665 15127.000000 241.000000
9666 15161.000000 242.000000
9667 15183.000000 244.000000
9668 15207.000000 247.000000
9669 15229.000000 249.000000
9670 15251.000000 251.000000
9671 15272.000000 250.000000
9672 15295.000000 253.000000
9673 15317.000000 255.000000
9674 15340.000000 253.000000
9675 15362.000000 254.000000
9676 15385.000000 257.000000
9677 15407.000000 258.000000
9678 15429.000000 260.000000
9679 15451.000000 259.000000
9680 15475.000000 259.000000
9681 15497.000000 261.000000
9682 15519.000000 263.000000
9683 15563.000000 265.000000
9684 15586.000000 265.000000
9685 15629.000000 271.000000
9686 15653.000000 268.000000
9687 15675.000000 267.000000
9688 15697.000000 267.000000
9689 15720.000000 266.000000
9690 15742.000000 265.000000
9691 15765.000000 266.000000
9692 15787.000000 266.000000
9693 15809.000000 266.000000
9694 15832.000000 266.000000
9695 15854.000000 268.000000
9696 15876.000000 267.000000
9697 15898.000000 267.000000
9698 15944.000000 265.000000
9699 15966.000000 266.000000
9700 15988.000000 266.000000
9701 16009.000000 267.000000
9702 16032.000000 266.000000
9703 16067.000000 265.000000
9704 16088.000000 267.000000
9705 16111.000000 267.000000
9706 16133.000000 267.000000
9707 16155.000000 269.000000
9708 16178.000000 269.000000
9709 16200.000000 269.000000
9710 16223.000000 271.000000
9711 16245.000000 271.000000
9712 16267.000000 273.000000
9713 16290.000000 274.000000
9714 16312.000000 274.000000
9715 16334.000000 275.000000
9716 16356.000000 277.000000
9717 16379.000000 278.000000
9718 16401.000000 277.000000
9719 16423.000000 278.000000
9720 16446.000000 277.000000
9721 16468.000000 278.000000
9722 16490.000000 278.000000
9723 16512.000000 279.000000
9724 16535.000000 280.000000
9725 16557.000000 280.000000
9726 16580.000000 280.000000
9727 16602.000000 281.000000
9728 16624.000000 282.000000
9729 16646.000000 283.000000
9730 16669.000000 283.000000
9731 16691.000000 284.000000
9732 16714.000000 284.000000
9733 16735.000000 285.000000
9734 16769.000000 287.000000
9735 16793.000000 288.000000
9736 16814.000000 289.000000
9737 16835.000000 288.000000
9738 16893.000000 284.000000
9739 16914.000000 283.000000
9740 16871.000000 256.000000
9741 16959.000000 283.000000
9742 16981.000000 282.000000
9743 17005.000000 285.000000
9744 17026.000000 284.000000
9745 17049.000000 287.000000
9746 17071.000000 285.000000
9747 17127.000000 284.000000
9748 17148.000000 288.000000
9749 17171.000000 288.000000
9750 17204.000000 287.000000
9751 17249.000000 290.000000
9752 17317.000000 288.000000
9753 17338.000000 287.000000
9754 17361.000000 287.000000
9755 17383.000000 290.000000
9756 17406.000000 287.000000
9757 17439.000000 286.000000
9758 17473.000000 283.000000
9759 17633.000000 379.000000
9760 17544.000000 231.000000
9761 17551.000000 286.000000
9762 17573.000000 287.000000
9763 17595.000000 288.000000
9764 17617.000000 287.000000
9765 17641.000000 288.000000
9766 17663.000000 288.000000
9767 17684.000000 288.000000
9768 17729.000000 288.000000
9769 17847.000000 362.000000
9770 17808.000000 288.000000
9771 17841.000000 288.000000
9772 17886.000000 287.000000
9773 17908.000000 287.000000
9774 17930.000000 285.000000
9775 18143.000000 256.000000
9776 18076.000000 294.000000
9777 18109.000000 295.000000
9778 18143.000000 297.000000
9779 18244.000000 299.000000
9780 18290.000000 311.000000
9781 18321.000000 294.000000
9782 18344.000000 295.000000
9783 18518.000000 283.000000
9784 18545.000000 298.000000
9785 18768.000000 291.000000
9786 18791.000000 292.000000
9787 18813.000000 291.000000
9788 18835.000000 294.000000
9789 18858.000000 294.000000
9790 18880.000000 293.000000
9791 18914.000000 292.000000
9792 18947.000000 295.000000
9793 18969.000000 294.000000
9794 18991.000000 293.000000
9795 19018.000000 297.000000
9796 19092.000000 295.000000
9797 19115.000000 296.000000
9798 19160.000000 296.000000
9799 19585.000000 306.000000
9800 19617.000000 306.000000
9801 19640.000000 309.000000
9802 19662.000000 308.000000
9803 19685.000000 308.000000
9804 19707.000000 309.000000
9805 19693.000000 283.000000
9806 19898.000000 324.000000
9807 19919.000000 323.000000
9808 19941.000000 323.000000
9809 19945.000000 365.000000
9810 19963.000000 364.000000
9811 19.000000 835.000000
9812 129.000000 626.000000
9813 130.000000 763.000000
9814 86.000000 532.000000
9815 251.000000 558.000000
9816 224.000000 549.000000
9817 252.000000 591.000000
9818 327.000000 1071.000000
9819 134.000000 785.000000
9820 405.000000 501.000000
9821 366.000000 494.000000
9822 392.000000 961.000000
9823 501.000000 493.000000
9824 460.000000 1066.000000
9825 662.000000 638.000000
9826 806.000000 520.000000
9827 916.000000 540.000000
9828 1014.000000 552.000000
9829 1038.000000 953.000000
9830 993.000000 976.000000
9831 1001.000000 981.000000
9832 1356.000000 517.000000
9833 1232.000000 1045.000000
9834 1218.000000 820.000000
9835 1403.000000 559.000000
9836 1574.000000 576.000000
9837 1580.000000 611.000000
9838 1660.000000 511.000000
9839 1562.000000 857.000000
9840 1810.000000 636.000000
9841 1750.000000 503.000000
9842 1866.000000 547.000000
9843 1918.000000 1050.000000
9844 2083.000000 931.000000
9845 1907.000000 471.000000
9846 2276.000000 1032.000000
9847 2299.000000 750.000000
9848 2098.000000 565.000000
9849 2091.000000 590.000000
9850 2185.000000 756.000000
9851 2512.000000 1050.000000
9852 2275.000000 598.000000
9853 2211.000000 592.000000
9854 2632.000000 1047.000000
9855 2459.000000 534.000000
9856 2451.000000 651.000000
9857 2540.000000 598.000000
9858 2606.000000 638.000000
9859 2632.000000 576.000000
9860 2626.000000 634.000000
9861 2690.000000 1038.000000
9862 2610.000000 633.000000
9863 2765.000000 504.000000
9864 2765.000000 546.000000
9865 2882.000000 566.000000
9866 2907.000000 566.000000
9867 2875.000000 581.000000
9868 3010.000000 626.000000
9869 3078.000000 569.000000
9870 3111.000000 578.000000
9871 3054.000000 587.000000
9872 3120.000000 533.000000
9873 3406.000000 952.000000
9874 3270.000000 655.000000
9875 3316.000000 560.000000
9876 3250.000000 602.000000
9877 3272.000000 513.000000
9878 3274.000000 615.000000
9879 3362.000000 792.000000
9880 3432.000000 663.000000
9881 3442.000000 645.000000
9882 3538.000000 1025.000000
9883 3545.000000 584.000000
9884 3486.000000 558.000000
9885 3468.000000 526.000000
9886 3685.000000 889.000000
9887 3506.000000 609.000000
9888 3507.000000 536.000000
9889 3648.000000 538.000000
9890 3997.000000 729.000000
9891 3869.000000 764.000000
9892 4033.000000 778.000000
9893 3854.000000 646.000000
9894 3885.000000 560.000000
9895 3874.000000 549.000000
9896 4194.000000 869.000000
9897 4151.000000 624.000000
9898 4244.000000 994.000000
9899 4270.000000 992.000000
9900 4302.000000 983.000000
9901 4294.000000 577.000000
9902 4455.000000 732.000000
9903 4586.000000 971.000000
9904 4766.000000 1017.000000
9905 4972.000000 720.000000
9906 5073.000000 932.000000
9907 5074.000000 917.000000
9908 5076.000000 915.000000
9909 5306.000000 705.000000
9910 5207.000000 714.000000
9911 5308.000000 700.000000
9912 5323.000000 758.000000
9913 5322.000000 758.000000
9914 5307.000000 702.000000
9915 5325.000000 756.000000
9916 5370.000000 687.000000
9917 5498.000000 711.000000
9918 5584.000000 708.000000
9919 5485.000000 686.000000
9920 5516.000000 664.000000
9921 5668.000000 920.000000
9922 5726.000000 608.000000
9923 5732.000000 611.000000
9924 5673.000000 834.000000
9925 5547.000000 733.000000
9926 5796.000000 613.000000
9927 5734.000000 608.000000
9928 5762.000000 762.000000
9929 5873.000000 663.000000
9930 5868.000000 632.000000
9931 5926.000000 647.000000
9932 5998.000000 745.000000
9933 5992.000000 634.000000
9934 6034.000000 775.000000
9935 6010.000000 676.000000
9936 5998.000000 660.000000
9937 6008.000000 676.000000
9938 5946.000000 901.000000
9939 6252.000000 638.000000
9940 6333.000000 776.000000
9941 6356.000000 612.000000
9942 6238.000000 749.000000
9943 6355.000000 749.000000
9944 6437.000000 755.000000
9945 6409.000000 649.000000
9946 6312.000000 757.000000
9947 6400.000000 642.000000
9948 6675.000000 996.000000
9949 6626.000000 631.000000
9950 6659.000000 557.000000
9951 6722.000000 731.000000
9952 6775.000000 579.000000
9953 6849.000000 568.000000
9954 6983.000000 668.000000
9955 7003.000000 531.000000
9956 7096.000000 554.000000
9957 6953.000000 984.000000
9958 7094.000000 528.000000
9959 7156.000000 563.000000
9960 7230.000000 570.000000
9961 7350.000000 614.000000
9962 7266.000000 833.000000
9963 7373.000000 677.000000
9964 7316.000000 590.000000
9965 7440.000000 638.000000
9966 7347.000000 622.000000
9967 7456.000000 634.000000
9968 7493.000000 624.000000
9969 7545.000000 631.000000
9970 7635.000000 590.000000
9971 7720.000000 706.000000
9972 7623.000000 663.000000
9973 7682.000000 721.000000
9974 7786.000000 754.000000
9975 7806.000000 720.000000
9976 7934.000000 892.000000
9977 8006.000000 814.000000
9978 7987.000000 702.000000
9979 7878.000000 763.000000
9980 8094.000000 708.000000
9981 8236.000000 828.000000
9982 8401.000000 687.000000
9983 8188.000000 655.000000
9984 8213.000000 664.000000
9985 8195.000000 728.000000
9986 8483.000000 709.000000
9987 8483.000000 613.000000
9988 8523.000000 468.000000
9989 8530.000000 877.000000
9990 8606.000000 521.000000
9991 8680.000000 609.000000
9992 8664.000000 455.000000
9993 8654.000000 475.000000
9994 8749.000000 449.000000
9995 8817.000000 457.000000
9996 8928.000000 560.000000
9997 8884.000000 467.000000
9998 8961.000000 483.000000
9999 9018.000000 496.000000
10000 9040.000000 496.000000
10001 9062.000000 497.000000
10002 9085.000000 498.000000
10003 9107.000000 498.000000
10004 9129.000000 500.000000
10005 9153.000000 501.000000
10006 9174.000000 501.000000
10007 9208.000000 501.000000
10008 9231.000000 503.000000
10009 9252.000000 507.000000
10010 9275.000000 507.000000
10011 9297.000000 510.000000
10012 9320.000000 510.000000
10013 9342.000000 511.000000
10014 9376.000000 513.000000
10015 9398.000000 514.000000
10016 9420.000000 515.000000
10017 9442.000000 517.000000
10018 9465.000000 516.000000
10019 9487.000000 519.000000
10020 9510.000000 517.000000
10021 9532.000000 519.000000
10022 9554.000000 521.000000
10023 9577.000000 522.000000
10024 9599.000000 524.000000
10025 9621.000000 524.000000
10026 9655.000000 525.000000
10027 9677.000000 525.000000
10028 9700.000000 526.000000
10029 9745.000000 528.000000
10030 9766.000000 529.000000
10031 9789.000000 530.000000
10032 9811.000000 531.000000
10033 9867.000000 532.000000
10034 9889.000000 533.000000
10035 9934.000000 535.000000
10036 9956.000000 536.000000
10037 9979.000000 538.000000
10038 10001.000000 537.000000
10039 10024.000000 539.000000
10040 10046.000000 540.000000
10041 10068.000000 539.000000
10042 10091.000000 539.000000
10043 10158.000000 540.000000
10044 10180.000000 541.000000
10045 10225.000000 544.000000
10046 10247.000000 546.000000
10047 10269.000000 547.000000
10048 10292.000000 548.000000
10049 10314.000000 549.000000
10050 10336.000000 550.000000
10051 10358.000000 551.000000
10052 10381.000000 553.000000
10053 10403.000000 554.000000
10054 10426.000000 554.000000
10055 10448.000000 556.000000
10056 10470.000000 558.000000
10057 10493.000000 558.000000
10058 10515.000000 560.000000
10059 10537.000000 560.000000
10060 10559.000000 561.000000
10061 10582.000000 563.000000
10062 10604.000000 565.000000
10063 10627.000000 566.000000
10064 10648.000000 567.000000
10065 10671.000000 569.000000
10066 10694.000000 569.000000
10067 10716.000000 569.000000
10068 10738.000000 573.000000
10069 10772.000000 574.000000
10070 10794.000000 577.000000
10071 10817.000000 578.000000
10072 10839.000000 578.000000
10073 10861.000000 579.000000
10074 10882.000000 582.000000
10075 10905.000000 582.000000
10076 10928.000000 584.000000
10077 10950.000000 584.000000
10078 10972.000000 585.000000
10079 10995.000000 585.000000
10080 11017.000000 585.000000
10081 11050.000000 587.000000
10082 11073.000000 588.000000
10083 11096.000000 588.000000
10084 11118.000000 590.000000
10085 11140.000000 589.000000
10086 11162.000000 592.000000
10087 11184.000000 593.000000
10088 11207.000000 595.000000
10089 11229.000000 596.000000
10090 11251.000000 598.000000
10091 11274.000000 600.000000
10092 11296.000000 602.000000
10093 11318.000000 604.000000
10094 11341.000000 605.000000
10095 11363.000000 608.000000
10096 11386.000000 608.000000
10097 11408.000000 608.000000
10098 11430.000000 612.000000
10099 11452.000000 615.000000
10100 11475.000000 618.000000
10101 11497.000000 621.000000
10102 11520.000000 624.000000
10103 11541.000000 628.000000
10104 11564.000000 631.000000
10105 11587.000000 636.000000
10106 11609.000000 638.000000
10107 11631.000000 639.000000
10108 11654.000000 642.000000
10109 11676.000000 643.000000
10110 11698.000000 645.000000
10111 11720.000000 646.000000
10112 11743.000000 646.000000
10113 11765.000000 646.000000
10114 11788.000000 647.000000
10115 11809.000000 648.000000
10116 11833.000000 650.000000
10117 11855.000000 651.000000
10118 11877.000000 652.000000
10119 11899.000000 654.000000
10120 11922.000000 658.000000
10121 11944.000000 659.000000
10122 11966.000000 662.000000
10123 11988.000000 664.000000
10124 12011.000000 666.000000
10125 12033.000000 668.000000
10126 12056.000000 670.000000
10127 12078.000000 671.000000
10128 12100.000000 671.000000
10129 12123.000000 672.000000
10130 12145.000000 672.000000
10131 12167.000000 672.000000
10132 12190.000000 672.000000
10133 12212.000000 672.000000
10134 12234.000000 672.000000
10135 12257.000000 672.000000
10136 12279.000000 672.000000
10137 12301.000000 672.000000
10138 12324.000000 672.000000
10139 12347.000000 671.000000
10140 12369.000000 669.000000
10141 12391.000000 668.000000
10142 12413.000000 666.000000
10143 12435.000000 665.000000
10144 12458.000000 664.000000
10145 12480.000000 664.000000
10146 12502.000000 663.000000
10147 12525.000000 662.000000
10148 12548.000000 663.000000
10149 12570.000000 663.000000
10150 12592.000000 663.000000
10151 12614.000000 663.000000
10152 12637.000000 662.000000
10153 12659.000000 663.000000
10154 12681.000000 663.000000
10155 12704.000000 662.000000
10156 12726.000000 663.000000
10157 12748.000000 663.000000
10158 12771.000000 665.000000
10159 12793.000000 664.000000
10160 12816.000000 665.000000
10161 12838.000000 665.000000
10162 12860.000000 666.000000
10163 12883.000000 665.000000
10164 12905.000000 666.000000
10165 12927.000000 666.000000
10166 12950.000000 666.000000
10167 12972.000000 668.000000
10168 12995.000000 667.000000
10169 13017.000000 668.000000
10170 13039.000000 668.000000
10171 13062.000000 668.000000
10172 13084.000000 668.000000
10173 13106.000000 669.000000
10174 13128.000000 670.000000
10175 13151.000000 669.000000
10176 13173.000000 670.000000
10177 13195.000000 670.000000
10178 13218.000000 670.000000
10179 13240.000000 670.000000
10180 13262.000000 670.000000
10181 13285.000000 670.000000
10182 13307.000000 669.000000
10183 13330.000000 670.000000
10184 13352.000000 670.000000
10185 13374.000000 672.000000
10186 13396.000000 671.000000
10187 13419.000000 672.000000
10188 13441.000000 672.000000
10189 13464.000000 673.000000
10190 13486.000000 674.000000
10191 13508.000000 674.000000
10192 13531.000000 673.000000
10193 13553.000000 675.000000
10194 13575.000000 676.000000
10195 13598.000000 679.000000
10196 13619.000000 677.000000
10197 13642.000000 682.000000
10198 13687.000000 687.000000
10199 13709.000000 689.000000
10200 13731.000000 690.000000
10201 13754.000000 692.000000
10202 13776.000000 692.000000
10203 13798.000000 694.000000
10204 13822.000000 695.000000
10205 13843.000000 696.000000
10206 13866.000000 697.000000
10207 13888.000000 698.000000
10208 13910.000000 699.000000
10209 13932.000000 700.000000
10210 13955.000000 699.000000
10211 13978.000000 700.000000
10212 13999.000000 700.000000
10213 14022.000000 701.000000
10214 14044.000000 701.000000
10215 14066.000000 701.000000
10216 14089.000000 701.000000
10217 14111.000000 703.000000
10218 14133.000000 703.000000
10219 14156.000000 703.000000
10220 14177.000000 704.000000
10221 14200.000000 704.000000
10222 14223.000000 705.000000
10223 14245.000000 706.000000
10224 14267.000000 707.000000
10225 14289.000000 709.000000
10226 14312.000000 711.000000
10227 14333.000000 711.000000
10228 14356.000000 711.000000
10229 14379.000000 711.000000
10230 14401.000000 709.000000
10231 14423.000000 712.000000
10232 14446.000000 712.000000
10233 14468.000000 711.000000
10234 14501.000000 712.000000
10235 14524.000000 711.000000
10236 14557.000000 713.000000
10237 14580.000000 713.000000
10238 14602.000000 713.000000
10239 14624.000000 714.000000
10240 14646.000000 715.000000
10241 14668.000000 716.000000
10242 14691.000000 717.000000
10243 14714.000000 717.000000
10244 14736.000000 718.000000
10245 14758.000000 721.000000
10246 14780.000000 722.000000
10247 14803.000000 726.000000
10248 14825.000000 725.000000
10249 14848.000000 727.000000
10250 14870.000000 731.000000
10251 14892.000000 733.000000
10252 14914.000000 736.000000
10253 14937.000000 738.000000
10254 14959.000000 742.000000
10255 14981.000000 744.000000
10256 15026.000000 751.000000
10257 15054.000000 693.000000
10258 15096.000000 867.000000
10259 15339.000000 766.000000
10260 15382.000000 754.000000
10261 15466.000000 944.000000
10262 15440.000000 763.000000
10263 15496.000000 756.000000
10264 15540.000000 755.000000
10265 15585.000000 753.000000
10266 15608.000000 752.000000
10267 15630.000000 751.000000
10268 15663.000000 752.000000
10269 15752.000000 760.000000
10270 15775.000000 761.000000
10271 15830.000000 762.000000
10272 15876.000000 761.000000
10273 15946.000000 744.000000
10274 15932.000000 765.000000
10275 15954.000000 764.000000
10276 15976.000000 761.000000
10277 15999.000000 759.000000
10278 16021.000000 759.000000
10279 16043.000000 760.000000
10280 16066.000000 758.000000
10281 16088.000000 759.000000
10282 16110.000000 760.000000
10283 16133.000000 761.000000
10284 16155.000000 762.000000
10285 16178.000000 765.000000
10286 16200.000000 767.000000
10287 16222.000000 770.000000
10288 16244.000000 772.000000
10289 16266.000000 772.000000
10290 16300.000000 775.000000
10291 16334.000000 774.000000
10292 16356.000000 775.000000
10293 16378.000000 773.000000
10294 16412.000000 774.000000
10295 16434.000000 775.000000
10296 16310.000000 628.000000
10297 16480.000000 775.000000
10298 16501.000000 776.000000
10299 16524.000000 777.000000
10300 16546.000000 777.000000
10301 16568.000000 779.000000
10302 16646.000000 770.000000
10303 16669.000000 769.000000
10304 16714.000000 769.000000
10305 16736.000000 769.000000
10306 16758.000000 769.000000
10307 16780.000000 769.000000
10308 16814.000000 770.000000
10309 16836.000000 768.000000
10310 16858.000000 769.000000
10311 16892.000000 769.000000
10312 16914.000000 770.000000
10313 16936.000000 768.000000
10314 16959.000000 771.000000
10315 16992.000000 770.000000
10316 17068.000000 817.000000
10317 17070.000000 769.000000
10318 17105.000000 764.000000
10319 17120.000000 717.000000
10320 17170.000000 765.000000
10321 17193.000000 764.000000
10322 17216.000000 763.000000
10323 17238.000000 762.000000
10324 17260.000000 763.000000
10325 17294.000000 762.000000
10326 17316.000000 761.000000
10327 17338.000000 759.000000
10328 17361.000000 761.000000
10329 17383.000000 759.000000
10330 17406.000000 760.000000
10331 17428.000000 758.000000
10332 17450.000000 758.000000
10333 17472.000000 758.000000
10334 17496.000000 758.000000
10335 17517.000000 759.000000
10336 17539.000000 759.000000
10337 17556.000000 856.000000
10338 17584.000000 757.000000
10339 17606.000000 758.000000
10340 17628.000000 759.000000
10341 17650.000000 758.000000
10342 17673.000000 759.000000
10343 17695.000000 759.000000
10344 17729.000000 759.000000
10345 17752.000000 758.000000
10346 17773.000000 759.000000
10347 17807.000000 759.000000
10348 17841.000000 760.000000
10349 17863.000000 760.000000
10350 17886.000000 760.000000
10351 17907.000000 761.000000
10352 17942.000000 761.000000
10353 17964.000000 763.000000
10354 17986.000000 763.000000
10355 18009.000000 764.000000
10356 18030.000000 764.000000
10357 18053.000000 765.000000
10358 18076.000000 766.000000
10359 18098.000000 766.000000
10360 18120.000000 768.000000
10361 18142.000000 769.000000
10362 18164.000000 770.000000
10363 18198.000000 773.000000
10364 18220.000000 776.000000
10365 18243.000000 778.000000
10366 18264.000000 778.000000
10367 18321.000000 779.000000
10368 18343.000000 780.000000
10369 18388.000000 780.000000
10370 18410.000000 783.000000
10371 18478.000000 788.000000
10372 18532.000000 792.000000
10373 18612.000000 793.000000
10374 18830.000000 665.000000
10375 18700.000000 791.000000
10376 18724.000000 786.000000
10377 18746.000000 790.000000
10378 18768.000000 792.000000
10379 18814.000000 792.000000
10380 18834.000000 793.000000
10381 18958.000000 787.000000
10382 18980.000000 789.000000
10383 19002.000000 790.000000
10384 19098.000000 792.000000
10385 19113.000000 794.000000
10386 19106.000000 841.000000
10387 19270.000000 783.000000
10388 19293.000000 785.000000
10389 19339.000000 788.000000
10390 19360.000000 786.000000
10391 19382.000000 786.000000
10392 19414.000000 856.000000
10393 19438.000000 785.000000
10394 19461.000000 786.000000
10395 19481.000000 743.000000
10396 19505.000000 784.000000
10397 19539.000000 784.000000
10398 19561.000000 782.000000
10399 19583.000000 780.000000
10400 19605.000000 782.000000
10401 19628.000000 781.000000
10402 19651.000000 781.000000
10403 19673.000000 782.000000
10404 19695.000000 782.000000
10405 19718.000000 782.000000
10406 19740.000000 784.000000
10407 19762.000000 785.000000
10408 19784.000000 785.000000
10409 19806.000000 788.000000
10410 19830.000000 787.000000
10411 19851.000000 787.000000
10412 19874.000000 786.000000
10413 19896.000000 786.000000
10414 19918.000000 788.000000
10415 19941.000000 788.000000
10416 19962.000000 790.000000
10417 19984.000000 788.000000
10418 19942.000000 883.000000
10419 326.000000 1186.000000
10420 324.000000 1184.000000
10421 232.000000 1225.000000
10422 268.000000 1206.000000
10423 370.000000 1204.000000
10424 414.000000 1227.000000
10425 284.000000 1082.000000
10426 458.000000 1209.000000
10427 382.000000 1248.000000
10428 382.000000 1254.000000
10429 587.000000 1264.000000
10430 734.000000 1064.000000
10431 900.000000 1124.000000
10432 972.000000 1012.000000
10433 841.000000 1248.000000
10434 1034.000000 1105.000000
10435 1102.000000 1041.000000
10436 1214.000000 1009.000000
10437 1165.000000 1030.000000
10438 1372.000000 1027.000000
10439 1390.000000 972.000000
10440 1437.000000 952.000000
10441 1621.000000 958.000000
10442 1841.000000 1240.000000
10443 1793.000000 960.000000
10444 1788.000000 957.000000
10445 2090.000000 1162.000000
10446 2266.000000 1018.000000
10447 2300.000000 942.000000
10448 2541.000000 996.000000
10449 2548.000000 953.000000
10450 2555.000000 946.000000
10451 2649.000000 1009.000000
10452 2683.000000 924.000000
10453 2734.000000 957.000000
10454 2800.000000 1324.000000
10455 2786.000000 1410.000000
10456 2843.000000 919.000000
10457 2789.000000 897.000000
10458 2855.000000 885.000000
10459 2947.000000 921.000000
10460 2999.000000 1354.000000
10461 3105.000000 865.000000
10462 3127.000000 867.000000
10463 3150.000000 869.000000
10464 3172.000000 871.000000
10465 3194.000000 874.000000
10466 3217.000000 875.000000
10467 3239.000000 875.000000
10468 3261.000000 877.000000
10469 3284.000000 879.000000
10470 3306.000000 882.000000
10471 3328.000000 886.000000
10472 3350.000000 889.000000
10473 3373.000000 892.000000
10474 3395.000000 898.000000
10475 3417.000000 902.000000
10476 3440.000000 904.000000
10477 3462.000000 906.000000
10478 3484.000000 910.000000
10479 3507.000000 912.000000
10480 3529.000000 910.000000
10481 3551.000000 907.000000
10482 3574.000000 906.000000
10483 3596.000000 904.000000
10484 3618.000000 904.000000
10485 3641.000000 900.000000
10486 3662.000000 901.000000
10487 3685.000000 900.000000
10488 3707.000000 899.000000
10489 3741.000000 897.000000
10490 3763.000000 898.000000
10491 3785.000000 899.000000
10492 3807.000000 900.000000
10493 3830.000000 899.000000
10494 3852.000000 900.000000
10495 3896.000000 899.000000
10496 3930.000000 897.000000
10497 4014.000000 929.000000
10498 4020.000000 899.000000
10499 4042.000000 900.000000
10500 4064.000000 898.000000
10501 4086.000000 896.000000
10502 4109.000000 897.000000
10503 4132.000000 898.000000
10504 4154.000000 900.000000
10505 4176.000000 899.000000
10506 4198.000000 900.000000
10507 4221.000000 900.000000
10508 4242.000000 901.000000
10509 4266.000000 904.000000
10510 4288.000000 902.000000
10511 4321.000000 903.000000
10512 4344.000000 909.000000
10513 4366.000000 909.000000
10514 4433.000000 914.000000
10515 4455.000000 917.000000
10516 4500.000000 923.000000
10517 4533.000000 927.000000
10518 4567.000000 930.000000
10519 4612.000000 935.000000
10520 4634.000000 937.000000
10521 4656.000000 941.000000
10522 4679.000000 944.000000
10523 4701.000000 945.000000
10524 4724.000000 949.000000
10525 4746.000000 950.000000
10526 4768.000000 951.000000
10527 4648.000000 1326.000000
10528 4858.000000 955.000000
10529 4880.000000 957.000000
10530 4902.000000 958.000000
10531 4924.000000 957.000000
10532 4947.000000 960.000000
10533 4981.000000 960.000000
10534 5014.000000 962.000000
10535 5048.000000 962.000000
10536 5070.000000 964.000000
10537 5092.000000 962.000000
10538 5115.000000 964.000000
10539 5138.000000 966.000000
10540 5159.000000 966.000000
10541 5182.000000 965.000000
10542 5205.000000 966.000000
10543 5226.000000 966.000000
10544 5249.000000 967.000000
10545 5271.000000 968.000000
10546 5293.000000 970.000000
10547 5316.000000 971.000000
10548 5338.000000 972.000000
10549 5360.000000 972.000000
10550 5383.000000 976.000000
10551 5405.000000 976.000000
10552 5428.000000 978.000000
10553 5450.000000 981.000000
10554 5472.000000 983.000000
10555 5494.000000 986.000000
10556 5517.000000 988.000000
10557 5539.000000 991.000000
10558 5562.000000 993.000000
10559 5584.000000 996.000000
10560 5606.000000 997.000000
10561 5640.000000 999.000000
10562 5662.000000 1001.000000
10563 5684.000000 1002.000000
10564 5706.000000 1003.000000
10565 5729.000000 1006.000000
10566 5751.000000 1007.000000
10567 5774.000000 1009.000000
10568 5796.000000 1011.000000
10569 5818.000000 1013.000000
10570 5841.000000 1016.000000
10571 5863.000000 1015.000000
10572 5885.000000 1017.000000
10573 5908.000000 1018.000000
10574 5930.000000 1020.000000
10575 5952.000000 1021.000000
10576 5986.000000 1025.000000
10577 6030.000000 1028.000000
10578 6053.000000 1029.000000
10579 6075.000000 1031.000000
10580 6098.000000 1031.000000
10581 6131.000000 1034.000000
10582 6153.000000 1034.000000
10583 6187.000000 1034.000000
10584 6209.000000 1033.000000
10585 6232.000000 1033.000000
10586 6254.000000 1033.000000
10587 6276.000000 1034.000000
10588 6298.000000 1034.000000
10589 6321.000000 1034.000000
10590 6343.000000 1032.000000
10591 6365.000000 1033.000000
10592 6387.000000 1033.000000
10593 6410.000000 1033.000000
10594 6433.000000 1032.000000
10595 6455.000000 1032.000000
10596 6477.000000 1032.000000
10597 6499.000000 1032.000000
10598 6522.000000 1032.000000
10599 6544.000000 1032.000000
10600 6566.000000 1031.000000
10601 6588.000000 1031.000000
10602 6611.000000 1030.000000
10603 6634.000000 1030.000000
10604 6656.000000 1028.000000
10605 6678.000000 1028.000000
10606 6699.000000 1027.000000
10607 6723.000000 1024.000000
10608 6744.000000 1024.000000
10609 6767.000000 1023.000000
10610 6789.000000 1022.000000
10611 6812.000000 1023.000000
10612 6833.000000 1021.000000
10613 6857.000000 1021.000000
10614 6878.000000 1022.000000
10615 6901.000000 1021.000000
10616 6935.000000 1023.000000
10617 6957.000000 1023.000000
10618 6979.000000 1022.000000
10619 7002.000000 1023.000000
10620 7024.000000 1026.000000
10621 7046.000000 1024.000000
10622 7068.000000 1026.000000
10623 7091.000000 1027.000000
10624 7112.000000 1026.000000
10625 7136.000000 1027.000000
10626 7158.000000 1028.000000
10627 7180.000000 1026.000000
10628 7180.000000 1072.000000
10629 7225.000000 1028.000000
10630 7247.000000 1028.000000
10631 7269.000000 1027.000000
10632 7292.000000 1027.000000
10633 7314.000000 1028.000000
10634 7336.000000 1029.000000
10635 7410.000000 957.000000
10636 7392.000000 1032.000000
10637 7584.000000 1108.000000
10638 7549.000000 1031.000000
10639 7570.000000 1033.000000
10640 7638.000000 1026.000000
10641 7660.000000 1025.000000
10642 7682.000000 1027.000000
10643 7704.000000 1029.000000
10644 7727.000000 1027.000000
10645 7749.000000 1029.000000
10646 7772.000000 1029.000000
10647 7794.000000 1030.000000
10648 7816.000000 1030.000000
10649 7838.000000 1030.000000
10650 7861.000000 1032.000000
10651 7883.000000 1032.000000
10652 7906.000000 1031.000000
10653 7928.000000 1031.000000
10654 7950.000000 1034.000000
10655 7973.000000 1031.000000
10656 7995.000000 1034.000000
10657 8018.000000 1034.000000
10658 8040.000000 1035.000000
10659 8062.000000 1037.000000
10660 8085.000000 1036.000000
10661 8107.000000 1040.000000
10662 8129.000000 1042.000000
10663 8151.000000 1045.000000
10664 8174.000000 1047.000000
10665 8196.000000 1049.000000
10666 8219.000000 1051.000000
10667 8241.000000 1053.000000
10668 8263.000000 1053.000000
10669 8286.000000 1053.000000
10670 8308.000000 1054.000000
10671 8330.000000 1054.000000
10672 8352.000000 1055.000000
10673 8387.000000 1057.000000
10674 8419.000000 1065.000000
10675 8453.000000 1071.000000
10676 8476.000000 1071.000000
10677 8498.000000 1074.000000
10678 8520.000000 1077.000000
10679 8543.000000 1080.000000
10680 8565.000000 1081.000000
10681 8588.000000 1082.000000
10682 8609.000000 1080.000000
10683 8644.000000 1081.000000
10684 8665.000000 1088.000000
10685 8687.000000 1083.000000
10686 8732.000000 1084.000000
10687 8836.000000 1373.000000
10688 8810.000000 1084.000000
10689 8867.000000 1080.000000
10690 8980.000000 1009.000000
10691 8934.000000 1077.000000
10692 8955.000000 1075.000000
10693 9034.000000 1073.000000
10694 9057.000000 1069.000000
10695 9078.000000 1072.000000
10696 9101.000000 1072.000000
10697 9135.000000 1071.000000
10698 9157.000000 1072.000000
10699 9179.000000 1071.000000
10700 9202.000000 1072.000000
10701 9224.000000 1070.000000
10702 9246.000000 1071.000000
10703 9268.000000 1069.000000
10704 9292.000000 1071.000000
10705 9314.000000 1070.000000
10706 9336.000000 1070.000000
10707 9358.000000 1070.000000
10708 9380.000000 1070.000000
10709 9402.000000 1068.000000
10710 9425.000000 1069.000000
10711 9447.000000 1068.000000
10712 9470.000000 1069.000000
10713 9492.000000 1070.000000
10714 9514.000000 1069.000000
10715 9537.000000 1069.000000
10716 9559.000000 1069.000000
10717 9582.000000 1071.000000
10718 9604.000000 1070.000000
10719 9626.000000 1070.000000
10720 9672.000000 1071.000000
10721 9693.000000 1074.000000
10722 9716.000000 1076.000000
10723 9738.000000 1078.000000
10724 9772.000000 1073.000000
10725 9816.000000 1074.000000
10726 9836.000000 1074.000000
10727 9858.000000 1076.000000
10728 9960.000000 1075.000000
10729 9983.000000 1076.000000
10730 10040.000000 1065.000000
10731 10072.000000 1076.000000
10732 10210.000000 1109.000000
10733 10206.000000 1078.000000
10734 10229.000000 1075.000000
10735 10251.000000 1075.000000
10736 10273.000000 1074.000000
10737 10296.000000 1074.000000
10738 10317.000000 1074.000000
10739 10340.000000 1073.000000
10740 10363.000000 1074.000000
10741 10385.000000 1073.000000
10742 10407.000000 1074.000000
10743 10430.000000 1073.000000
10744 10452.000000 1074.000000
10745 10474.000000 1073.000000
10746 10496.000000 1075.000000
10747 10518.000000 1074.000000
10748 10541.000000 1074.000000
10749 10564.000000 1074.000000
10750 10586.000000 1075.000000
10751 10608.000000 1076.000000
10752 10631.000000 1077.000000
10753 10653.000000 1078.000000
10754 10675.000000 1078.000000
10755 10697.000000 1078.000000
10756 10720.000000 1078.000000
10757 10742.000000 1078.000000
10758 10764.000000 1080.000000
10759 10787.000000 1079.000000
10760 10809.000000 1080.000000
10761 10831.000000 1081.000000
10762 10854.000000 1080.000000
10763 10876.000000 1080.000000
10764 10899.000000 1082.000000
10765 10921.000000 1082.000000
10766 10943.000000 1082.000000
10767 10965.000000 1082.000000
10768 10988.000000 1083.000000
10769 11010.000000 1084.000000
10770 11032.000000 1084.000000
10771 11055.000000 1085.000000
10772 11077.000000 1087.000000
10773 11100.000000 1088.000000
10774 11122.000000 1088.000000
10775 11144.000000 1086.000000
10776 11166.000000 1087.000000
10777 11189.000000 1088.000000
10778 11211.000000 1089.000000
10779 11234.000000 1089.000000
10780 11256.000000 1091.000000
10781 11278.000000 1092.000000
10782 11300.000000 1092.000000
10783 11322.000000 1093.000000
10784 11344.000000 1094.000000
10785 11378.000000 1095.000000
10786 11401.000000 1097.000000
10787 11423.000000 1099.000000
10788 11446.000000 1100.000000
10789 11468.000000 1103.000000
10790 11491.000000 1106.000000
10791 11513.000000 1108.000000
10792 11535.000000 1111.000000
10793 11558.000000 1113.000000
10794 11579.000000 1115.000000
10795 11602.000000 1116.000000
10796 11625.000000 1116.000000
10797 11647.000000 1117.000000
10798 11669.000000 1118.000000
10799 11691.000000 1117.000000
10800 11714.000000 1117.000000
10801 11737.000000 1119.000000
10802 11759.000000 1117.000000
10803 11781.000000 1120.000000
10804 11803.000000 1119.000000
10805 11826.000000 1120.000000
10806 11848.000000 1121.000000
10807 11871.000000 1122.000000
10808 11893.000000 1122.000000
10809 11915.000000 1124.000000
10810 11938.000000 1122.000000
10811 11960.000000 1123.000000
10812 11982.000000 1124.000000
10813 12004.000000 1125.000000
10814 12027.000000 1125.000000
10815 12049.000000 1126.000000
10816 12072.000000 1127.000000
10817 12094.000000 1128.000000
10818 12116.000000 1128.000000
10819 12139.000000 1128.000000
10820 12161.000000 1130.000000
10821 12183.000000 1132.000000
10822 12206.000000 1135.000000
10823 12228.000000 1134.000000
10824 12250.000000 1133.000000
10825 12273.000000 1137.000000
10826 12295.000000 1138.000000
10827 12318.000000 1138.000000
10828 12340.000000 1139.000000
10829 12363.000000 1139.000000
10830 12383.000000 1142.000000
10831 12406.000000 1141.000000
10832 12428.000000 1142.000000
10833 12474.000000 1144.000000
10834 12497.000000 1147.000000
10835 12395.000000 1163.000000
10836 12619.000000 1163.000000
10837 12642.000000 1166.000000
10838 12664.000000 1172.000000
10839 12686.000000 1176.000000
10840 12708.000000 1182.000000
10841 12732.000000 1193.000000
10842 12753.000000 1197.000000
10843 12776.000000 1201.000000
10844 12798.000000 1201.000000
10845 12820.000000 1202.000000
10846 12854.000000 1207.000000
10847 12876.000000 1209.000000
10848 12898.000000 1211.000000
10849 12921.000000 1215.000000
10850 12942.000000 1215.000000
10851 12966.000000 1219.000000
10852 12988.000000 1218.000000
10853 13010.000000 1217.000000
10854 13033.000000 1216.000000
10855 13055.000000 1215.000000
10856 13077.000000 1214.000000
10857 13100.000000 1211.000000
10858 13122.000000 1207.000000
10859 13144.000000 1204.000000
10860 13166.000000 1200.000000
10861 13189.000000 1197.000000
10862 13211.000000 1194.000000
10863 13233.000000 1193.000000
10864 13256.000000 1190.000000
10865 13278.000000 1189.000000
10866 13300.000000 1188.000000
10867 13322.000000 1185.000000
10868 13345.000000 1185.000000
10869 13367.000000 1185.000000
10870 13389.000000 1185.000000
10871 13412.000000 1184.000000
10872 13434.000000 1185.000000
10873 13456.000000 1185.000000
10874 13478.000000 1186.000000
10875 13501.000000 1186.000000
10876 13523.000000 1187.000000
10877 13546.000000 1188.000000
10878 13568.000000 1190.000000
10879 13590.000000 1190.000000
10880 13613.000000 1192.000000
10881 13635.000000 1194.000000
10882 13657.000000 1197.000000
10883 13679.000000 1199.000000
10884 13701.000000 1202.000000
10885 13724.000000 1205.000000
10886 13746.000000 1209.000000
10887 13764.000000 1241.000000
10888 13992.000000 1217.000000
10889 14037.000000 1213.000000
10890 14058.000000 1211.000000
10891 14093.000000 1213.000000
10892 14115.000000 1213.000000
10893 14138.000000 1211.000000
10894 14170.000000 1211.000000
10895 14204.000000 1211.000000
10896 14226.000000 1211.000000
10897 14248.000000 1212.000000
10898 14304.000000 1214.000000
10899 14402.000000 1094.000000
10900 14372.000000 1213.000000
10901 14394.000000 1211.000000
10902 14417.000000 1212.000000
10903 14546.000000 1061.000000
10904 14472.000000 1212.000000
10905 14494.000000 1210.000000
10906 14528.000000 1208.000000
10907 14562.000000 1208.000000
10908 14584.000000 1207.000000
10909 14606.000000 1205.000000
10910 14628.000000 1206.000000
10911 14651.000000 1206.000000
10912 14673.000000 1206.000000
10913 14695.000000 1207.000000
10914 14718.000000 1206.000000
10915 14751.000000 1207.000000
10916 14774.000000 1206.000000
10917 14796.000000 1208.000000
10918 14819.000000 1209.000000
10919 14840.000000 1208.000000
10920 14863.000000 1208.000000
10921 14886.000000 1208.000000
10922 14908.000000 1208.000000
10923 14930.000000 1208.000000
10924 14953.000000 1208.000000
10925 14975.000000 1207.000000
10926 14998.000000 1208.000000
10927 15020.000000 1209.000000
10928 15042.000000 1208.000000
10929 15064.000000 1208.000000
10930 15109.000000 1208.000000
10931 15131.000000 1208.000000
10932 15166.000000 1209.000000
10933 15210.000000 1207.000000
10934 15232.000000 1209.000000
10935 15254.000000 1210.000000
10936 15276.000000 1208.000000
10937 15299.000000 1210.000000
10938 15322.000000 1211.000000
10939 15344.000000 1212.000000
10940 15366.000000 1213.000000
10941 15400.000000 1212.000000
10942 15422.000000 1213.000000
10943 15466.000000 1215.000000
10944 15490.000000 1215.000000
10945 15512.000000 1215.000000
10946 15556.000000 1217.000000
10947 15579.000000 1216.000000
10948 15601.000000 1217.000000
10949 15623.000000 1217.000000
10950 15646.000000 1215.000000
10951 15668.000000 1217.000000
10952 15690.000000 1218.000000
10953 15713.000000 1218.000000
10954 15734.000000 1218.000000
10955 15757.000000 1219.000000
10956 15779.000000 1221.000000
10957 15802.000000 1222.000000
10958 15880.000000 1225.000000
10959 15902.000000 1226.000000
10960 15936.000000 1226.000000
10961 15958.000000 1229.000000
10962 15980.000000 1230.000000
10963 16014.000000 1235.000000
10964 16081.000000 1246.000000
10965 16103.000000 1248.000000
10966 16137.000000 1255.000000
10967 16159.000000 1259.000000
10968 16226.000000 1254.000000
10969 16271.000000 1250.000000
10970 16294.000000 1249.000000
10971 16338.000000 1244.000000
10972 16360.000000 1244.000000
10973 16382.000000 1244.000000
10974 16405.000000 1245.000000
10975 16427.000000 1243.000000
10976 16449.000000 1241.000000
10977 16471.000000 1242.000000
10978 16494.000000 1241.000000
10979 16517.000000 1240.000000
10980 16539.000000 1240.000000
10981 16561.000000 1238.000000
10982 16584.000000 1238.000000
10983 16606.000000 1237.000000
10984 16628.000000 1239.000000
10985 16650.000000 1239.000000
10986 16672.000000 1238.000000
10987 16694.000000 1239.000000
10988 16717.000000 1238.000000
10989 16740.000000 1238.000000
10990 16622.000000 1130.000000
10991 16795.000000 1239.000000
10992 16862.000000 1239.000000
10993 16884.000000 1240.000000
10994 16907.000000 1239.000000
10995 16929.000000 1240.000000
10996 16962.000000 1240.000000
10997 16985.000000 1240.000000
10998 17007.000000 1242.000000
10999 17030.000000 1242.000000
11000 17052.000000 1240.000000
11001 17086.000000 1242.000000
11002 17107.000000 1243.000000
11003 17130.000000 1243.000000
11004 17153.000000 1244.000000
11005 17175.000000 1244.000000
11006 17197.000000 1244.000000
11007 17219.000000 1245.000000
11008 17242.000000 1245.000000
11009 17264.000000 1247.000000
11010 17287.000000 1246.000000
11011 17309.000000 1247.000000
11012 17331.000000 1248.000000
11013 17387.000000 1255.000000
11014 17432.000000 1257.000000
11015 17465.000000 1257.000000
11016 17510.000000 1258.000000
11017 17544.000000 1260.000000
11018 17577.000000 1260.000000
11019 17599.000000 1259.000000
11020 17622.000000 1260.000000
11021 17644.000000 1260.000000
11022 17666.000000 1260.000000
11023 17688.000000 1260.000000
11024 17710.000000 1259.000000
11025 17732.000000 1257.000000
11026 17754.000000 1254.000000
11027 17776.000000 1252.000000
11028 17867.000000 1242.000000
11029 17890.000000 1238.000000
11030 17912.000000 1237.000000
11031 17934.000000 1237.000000
11032 17957.000000 1237.000000
11033 17980.000000 1236.000000
11034 18012.000000 1234.000000
11035 18035.000000 1233.000000
11036 18080.000000 1232.000000
11037 18102.000000 1229.000000
11038 18124.000000 1230.000000
11039 18146.000000 1228.000000
11040 18168.000000 1227.000000
11041 18191.000000 1226.000000
11042 18214.000000 1226.000000
11043 18236.000000 1225.000000
11044 18258.000000 1223.000000
11045 18303.000000 1223.000000
11046 18326.000000 1222.000000
11047 18347.000000 1220.000000
11048 18370.000000 1221.000000
11049 18392.000000 1220.000000
11050 18415.000000 1219.000000
11051 18437.000000 1219.000000
11052 18459.000000 1218.000000
11053 18482.000000 1217.000000
11054 18504.000000 1217.000000
11055 18527.000000 1217.000000
11056 18549.000000 1217.000000
11057 18571.000000 1217.000000
11058 18594.000000 1215.000000
11059 18616.000000 1215.000000
11060 18638.000000 1216.000000
11061 18661.000000 1215.000000
11062 18683.000000 1216.000000
11063 18705.000000 1216.000000
11064 18728.000000 1215.000000
11065 18750.000000 1215.000000
11066 18772.000000 1215.000000
11067 18794.000000 1215.000000
11068 18817.000000 1214.000000
11069 18852.000000 1215.000000
11070 18872.000000 1215.000000
11071 18895.000000 1215.000000
11072 18918.000000 1218.000000
11073 18940.000000 1218.000000
11074 18962.000000 1217.000000
11075 18984.000000 1220.000000
11076 19007.000000 1221.000000
11077 19029.000000 1222.000000
11078 19052.000000 1223.000000
11079 19073.000000 1224.000000
11080 19096.000000 1224.000000
11081 19119.000000 1225.000000
11082 19141.000000 1224.000000
11083 19163.000000 1224.000000
11084 19186.000000 1225.000000
11085 19208.000000 1224.000000
11086 19230.000000 1222.000000
11087 19253.000000 1223.000000
11088 19275.000000 1222.000000
11089 19297.000000 1222.000000
11090 19319.000000 1222.000000
11091 19342.000000 1221.000000
11092 19364.000000 1221.000000
11093 19387.000000 1220.000000
11094 19409.000000 1221.000000
11095 19431.000000 1220.000000
11096 19454.000000 1220.000000
11097 19476.000000 1220.000000
11098 19498.000000 1220.000000
11099 19521.000000 1219.000000
11100 19543.000000 1219.000000
11101 19565.000000 1219.000000
11102 19588.000000 1218.000000
11103 19610.000000 1218.000000
11104 19633.000000 1217.000000
11105 19655.000000 1217.000000
11106 19677.000000 1215.000000
11107 19699.000000 1216.000000
11108 19722.000000 1216.000000
11109 19744.000000 1215.000000
11110 19766.000000 1215.000000
11111 19789.000000 1214.000000
11112 19811.000000 1213.000000
11113 19833.000000 1213.000000
11114 19856.000000 1211.000000
11115 19878.000000 1210.000000
11116 19900.000000 1210.000000
11117 19923.000000 1209.000000
11118 19945.000000 1208.000000
11119 19967.000000 1207.000000
11120 19989.000000 1206.000000
11121 19977.000000 1256.000000
11122 19988.000000 1056.000000
11123 26.000000 1401.000000
11124 30.000000 1326.000000
11125 53.000000 1328.000000
11126 75.000000 1330.000000
11127 98.000000 1332.000000
11128 120.000000 1332.000000
11129 142.000000 1331.000000
11130 164.000000 1332.000000
11131 187.000000 1331.000000
11132 209.000000 1331.000000
11133 231.000000 1330.000000
11134 253.000000 1330.000000
11135 276.000000 1330.000000
11136 298.000000 1329.000000
11137 320.000000 1327.000000
11138 343.000000 1323.000000
11139 365.000000 1320.000000
11140 387.000000 1318.000000
11141 410.000000 1316.000000
11142 432.000000 1313.000000
11143 454.000000 1311.000000
11144 476.000000 1310.000000
11145 499.000000 1308.000000
11146 521.000000 1306.000000
11147 543.000000 1304.000000
11148 566.000000 1301.000000
11149 588.000000 1301.000000
11150 610.000000 1299.000000
11151 633.000000 1298.000000
11152 655.000000 1296.000000
11153 678.000000 1295.000000
11154 700.000000 1294.000000
11155 722.000000 1293.000000
11156 744.000000 1292.000000
11157 767.000000 1290.000000
11158 789.000000 1290.000000
11159 822.000000 1290.000000
11160 845.000000 1290.000000
11161 867.000000 1291.000000
11162 900.000000 1291.000000
11163 856.000000 1336.000000
11164 945.000000 1292.000000
11165 924.000000 1273.000000
11166 1020.000000 1218.000000
11167 1013.000000 1297.000000
11168 1035.000000 1295.000000
11169 1057.000000 1296.000000
11170 1079.000000 1297.000000
11171 1102.000000 1300.000000
11172 1124.000000 1298.000000
11173 1146.000000 1299.000000
11174 1169.000000 1303.000000
11175 1202.000000 1306.000000
11176 1224.000000 1307.000000
11177 1246.000000 1308.000000
11178 1269.000000 1307.000000
11179 1291.000000 1309.000000
11180 1325.000000 1308.000000
11181 1347.000000 1309.000000
11182 1370.000000 1310.000000
11183 1392.000000 1310.000000
11184 1414.000000 1311.000000
11185 1436.000000 1312.000000
11186 1459.000000 1316.000000
11187 1504.000000 1324.000000
11188 1537.000000 1332.000000
11189 1581.000000 1340.000000
11190 1604.000000 1341.000000
11191 1626.000000 1344.000000
11192 1648.000000 1345.000000
11193 1671.000000 1347.000000
11194 1693.000000 1349.000000
11195 1716.000000 1350.000000
11196 1738.000000 1352.000000
11197 1760.000000 1352.000000
11198 1782.000000 1355.000000
11199 1804.000000 1356.000000
11200 1827.000000 1357.000000
11201 1849.000000 1358.000000
11202 1871.000000 1359.000000
11203 1894.000000 1359.000000
11204 1916.000000 1359.000000
11205 1939.000000 1360.000000
11206 1961.000000 1359.000000
11207 1983.000000 1359.000000
11208 2005.000000 1359.000000
11209 2051.000000 1357.000000
11210 2073.000000 1360.000000
11211 2095.000000 1359.000000
11212 2118.000000 1358.000000
11213 2140.000000 1359.000000
11214 2162.000000 1359.000000
11215 2185.000000 1360.000000
11216 2206.000000 1360.000000
11217 2229.000000 1358.000000
11218 2263.000000 1361.000000
11219 2285.000000 1362.000000
11220 2307.000000 1362.000000
11221 2341.000000 1363.000000
11222 2363.000000 1363.000000
11223 2386.000000 1364.000000
11224 2408.000000 1365.000000
11225 2430.000000 1365.000000
11226 2453.000000 1366.000000
11227 2475.000000 1369.000000
11228 2497.000000 1369.000000
11229 2531.000000 1372.000000
11230 2553.000000 1374.000000
11231 2576.000000 1375.000000
11232 2598.000000 1377.000000
11233 2620.000000 1378.000000
11234 2642.000000 1380.000000
11235 2665.000000 1381.000000
11236 2687.000000 1383.000000
11237 2709.000000 1385.000000
11238 2731.000000 1388.000000
11239 2754.000000 1391.000000
11240 2776.000000 1393.000000
11241 2799.000000 1396.000000
11242 2821.000000 1397.000000
11243 2843.000000 1400.000000
11244 2866.000000 1403.000000
11245 2888.000000 1403.000000
11246 2910.000000 1408.000000
11247 2933.000000 1410.000000
11248 2955.000000 1412.000000
11249 2977.000000 1414.000000
11250 3000.000000 1416.000000
11251 3022.000000 1417.000000
11252 3045.000000 1418.000000
11253 3067.000000 1420.000000
11254 3089.000000 1422.000000
11255 3112.000000 1423.000000
11256 3134.000000 1424.000000
11257 3156.000000 1426.000000
11258 3178.000000 1428.000000
11259 3212.000000 1432.000000
11260 3235.000000 1434.000000
11261 3257.000000 1434.000000
11262 3279.000000 1436.000000
11263 3302.000000 1436.000000
11264 3324.000000 1437.000000
11265 3357.000000 1444.000000
11266 3353.000000 1544.000000
11267 3413.000000 1457.000000
11268 3469.000000 1469.000000
11269 3491.000000 1475.000000
11270 3513.000000 1476.000000
11271 3536.000000 1476.000000
11272 3558.000000 1477.000000
11273 3580.000000 1478.000000
11274 3603.000000 1480.000000
11275 3625.000000 1482.000000
11276 3647.000000 1483.000000
11277 3670.000000 1486.000000
11278 3692.000000 1489.000000
11279 3714.000000 1491.000000
11280 3737.000000 1495.000000
11281 3759.000000 1497.000000
11282 3781.000000 1500.000000
11283 3803.000000 1502.000000
11284 3826.000000 1504.000000
11285 3848.000000 1507.000000
11286 3871.000000 1508.000000
11287 3893.000000 1510.000000
11288 3915.000000 1510.000000
11289 3937.000000 1512.000000
11290 3960.000000 1515.000000
11291 3982.000000 1517.000000
11292 4004.000000 1520.000000
11293 4027.000000 1520.000000
11294 4049.000000 1520.000000
11295 4071.000000 1524.000000
11296 4105.000000 1524.000000
11297 4138.000000 1524.000000
11298 4206.000000 1525.000000
11299 4228.000000 1525.000000
11300 4250.000000 1523.000000
11301 4283.000000 1525.000000
11302 4305.000000 1527.000000
11303 4328.000000 1529.000000
11304 4373.000000 1530.000000
11305 4395.000000 1530.000000
11306 4417.000000 1530.000000
11307 4439.000000 1531.000000
11308 4462.000000 1529.000000
11309 4484.000000 1531.000000
11310 4506.000000 1529.000000
11311 4529.000000 1529.000000
11312 4551.000000 1529.000000
11313 4573.000000 1529.000000
11314 4596.000000 1530.000000
11315 4618.000000 1530.000000
11316 4640.000000 1531.000000
11317 4674.000000 1532.000000
11318 4696.000000 1531.000000
11319 4718.000000 1531.000000
11320 4741.000000 1532.000000
11321 4763.000000 1531.000000
11322 4785.000000 1533.000000
11323 4808.000000 1534.000000
11324 4830.000000 1534.000000
11325 4852.000000 1534.000000
11326 4875.000000 1536.000000
11327 4897.000000 1538.000000
11328 4919.000000 1540.000000
11329 4942.000000 1541.000000
11330 4964.000000 1541.000000
11331 4986.000000 1544.000000
11332 5008.000000 1545.000000
11333 5042.000000 1548.000000
11334 5064.000000 1549.000000
11335 5086.000000 1551.000000
11336 5109.000000 1553.000000
11337 5165.000000 1558.000000
11338 5187.000000 1560.000000
11339 5210.000000 1564.000000
11340 5232.000000 1565.000000
11341 5254.000000 1567.000000
11342 5276.000000 1570.000000
11343 5299.000000 1572.000000
11344 5321.000000 1574.000000
11345 5343.000000 1578.000000
11346 5366.000000 1581.000000
11347 5388.000000 1584.000000
11348 5411.000000 1586.000000
11349 5433.000000 1589.000000
11350 5455.000000 1591.000000
11351 5478.000000 1594.000000
11352 5500.000000 1597.000000
11353 5522.000000 1598.000000
11354 5544.000000 1603.000000
11355 5578.000000 1608.000000
11356 5601.000000 1613.000000
11357 5623.000000 1616.000000
11358 5644.000000 1623.000000
11359 5668.000000 1623.000000
11360 5688.000000 1625.000000
11361 5750.000000 1615.000000
11362 5768.000000 1621.000000
11363 5791.000000 1614.000000
11364 5813.000000 1611.000000
11365 5835.000000 1608.000000
11366 5857.000000 1605.000000
11367 5880.000000 1602.000000
11368 5902.000000 1599.000000
11369 5925.000000 1597.000000
11370 5947.000000 1596.000000
11371 5969.000000 1596.000000
11372 5991.000000 1596.000000
11373 6014.000000 1595.000000
11374 6036.000000 1594.000000
11375 6059.000000 1593.000000
11376 6081.000000 1593.000000
11377 6104.000000 1593.000000
11378 6125.000000 1591.000000
11379 6148.000000 1593.000000
11380 6170.000000 1592.000000
11381 6193.000000 1592.000000
11382 6215.000000 1593.000000
11383 6237.000000 1593.000000
11384 6259.000000 1594.000000
11385 6282.000000 1594.000000
11386 6304.000000 1594.000000
11387 6327.000000 1594.000000
11388 6349.000000 1594.000000
11389 6383.000000 1593.000000
11390 6404.000000 1593.000000
11391 6427.000000 1594.000000
11392 6450.000000 1593.000000
11393 6472.000000 1593.000000
11394 6494.000000 1593.000000
11395 6517.000000 1594.000000
11396 6539.000000 1594.000000
11397 6561.000000 1594.000000
11398 6583.000000 1596.000000
11399 6606.000000 1595.000000
11400 6628.000000 1598.000000
11401 6650.000000 1600.000000
11402 6673.000000 1599.000000
11403 6695.000000 1602.000000
11404 6717.000000 1604.000000
11405 6740.000000 1606.000000
11406 6762.000000 1607.000000
11407 6785.000000 1609.000000
11408 6807.000000 1608.000000
11409 6829.000000 1609.000000
11410 6851.000000 1611.000000
11411 6874.000000 1611.000000
11412 6896.000000 1611.000000
11413 6918.000000 1611.000000
11414 6941.000000 1611.000000
11415 6963.000000 1612.000000
11416 6985.000000 1613.000000
11417 7007.000000 1613.000000
11418 7030.000000 1614.000000
11419 7052.000000 1616.000000
11420 7075.000000 1616.000000
11421 7097.000000 1615.000000
11422 7119.000000 1615.000000
11423 7142.000000 1615.000000
11424 7164.000000 1616.000000
11425 7186.000000 1616.000000
11426 7208.000000 1616.000000
11427 7231.000000 1618.000000
11428 7253.000000 1617.000000
11429 7275.000000 1618.000000
11430 7298.000000 1619.000000
11431 7320.000000 1620.000000
11432 7342.000000 1620.000000
11433 7365.000000 1620.000000
11434 7387.000000 1620.000000
11435 7409.000000 1621.000000
11436 7432.000000 1621.000000
11437 7454.000000 1623.000000
11438 7476.000000 1623.000000
11439 7498.000000 1623.000000
11440 7521.000000 1622.000000
11441 7543.000000 1622.000000
11442 7588.000000 1624.000000
11443 7610.000000 1625.000000
11444 7632.000000 1625.000000
11445 7655.000000 1626.000000
11446 7677.000000 1622.000000
11447 7651.000000 1708.000000
11448 7792.000000 1595.000000
11449 7816.000000 1583.000000
11450 7844.000000 1660.000000
11451 7871.000000 1712.000000
11452 7911.000000 1673.000000
11453 7933.000000 1706.000000
11454 7956.000000 1702.000000
11455 7978.000000 1699.000000
11456 8001.000000 1694.000000
11457 8023.000000 1691.000000
11458 8046.000000 1684.000000
11459 8068.000000 1679.000000
11460 8090.000000 1676.000000
11461 8113.000000 1674.000000
11462 8135.000000 1672.000000
11463 8157.000000 1670.000000
11464 8179.000000 1670.000000
11465 8201.000000 1670.000000
11466 8235.000000 1670.000000
11467 8257.000000 1674.000000
11468 8280.000000 1674.000000
11469 8302.000000 1682.000000
11470 8336.000000 1685.000000
11471 8358.000000 1685.000000
11472 8380.000000 1688.000000
11473 8413.000000 1691.000000
11474 8436.000000 1692.000000
11475 8458.000000 1694.000000
11476 8492.000000 1699.000000
11477 8526.000000 1699.000000
11478 8558.000000 1707.000000
11479 8717.000000 1737.000000
11480 8737.000000 1737.000000
11481 8760.000000 1735.000000
11482 8783.000000 1732.000000
11483 8805.000000 1729.000000
11484 8827.000000 1726.000000
11485 8872.000000 1720.000000
11486 8894.000000 1718.000000
11487 8916.000000 1714.000000
11488 8939.000000 1709.000000
11489 8961.000000 1704.000000
11490 8983.000000 1699.000000
11491 9006.000000 1692.000000
11492 9029.000000 1686.000000
11493 9050.000000 1683.000000
11494 9073.000000 1675.000000
11495 9095.000000 1673.000000
11496 9118.000000 1669.000000
11497 9140.000000 1666.000000
11498 9162.000000 1663.000000
11499 9185.000000 1659.000000
11500 9207.000000 1658.000000
11501 9230.000000 1655.000000
11502 9252.000000 1652.000000
11503 9275.000000 1648.000000
11504 9296.000000 1644.000000
11505 9319.000000 1638.000000
11506 9341.000000 1634.000000
11507 9363.000000 1627.000000
11508 9386.000000 1623.000000
11509 9408.000000 1619.000000
11510 9430.000000 1616.000000
11511 9453.000000 1613.000000
11512 9499.000000 1612.000000
11513 9520.000000 1612.000000
11514 9542.000000 1610.000000
11515 9564.000000 1611.000000
11516 9588.000000 1609.000000
11517 9609.000000 1609.000000
11518 9632.000000 1608.000000
11519 9654.000000 1608.000000
11520 9677.000000 1608.000000
11521 9732.000000 1612.000000
11522 9788.000000 1609.000000
11523 9833.000000 1608.000000
11524 9855.000000 1608.000000
11525 9878.000000 1606.000000
11526 9900.000000 1607.000000
11527 9923.000000 1608.000000
11528 9945.000000 1607.000000
11529 9967.000000 1608.000000
11530 9989.000000 1608.000000
11531 10012.000000 1609.000000
11532 10034.000000 1609.000000
11533 10056.000000 1609.000000
11534 10078.000000 1610.000000
11535 10101.000000 1610.000000
11536 10123.000000 1610.000000
11537 10146.000000 1610.000000
11538 10168.000000 1611.000000
11539 10190.000000 1609.000000
11540 10212.000000 1609.000000
11541 10235.000000 1609.000000
11542 10257.000000 1608.000000
11543 10279.000000 1608.000000
11544 10302.000000 1609.000000
11545 10324.000000 1608.000000
11546 10346.000000 1607.000000
11547 10369.000000 1609.000000
11548 10390.000000 1609.000000
11549 10414.000000 1609.000000
11550 10436.000000 1609.000000
11551 10469.000000 1609.000000
11552 10495.000000 1606.000000
11553 10525.000000 1608.000000
11554 10545.000000 1607.000000
11555 10568.000000 1609.000000
11556 10626.000000 1608.000000
11557 10637.000000 1596.000000
11558 10669.000000 1609.000000
11559 10692.000000 1608.000000
11560 10671.000000 1657.000000
11561 10737.000000 1611.000000
11562 10759.000000 1611.000000
11563 10793.000000 1614.000000
11564 10815.000000 1614.000000
11565 10837.000000 1614.000000
11566 10871.000000 1616.000000
11567 10894.000000 1617.000000
11568 10915.000000 1617.000000
11569 10938.000000 1620.000000
11570 10960.000000 1620.000000
11571 10983.000000 1619.000000
11572 11016.000000 1622.000000
11573 11038.000000 1620.000000
11574 11061.000000 1621.000000
11575 11084.000000 1625.000000
11576 11105.000000 1622.000000
11577 11128.000000 1624.000000
11578 11149.000000 1624.000000
11579 11172.000000 1624.000000
11580 11194.000000 1625.000000
11581 11217.000000 1625.000000
11582 11239.000000 1625.000000
11583 11262.000000 1627.000000
11584 11284.000000 1625.000000
11585 11306.000000 1626.000000
11586 11340.000000 1629.000000
11587 11417.000000 1606.000000
11588 11407.000000 1629.000000
11589 11428.000000 1629.000000
11590 11451.000000 1628.000000
11591 11485.000000 1628.000000
11592 11529.000000 1631.000000
11593 11559.000000 1615.000000
11594 11574.000000 1630.000000
11595 11597.000000 1631.000000
11596 11619.000000 1628.000000
11597 11641.000000 1628.000000
11598 11663.000000 1629.000000
11599 11686.000000 1630.000000
11600 11708.000000 1630.000000
11601 11731.000000 1629.000000
11602 11753.000000 1629.000000
11603 11775.000000 1629.000000
11604 11797.000000 1628.000000
11605 11820.000000 1630.000000
11606 11842.000000 1629.000000
11607 11864.000000 1628.000000
11608 11886.000000 1629.000000
11609 11909.000000 1629.000000
11610 11932.000000 1629.000000
11611 11965.000000 1630.000000
11612 11987.000000 1628.000000
11613 11972.000000 1663.000000
11614 12222.000000 1622.000000
11615 12247.000000 1627.000000
11616 12267.000000 1623.000000
11617 12289.000000 1623.000000
11618 12378.000000 1683.000000
11619 12347.000000 1683.000000
11620 12306.000000 1654.000000
11621 12425.000000 1624.000000
11622 12466.000000 1622.000000
11623 12534.000000 1672.000000
11624 12640.000000 1680.000000
11625 12593.000000 1736.000000
11626 12568.000000 1623.000000
11627 12641.000000 1722.000000
11628 12691.000000 1624.000000
11629 12652.000000 1724.000000
11630 12737.000000 1624.000000
11631 12758.000000 1624.000000
11632 12781.000000 1624.000000
11633 12700.000000 1628.000000
11634 12886.000000 1626.000000
11635 12952.000000 1682.000000
11636 12950.000000 1628.000000
11637 12995.000000 1630.000000
11638 13016.000000 1630.000000
11639 13038.000000 1631.000000
11640 13289.000000 1419.000000
11641 13184.000000 1628.000000
11642 13238.000000 1648.000000
11643 13229.000000 1628.000000
11644 13250.000000 1627.000000
11645 13273.000000 1626.000000
11646 13295.000000 1627.000000
11647 13317.000000 1629.000000
11648 13309.000000 1611.000000
11649 13439.000000 1632.000000
11650 13462.000000 1631.000000
11651 13518.000000 1633.000000
11652 13540.000000 1632.000000
11653 13562.000000 1634.000000
11654 13585.000000 1635.000000
11655 13607.000000 1637.000000
11656 13630.000000 1638.000000
11657 13652.000000 1639.000000
11658 13675.000000 1639.000000
11659 13697.000000 1641.000000
11660 13719.000000 1641.000000
11661 13741.000000 1644.000000
11662 13764.000000 1645.000000
11663 13786.000000 1645.000000
11664 13808.000000 1645.000000
11665 13831.000000 1645.000000
11666 13854.000000 1646.000000
11667 13875.000000 1647.000000
11668 13898.000000 1648.000000
11669 13920.000000 1649.000000
11670 13942.000000 1649.000000
11671 13964.000000 1650.000000
11672 13987.000000 1648.000000
11673 14009.000000 1651.000000
11674 14031.000000 1650.000000
11675 14065.000000 1651.000000
11676 14087.000000 1652.000000
11677 14110.000000 1653.000000
11678 14132.000000 1652.000000
11679 14154.000000 1653.000000
11680 14176.000000 1653.000000
11681 14199.000000 1655.000000
11682 14221.000000 1655.000000
11683 14243.000000 1656.000000
11684 14266.000000 1657.000000
11685 14288.000000 1657.000000
11686 14310.000000 1660.000000
11687 14333.000000 1663.000000
11688 14355.000000 1666.000000
11689 14377.000000 1668.000000
11690 14399.000000 1671.000000
11691 14433.000000 1675.000000
11692 14455.000000 1675.000000
11693 14478.000000 1678.000000
11694 14499.000000 1679.000000
11695 14522.000000 1682.000000
11696 14544.000000 1683.000000
11697 14567.000000 1685.000000
11698 14611.000000 1685.000000
11699 14645.000000 1689.000000
11700 14668.000000 1688.000000
11701 14689.000000 1689.000000
11702 14712.000000 1691.000000
11703 14734.000000 1691.000000
11704 14779.000000 1692.000000
11705 14801.000000 1692.000000
11706 14823.000000 1692.000000
11707 14857.000000 1693.000000
11708 14880.000000 1693.000000
11709 14902.000000 1692.000000
11710 14924.000000 1692.000000
11711 14946.000000 1693.000000
11712 14969.000000 1692.000000
11713 14991.000000 1692.000000
11714 15013.000000 1693.000000
11715 15036.000000 1694.000000
11716 15057.000000 1693.000000
11717 15091.000000 1695.000000
11718 15114.000000 1694.000000
11719 15137.000000 1693.000000
11720 15181.000000 1692.000000
11721 15203.000000 1692.000000
11722 15226.000000 1696.000000
11723 15248.000000 1695.000000
11724 15282.000000 1697.000000
11725 15304.000000 1697.000000
11726 15382.000000 1698.000000
11727 15405.000000 1699.000000
11728 15427.000000 1699.000000
11729 15449.000000 1697.000000
11730 15472.000000 1697.000000
11731 15544.000000 1565.000000
11732 15528.000000 1699.000000
11733 15550.000000 1697.000000
11734 15571.000000 1696.000000
11735 15617.000000 1697.000000
11736 15639.000000 1697.000000
11737 15695.000000 1697.000000
11738 15703.000000 1643.000000
11739 15796.000000 1697.000000
11740 15818.000000 1696.000000
11741 15840.000000 1697.000000
11742 15862.000000 1695.000000
11743 15885.000000 1697.000000
11744 15908.000000 1695.000000
11745 15930.000000 1694.000000
11746 15952.000000 1694.000000
11747 15975.000000 1693.000000
11748 15997.000000 1692.000000
11749 16064.000000 1690.000000
11750 16086.000000 1691.000000
11751 16109.000000 1692.000000
11752 16131.000000 1689.000000
11753 16153.000000 1689.000000
11754 16176.000000 1688.000000
11755 16198.000000 1688.000000
11756 16220.000000 1689.000000
11757 16243.000000 1689.000000
11758 16265.000000 1690.000000
11759 16287.000000 1690.000000
11760 16310.000000 1689.000000
11761 16332.000000 1689.000000
11762 16354.000000 1690.000000
11763 16377.000000 1690.000000
11764 16399.000000 1692.000000
11765 16421.000000 1693.000000
11766 16444.000000 1693.000000
11767 16466.000000 1694.000000
11768 16488.000000 1693.000000
11769 16511.000000 1697.000000
11770 16533.000000 1696.000000
11771 16555.000000 1698.000000
11772 16578.000000 1700.000000
11773 16600.000000 1702.000000
11774 16622.000000 1703.000000
11775 16700.000000 1704.000000
11776 16676.000000 1657.000000
11777 16768.000000 1705.000000
11778 16790.000000 1703.000000
11779 16812.000000 1703.000000
11780 16846.000000 1702.000000
11781 16868.000000 1700.000000
11782 16890.000000 1698.000000
11783 16912.000000 1698.000000
11784 16934.000000 1698.000000
11785 16958.000000 1696.000000
11786 16980.000000 1697.000000
11787 17002.000000 1698.000000
11788 17025.000000 1700.000000
11789 17046.000000 1700.000000
11790 17069.000000 1698.000000
11791 17091.000000 1697.000000
11792 17113.000000 1696.000000
11793 17136.000000 1697.000000
11794 17158.000000 1697.000000
11795 17180.000000 1696.000000
11796 17203.000000 1697.000000
11797 17225.000000 1697.000000
11798 17247.000000 1696.000000
11799 17270.000000 1695.000000
11800 17292.000000 1696.000000
11801 17314.000000 1697.000000
11802 17337.000000 1697.000000
11803 17359.000000 1695.000000
11804 17381.000000 1695.000000
11805 17404.000000 1694.000000
11806 17426.000000 1694.000000
11807 17448.000000 1693.000000
11808 17470.000000 1693.000000
11809 17492.000000 1692.000000
11810 17515.000000 1691.000000
11811 17538.000000 1689.000000
11812 17586.000000 1770.000000
11813 17582.000000 1689.000000
11814 17604.000000 1689.000000
11815 17627.000000 1688.000000
11816 17649.000000 1686.000000
11817 17671.000000 1685.000000
11818 17694.000000 1684.000000
11819 17716.000000 1683.000000
11820 17739.000000 1682.000000
11821 17761.000000 1683.000000
11822 17784.000000 1681.000000
11823 17805.000000 1681.000000
11824 17828.000000 1681.000000
11825 17850.000000 1681.000000
11826 17873.000000 1681.000000
11827 17894.000000 1681.000000
11828 17917.000000 1679.000000
11829 17940.000000 1681.000000
11830 17962.000000 1680.000000
11831 17984.000000 1681.000000
11832 18007.000000 1680.000000
11833 18029.000000 1681.000000
11834 18051.000000 1681.000000
11835 18073.000000 1681.000000
11836 18096.000000 1680.000000
11837 18118.000000 1681.000000
11838 18141.000000 1680.000000
11839 18163.000000 1679.000000
11840 18185.000000 1680.000000
11841 18207.000000 1680.000000
11842 18230.000000 1680.000000
11843 18252.000000 1681.000000
11844 18274.000000 1681.000000
11845 18297.000000 1680.000000
11846 18319.000000 1680.000000
11847 18342.000000 1681.000000
11848 18364.000000 1681.000000
11849 18386.000000 1680.000000
11850 18408.000000 1680.000000
11851 18431.000000 1680.000000
11852 18453.000000 1679.000000
11853 18476.000000 1679.000000
11854 18498.000000 1680.000000
11855 18520.000000 1680.000000
11856 18543.000000 1680.000000
11857 18565.000000 1680.000000
11858 18587.000000 1680.000000
11859 18610.000000 1682.000000
11860 18632.000000 1682.000000
11861 18654.000000 1683.000000
11862 18677.000000 1684.000000
11863 18699.000000 1685.000000
11864 18721.000000 1687.000000
11865 18744.000000 1688.000000
11866 18766.000000 1689.000000
11867 18788.000000 1689.000000
11868 18811.000000 1690.000000
11869 18833.000000 1691.000000
11870 18855.000000 1692.000000
11871 18877.000000 1694.000000
11872 18900.000000 1696.000000
11873 18934.000000 1695.000000
11874 18956.000000 1696.000000
11875 18978.000000 1695.000000
11876 19001.000000 1693.000000
11877 19023.000000 1690.000000
11878 19045.000000 1688.000000
11879 19068.000000 1684.000000
11880 19090.000000 1681.000000
11881 19113.000000 1678.000000
11882 19146.000000 1676.000000
11883 19168.000000 1672.000000
11884 19191.000000 1672.000000
11885 19213.000000 1669.000000
11886 19235.000000 1668.000000
11887 19257.000000 1662.000000
11888 19280.000000 1653.000000
11889 19303.000000 1648.000000
11890 19335.000000 1633.000000
11891 19358.000000 1629.000000
11892 19392.000000 1623.000000
11893 19414.000000 1622.000000
11894 19437.000000 1619.000000
11895 19459.000000 1617.000000
11896 19481.000000 1613.000000
11897 19504.000000 1610.000000
11898 19526.000000 1606.000000
11899 19548.000000 1607.000000
11900 19582.000000 1604.000000
11901 19604.000000 1604.000000
11902 19626.000000 1603.000000
11903 19648.000000 1603.000000
11904 19671.000000 1602.000000
11905 19694.000000 1600.000000
11906 19716.000000 1599.000000
11907 19739.000000 1598.000000
11908 19761.000000 1597.000000
11909 19783.000000 1597.000000
11910 19805.000000 1596.000000
11911 19828.000000 1596.000000
11912 19850.000000 1595.000000
11913 19872.000000 1594.000000
11914 19895.000000 1593.000000
11915 19917.000000 1592.000000
11916 19939.000000 1590.000000
11917 19961.000000 1589.000000
11918 19984.000000 1588.000000
11919 19957.000000 1596.000000
11920 21.000000 150.000000
11921 51.000000 1838.000000
11922 12.000000 1872.000000
11923 44.000000 1870.000000
11924 66.000000 1870.000000
11925 88.000000 1870.000000
11926 111.000000 1873.000000
11927 133.000000 1874.000000
11928 155.000000 1876.000000
11929 177.000000 1876.000000
11930 200.000000 1876.000000
11931 222.000000 1877.000000
11932 244.000000 1876.000000
11933 267.000000 1876.000000
11934 289.000000 1876.000000
11935 311.000000 1877.000000
11936 334.000000 1878.000000
11937 356.000000 1880.000000
11938 378.000000 1880.000000
11939 401.000000 1879.000000
11940 434.000000 1881.000000
11941 456.000000 1882.000000
11942 479.000000 1882.000000
11943 501.000000 1883.000000
11944 602.000000 1900.000000
11945 657.000000 1910.000000
11946 729.000000 1943.000000
11947 775.000000 1947.000000
11948 869.000000 1930.000000
11949 903.000000 1931.000000
11950 968.000000 1945.000000
11951 1014.000000 1950.000000
11952 1047.000000 1956.000000
11953 1252.000000 1965.000000
11954 1423.000000 87.000000
11955 1393.000000 2027.000000
11956 1401.000000 83.000000
11957 1510.000000 1979.000000
11958 1461.000000 2025.000000
11959 1495.000000 18.000000
11960 1528.000000 2010.000000
11961 1550.000000 2004.000000
11962 1572.000000 2002.000000
11963 1595.000000 1999.000000
11964 1617.000000 1996.000000
11965 1639.000000 1995.000000
11966 1662.000000 1992.000000
11967 1684.000000 1991.000000
11968 1706.000000 1987.000000
11969 1729.000000 1987.000000
11970 1751.000000 1985.000000
11971 1773.000000 1985.000000
11972 1796.000000 1985.000000
11973 1818.000000 1985.000000
11974 1840.000000 1984.000000
11975 1874.000000 1981.000000
11976 1896.000000 1982.000000
11977 1919.000000 1982.000000
11978 1941.000000 1981.000000
11979 1963.000000 1979.000000
11980 1986.000000 1979.000000
11981 2008.000000 1976.000000
11982 2031.000000 1976.000000
11983 2053.000000 1974.000000
11984 2075.000000 1973.000000
11985 2097.000000 1971.000000
11986 2120.000000 1970.000000
11987 2142.000000 1969.000000
11988 2165.000000 1967.000000
11989 2187.000000 1968.000000
11990 2209.000000 1967.000000
11991 2231.000000 1967.000000
11992 2254.000000 1966.000000
11993 2276.000000 1967.000000
11994 2298.000000 1967.000000
11995 2321.000000 1967.000000
11996 2343.000000 1967.000000
11997 2365.000000 1967.000000
11998 2388.000000 1968.000000
11999 2411.000000 1968.000000
12000 2433.000000 1966.000000
12001 2455.000000 1966.000000
12002 2477.000000 1967.000000
12003 2500.000000 1967.000000
12004 2522.000000 1965.000000
12005 2544.000000 1965.000000
12006 2567.000000 1964.000000
12007 2589.000000 1964.000000
12008 2611.000000 1964.000000
12009 2634.000000 1964.000000
12010 2656.000000 1964.000000
12011 2679.000000 1965.000000
12012 2701.000000 1967.000000
12013 2723.000000 1966.000000
12014 2745.000000 1965.000000
12015 2768.000000 1966.000000
12016 2801.000000 1966.000000
12017 2823.000000 1969.000000
12018 2857.000000 1968.000000
12019 2891.000000 1976.000000
12020 2913.000000 1976.000000
12021 2935.000000 1976.000000
12022 2957.000000 1978.000000
12023 2980.000000 1978.000000
12024 3002.000000 1978.000000
12025 3024.000000 1979.000000
12026 3047.000000 1978.000000
12027 3069.000000 1980.000000
12028 3103.000000 1978.000000
12029 3125.000000 1980.000000
12030 3147.000000 1978.000000
12031 3169.000000 1978.000000
12032 3214.000000 1980.000000
12033 3236.000000 1980.000000
12034 3259.000000 1981.000000
12035 3292.000000 1984.000000
12036 3315.000000 1987.000000
12037 3337.000000 1990.000000
12038 3359.000000 1992.000000
12039 3381.000000 1991.000000
12040 3404.000000 1993.000000
12041 3426.000000 1994.000000
12042 3448.000000 1994.000000
12043 3470.000000 1996.000000
12044 3493.000000 1996.000000
12045 3515.000000 1998.000000
12046 3537.000000 1997.000000
12047 3560.000000 1997.000000
12048 3582.000000 1999.000000
12049 3604.000000 1998.000000
12050 3627.000000 1999.000000
12051 3649.000000 2000.000000
12052 3671.000000 2001.000000
12053 3694.000000 1999.000000
12054 3716.000000 2001.000000
12055 3738.000000 2001.000000
12056 3760.000000 2002.000000
12057 3783.000000 2000.000000
12058 3805.000000 1999.000000
12059 3827.000000 2000.000000
12060 3850.000000 1999.000000
12061 3872.000000 1999.000000
12062 3894.000000 1998.000000
12063 3916.000000 1999.000000
12064 3939.000000 1999.000000
12065 3961.000000 1999.000000
12066 3983.000000 2000.000000
12067 4006.000000 1998.000000
12068 4028.000000 2001.000000
12069 4051.000000 2001.000000
12070 4073.000000 2000.000000
12071 4095.000000 2000.000000
12072 4118.000000 2000.000000
12073 4139.000000 2002.000000
12074 4163.000000 2002.000000
12075 4184.000000 2002.000000
12076 4207.000000 2002.000000
12077 4229.000000 2003.000000
12078 4251.000000 2003.000000
12079 4274.000000 2002.000000
12080 4319.000000 2004.000000
12081 4340.000000 2004.000000
12082 4363.000000 2004.000000
12083 4386.000000 2004.000000
12084 4408.000000 2004.000000
12085 4430.000000 2004.000000
12086 4452.000000 2004.000000
12087 4475.000000 2004.000000
12088 4497.000000 2006.000000
12089 4519.000000 2005.000000
12090 4542.000000 2006.000000
12091 4564.000000 2006.000000
12092 4587.000000 2008.000000
12093 4609.000000 2009.000000
12094 4631.000000 2010.000000
12095 4655.000000 10.000000
12096 4676.000000 2011.000000
12097 4700.000000 10.000000
12098 4722.000000 10.000000
12099 4743.000000 2011.000000
12100 4765.000000 2012.000000
12101 4787.000000 2013.000000
12102 4810.000000 2013.000000
12103 4832.000000 2013.000000
12104 4855.000000 2014.000000
12105 4877.000000 2014.000000
12106 4899.000000 2014.000000
12107 4923.000000 13.000000
12108 4945.000000 15.000000
12109 4966.000000 2016.000000
12110 4988.000000 2017.000000
12111 5011.000000 2016.000000
12112 5033.000000 2017.000000
12113 5056.000000 2018.000000
12114 5078.000000 2018.000000
12115 5102.000000 17.000000
12116 5123.000000 2019.000000
12117 5145.000000 2020.000000
12118 5167.000000 2021.000000
12119 5192.000000 19.000000
12120 5212.000000 2021.000000
12121 5236.000000 20.000000
12122 5257.000000 2022.000000
12123 5279.000000 2021.000000
12124 5303.000000 22.000000
12125 5324.000000 2023.000000
12126 5346.000000 2024.000000
12127 5370.000000 23.000000
12128 5391.000000 2026.000000
12129 5414.000000 2026.000000
12130 5437.000000 26.000000
12131 5458.000000 2028.000000
12132 5480.000000 2029.000000
12133 5504.000000 29.000000
12134 5525.000000 2032.000000
12135 5547.000000 2033.000000
12136 5570.000000 2034.000000
12137 5593.000000 35.000000
12138 5616.000000 36.000000
12139 5638.000000 39.000000
12140 5660.000000 39.000000
12141 5682.000000 41.000000
12142 5705.000000 42.000000
12143 5727.000000 44.000000
12144 5750.000000 45.000000
12145 5772.000000 46.000000
12146 5794.000000 47.000000
12147 5817.000000 48.000000
12148 5839.000000 48.000000
12149 5861.000000 48.000000
12150 5884.000000 48.000000
12151 5906.000000 48.000000
12152 5929.000000 47.000000
12153 5950.000000 48.000000
12154 5973.000000 49.000000
12155 5995.000000 50.000000
12156 6018.000000 51.000000
12157 6040.000000 52.000000
12158 6062.000000 51.000000
12159 6084.000000 53.000000
12160 6107.000000 54.000000
12161 6129.000000 55.000000
12162 6151.000000 56.000000
12163 6174.000000 56.000000
12164 6196.000000 57.000000
12165 6219.000000 57.000000
12166 6241.000000 59.000000
12167 6263.000000 59.000000
12168 6286.000000 61.000000
12169 6308.000000 61.000000
12170 6330.000000 63.000000
12171 6353.000000 62.000000
12172 6375.000000 63.000000
12173 6397.000000 65.000000
12174 6419.000000 66.000000
12175 6441.000000 66.000000
12176 6464.000000 68.000000
12177 6486.000000 67.000000
12178 6509.000000 68.000000
12179 6531.000000 70.000000
12180 6553.000000 71.000000
12181 6576.000000 71.000000
12182 6598.000000 72.000000
12183 6620.000000 73.000000
12184 6643.000000 73.000000
12185 6665.000000 75.000000
12186 6687.000000 75.000000
12187 6710.000000 75.000000
12188 6732.000000 78.000000
12189 6754.000000 79.000000
12190 6776.000000 79.000000
12191 6799.000000 82.000000
12192 6821.000000 83.000000
12193 6843.000000 83.000000
12194 6865.000000 85.000000
12195 6888.000000 87.000000
12196 6910.000000 87.000000
12197 6932.000000 89.000000
12198 6955.000000 89.000000
12199 6977.000000 90.000000
12200 7000.000000 91.000000
12201 7022.000000 92.000000
12202 7044.000000 91.000000
12203 7067.000000 92.000000
12204 7089.000000 92.000000
12205 7111.000000 94.000000
12206 7133.000000 93.000000
12207 7156.000000 93.000000
12208 7178.000000 93.000000
12209 7201.000000 92.000000
12210 7222.000000 93.000000
12211 7245.000000 93.000000
12212 7267.000000 93.000000
12213 7290.000000 92.000000
12214 7311.000000 93.000000
12215 7334.000000 92.000000
12216 7357.000000 93.000000
12217 7379.000000 92.000000
12218 7401.000000 91.000000
12219 7423.000000 91.000000
12220 7447.000000 91.000000
12221 7468.000000 91.000000
12222 7490.000000 90.000000
12223 7513.000000 89.000000
12224 7535.000000 89.000000
12225 7558.000000 89.000000
12226 7580.000000 89.000000
12227 7602.000000 90.000000
12228 7624.000000 90.000000
12229 7647.000000 91.000000
12230 7703.000000 94.000000
12231 7725.000000 96.000000
12232 7747.000000 98.000000
12233 7814.000000 101.000000
12234 7859.000000 103.000000
12235 7881.000000 103.000000
12236 7904.000000 106.000000
12237 7925.000000 108.000000
12238 7949.000000 103.000000
12239 7971.000000 100.000000
12240 7993.000000 98.000000
12241 8016.000000 96.000000
12242 7989.000000 19.000000
12243 8060.000000 94.000000
12244 8082.000000 94.000000
12245 8105.000000 93.000000
12246 8127.000000 95.000000
12247 8150.000000 94.000000
12248 8172.000000 94.000000
12249 8194.000000 94.000000
12250 8217.000000 93.000000
12251 8239.000000 94.000000
12252 8262.000000 93.000000
12253 8284.000000 92.000000
12254 8306.000000 92.000000
12255 8328.000000 92.000000
12256 8351.000000 91.000000
12257 8373.000000 91.000000
12258 8395.000000 91.000000
12259 8418.000000 89.000000
12260 8440.000000 89.000000
12261 8463.000000 87.000000
12262 8484.000000 88.000000
12263 8507.000000 85.000000
12264 8530.000000 84.000000
12265 8552.000000 83.000000
12266 8574.000000 83.000000
12267 8597.000000 81.000000
12268 8619.000000 81.000000
12269 8641.000000 81.000000
12270 8664.000000 81.000000
12271 8686.000000 80.000000
12272 8709.000000 80.000000
12273 8731.000000 80.000000
12274 8753.000000 81.000000
12275 8776.000000 81.000000
12276 8797.000000 81.000000
12277 8820.000000 81.000000
12278 8843.000000 81.000000
12279 8865.000000 82.000000
12280 8887.000000 81.000000
12281 8909.000000 81.000000
12282 8932.000000 81.000000
12283 8954.000000 81.000000
12284 8977.000000 80.000000
12285 8999.000000 81.000000
12286 9021.000000 82.000000
12287 9043.000000 83.000000
12288 9066.000000 83.000000
12289 9089.000000 83.000000
12290 9110.000000 83.000000
12291 9133.000000 82.000000
12292 9155.000000 83.000000
12293 9178.000000 83.000000
12294 9200.000000 82.000000
12295 9222.000000 81.000000
12296 9244.000000 82.000000
12297 9267.000000 82.000000
12298 9289.000000 82.000000
12299 9311.000000 82.000000
12300 9334.000000 82.000000
12301 9356.000000 81.000000
12302 9379.000000 82.000000
12303 9401.000000 82.000000
12304 9423.000000 83.000000
12305 9456.000000 82.000000
12306 9479.000000 82.000000
12307 9501.000000 84.000000
12308 9524.000000 84.000000
12309 9558.000000 85.000000
12310 9579.000000 84.000000
12311 9602.000000 82.000000
12312 9624.000000 84.000000
12313 9646.000000 84.000000
12314 9669.000000 84.000000
12315 9691.000000 84.000000
12316 9714.000000 85.000000
12317 9736.000000 85.000000
12318 9758.000000 85.000000
12319 9780.000000 87.000000
12320 9802.000000 88.000000
12321 9825.000000 89.000000
12322 9847.000000 89.000000
12323 9869.000000 89.000000
12324 9892.000000 90.000000
12325 9914.000000 92.000000
12326 9937.000000 93.000000
12327 9959.000000 94.000000
12328 9981.000000 95.000000
12329 10004.000000 95.000000
12330 10026.000000 98.000000
12331 10048.000000 100.000000
12332 10070.000000 101.000000
12333 10093.000000 100.000000
12334 10115.000000 99.000000
12335 10148.000000 100.000000
12336 10172.000000 98.000000
12337 10193.000000 97.000000
12338 10216.000000 92.000000
12339 10238.000000 87.000000
12340 10260.000000 84.000000
12341 10282.000000 79.000000
12342 10305.000000 75.000000
12343 10327.000000 70.000000
12344 10350.000000 68.000000
12345 10372.000000 66.000000
12346 10394.000000 64.000000
12347 10416.000000 62.000000
12348 10439.000000 61.000000
12349 10461.000000 61.000000
12350 10483.000000 60.000000
12351 10506.000000 59.000000
12352 10528.000000 58.000000
12353 10551.000000 58.000000
12354 10573.000000 57.000000
12355 10595.000000 57.000000
12356 10617.000000 57.000000
12357 10640.000000 57.000000
12358 10662.000000 57.000000
12359 10685.000000 57.000000
12360 10707.000000 57.000000
12361 10729.000000 57.000000
12362 10751.000000 59.000000
12363 10774.000000 58.000000
12364 10796.000000 59.000000
12365 10819.000000 60.000000
12366 10841.000000 58.000000
12367 10863.000000 57.000000
12368 10885.000000 58.000000
12369 10907.000000 58.000000
12370 10930.000000 57.000000
12371 10952.000000 59.000000
12372 10975.000000 58.000000
12373 10997.000000 58.000000
12374 11019.000000 57.000000
12375 11042.000000 57.000000
12376 11064.000000 57.000000
12377 11087.000000 57.000000
12378 11108.000000 57.000000
12379 11131.000000 58.000000
12380 11153.000000 57.000000
12381 11176.000000 57.000000
12382 11198.000000 56.000000
12383 11220.000000 57.000000
12384 11243.000000 55.000000
12385 11265.000000 55.000000
12386 11288.000000 55.000000
12387 11310.000000 54.000000
12388 11332.000000 55.000000
12389 11355.000000 54.000000
12390 11377.000000 56.000000
12391 11399.000000 55.000000
12392 11433.000000 57.000000
12393 11455.000000 56.000000
12394 11478.000000 56.000000
12395 11500.000000 56.000000
12396 11522.000000 55.000000
12397 11544.000000 55.000000
12398 11578.000000 56.000000
12399 11601.000000 54.000000
12400 11622.000000 54.000000
12401 11645.000000 55.000000
12402 11668.000000 55.000000
12403 11690.000000 55.000000
12404 11735.000000 56.000000
12405 11757.000000 53.000000
12406 11779.000000 55.000000
12407 11813.000000 55.000000
12408 11835.000000 55.000000
12409 11857.000000 55.000000
12410 11880.000000 55.000000
12411 11902.000000 54.000000
12412 11924.000000 55.000000
12413 11947.000000 55.000000
12414 11936.000000 32.000000
12415 11992.000000 55.000000
12416 12025.000000 55.000000
12417 12047.000000 55.000000
12418 12081.000000 55.000000
12419 12103.000000 54.000000
12420 12125.000000 55.000000
12421 12147.000000 55.000000
12422 12170.000000 55.000000
12423 12192.000000 54.000000
12424 12227.000000 55.000000
12425 12248.000000 54.000000
12426 12271.000000 54.000000
12427 12293.000000 55.000000
12428 12315.000000 55.000000
12429 12338.000000 57.000000
12430 12359.000000 55.000000
12431 12382.000000 57.000000
12432 12348.000000 43.000000
12433 12427.000000 54.000000
12434 12449.000000 55.000000
12435 12494.000000 56.000000
12436 12517.000000 55.000000
12437 12539.000000 57.000000
12438 12561.000000 57.000000
12439 12584.000000 57.000000
12440 12606.000000 58.000000
12441 12628.000000 58.000000
12442 12650.000000 59.000000
12443 12684.000000 59.000000
12444 12706.000000 59.000000
12445 12729.000000 60.000000
12446 12751.000000 61.000000
12447 12773.000000 61.000000
12448 12796.000000 61.000000
12449 12818.000000 60.000000
12450 12840.000000 60.000000
12451 12862.000000 60.000000
12452 12886.000000 61.000000
12453 12907.000000 62.000000
12454 12930.000000 61.000000
12455 12952.000000 59.000000
12456 12973.000000 62.000000
12457 13030.000000 61.000000
12458 13054.000000 61.000000
12459 13074.000000 60.000000
12460 13098.000000 58.000000
12461 13119.000000 57.000000
12462 13142.000000 56.000000
12463 13164.000000 57.000000
12464 13186.000000 56.000000
12465 13208.000000 56.000000
12466 13231.000000 55.000000
12467 13253.000000 56.000000
12468 13287.000000 53.000000
12469 13309.000000 55.000000
12470 13331.000000 55.000000
12471 13354.000000 55.000000
12472 13376.000000 55.000000
12473 13398.000000 55.000000
12474 13420.000000 54.000000
12475 13443.000000 53.000000
12476 13465.000000 53.000000
12477 13488.000000 52.000000
12478 13510.000000 52.000000
12479 13532.000000 52.000000
12480 13554.000000 52.000000
12481 13577.000000 51.000000
12482 13599.000000 53.000000
12483 13622.000000 52.000000
12484 13643.000000 53.000000
12485 13666.000000 54.000000
12486 13688.000000 55.000000
12487 13711.000000 56.000000
12488 13733.000000 55.000000
12489 13755.000000 57.000000
12490 13778.000000 57.000000
12491 13800.000000 57.000000
12492 13822.000000 57.000000
12493 13845.000000 56.000000
12494 13867.000000 55.000000
12495 13889.000000 57.000000
12496 13912.000000 58.000000
12497 13934.000000 58.000000
12498 13956.000000 57.000000
12499 13979.000000 56.000000
12500 14001.000000 56.000000
12501 14023.000000 56.000000
12502 14090.000000 59.000000
12503 14112.000000 58.000000
12504 14135.000000 60.000000
12505 14157.000000 60.000000
12506 14180.000000 59.000000
12507 14202.000000 61.000000
12508 14224.000000 61.000000
12509 14248.000000 62.000000
12510 14269.000000 60.000000
12511 14291.000000 61.000000
12512 14314.000000 59.000000
12513 14336.000000 59.000000
12514 14359.000000 61.000000
12515 14381.000000 61.000000
12516 14403.000000 61.000000
12517 14425.000000 63.000000
12518 14447.000000 64.000000
12519 14470.000000 62.000000
12520 14492.000000 65.000000
12521 14537.000000 64.000000
12522 14559.000000 63.000000
12523 14582.000000 64.000000
12524 14604.000000 66.000000
12525 14626.000000 67.000000
12526 14648.000000 67.000000
12527 14671.000000 67.000000
12528 14694.000000 66.000000
12529 14716.000000 66.000000
12530 14738.000000 67.000000
12531 14761.000000 67.000000
12532 14783.000000 68.000000
12533 14805.000000 71.000000
12534 14828.000000 72.000000
12535 14850.000000 74.000000
12536 14872.000000 75.000000
12537 14906.000000 81.000000
12538 14928.000000 80.000000
12539 14951.000000 79.000000
12540 14973.000000 81.000000
12541 14995.000000 82.000000
12542 15017.000000 82.000000
12543 15040.000000 82.000000
12544 15062.000000 85.000000
12545 15084.000000 87.000000
12546 15107.000000 90.000000
12547 15129.000000 92.000000
12548 15151.000000 93.000000
12549 15174.000000 96.000000
12550 15196.000000 98.000000
12551 15218.000000 99.000000
12552 15241.000000 101.000000
12553 15263.000000 102.000000
12554 15285.000000 103.000000
12555 15308.000000 103.000000
12556 15331.000000 107.000000
12557 15353.000000 114.000000
12558 15375.000000 121.000000
12559 15397.000000 125.000000
12560 15420.000000 129.000000
12561 15442.000000 131.000000
12562 15464.000000 135.000000
12563 15487.000000 142.000000
12564 15509.000000 145.000000
12565 15532.000000 149.000000
12566 15554.000000 151.000000
12567 15577.000000 150.000000
12568 15598.000000 151.000000
12569 15621.000000 152.000000
12570 15642.000000 153.000000
12571 15666.000000 156.000000
12572 15688.000000 158.000000
12573 15710.000000 162.000000
12574 15744.000000 163.000000
12575 15766.000000 165.000000
12576 15788.000000 161.000000
12577 15811.000000 155.000000
12578 15833.000000 151.000000
12579 15855.000000 147.000000
12580 15878.000000 142.000000
12581 15900.000000 138.000000
12582 15922.000000 135.000000
12583 15945.000000 132.000000
12584 15967.000000 129.000000
12585 15989.000000 127.000000
12586 16012.000000 125.000000
12587 16034.000000 123.000000
12588 16056.000000 122.000000
12589 16079.000000 118.000000
12590 16101.000000 114.000000
12591 16123.000000 112.000000
12592 16146.000000 106.000000
12593 16168.000000 100.000000
12594 16191.000000 95.000000
12595 16213.000000 92.000000
12596 16235.000000 86.000000
12597 16257.000000 81.000000
12598 16280.000000 74.000000
12599 16302.000000 70.000000
12600 16325.000000 64.000000
12601 16347.000000 61.000000
12602 16369.000000 58.000000
12603 16392.000000 56.000000
12604 16414.000000 57.000000
12605 16437.000000 57.000000
12606 16459.000000 59.000000
12607 16481.000000 59.000000
12608 16503.000000 59.000000
12609 16525.000000 60.000000
12610 16548.000000 62.000000
12611 16570.000000 63.000000
12612 16592.000000 64.000000
12613 16615.000000 65.000000
12614 16637.000000 67.000000
12615 16660.000000 66.000000
12616 16681.000000 67.000000
12617 16715.000000 67.000000
12618 16737.000000 67.000000
12619 16760.000000 67.000000
12620 16782.000000 68.000000
12621 16804.000000 68.000000
12622 16826.000000 69.000000
12623 16849.000000 69.000000
12624 16871.000000 69.000000
12625 16894.000000 68.000000
12626 16916.000000 68.000000
12627 16938.000000 67.000000
12628 16961.000000 68.000000
12629 16983.000000 70.000000
12630 17005.000000 71.000000
12631 17027.000000 71.000000
12632 17050.000000 72.000000
12633 17072.000000 72.000000
12634 17094.000000 71.000000
12635 17117.000000 73.000000
12636 17139.000000 73.000000
12637 17161.000000 73.000000
12638 17184.000000 70.000000
12639 17206.000000 69.000000
12640 17228.000000 69.000000
12641 17251.000000 67.000000
12642 17273.000000 69.000000
12643 17296.000000 70.000000
12644 17318.000000 72.000000
12645 17340.000000 75.000000
12646 17362.000000 78.000000
12647 17385.000000 81.000000
12648 17407.000000 86.000000
12649 17429.000000 86.000000
12650 17452.000000 85.000000
12651 17474.000000 82.000000
12652 17496.000000 80.000000
12653 17519.000000 77.000000
12654 17541.000000 76.000000
12655 17563.000000 76.000000
12656 17586.000000 74.000000
12657 17608.000000 71.000000
12658 17631.000000 68.000000
12659 17653.000000 66.000000
12660 17675.000000 63.000000
12661 17697.000000 63.000000
12662 17720.000000 60.000000
12663 17742.000000 59.000000
12664 17765.000000 58.000000
12665 17787.000000 57.000000
12666 17809.000000 56.000000
12667 17832.000000 55.000000
12668 17854.000000 53.000000
12669 17876.000000 49.000000
12670 17899.000000 45.000000
12671 17921.000000 43.000000
12672 17943.000000 40.000000
12673 17966.000000 37.000000
12674 17988.000000 34.000000
12675 18009.000000 2034.000000
12676 18031.000000 2034.000000
12677 18054.000000 2034.000000
12678 18076.000000 2033.000000
12679 18099.000000 2032.000000
12680 18121.000000 2031.000000
12681 18143.000000 2030.000000
12682 18165.000000 2029.000000
12683 18188.000000 2028.000000
12684 18210.000000 2028.000000
12685 18233.000000 2024.000000
12686 18256.000000 19.000000
12687 18277.000000 2016.000000
12688 18301.000000 13.000000
12689 18323.000000 10.000000
12690 18345.000000 2006.000000
12691 18366.000000 2005.000000
12692 18389.000000 2001.000000
12693 18411.000000 1999.000000
12694 18434.000000 1997.000000
12695 18456.000000 1996.000000
12696 18479.000000 1996.000000
12697 18501.000000 1995.000000
12698 18523.000000 1996.000000
12699 18546.000000 1996.000000
12700 18568.000000 1997.000000
12701 18590.000000 1997.000000
12702 18624.000000 1998.000000
12703 18646.000000 1998.000000
12704 18668.000000 2000.000000
12705 18691.000000 2000.000000
12706 18713.000000 2001.000000
12707 18736.000000 2001.000000
12708 18758.000000 2002.000000
12709 18781.000000 2004.000000
12710 18802.000000 2005.000000
12711 18825.000000 2006.000000
12712 18847.000000 2008.000000
12713 18905.000000 15.000000
12714 18925.000000 2020.000000
12715 18954.000000 45.000000
12716 18982.000000 44.000000
12717 19005.000000 45.000000
12718 19027.000000 46.000000
12719 19049.000000 48.000000
12720 19072.000000 50.000000
12721 19094.000000 52.000000
12722 19117.000000 54.000000
12723 19138.000000 50.000000
12724 19161.000000 46.000000
12725 19184.000000 39.000000
12726 19206.000000 34.000000
12727 19228.000000 29.000000
12728 19249.000000 2025.000000
12729 19271.000000 2016.000000
12730 19294.000000 2010.000000
12731 19317.000000 2001.000000
12732 19338.000000 1995.000000
12733 19361.000000 1987.000000
12734 19384.000000 1980.000000
12735 19405.000000 1977.000000
12736 19429.000000 1969.000000
12737 19452.000000 1962.000000
12738 19473.000000 1958.000000
12739 19495.000000 1955.000000
12740 19518.000000 1953.000000
12741 19562.000000 1940.000000
12742 19584.000000 1936.000000
12743 19607.000000 1931.000000
12744 19630.000000 1926.000000
12745 19652.000000 1920.000000
12746 19674.000000 1915.000000
12747 19697.000000 1909.000000
12748 19718.000000 1905.000000
12749 19741.000000 1897.000000
12750 19720.000000 1939.000000
12751 19677.000000 2011.000000
12752 19694.000000 1946.000000
12753 19713.000000 1936.000000
12754 19857.000000 1938.000000
12755 19781.000000 1987.000000
12756 19897.000000 1864.000000
12757 19920.000000 1857.000000
12758 19942.000000 1853.000000
12759 19961.000000 1959.000000
12760 19978.000000 1991.000000
12761 40.000000 375.000000
12762 22.000000 446.000000
12763 44.000000 445.000000
12764 66.000000 446.000000
12765 88.000000 446.000000
12766 111.000000 447.000000
12767 133.000000 447.000000
12768 155.000000 447.000000
12769 178.000000 449.000000
12770 200.000000 449.000000
12771 222.000000 450.000000
12772 245.000000 451.000000
12773 267.000000 450.000000
12774 290.000000 451.000000
12775 312.000000 450.000000
12776 333.000000 450.000000
12777 402.000000 384.000000
12778 390.000000 456.000000
12779 501.000000 489.000000
12780 523.000000 489.000000
12781 545.000000 487.000000
12782 568.000000 484.000000
12783 590.000000 481.000000
12784 613.000000 476.000000
12785 635.000000 473.000000
12786 657.000000 470.000000
12787 680.000000 465.000000
12788 702.000000 462.000000
12789 725.000000 457.000000
12790 747.000000 452.000000
12791 769.000000 449.000000
12792 791.000000 446.000000
12793 814.000000 442.000000
12794 836.000000 441.000000
12795 858.000000 440.000000
12796 881.000000 438.000000
12797 903.000000 440.000000
12798 926.000000 440.000000
12799 948.000000 441.000000
12800 970.000000 443.000000
12801 1003.000000 444.000000
12802 1037.000000 447.000000
12803 1082.000000 449.000000
12804 1115.000000 451.000000
12805 1137.000000 453.000000
12806 1160.000000 453.000000
12807 1215.000000 452.000000
12808 1238.000000 451.000000
12809 1260.000000 450.000000
12810 1282.000000 449.000000
12811 1305.000000 448.000000
12812 1327.000000 447.000000
12813 1349.000000 448.000000
12814 1383.000000 447.000000
12815 1405.000000 448.000000
12816 1427.000000 448.000000
12817 1461.000000 448.000000
12818 1483.000000 450.000000
12819 1517.000000 448.000000
12820 1550.000000 449.000000
12821 1572.000000 450.000000
12822 1617.000000 453.000000
12823 1639.000000 452.000000
12824 1673.000000 453.000000
12825 1695.000000 452.000000
12826 1717.000000 453.000000
12827 1740.000000 454.000000
12828 1763.000000 459.000000
12829 1785.000000 458.000000
12830 1807.000000 461.000000
12831 1829.000000 460.000000
12832 1852.000000 464.000000
12833 1907.000000 463.000000
12834 1930.000000 463.000000
12835 1952.000000 463.000000
12836 1974.000000 463.000000
12837 1997.000000 463.000000
12838 2019.000000 462.000000
12839 2041.000000 464.000000
12840 2063.000000 465.000000
12841 2086.000000 466.000000
12842 2109.000000 467.000000
12843 2131.000000 467.000000
12844 2153.000000 467.000000
12845 2175.000000 466.000000
12846 2198.000000 465.000000
12847 2220.000000 464.000000
12848 2243.000000 463.000000
12849 2265.000000 462.000000
12850 2287.000000 463.000000
12851 2309.000000 462.000000
12852 2332.000000 462.000000
12853 2354.000000 463.000000
12854 2377.000000 463.000000
12855 2399.000000 464.000000
12856 2421.000000 465.000000
12857 2443.000000 467.000000
12858 2466.000000 470.000000
12859 2489.000000 469.000000
12860 2511.000000 470.000000
12861 2533.000000 469.000000
12862 2555.000000 468.000000
12863 2577.000000 469.000000
12864 2600.000000 469.000000
12865 2623.000000 469.000000
12866 2645.000000 470.000000
12867 2667.000000 470.000000
12868 2690.000000 470.000000
12869 2712.000000 470.000000
12870 2734.000000 471.000000
12871 2757.000000 470.000000
12872 2779.000000 471.000000
12873 2801.000000 471.000000
12874 2823.000000 472.000000
12875 2868.000000 475.000000
12876 2890.000000 475.000000
12877 2913.000000 477.000000
12878 2946.000000 478.000000
12879 2969.000000 481.000000
12880 2991.000000 481.000000
12881 3013.000000 482.000000
12882 3036.000000 483.000000
12883 3069.000000 485.000000
12884 3092.000000 486.000000
12885 3114.000000 488.000000
12886 3136.000000 489.000000
12887 3159.000000 491.000000
12888 3192.000000 493.000000
12889 3214.000000 494.000000
12890 3237.000000 496.000000
12891 3259.000000 497.000000
12892 3281.000000 498.000000
12893 3304.000000 500.000000
12894 3326.000000 501.000000
12895 3348.000000 501.000000
12896 3370.000000 503.000000
12897 3393.000000 504.000000
12898 3415.000000 504.000000
12899 3437.000000 505.000000
12900 3460.000000 507.000000
12901 3482.000000 509.000000
12902 3504.000000 511.000000
12903 3526.000000 512.000000
12904 3549.000000 514.000000
12905 3571.000000 517.000000
12906 3593.000000 516.000000
12907 3616.000000 517.000000
12908 3638.000000 518.000000
12909 3660.000000 519.000000
12910 3683.000000 517.000000
12911 3705.000000 519.000000
12912 3727.000000 520.000000
12913 3750.000000 521.000000
12914 3772.000000 521.000000
12915 3795.000000 521.000000
12916 3817.000000 522.000000
12917 3839.000000 522.000000
12918 3861.000000 524.000000
12919 3894.000000 526.000000
12920 3917.000000 529.000000
12921 3939.000000 529.000000
12922 3962.000000 528.000000
12923 3984.000000 528.000000
12924 4006.000000 527.000000
12925 4029.000000 526.000000
12926 4051.000000 525.000000
12927 4073.000000 524.000000
12928 4096.000000 523.000000
12929 4118.000000 522.000000
12930 4140.000000 523.000000
12931 4162.000000 524.000000
12932 4185.000000 524.000000
12933 4207.000000 524.000000
12934 4229.000000 525.000000
12935 4252.000000 522.000000
12936 4274.000000 522.000000
12937 4296.000000 519.000000
12938 4319.000000 518.000000
12939 4341.000000 517.000000
12940 4363.000000 517.000000
12941 4386.000000 516.000000
12942 4407.000000 516.000000
12943 4430.000000 516.000000
12944 4452.000000 516.000000
12945 4475.000000 516.000000
12946 4497.000000 516.000000
12947 4519.000000 516.000000
12948 4542.000000 515.000000
12949 4564.000000 516.000000
12950 4586.000000 515.000000
12951 4609.000000 517.000000
12952 4631.000000 516.000000
12953 4653.000000 518.000000
12954 4676.000000 517.000000
12955 4698.000000 518.000000
12956 4720.000000 517.000000
12957 4753.000000 518.000000
12958 4844.000000 521.000000
12959 4865.000000 523.000000
12960 4910.000000 527.000000
12961 4993.000000 524.000000
12962 4988.000000 547.000000
12963 5010.000000 545.000000
12964 5033.000000 542.000000
12965 5055.000000 538.000000
12966 5078.000000 534.000000
12967 5099.000000 532.000000
12968 5122.000000 528.000000
12969 5145.000000 523.000000
12970 5167.000000 521.000000
12971 5189.000000 518.000000
12972 5212.000000 515.000000
12973 5234.000000 512.000000
12974 5257.000000 511.000000
12975 5279.000000 509.000000
12976 5301.000000 508.000000
12977 5323.000000 507.000000
12978 5346.000000 505.000000
12979 5368.000000 506.000000
12980 5390.000000 506.000000
12981 5413.000000 506.000000
12982 5435.000000 506.000000
12983 5457.000000 506.000000
12984 5480.000000 506.000000
12985 5502.000000 507.000000
12986 5525.000000 508.000000
12987 5547.000000 507.000000
12988 5569.000000 508.000000
12989 5592.000000 509.000000
12990 5614.000000 508.000000
12991 5658.000000 514.000000
12992 5681.000000 518.000000
12993 5703.000000 520.000000
12994 5726.000000 521.000000
12995 5748.000000 522.000000
12996 5770.000000 522.000000
12997 5804.000000 524.000000
12998 5826.000000 524.000000
12999 5848.000000 526.000000
13000 5871.000000 527.000000
13001 5893.000000 527.000000
13002 5927.000000 529.000000
13003 5949.000000 531.000000
13004 5972.000000 530.000000
13005 5993.000000 533.000000
13006 6027.000000 536.000000
13007 6049.000000 535.000000
13008 6072.000000 537.000000
13009 6094.000000 538.000000
13010 6116.000000 538.000000
13011 6139.000000 540.000000
13012 6161.000000 541.000000
13013 6195.000000 543.000000
13014 6217.000000 543.000000
13015 6239.000000 542.000000
13016 6262.000000 541.000000
13017 6284.000000 541.000000
13018 6307.000000 541.000000
13019 6329.000000 539.000000
13020 6351.000000 540.000000
13021 6373.000000 540.000000
13022 6396.000000 540.000000
13023 6418.000000 541.000000
13024 6440.000000 540.000000
13025 6463.000000 539.000000
13026 6485.000000 538.000000
13027 6507.000000 537.000000
13028 6541.000000 535.000000
13029 6563.000000 532.000000
13030 6585.000000 532.000000
13031 6608.000000 529.000000
13032 6630.000000 527.000000
13033 6653.000000 527.000000
13034 6686.000000 525.000000
13035 6708.000000 525.000000
13036 6730.000000 523.000000
13037 6753.000000 524.000000
13038 6797.000000 525.000000
13039 6820.000000 525.000000
13040 6842.000000 525.000000
13041 6865.000000 526.000000
13042 6887.000000 526.000000
13043 6909.000000 527.000000
13044 6988.000000 534.000000
13045 7010.000000 535.000000
13046 7043.000000 543.000000
13047 7077.000000 545.000000
13048 7099.000000 547.000000
13049 7121.000000 547.000000
13050 7144.000000 544.000000
13051 7166.000000 542.000000
13052 7188.000000 540.000000
13053 7211.000000 537.000000
13054 7233.000000 536.000000
13055 7255.000000 535.000000
13056 7277.000000 534.000000
13057 7300.000000 531.000000
13058 7322.000000 528.000000
13059 7345.000000 526.000000
13060 7367.000000 525.000000
13061 7401.000000 521.000000
13062 7423.000000 519.000000
13063 7456.000000 516.000000
13064 7490.000000 512.000000
13065 7474.000000 584.000000
13066 7535.000000 509.000000
13067 7568.000000 506.000000
13068 7590.000000 504.000000
13069 7613.000000 502.000000
13070 7635.000000 502.000000
13071 7657.000000 500.000000
13072 7702.000000 497.000000
13073 7724.000000 495.000000
13074 7747.000000 493.000000
13075 7769.000000 493.000000
13076 7791.000000 492.000000
13077 7814.000000 491.000000
13078 7836.000000 489.000000
13079 7870.000000 489.000000
13080 7892.000000 487.000000
13081 7914.000000 485.000000
13082 7937.000000 486.000000
13083 7959.000000 484.000000
13084 7981.000000 483.000000
13085 8003.000000 484.000000
13086 8026.000000 483.000000
13087 8048.000000 483.000000
13088 8070.000000 483.000000
13089 8092.000000 483.000000
13090 8115.000000 483.000000
13091 8137.000000 483.000000
13092 8160.000000 485.000000
13093 8182.000000 489.000000
13094 8204.000000 489.000000
13095 8227.000000 486.000000
13096 8249.000000 483.000000
13097 8271.000000 480.000000
13098 8294.000000 477.000000
13099 8316.000000 476.000000
13100 8338.000000 475.000000
13101 8361.000000 472.000000
13102 8383.000000 471.000000
13103 8406.000000 471.000000
13104 8428.000000 470.000000
13105 8450.000000 469.000000
13106 8472.000000 469.000000
13107 8495.000000 468.000000
13108 8517.000000 468.000000
13109 8540.000000 468.000000
13110 8561.000000 469.000000
13111 8584.000000 469.000000
13112 8606.000000 469.000000
13113 8629.000000 469.000000
13114 8651.000000 470.000000
13115 8673.000000 471.000000
13116 8696.000000 470.000000
13117 8718.000000 471.000000
13118 8740.000000 472.000000
13119 8763.000000 472.000000
13120 8785.000000 473.000000
13121 8808.000000 475.000000
13122 8830.000000 475.000000
13123 8852.000000 475.000000
13124 8874.000000 475.000000
13125 8897.000000 475.000000
13126 8919.000000 476.000000
13127 8942.000000 477.000000
13128 8964.000000 478.000000
13129 8986.000000 478.000000
13130 9008.000000 478.000000
13131 9030.000000 479.000000
13132 9053.000000 479.000000
13133 9076.000000 479.000000
13134 9098.000000 480.000000
13135 9120.000000 481.000000
13136 9142.000000 481.000000
13137 9165.000000 482.000000
13138 9187.000000 481.000000
13139 9210.000000 480.000000
13140 9232.000000 481.000000
13141 9254.000000 481.000000
13142 9276.000000 482.000000
13143 9299.000000 481.000000
13144 9321.000000 483.000000
13145 9344.000000 486.000000
13146 9366.000000 491.000000
13147 9388.000000 493.000000
13148 9411.000000 493.000000
13149 9433.000000 494.000000
13150 9455.000000 494.000000
13151 9478.000000 494.000000
13152 9500.000000 495.000000
13153 9523.000000 494.000000
13154 9545.000000 495.000000
13155 9567.000000 494.000000
13156 9589.000000 495.000000
13157 9612.000000 496.000000
13158 9634.000000 495.000000
13159 9657.000000 495.000000
13160 9679.000000 494.000000
13161 9702.000000 493.000000
13162 9724.000000 493.000000
13163 9746.000000 492.000000
13164 9769.000000 490.000000
13165 9791.000000 489.000000
13166 9814.000000 488.000000
13167 9835.000000 488.000000
13168 9858.000000 488.000000
13169 9880.000000 487.000000
13170 9902.000000 487.000000
13171 9925.000000 487.000000
13172 9948.000000 488.000000
13173 9969.000000 489.000000
13174 9992.000000 488.000000
13175 10015.000000 489.000000
13176 10036.000000 489.000000
13177 10059.000000 489.000000
13178 10081.000000 490.000000
13179 10104.000000 489.000000
13180 10126.000000 490.000000
13181 10148.000000 492.000000
13182 10170.000000 494.000000
13183 10193.000000 497.000000
13184 10215.000000 499.000000
13185 10237.000000 500.000000
13186 10282.000000 505.000000
13187 10304.000000 507.000000
13188 10327.000000 508.000000
13189 10349.000000 507.000000
13190 10371.000000 508.000000
13191 10394.000000 506.000000
13192 10416.000000 504.000000
13193 10438.000000 502.000000
13194 10461.000000 498.000000
13195 10483.000000 497.000000
13196 10506.000000 494.000000
13197 10527.000000 492.000000
13198 10550.000000 489.000000
13199 10572.000000 487.000000
13200 10595.000000 484.000000
13201 10617.000000 482.000000
13202 10639.000000 480.000000
13203 10661.000000 477.000000
13204 10684.000000 474.000000
13205 10706.000000 473.000000
13206 10728.000000 473.000000
13207 10751.000000 472.000000
13208 10773.000000 472.000000
13209 10796.000000 470.000000
13210 10818.000000 470.000000
13211 10840.000000 469.000000
13212 10863.000000 468.000000
13213 10885.000000 467.000000
13214 10907.000000 468.000000
13215 10929.000000 466.000000
13216 10952.000000 466.000000
13217 10974.000000 466.000000
13218 10996.000000 466.000000
13219 11019.000000 466.000000
13220 11041.000000 467.000000
13221 11063.000000 468.000000
13222 11085.000000 469.000000
13223 11108.000000 470.000000
13224 11131.000000 470.000000
13225 11152.000000 471.000000
13226 11175.000000 470.000000
13227 11197.000000 470.000000
13228 11219.000000 470.000000
13229 11242.000000 471.000000
13230 11264.000000 473.000000
13231 11286.000000 472.000000
13232 11309.000000 473.000000
13233 11376.000000 475.000000
13234 11398.000000 476.000000
13235 11421.000000 473.000000
13236 11443.000000 471.000000
13237 11465.000000 469.000000
13238 11487.000000 466.000000
13239 11510.000000 463.000000
13240 11532.000000 460.000000
13241 11555.000000 457.000000
13242 11577.000000 454.000000
13243 11599.000000 451.000000
13244 11621.000000 449.000000
13245 11644.000000 446.000000
13246 11666.000000 443.000000
13247 11689.000000 443.000000
13248 11711.000000 442.000000
13249 11733.000000 441.000000
13250 11756.000000 441.000000
13251 11778.000000 441.000000
13252 11800.000000 442.000000
13253 11822.000000 441.000000
13254 11845.000000 442.000000
13255 11867.000000 443.000000
13256 11890.000000 443.000000
13257 11912.000000 445.000000
13258 11935.000000 447.000000
13259 11957.000000 445.000000
13260 11979.000000 443.000000
13261 12002.000000 440.000000
13262 12024.000000 437.000000
13263 12046.000000 434.000000
13264 12069.000000 430.000000
13265 12091.000000 426.000000
13266 12114.000000 423.000000
13267 12136.000000 420.000000
13268 12158.000000 418.000000
13269 12181.000000 415.000000
13270 12203.000000 414.000000
13271 12225.000000 412.000000
13272 12248.000000 411.000000
13273 12270.000000 411.000000
13274 12293.000000 411.000000
13275 12315.000000 411.000000
13276 12337.000000 411.000000
13277 12360.000000 410.000000
13278 12382.000000 411.000000
13279 12404.000000 412.000000
13280 12427.000000 414.000000
13281 12449.000000 415.000000
13282 12471.000000 417.000000
13283 12494.000000 418.000000
13284 12516.000000 419.000000
13285 12539.000000 419.000000
13286 12561.000000 420.000000
13287 12583.000000 420.000000
13288 12605.000000 420.000000
13289 12628.000000 421.000000
13290 12650.000000 422.000000
13291 12672.000000 422.000000
13292 12695.000000 419.000000
13293 12717.000000 419.000000
13294 12740.000000 418.000000
13295 12762.000000 417.000000
13296 12785.000000 417.000000
13297 12807.000000 418.000000
13298 12829.000000 418.000000
13299 12851.000000 418.000000
13300 12874.000000 418.000000
13301 12896.000000 417.000000
13302 12919.000000 417.000000
13303 12941.000000 416.000000
13304 12963.000000 416.000000
13305 12985.000000 417.000000
13306 13008.000000 416.000000
13307 13030.000000 416.000000
13308 13053.000000 416.000000
13309 13075.000000 417.000000
13310 13097.000000 417.000000
13311 13120.000000 420.000000
13312 13142.000000 420.000000
13313 13164.000000 421.000000
13314 13186.000000 422.000000
13315 13209.000000 422.000000
13316 13231.000000 421.000000
13317 13254.000000 420.000000
13318 13276.000000 419.000000
13319 13298.000000 418.000000
13320 13320.000000 418.000000
13321 13343.000000 419.000000
13322 13365.000000 419.000000
13323 13388.000000 420.000000
13324 13410.000000 421.000000
13325 13432.000000 423.000000
13326 13455.000000 424.000000
13327 13477.000000 425.000000
13328 13499.000000 428.000000
13329 13521.000000 429.000000
13330 13544.000000 431.000000
13331 13566.000000 432.000000
13332 13588.000000 433.000000
13333 13611.000000 435.000000
13334 13632.000000 435.000000
13335 13655.000000 434.000000
13336 13677.000000 436.000000
13337 13700.000000 437.000000
13338 13745.000000 439.000000
13339 13767.000000 437.000000
13340 13789.000000 436.000000
13341 13811.000000 434.000000
13342 13834.000000 435.000000
13343 13856.000000 433.000000
13344 13878.000000 434.000000
13345 13900.000000 434.000000
13346 13923.000000 434.000000
13347 13945.000000 435.000000
13348 13967.000000 435.000000
13349 14001.000000 470.000000
13350 14058.000000 436.000000
13351 14079.000000 434.000000
13352 14101.000000 434.000000
13353 14124.000000 435.000000
13354 14146.000000 438.000000
13355 14180.000000 446.000000
13356 14202.000000 446.000000
13357 14224.000000 442.000000
13358 14246.000000 439.000000
13359 14268.000000 435.000000
13360 14291.000000 430.000000
13361 14313.000000 425.000000
13362 14336.000000 421.000000
13363 14358.000000 417.000000
13364 14380.000000 414.000000
13365 14403.000000 410.000000
13366 14425.000000 407.000000
13367 14447.000000 404.000000
13368 14470.000000 399.000000
13369 14492.000000 397.000000
13370 14515.000000 393.000000
13371 14537.000000 390.000000
13372 14559.000000 388.000000
13373 14581.000000 385.000000
13374 14604.000000 383.000000
13375 14626.000000 381.000000
13376 14649.000000 380.000000
13377 14671.000000 377.000000
13378 14693.000000 377.000000
13379 14716.000000 376.000000
13380 14738.000000 370.000000
13381 14760.000000 366.000000
13382 14783.000000 362.000000
13383 14805.000000 359.000000
13384 14828.000000 353.000000
13385 14850.000000 350.000000
13386 14872.000000 348.000000
13387 14895.000000 345.000000
13388 14917.000000 344.000000
13389 14939.000000 342.000000
13390 14961.000000 342.000000
13391 14984.000000 340.000000
13392 15007.000000 339.000000
13393 15029.000000 338.000000
13394 15051.000000 338.000000
13395 15073.000000 338.000000
13396 15095.000000 338.000000
13397 15118.000000 336.000000
13398 15141.000000 336.000000
13399 15163.000000 336.000000
13400 15185.000000 336.000000
13401 15208.000000 336.000000
13402 15230.000000 337.000000
13403 15252.000000 336.000000
13404 15274.000000 336.000000
13405 15297.000000 337.000000
13406 15319.000000 337.000000
13407 15342.000000 336.000000
13408 15364.000000 338.000000
13409 15387.000000 337.000000
13410 15409.000000 338.000000
13411 15431.000000 338.000000
13412 15454.000000 337.000000
13413 15476.000000 335.000000
13414 15498.000000 334.000000
13415 15521.000000 331.000000
13416 15543.000000 331.000000
13417 15565.000000 330.000000
13418 15588.000000 330.000000
13419 15610.000000 329.000000
13420 15632.000000 330.000000
13421 15655.000000 330.000000
13422 15677.000000 329.000000
13423 15700.000000 327.000000
13424 15722.000000 326.000000
13425 15744.000000 325.000000
13426 15767.000000 324.000000
13427 15789.000000 324.000000
13428 15811.000000 323.000000
13429 15834.000000 323.000000
13430 15856.000000 323.000000
13431 15878.000000 323.000000
13432 15901.000000 323.000000
13433 15923.000000 322.000000
13434 15945.000000 318.000000
13435 15968.000000 314.000000
13436 15990.000000 312.000000
13437 16013.000000 309.000000
13438 16035.000000 307.000000
13439 16057.000000 306.000000
13440 16079.000000 305.000000
13441 16102.000000 304.000000
13442 16124.000000 303.000000
13443 16147.000000 303.000000
13444 16169.000000 301.000000
13445 16191.000000 299.000000
13446 16214.000000 299.000000
13447 16236.000000 298.000000
13448 16258.000000 298.000000
13449 16281.000000 296.000000
13450 16303.000000 296.000000
13451 16325.000000 294.000000
13452 16347.000000 294.000000
13453 16370.000000 293.000000
13454 16392.000000 291.000000
13455 16415.000000 290.000000
13456 16437.000000 289.000000
13457 16460.000000 289.000000
13458 16481.000000 288.000000
13459 16504.000000 288.000000
13460 16526.000000 289.000000
13461 16549.000000 288.000000
13462 16571.000000 288.000000
13463 16593.000000 288.000000
13464 16616.000000 287.000000
13465 16638.000000 286.000000
13466 16660.000000 285.000000
13467 16682.000000 286.000000
13468 16705.000000 285.000000
13469 16727.000000 284.000000
13470 16750.000000 284.000000
13471 16772.000000 283.000000
13472 16794.000000 281.000000
13473 16817.000000 279.000000
13474 16839.000000 277.000000
13475 16861.000000 276.000000
13476 16884.000000 273.000000
13477 16906.000000 271.000000
13478 16929.000000 269.000000
13479 16951.000000 268.000000
13480 16973.000000 267.000000
13481 16996.000000 265.000000
13482 17018.000000 264.000000
13483 17040.000000 262.000000
13484 17062.000000 260.000000
13485 17085.000000 259.000000
13486 17107.000000 258.000000
13487 17129.000000 257.000000
13488 17152.000000 256.000000
13489 17174.000000 254.000000
13490 17197.000000 253.000000
13491 17219.000000 252.000000
13492 17241.000000 252.000000
13493 17263.000000 251.000000
13494 17286.000000 252.000000
13495 17308.000000 252.000000
13496 17331.000000 252.000000
13497 17353.000000 251.000000
13498 17375.000000 248.000000
13499 17398.000000 246.000000
13500 17420.000000 244.000000
13501 17442.000000 242.000000
13502 17464.000000 239.000000
13503 17487.000000 236.000000
13504 17509.000000 235.000000
13505 17531.000000 234.000000
13506 17554.000000 233.000000
13507 17576.000000 233.000000
13508 17598.000000 233.000000
13509 17621.000000 232.000000
13510 17643.000000 233.000000
13511 17665.000000 233.000000
13512 17688.000000 232.000000
13513 17710.000000 232.000000
13514 17733.000000 230.000000
13515 17754.000000 230.000000
13516 17777.000000 227.000000
13517 17799.000000 226.000000
13518 17821.000000 225.000000
13519 17844.000000 223.000000
13520 17866.000000 222.000000
13521 17889.000000 221.000000
13522 17911.000000 220.000000
13523 17933.000000 219.000000
13524 17956.000000 218.000000
13525 17978.000000 218.000000
13526 18001.000000 217.000000
13527 18022.000000 217.000000
13528 18045.000000 216.000000
13529 18067.000000 216.000000
13530 18090.000000 214.000000
13531 18112.000000 214.000000
13532 18135.000000 213.000000
13533 18157.000000 212.000000
13534 18179.000000 211.000000
13535 18202.000000 210.000000
13536 18224.000000 209.000000
13537 18246.000000 207.000000
13538 18269.000000 205.000000
13539 18291.000000 204.000000
13540 18313.000000 203.000000
13541 18336.000000 202.000000
13542 18358.000000 204.000000
13543 18380.000000 204.000000
13544 18402.000000 205.000000
13545 18425.000000 204.000000
13546 18448.000000 205.000000
13547 18470.000000 204.000000
13548 18492.000000 202.000000
13549 18514.000000 202.000000
13550 18537.000000 200.000000
13551 18559.000000 199.000000
13552 18581.000000 198.000000
13553 18604.000000 197.000000
13554 18626.000000 196.000000
13555 18648.000000 194.000000
13556 18671.000000 192.000000
13557 18693.000000 190.000000
13558 18716.000000 187.000000
13559 18738.000000 185.000000
13560 18760.000000 182.000000
13561 18783.000000 179.000000
13562 18805.000000 177.000000
13563 18827.000000 175.000000
13564 18850.000000 174.000000
13565 18872.000000 173.000000
13566 18895.000000 171.000000
13567 18917.000000 170.000000
13568 18940.000000 170.000000
13569 18961.000000 169.000000
13570 18984.000000 169.000000
13571 19006.000000 168.000000
13572 19029.000000 168.000000
13573 19051.000000 166.000000
13574 19074.000000 164.000000
13575 19096.000000 164.000000
13576 19118.000000 164.000000
13577 19140.000000 163.000000
13578 19163.000000 161.000000
13579 19185.000000 160.000000
13580 19208.000000 158.000000
13581 19230.000000 156.000000
13582 19252.000000 155.000000
13583 19275.000000 152.000000
13584 19297.000000 152.000000
13585 19320.000000 150.000000
13586 19342.000000 150.000000
13587 19364.000000 149.000000
13588 19386.000000 148.000000
13589 19409.000000 147.000000
13590 19431.000000 147.000000
13591 19454.000000 147.000000
13592 19476.000000 146.000000
13593 19498.000000 146.000000
13594 19521.000000 146.000000
13595 19543.000000 145.000000
13596 19565.000000 145.000000
13597 19588.000000 144.000000
13598 19610.000000 145.000000
13599 19632.000000 144.000000
13600 19655.000000 143.000000
13601 19677.000000 143.000000
13602 19699.000000 144.000000
13603 19722.000000 143.000000
13604 19744.000000 142.000000
13605 19766.000000 141.000000
13606 19789.000000 140.000000
13607 19811.000000 138.000000
13608 19834.000000 135.000000
13609 19856.000000 133.000000
13610 19878.000000 132.000000
13611 19900.000000 130.000000
13612 19923.000000 129.000000
13613 19945.000000 127.000000
13614 19967.000000 126.000000
13615 19977.000000 71.000000
13616 19954.000000 66.000000
13617 19935.000000 343.000000
13618 19987.000000 229.000000
13619 34.000000 734.000000
13620 171.000000 918.000000
13621 106.000000 812.000000
13622 109.000000 829.000000
13623 284.000000 855.000000
13624 307.000000 858.000000
13625 328.000000 863.000000
13626 372.000000 869.000000
13627 395.000000 876.000000
13628 418.000000 878.000000
13629 440.000000 887.000000
13630 462.000000 888.000000
13631 484.000000 888.000000
13632 506.000000 888.000000
13633 529.000000 888.000000
13634 551.000000 888.000000
13635 573.000000 887.000000
13636 596.000000 886.000000
13637 618.000000 886.000000
13638 640.000000 886.000000
13639 663.000000 885.000000
13640 685.000000 884.000000
13641 707.000000 883.000000
13642 729.000000 881.000000
13643 752.000000 880.000000
13644 774.000000 878.000000
13645 797.000000 876.000000
13646 819.000000 875.000000
13647 842.000000 873.000000
13648 864.000000 871.000000
13649 886.000000 870.000000
13650 908.000000 868.000000
13651 930.000000 867.000000
13652 953.000000 864.000000
13653 975.000000 863.000000
13654 998.000000 860.000000
13655 1020.000000 858.000000
13656 1042.000000 857.000000
13657 1065.000000 854.000000
13658 1087.000000 851.000000
13659 1110.000000 849.000000
13660 1132.000000 846.000000
13661 1154.000000 844.000000
13662 1176.000000 842.000000
13663 1199.000000 841.000000
13664 1221.000000 841.000000
13665 1244.000000 841.000000
13666 1266.000000 842.000000
13667 1288.000000 844.000000
13668 1311.000000 846.000000
13669 1333.000000 848.000000
13670 1355.000000 850.000000
13671 1378.000000 851.000000
13672 1400.000000 851.000000
13673 1422.000000 853.000000
13674 1445.000000 854.000000
13675 1478.000000 855.000000
13676 1501.000000 858.000000
13677 1523.000000 859.000000
13678 1545.000000 861.000000
13679 1567.000000 862.000000
13680 1590.000000 862.000000
13681 1612.000000 864.000000
13682 1635.000000 865.000000
13683 1669.000000 865.000000
13684 1690.000000 866.000000
13685 1713.000000 864.000000
13686 1747.000000 864.000000
13687 1768.000000 863.000000
13688 1791.000000 862.000000
13689 1813.000000 860.000000
13690 1836.000000 858.000000
13691 1858.000000 858.000000
13692 1880.000000 858.000000
13693 1903.000000 857.000000
13694 1925.000000 858.000000
13695 1948.000000 858.000000
13696 1970.000000 860.000000
13697 1992.000000 862.000000
13698 2014.000000 864.000000
13699 2037.000000 865.000000
13700 2059.000000 867.000000
13701 2082.000000 868.000000
13702 2104.000000 868.000000
13703 2126.000000 871.000000
13704 2148.000000 873.000000
13705 2171.000000 873.000000
13706 2193.000000 876.000000
13707 2215.000000 878.000000
13708 2238.000000 879.000000
13709 2260.000000 880.000000
13710 2282.000000 882.000000
13711 2305.000000 883.000000
13712 2327.000000 883.000000
13713 2349.000000 884.000000
13714 2372.000000 884.000000
13715 2394.000000 886.000000
13716 2416.000000 888.000000
13717 2439.000000 888.000000
13718 2461.000000 890.000000
13719 2483.000000 891.000000
13720 2506.000000 891.000000
13721 2528.000000 893.000000
13722 2550.000000 895.000000
13723 2573.000000 897.000000
13724 2595.000000 897.000000
13725 2617.000000 899.000000
13726 2639.000000 901.000000
13727 2662.000000 901.000000
13728 2684.000000 903.000000
13729 2706.000000 904.000000
13730 2729.000000 904.000000
13731 2751.000000 906.000000
13732 2773.000000 906.000000
13733 2796.000000 905.000000
13734 2818.000000 906.000000
13735 2840.000000 906.000000
13736 2863.000000 906.000000
13737 2885.000000 907.000000
13738 2907.000000 906.000000
13739 2930.000000 906.000000
13740 2952.000000 907.000000
13741 2974.000000 908.000000
13742 2997.000000 909.000000
13743 3019.000000 910.000000
13744 3041.000000 910.000000
13745 3064.000000 912.000000
13746 3086.000000 913.000000
13747 3108.000000 915.000000
13748 3131.000000 916.000000
13749 3153.000000 917.000000
13750 3175.000000 918.000000
13751 3197.000000 919.000000
13752 3219.000000 919.000000
13753 3242.000000 919.000000
13754 3264.000000 919.000000
13755 3287.000000 920.000000
13756 3309.000000 921.000000
13757 3331.000000 921.000000
13758 3354.000000 922.000000
13759 3376.000000 923.000000
13760 3398.000000 924.000000
13761 3421.000000 924.000000
13762 3443.000000 924.000000
13763 3465.000000 924.000000
13764 3488.000000 925.000000
13765 3510.000000 925.000000
13766 3532.000000 925.000000
13767 3554.000000 926.000000
13768 3576.000000 926.000000
13769 3599.000000 926.000000
13770 3621.000000 926.000000
13771 3644.000000 925.000000
13772 3666.000000 924.000000
13773 3688.000000 924.000000
13774 3711.000000 924.000000
13775 3733.000000 925.000000
13776 3755.000000 925.000000
13777 3777.000000 924.000000
13778 3800.000000 924.000000
13779 3822.000000 923.000000
13780 3844.000000 923.000000
13781 3867.000000 923.000000
13782 3889.000000 922.000000
13783 3912.000000 922.000000
13784 3934.000000 920.000000
13785 3956.000000 920.000000
13786 3978.000000 918.000000
13787 4001.000000 916.000000
13788 4023.000000 915.000000
13789 4046.000000 913.000000
13790 4068.000000 912.000000
13791 4090.000000 911.000000
13792 4112.000000 910.000000
13793 4135.000000 909.000000
13794 4157.000000 909.000000
13795 4179.000000 910.000000
13796 4202.000000 912.000000
13797 4224.000000 914.000000
13798 4246.000000 916.000000
13799 4269.000000 914.000000
13800 4291.000000 913.000000
13801 4313.000000 911.000000
13802 4336.000000 908.000000
13803 4358.000000 908.000000
13804 4380.000000 908.000000
13805 4403.000000 904.000000
13806 4425.000000 906.000000
13807 4447.000000 905.000000
13808 4470.000000 905.000000
13809 4492.000000 906.000000
13810 4515.000000 907.000000
13811 4537.000000 907.000000
13812 4559.000000 910.000000
13813 4581.000000 912.000000
13814 4603.000000 914.000000
13815 4626.000000 916.000000
13816 4648.000000 913.000000
13817 4671.000000 910.000000
13818 4693.000000 907.000000
13819 4715.000000 905.000000
13820 4738.000000 902.000000
13821 4760.000000 899.000000
13822 4783.000000 895.000000
13823 4805.000000 895.000000
13824 4827.000000 895.000000
13825 4849.000000 896.000000
13826 4872.000000 895.000000
13827 4894.000000 897.000000
13828 4916.000000 900.000000
13829 4940.000000 901.000000
13830 4962.000000 901.000000
13831 4984.000000 900.000000
13832 5006.000000 900.000000
13833 5028.000000 902.000000
13834 5051.000000 900.000000
13835 5084.000000 908.000000
13836 5107.000000 907.000000
13837 5128.000000 907.000000
13838 5151.000000 907.000000
13839 5173.000000 905.000000
13840 5196.000000 905.000000
13841 5218.000000 903.000000
13842 5241.000000 900.000000
13843 5263.000000 898.000000
13844 5285.000000 896.000000
13845 5307.000000 894.000000
13846 5330.000000 890.000000
13847 5352.000000 889.000000
13848 5375.000000 885.000000
13849 5397.000000 883.000000
13850 5420.000000 880.000000
13851 5442.000000 877.000000
13852 5464.000000 876.000000
13853 5487.000000 874.000000
13854 5509.000000 872.000000
13855 5531.000000 871.000000
13856 5553.000000 872.000000
13857 5576.000000 871.000000
13858 5598.000000 871.000000
13859 5621.000000 871.000000
13860 5643.000000 871.000000
13861 5665.000000 872.000000
13862 5688.000000 871.000000
13863 5710.000000 872.000000
13864 5732.000000 871.000000
13865 5755.000000 870.000000
13866 5777.000000 871.000000
13867 5799.000000 871.000000
13868 5822.000000 870.000000
13869 5844.000000 869.000000
13870 5866.000000 869.000000
13871 5889.000000 868.000000
13872 5911.000000 869.000000
13873 5934.000000 867.000000
13874 5956.000000 867.000000
13875 5978.000000 867.000000
13876 6000.000000 866.000000
13877 6023.000000 865.000000
13878 6045.000000 864.000000
13879 6067.000000 863.000000
13880 6090.000000 862.000000
13881 6112.000000 861.000000
13882 6134.000000 860.000000
13883 6157.000000 859.000000
13884 6179.000000 858.000000
13885 6201.000000 857.000000
13886 6223.000000 856.000000
13887 6246.000000 855.000000
13888 6268.000000 853.000000
13889 6291.000000 852.000000
13890 6313.000000 851.000000
13891 6336.000000 850.000000
13892 6358.000000 849.000000
13893 6380.000000 848.000000
13894 6402.000000 849.000000
13895 6424.000000 850.000000
13896 6446.000000 849.000000
13897 6469.000000 847.000000
13898 6492.000000 844.000000
13899 6514.000000 842.000000
13900 6536.000000 839.000000
13901 6558.000000 836.000000
13902 6581.000000 834.000000
13903 6603.000000 831.000000
13904 6626.000000 828.000000
13905 6648.000000 828.000000
13906 6670.000000 827.000000
13907 6693.000000 826.000000
13908 6715.000000 825.000000
13909 6737.000000 823.000000
13910 6759.000000 823.000000
13911 6782.000000 823.000000
13912 6804.000000 822.000000
13913 6826.000000 821.000000
13914 6849.000000 823.000000
13915 6871.000000 823.000000
13916 6894.000000 822.000000
13917 6916.000000 821.000000
13918 6938.000000 821.000000
13919 6960.000000 821.000000
13920 6982.000000 822.000000
13921 7005.000000 823.000000
13922 7038.000000 824.000000
13923 7061.000000 824.000000
13924 7083.000000 824.000000
13925 7106.000000 823.000000
13926 7128.000000 825.000000
13927 7150.000000 826.000000
13928 7172.000000 827.000000
13929 7195.000000 826.000000
13930 7217.000000 826.000000
13931 7239.000000 825.000000
13932 7262.000000 824.000000
13933 7284.000000 822.000000
13934 7306.000000 820.000000
13935 7329.000000 818.000000
13936 7351.000000 817.000000
13937 7373.000000 816.000000
13938 7395.000000 814.000000
13939 7418.000000 813.000000
13940 7440.000000 811.000000
13941 7463.000000 810.000000
13942 7485.000000 808.000000
13943 7507.000000 806.000000
13944 7530.000000 804.000000
13945 7552.000000 802.000000
13946 7574.000000 800.000000
13947 7597.000000 799.000000
13948 7619.000000 798.000000
13949 7641.000000 798.000000
13950 7664.000000 797.000000
13951 7686.000000 798.000000
13952 7708.000000 798.000000
13953 7730.000000 797.000000
13954 7753.000000 797.000000
13955 7787.000000 796.000000
13956 7809.000000 797.000000
13957 7831.000000 796.000000
13958 7853.000000 795.000000
13959 7876.000000 794.000000
13960 7898.000000 794.000000
13961 7921.000000 793.000000
13962 7943.000000 793.000000
13963 7966.000000 793.000000
13964 7988.000000 794.000000
13965 8010.000000 793.000000
13966 8033.000000 793.000000
13967 8054.000000 793.000000
13968 8077.000000 793.000000
13969 8100.000000 793.000000
13970 8122.000000 794.000000
13971 8144.000000 793.000000
13972 8166.000000 792.000000
13973 8189.000000 791.000000
13974 8211.000000 790.000000
13975 8234.000000 791.000000
13976 8267.000000 790.000000
13977 8290.000000 789.000000
13978 8312.000000 789.000000
13979 8334.000000 788.000000
13980 8356.000000 787.000000
13981 8379.000000 785.000000
13982 8401.000000 786.000000
13983 8424.000000 786.000000
13984 8446.000000 786.000000
13985 8468.000000 786.000000
13986 8491.000000 786.000000
13987 8513.000000 785.000000
13988 8535.000000 786.000000
13989 8557.000000 787.000000
13990 8580.000000 787.000000
13991 8602.000000 787.000000
13992 8625.000000 789.000000
13993 8647.000000 789.000000
13994 8669.000000 789.000000
13995 8692.000000 791.000000
13996 8714.000000 792.000000
13997 8736.000000 793.000000
13998 8759.000000 795.000000
13999 8781.000000 800.000000
14000 8803.000000 804.000000
14001 8826.000000 806.000000
14002 8848.000000 812.000000
14003 8870.000000 815.000000
14004 8892.000000 818.000000
14005 8915.000000 817.000000
14006 8938.000000 812.000000
14007 8960.000000 808.000000
14008 8982.000000 804.000000
14009 9005.000000 800.000000
14010 9027.000000 796.000000
14011 9049.000000 795.000000
14012 9072.000000 793.000000
14013 9094.000000 790.000000
14014 9116.000000 788.000000
14015 9138.000000 787.000000
14016 9161.000000 785.000000
14017 9183.000000 784.000000
14018 9206.000000 782.000000
14019 9228.000000 781.000000
14020 9251.000000 780.000000
14021 9272.000000 780.000000
14022 9295.000000 778.000000
14023 9317.000000 778.000000
14024 9340.000000 776.000000
14025 9362.000000 775.000000
14026 9385.000000 775.000000
14027 9407.000000 774.000000
14028 9429.000000 774.000000
14029 9451.000000 773.000000
14030 9474.000000 773.000000
14031 9496.000000 772.000000
14032 9518.000000 771.000000
14033 9541.000000 771.000000
14034 9563.000000 770.000000
14035 9585.000000 769.000000
14036 9607.000000 769.000000
14037 9630.000000 768.000000
14038 9652.000000 767.000000
14039 9675.000000 766.000000
14040 9697.000000 765.000000
14041 9719.000000 764.000000
14042 9742.000000 763.000000
14043 9764.000000 762.000000
14044 9786.000000 761.000000
14045 9808.000000 760.000000
14046 9831.000000 759.000000
14047 9853.000000 757.000000
14048 9876.000000 756.000000
14049 9898.000000 755.000000
14050 9920.000000 754.000000
14051 9942.000000 752.000000
14052 9976.000000 749.000000
14053 9998.000000 747.000000
14054 10021.000000 746.000000
14055 10043.000000 744.000000
14056 10066.000000 743.000000
14057 10087.000000 741.000000
14058 10121.000000 739.000000
14059 10144.000000 737.000000
14060 10166.000000 735.000000
14061 10188.000000 733.000000
14062 10210.000000 732.000000
14063 10232.000000 731.000000
14064 10266.000000 731.000000
14065 10288.000000 732.000000
14066 10311.000000 731.000000
14067 10333.000000 734.000000
14068 10355.000000 733.000000
14069 10378.000000 734.000000
14070 10400.000000 734.000000
14071 10423.000000 734.000000
14072 10456.000000 734.000000
14073 10478.000000 734.000000
14074 10500.000000 735.000000
14075 10524.000000 735.000000
14076 10545.000000 734.000000
14077 10568.000000 734.000000
14078 10590.000000 735.000000
14079 10612.000000 734.000000
14080 10635.000000 736.000000
14081 10657.000000 736.000000
14082 10679.000000 736.000000
14083 10702.000000 737.000000
14084 10724.000000 738.000000
14085 10746.000000 739.000000
14086 10769.000000 739.000000
14087 10791.000000 740.000000
14088 10813.000000 739.000000
14089 10836.000000 737.000000
14090 10858.000000 736.000000
14091 10880.000000 734.000000
14092 10902.000000 733.000000
14093 10925.000000 731.000000
14094 10947.000000 730.000000
14095 10970.000000 729.000000
14096 10992.000000 728.000000
14097 11014.000000 727.000000
14098 11037.000000 726.000000
14099 11059.000000 726.000000
14100 11082.000000 724.000000
14101 11104.000000 724.000000
14102 11126.000000 722.000000
14103 11149.000000 721.000000
14104 11170.000000 721.000000
14105 11193.000000 719.000000
14106 11216.000000 718.000000
14107 11238.000000 718.000000
14108 11260.000000 717.000000
14109 11282.000000 718.000000
14110 11305.000000 719.000000
14111 11327.000000 719.000000
14112 11349.000000 719.000000
14113 11372.000000 718.000000
14114 11394.000000 716.000000
14115 11416.000000 714.000000
14116 11439.000000 711.000000
14117 11461.000000 709.000000
14118 11484.000000 706.000000
14119 11506.000000 705.000000
14120 11528.000000 704.000000
14121 11551.000000 702.000000
14122 11573.000000 701.000000
14123 11596.000000 700.000000
14124 11618.000000 699.000000
14125 11641.000000 697.000000
14126 11662.000000 697.000000
14127 11685.000000 697.000000
14128 11708.000000 696.000000
14129 11730.000000 695.000000
14130 11752.000000 695.000000
14131 11774.000000 695.000000
14132 11797.000000 694.000000
14133 11819.000000 693.000000
14134 11841.000000 690.000000
14135 11864.000000 689.000000
14136 11886.000000 687.000000
14137 11909.000000 685.000000
14138 11931.000000 683.000000
14139 11953.000000 681.000000
14140 11975.000000 680.000000
14141 11998.000000 678.000000
14142 12020.000000 676.000000
14143 12043.000000 673.000000
14144 12065.000000 672.000000
14145 12088.000000 669.000000
14146 12110.000000 667.000000
14147 12132.000000 665.000000
14148 12154.000000 663.000000
14149 12177.000000 661.000000
14150 12199.000000 659.000000
14151 12222.000000 655.000000
14152 12244.000000 653.000000
14153 12266.000000 652.000000
14154 12288.000000 650.000000
14155 12311.000000 650.000000
14156 12333.000000 648.000000
14157 12366.000000 646.000000
14158 12401.000000 644.000000
14159 12423.000000 643.000000
14160 12512.000000 640.000000
14161 12534.000000 638.000000
14162 12556.000000 639.000000
14163 12601.000000 639.000000
14164 12623.000000 638.000000
14165 12646.000000 638.000000
14166 12668.000000 638.000000
14167 12702.000000 639.000000
14168 12724.000000 639.000000
14169 12747.000000 640.000000
14170 12769.000000 640.000000
14171 12791.000000 641.000000
14172 12814.000000 641.000000
14173 12836.000000 642.000000
14174 12858.000000 642.000000
14175 12880.000000 643.000000
14176 12902.000000 644.000000
14177 12926.000000 643.000000
14178 12947.000000 638.000000
14179 12970.000000 634.000000
14180 12992.000000 632.000000
14181 13014.000000 630.000000
14182 13082.000000 627.000000
14183 13136.000000 637.000000
14184 13182.000000 625.000000
14185 13227.000000 624.000000
14186 13260.000000 623.000000
14187 13282.000000 623.000000
14188 13304.000000 622.000000
14189 13338.000000 621.000000
14190 13361.000000 621.000000
14191 13382.000000 619.000000
14192 13416.000000 622.000000
14193 13439.000000 620.000000
14194 13461.000000 619.000000
14195 13483.000000 619.000000
14196 13506.000000 618.000000
14197 13528.000000 617.000000
14198 13534.000000 693.000000
14199 13573.000000 620.000000
14200 13594.000000 617.000000
14201 13618.000000 619.000000
14202 13640.000000 621.000000
14203 13739.000000 615.000000
14204 13819.000000 613.000000
14205 13840.000000 613.000000
14206 13863.000000 613.000000
14207 13885.000000 613.000000
14208 13908.000000 613.000000
14209 13930.000000 612.000000
14210 13996.000000 610.000000
14211 14031.000000 611.000000
14212 14051.000000 612.000000
14213 14076.000000 611.000000
14214 14056.000000 572.000000
14215 14130.000000 608.000000
14216 14153.000000 606.000000
14217 14174.000000 608.000000
14218 14197.000000 607.000000
14219 14158.000000 564.000000
14220 14252.000000 604.000000
14221 14344.000000 603.000000
14222 14428.000000 639.000000
14223 14456.000000 603.000000
14224 14476.000000 602.000000
14225 14482.000000 569.000000
14226 14532.000000 600.000000
14227 14555.000000 601.000000
14228 14589.000000 598.000000
14229 14611.000000 596.000000
14230 14633.000000 596.000000
14231 14668.000000 596.000000
14232 14689.000000 595.000000
14233 14712.000000 594.000000
14234 14734.000000 593.000000
14235 14756.000000 592.000000
14236 14779.000000 590.000000
14237 14801.000000 591.000000
14238 14823.000000 589.000000
14239 14846.000000 587.000000
14240 14868.000000 587.000000
14241 14891.000000 586.000000
14242 14913.000000 585.000000
14243 14935.000000 585.000000
14244 14958.000000 583.000000
14245 14980.000000 583.000000
14246 15002.000000 582.000000
14247 15025.000000 581.000000
14248 15047.000000 581.000000
14249 15070.000000 580.000000
14250 15092.000000 578.000000
14251 15114.000000 578.000000
14252 15136.000000 577.000000
14253 15170.000000 577.000000
14254 15192.000000 578.000000
14255 15215.000000 578.000000
14256 15237.000000 578.000000
14257 15260.000000 579.000000
14258 15282.000000 579.000000
14259 15304.000000 580.000000
14260 15326.000000 581.000000
14261 15349.000000 581.000000
14262 15371.000000 584.000000
14263 15393.000000 584.000000
14264 15416.000000 585.000000
14265 15438.000000 587.000000
14266 15460.000000 587.000000
14267 15483.000000 589.000000
14268 15505.000000 592.000000
14269 15527.000000 593.000000
14270 15550.000000 591.000000
14271 15573.000000 590.000000
14272 15594.000000 586.000000
14273 15617.000000 581.000000
14274 15639.000000 578.000000
14275 15661.000000 575.000000
14276 15684.000000 570.000000
14277 15706.000000 570.000000
14278 15729.000000 571.000000
14279 15751.000000 570.000000
14280 15774.000000 571.000000
14281 15796.000000 569.000000
14282 15818.000000 568.000000
14283 15841.000000 567.000000
14284 15863.000000 567.000000
14285 15885.000000 567.000000
14286 15907.000000 567.000000
14287 15930.000000 568.000000
14288 15952.000000 567.000000
14289 15974.000000 570.000000
14290 15997.000000 571.000000
14291 16019.000000 573.000000
14292 16041.000000 574.000000
14293 16064.000000 576.000000
14294 16086.000000 578.000000
14295 16109.000000 582.000000
14296 16131.000000 583.000000
14297 16153.000000 583.000000
14298 16176.000000 581.000000
14299 16197.000000 581.000000
14300 16220.000000 581.000000
14301 16242.000000 582.000000
14302 16265.000000 584.000000
14303 16287.000000 585.000000
14304 16309.000000 585.000000
14305 16331.000000 588.000000
14306 16354.000000 592.000000
14307 16387.000000 600.000000
14308 16421.000000 600.000000
14309 16443.000000 599.000000
14310 16465.000000 600.000000
14311 16488.000000 599.000000
14312 16510.000000 600.000000
14313 16532.000000 598.000000
14314 16555.000000 598.000000
14315 16577.000000 597.000000
14316 16599.000000 597.000000
14317 16622.000000 595.000000
14318 16644.000000 596.000000
14319 16667.000000 594.000000
14320 16688.000000 594.000000
14321 16710.000000 596.000000
14322 16733.000000 596.000000
14323 16841.000000 647.000000
14324 16802.000000 610.000000
14325 16922.000000 610.000000
14326 16868.000000 618.000000
14327 16890.000000 603.000000
14328 16912.000000 599.000000
14329 16914.000000 597.000000
14330 16957.000000 596.000000
14331 16979.000000 591.000000
14332 17001.000000 584.000000
14333 17024.000000 581.000000
14334 17046.000000 578.000000
14335 17068.000000 575.000000
14336 17091.000000 573.000000
14337 17113.000000 571.000000
14338 17135.000000 568.000000
14339 17158.000000 565.000000
14340 17179.000000 565.000000
14341 17202.000000 563.000000
14342 17225.000000 560.000000
14343 17247.000000 558.000000
14344 17269.000000 556.000000
14345 17292.000000 553.000000
14346 17314.000000 551.000000
14347 17336.000000 550.000000
14348 17359.000000 547.000000
14349 17381.000000 545.000000
14350 17403.000000 542.000000
14351 17426.000000 537.000000
14352 17448.000000 535.000000
14353 17470.000000 532.000000
14354 17493.000000 530.000000
14355 17515.000000 527.000000
14356 17538.000000 528.000000
14357 17560.000000 526.000000
14358 17582.000000 526.000000
14359 17602.000000 527.000000
14360 17608.000000 526.000000
14361 17649.000000 526.000000
14362 17670.000000 527.000000
14363 17855.000000 538.000000
14364 17727.000000 527.000000
14365 17750.000000 527.000000
14366 17772.000000 527.000000
14367 17794.000000 527.000000
14368 17817.000000 527.000000
14369 17839.000000 527.000000
14370 17861.000000 528.000000
14371 17884.000000 528.000000
14372 17906.000000 527.000000
14373 17929.000000 528.000000
14374 17951.000000 527.000000
14375 17973.000000 527.000000
14376 17995.000000 529.000000
14377 18018.000000 527.000000
14378 18040.000000 527.000000
14379 18063.000000 526.000000
14380 18086.000000 529.000000
14381 18107.000000 527.000000
14382 18130.000000 526.000000
14383 18152.000000 527.000000
14384 18174.000000 525.000000
14385 18196.000000 526.000000
14386 18269.000000 493.000000
14387 18253.000000 523.000000
14388 18274.000000 524.000000
14389 18298.000000 523.000000
14390 18319.000000 521.000000
14391 18342.000000 522.000000
14392 18364.000000 521.000000
14393 18387.000000 521.000000
14394 18409.000000 520.000000
14395 18431.000000 519.000000
14396 18454.000000 518.000000
14397 18476.000000 519.000000
14398 18498.000000 518.000000
14399 18520.000000 517.000000
14400 18544.000000 516.000000
14401 18565.000000 515.000000
14402 18588.000000 515.000000
14403 18610.000000 515.000000
14404 18633.000000 512.000000
14405 18655.000000 513.000000
14406 18677.000000 511.000000
14407 18699.000000 511.000000
14408 18722.000000 509.000000
14409 18698.000000 572.000000
14410 18767.000000 506.000000
14411 18789.000000 505.000000
14412 18812.000000 504.000000
14413 18834.000000 503.000000
14414 18856.000000 502.000000
14415 18879.000000 497.000000
14416 18901.000000 498.000000
14417 18923.000000 496.000000
14418 18946.000000 493.000000
14419 18968.000000 494.000000
14420 18990.000000 491.000000
14421 19013.000000 489.000000
14422 19035.000000 486.000000
14423 19057.000000 487.000000
14424 19080.000000 486.000000
14425 19102.000000 484.000000
14426 19124.000000 482.000000
14427 19147.000000 480.000000
14428 19169.000000 481.000000
14429 19191.000000 480.000000
14430 19213.000000 479.000000
14431 19236.000000 477.000000
14432 19258.000000 476.000000
14433 19281.000000 474.000000
14434 19303.000000 473.000000
14435 19325.000000 472.000000
14436 19348.000000 469.000000
14437 19370.000000 469.000000
14438 19393.000000 468.000000
14439 19415.000000 468.000000
14440 19437.000000 469.000000
14441 19460.000000 468.000000
14442 19481.000000 468.000000
14443 19505.000000 467.000000
14444 19527.000000 468.000000
14445 19549.000000 468.000000
14446 19571.000000 467.000000
14447 19594.000000 466.000000
14448 19616.000000 465.000000
14449 19638.000000 464.000000
14450 19661.000000 461.000000
14451 19684.000000 459.000000
14452 19706.000000 456.000000
14453 19728.000000 452.000000
14454 19750.000000 450.000000
14455 19772.000000 448.000000
14456 19795.000000 444.000000
14457 19817.000000 441.000000
14458 19839.000000 438.000000
14459 19861.000000 435.000000
14460 19884.000000 432.000000
14461 19907.000000 428.000000
14462 19929.000000 425.000000
14463 19952.000000 421.000000
14464 19973.000000 420.000000
14465 19936.000000 484.000000
14466 19980.000000 466.000000
14467 19938.000000 489.000000
14468 19958.000000 713.000000
14469 19977.000000 674.000000
14470 73.000000 1351.000000
14471 22.000000 1188.000000
14472 45.000000 1188.000000
14473 67.000000 1188.000000
14474 89.000000 1187.000000
14475 112.000000 1188.000000
14476 134.000000 1188.000000
14477 156.000000 1188.000000
14478 179.000000 1189.000000
14479 201.000000 1191.000000
14480 223.000000 1191.000000
14481 245.000000 1193.000000
14482 268.000000 1194.000000
14483 290.000000 1195.000000
14484 312.000000 1197.000000
14485 335.000000 1199.000000
14486 357.000000 1201.000000
14487 379.000000 1203.000000
14488 401.000000 1205.000000
14489 424.000000 1207.000000
14490 446.000000 1208.000000
14491 469.000000 1211.000000
14492 491.000000 1211.000000
14493 513.000000 1213.000000
14494 535.000000 1215.000000
14495 558.000000 1215.000000
14496 580.000000 1217.000000
14497 603.000000 1217.000000
14498 625.000000 1218.000000
14499 647.000000 1218.000000
14500 669.000000 1218.000000
14501 691.000000 1218.000000
14502 714.000000 1218.000000
14503 736.000000 1218.000000
14504 758.000000 1218.000000
14505 781.000000 1217.000000
14506 803.000000 1217.000000
14507 825.000000 1217.000000
14508 848.000000 1218.000000
14509 870.000000 1218.000000
14510 892.000000 1217.000000
14511 915.000000 1216.000000
14512 937.000000 1216.000000
14513 959.000000 1215.000000
14514 982.000000 1215.000000
14515 1004.000000 1215.000000
14516 1026.000000 1215.000000
14517 1048.000000 1214.000000
14518 1071.000000 1209.000000
14519 1093.000000 1207.000000
14520 1115.000000 1205.000000
14521 1138.000000 1202.000000
14522 1171.000000 1202.000000
14523 1194.000000 1200.000000
14524 1216.000000 1200.000000
14525 1239.000000 1199.000000
14526 1261.000000 1200.000000
14527 1284.000000 1199.000000
14528 1317.000000 1197.000000
14529 1339.000000 1198.000000
14530 1361.000000 1197.000000
14531 1384.000000 1196.000000
14532 1406.000000 1195.000000
14533 1428.000000 1193.000000
14534 1451.000000 1189.000000
14535 1473.000000 1188.000000
14536 1496.000000 1186.000000
14537 1519.000000 1183.000000
14538 1540.000000 1183.000000
14539 1562.000000 1181.000000
14540 1584.000000 1179.000000
14541 1607.000000 1177.000000
14542 1629.000000 1175.000000
14543 1652.000000 1173.000000
14544 1674.000000 1173.000000
14545 1697.000000 1171.000000
14546 1719.000000 1172.000000
14547 1741.000000 1171.000000
14548 1813.000000 1231.000000
14549 1817.000000 1204.000000
14550 1931.000000 1170.000000
14551 1953.000000 1170.000000
14552 1975.000000 1170.000000
14553 1998.000000 1168.000000
14554 2020.000000 1169.000000
14555 2043.000000 1169.000000
14556 2065.000000 1170.000000
14557 2087.000000 1171.000000
14558 2110.000000 1171.000000
14559 2132.000000 1171.000000
14560 2154.000000 1172.000000
14561 2177.000000 1171.000000
14562 2199.000000 1171.000000
14563 2221.000000 1172.000000
14564 2244.000000 1172.000000
14565 2266.000000 1172.000000
14566 2288.000000 1174.000000
14567 2311.000000 1174.000000
14568 2333.000000 1175.000000
14569 2356.000000 1176.000000
14570 2378.000000 1178.000000
14571 2400.000000 1179.000000
14572 2423.000000 1181.000000
14573 2445.000000 1183.000000
14574 2467.000000 1185.000000
14575 2490.000000 1190.000000
14576 2512.000000 1192.000000
14577 2534.000000 1194.000000
14578 2556.000000 1194.000000
14579 2579.000000 1195.000000
14580 2601.000000 1196.000000
14581 2623.000000 1195.000000
14582 2646.000000 1196.000000
14583 2668.000000 1195.000000
14584 2691.000000 1194.000000
14585 2713.000000 1193.000000
14586 2735.000000 1191.000000
14587 2758.000000 1190.000000
14588 2780.000000 1189.000000
14589 2802.000000 1188.000000
14590 2825.000000 1187.000000
14591 2847.000000 1186.000000
14592 2869.000000 1185.000000
14593 2892.000000 1184.000000
14594 2914.000000 1184.000000
14595 2936.000000 1184.000000
14596 2959.000000 1183.000000
14597 2981.000000 1183.000000
14598 3004.000000 1183.000000
14599 3026.000000 1183.000000
14600 3059.000000 1184.000000
14601 3081.000000 1185.000000
14602 3104.000000 1185.000000
14603 3126.000000 1184.000000
14604 3149.000000 1184.000000
14605 3171.000000 1185.000000
14606 3193.000000 1185.000000
14607 3216.000000 1186.000000
14608 3238.000000 1185.000000
14609 3260.000000 1185.000000
14610 3283.000000 1185.000000
14611 3305.000000 1185.000000
14612 3327.000000 1185.000000
14613 3350.000000 1185.000000
14614 3372.000000 1185.000000
14615 3394.000000 1186.000000
14616 3416.000000 1186.000000
14617 3439.000000 1186.000000
14618 3461.000000 1187.000000
14619 3484.000000 1187.000000
14620 3506.000000 1188.000000
14621 3528.000000 1188.000000
14622 3550.000000 1190.000000
14623 3573.000000 1190.000000
14624 3595.000000 1192.000000
14625 3617.000000 1192.000000
14626 3640.000000 1193.000000
14627 3662.000000 1195.000000
14628 3684.000000 1196.000000
14629 3706.000000 1197.000000
14630 3729.000000 1198.000000
14631 3751.000000 1201.000000
14632 3773.000000 1202.000000
14633 3795.000000 1203.000000
14634 3818.000000 1206.000000
14635 3840.000000 1207.000000
14636 3863.000000 1208.000000
14637 3885.000000 1211.000000
14638 3907.000000 1212.000000
14639 3929.000000 1210.000000
14640 3952.000000 1208.000000
14641 3974.000000 1204.000000
14642 3996.000000 1203.000000
14643 4019.000000 1198.000000
14644 4041.000000 1196.000000
14645 4063.000000 1194.000000
14646 4086.000000 1191.000000
14647 4108.000000 1188.000000
14648 4130.000000 1186.000000
14649 4153.000000 1184.000000
14650 4175.000000 1181.000000
14651 4197.000000 1179.000000
14652 4220.000000 1177.000000
14653 4242.000000 1175.000000
14654 4264.000000 1173.000000
14655 4287.000000 1170.000000
14656 4309.000000 1168.000000
14657 4331.000000 1166.000000
14658 4354.000000 1164.000000
14659 4376.000000 1161.000000
14660 4398.000000 1159.000000
14661 4421.000000 1157.000000
14662 4443.000000 1155.000000
14663 4477.000000 1153.000000
14664 4499.000000 1151.000000
14665 4521.000000 1150.000000
14666 4543.000000 1149.000000
14667 4566.000000 1147.000000
14668 4667.000000 1140.000000
14669 4700.000000 1138.000000
14670 4734.000000 1136.000000
14671 4812.000000 1131.000000
14672 4834.000000 1130.000000
14673 4857.000000 1128.000000
14674 4879.000000 1127.000000
14675 4901.000000 1127.000000
14676 4924.000000 1126.000000
14677 4946.000000 1126.000000
14678 4968.000000 1125.000000
14679 4991.000000 1125.000000
14680 5013.000000 1126.000000
14681 5035.000000 1128.000000
14682 5058.000000 1127.000000
14683 5080.000000 1128.000000
14684 5103.000000 1128.000000
14685 5125.000000 1127.000000
14686 5147.000000 1126.000000
14687 5169.000000 1124.000000
14688 5191.000000 1123.000000
14689 5214.000000 1122.000000
14690 5236.000000 1121.000000
14691 5259.000000 1120.000000
14692 5281.000000 1119.000000
14693 5304.000000 1119.000000
14694 5326.000000 1119.000000
14695 5359.000000 1119.000000
14696 5415.000000 1119.000000
14697 5471.000000 1119.000000
14698 5493.000000 1118.000000
14699 5516.000000 1117.000000
14700 5538.000000 1117.000000
14701 5560.000000 1116.000000
14702 5583.000000 1115.000000
14703 5605.000000 1114.000000
14704 5628.000000 1112.000000
14705 5650.000000 1111.000000
14706 5672.000000 1110.000000
14707 5695.000000 1108.000000
14708 5717.000000 1106.000000
14709 5740.000000 1103.000000
14710 5762.000000 1102.000000
14711 5784.000000 1100.000000
14712 5807.000000 1097.000000
14713 5829.000000 1095.000000
14714 5851.000000 1094.000000
14715 5873.000000 1094.000000
14716 5895.000000 1092.000000
14717 5918.000000 1091.000000
14718 5941.000000 1092.000000
14719 5963.000000 1090.000000
14720 6041.000000 1091.000000
14721 6097.000000 1091.000000
14722 6175.000000 1094.000000
14723 6197.000000 1095.000000
14724 6253.000000 1101.000000
14725 6276.000000 1101.000000
14726 6297.000000 1102.000000
14727 6320.000000 1103.000000
14728 6343.000000 1103.000000
14729 6365.000000 1103.000000
14730 6387.000000 1102.000000
14731 6409.000000 1101.000000
14732 6432.000000 1100.000000
14733 6455.000000 1099.000000
14734 6477.000000 1099.000000
14735 6499.000000 1099.000000
14736 6521.000000 1098.000000
14737 6544.000000 1098.000000
14738 6566.000000 1099.000000
14739 6588.000000 1099.000000
14740 6611.000000 1100.000000
14741 6632.000000 1100.000000
14742 6655.000000 1100.000000
14743 6677.000000 1100.000000
14744 6700.000000 1101.000000
14745 6723.000000 1101.000000
14746 6756.000000 1102.000000
14747 6778.000000 1103.000000
14748 6801.000000 1104.000000
14749 6822.000000 1105.000000
14750 6845.000000 1106.000000
14751 6867.000000 1106.000000
14752 6890.000000 1106.000000
14753 6912.000000 1106.000000
14754 6934.000000 1108.000000
14755 6957.000000 1108.000000
14756 6979.000000 1109.000000
14757 7000.000000 1111.000000
14758 7023.000000 1114.000000
14759 7057.000000 1112.000000
14760 7079.000000 1113.000000
14761 7113.000000 1112.000000
14762 7135.000000 1110.000000
14763 7137.000000 1106.000000
14764 7176.000000 1129.000000
14765 7203.000000 1128.000000
14766 7224.000000 1128.000000
14767 7247.000000 1124.000000
14768 7269.000000 1121.000000
14769 7291.000000 1118.000000
14770 7313.000000 1115.000000
14771 7336.000000 1110.000000
14772 7358.000000 1108.000000
14773 7381.000000 1103.000000
14774 7403.000000 1100.000000
14775 7425.000000 1096.000000
14776 7448.000000 1091.000000
14777 7470.000000 1088.000000
14778 7492.000000 1084.000000
14779 7515.000000 1081.000000
14780 7537.000000 1078.000000
14781 7560.000000 1075.000000
14782 7582.000000 1074.000000
14783 7663.000000 1127.000000
14784 7609.000000 1097.000000
14785 7647.000000 1105.000000
14786 7905.000000 1137.000000
14787 7855.000000 1200.000000
14788 7946.000000 1080.000000
14789 8031.000000 1046.000000
14790 7991.000000 1101.000000
14791 8097.000000 1101.000000
14792 8257.000000 1135.000000
14793 8335.000000 1180.000000
14794 8489.000000 1040.000000
14795 8553.000000 1078.000000
14796 8650.000000 1096.000000
14797 8620.000000 1083.000000
14798 8665.000000 1085.000000
14799 8732.000000 1101.000000
14800 8753.000000 1092.000000
14801 8793.000000 1110.000000
14802 8769.000000 1168.000000
14803 8812.000000 1176.000000
14804 8843.000000 1104.000000
14805 8867.000000 1106.000000
14806 8888.000000 1105.000000
14807 8909.000000 1103.000000
14808 8933.000000 1101.000000
14809 8955.000000 1098.000000
14810 8977.000000 1096.000000
14811 9000.000000 1091.000000
14812 9022.000000 1091.000000
14813 9045.000000 1089.000000
14814 9067.000000 1089.000000
14815 9089.000000 1088.000000
14816 9112.000000 1088.000000
14817 9134.000000 1088.000000
14818 9157.000000 1087.000000
14819 9179.000000 1089.000000
14820 9201.000000 1089.000000
14821 9223.000000 1090.000000
14822 9246.000000 1091.000000
14823 9268.000000 1092.000000
14824 9291.000000 1093.000000
14825 9313.000000 1094.000000
14826 9335.000000 1096.000000
14827 9357.000000 1097.000000
14828 9380.000000 1099.000000
14829 9402.000000 1099.000000
14830 9424.000000 1098.000000
14831 9447.000000 1096.000000
14832 9469.000000 1094.000000
14833 9492.000000 1092.000000
14834 9514.000000 1090.000000
14835 9537.000000 1088.000000
14836 9558.000000 1086.000000
14837 9581.000000 1085.000000
14838 9603.000000 1083.000000
14839 9626.000000 1081.000000
14840 9648.000000 1079.000000
14841 9671.000000 1076.000000
14842 9693.000000 1074.000000
14843 9716.000000 1071.000000
14844 9738.000000 1068.000000
14845 9760.000000 1066.000000
14846 9782.000000 1064.000000
14847 9805.000000 1060.000000
14848 9827.000000 1059.000000
14849 9850.000000 1057.000000
14850 9872.000000 1055.000000
14851 9894.000000 1055.000000
14852 9917.000000 1054.000000
14853 9939.000000 1053.000000
14854 9962.000000 1052.000000
14855 9984.000000 1052.000000
14856 10006.000000 1051.000000
14857 10029.000000 1050.000000
14858 10051.000000 1050.000000
14859 10073.000000 1049.000000
14860 10096.000000 1048.000000
14861 10118.000000 1047.000000
14862 10140.000000 1047.000000
14863 10163.000000 1046.000000
14864 10185.000000 1045.000000
14865 10207.000000 1045.000000
14866 10229.000000 1043.000000
14867 10252.000000 1043.000000
14868 10275.000000 1042.000000
14869 10296.000000 1042.000000
14870 10319.000000 1041.000000
14871 10341.000000 1041.000000
14872 10363.000000 1041.000000
14873 10386.000000 1040.000000
14874 10408.000000 1039.000000
14875 10430.000000 1038.000000
14876 10453.000000 1037.000000
14877 10475.000000 1035.000000
14878 10498.000000 1034.000000
14879 10519.000000 1033.000000
14880 10542.000000 1031.000000
14881 10565.000000 1030.000000
14882 10587.000000 1029.000000
14883 10609.000000 1027.000000
14884 10631.000000 1027.000000
14885 10618.000000 1073.000000
14886 10755.000000 1018.000000
14887 10777.000000 1017.000000
14888 10810.000000 1015.000000
14889 10832.000000 1014.000000
14890 10855.000000 1012.000000
14891 10877.000000 1010.000000
14892 10899.000000 1010.000000
14893 10921.000000 1009.000000
14894 10944.000000 1007.000000
14895 10966.000000 1006.000000
14896 10989.000000 1005.000000
14897 11011.000000 1003.000000
14898 11033.000000 1002.000000
14899 11056.000000 1001.000000
14900 11078.000000 1000.000000
14901 11101.000000 999.000000
14902 11134.000000 998.000000
14903 11156.000000 996.000000
14904 11175.000000 1153.000000
14905 11201.000000 994.000000
14906 11223.000000 994.000000
14907 11246.000000 991.000000
14908 11279.000000 991.000000
14909 11301.000000 991.000000
14910 11335.000000 989.000000
14911 11357.000000 988.000000
14912 11391.000000 985.000000
14913 11413.000000 985.000000
14914 11435.000000 983.000000
14915 11469.000000 982.000000
14916 11491.000000 981.000000
14917 11513.000000 981.000000
14918 11536.000000 981.000000
14919 11559.000000 980.000000
14920 11580.000000 979.000000
14921 11603.000000 980.000000
14922 11626.000000 977.000000
14923 11647.000000 978.000000
14924 11670.000000 978.000000
14925 11693.000000 978.000000
14926 11715.000000 978.000000
14927 11748.000000 978.000000
14928 11770.000000 977.000000
14929 11804.000000 978.000000
14930 11826.000000 977.000000
14931 11849.000000 977.000000
14932 11871.000000 975.000000
14933 11895.000000 975.000000
14934 11927.000000 976.000000
14935 11950.000000 974.000000
14936 11972.000000 972.000000
14937 11994.000000 970.000000
14938 12016.000000 967.000000
14939 12039.000000 965.000000
14940 12061.000000 966.000000
14941 12095.000000 966.000000
14942 12117.000000 968.000000
14943 12139.000000 969.000000
14944 12205.000000 965.000000
14945 12257.000000 902.000000
14946 12259.000000 964.000000
14947 12407.000000 1185.000000
14948 12219.000000 1089.000000
14949 12445.000000 928.000000
14950 12409.000000 967.000000
14951 12430.000000 967.000000
14952 12453.000000 964.000000
14953 12475.000000 965.000000
14954 12509.000000 964.000000
14955 12531.000000 962.000000
14956 12564.000000 961.000000
14957 12587.000000 960.000000
14958 12609.000000 958.000000
14959 12632.000000 960.000000
14960 12654.000000 958.000000
14961 12676.000000 958.000000
14962 12699.000000 958.000000
14963 12721.000000 959.000000
14964 12755.000000 957.000000
14965 12777.000000 957.000000
14966 12799.000000 958.000000
14967 12844.000000 957.000000
14968 12866.000000 956.000000
14969 12889.000000 957.000000
14970 12911.000000 957.000000
14971 12934.000000 956.000000
14972 12955.000000 956.000000
14973 12978.000000 955.000000
14974 13001.000000 955.000000
14975 13023.000000 956.000000
14976 12969.000000 1193.000000
14977 13146.000000 956.000000
14978 13168.000000 956.000000
14979 13190.000000 957.000000
14980 13213.000000 957.000000
14981 13235.000000 955.000000
14982 13258.000000 957.000000
14983 13280.000000 955.000000
14984 13302.000000 956.000000
14985 13324.000000 956.000000
14986 13347.000000 955.000000
14987 13369.000000 956.000000
14988 13392.000000 955.000000
14989 13414.000000 957.000000
14990 13436.000000 959.000000
14991 13458.000000 958.000000
14992 13481.000000 956.000000
14993 13503.000000 955.000000
14994 13525.000000 953.000000
14995 13548.000000 951.000000
14996 13570.000000 951.000000
14997 13592.000000 951.000000
14998 13615.000000 948.000000
14999 13637.000000 949.000000
15000 13659.000000 947.000000
15001 13681.000000 947.000000
15002 13704.000000 947.000000
15003 13726.000000 947.000000
15004 13748.000000 945.000000
15005 13771.000000 943.000000
15006 13793.000000 941.000000
15007 13816.000000 937.000000
15008 13838.000000 934.000000
15009 13860.000000 932.000000
15010 13882.000000 929.000000
15011 13905.000000 926.000000
15012 13928.000000 922.000000
15013 13950.000000 920.000000
15014 13972.000000 918.000000
15015 13994.000000 915.000000
15016 14016.000000 912.000000
15017 14038.000000 910.000000
15018 14062.000000 907.000000
15019 14083.000000 906.000000
15020 14106.000000 904.000000
15021 14128.000000 902.000000
15022 14151.000000 900.000000
15023 14173.000000 900.000000
15024 14195.000000 899.000000
15025 14217.000000 898.000000
15026 14240.000000 898.000000
15027 14262.000000 898.000000
15028 14284.000000 897.000000
15029 14451.000000 1107.000000
15030 14329.000000 897.000000
15031 14351.000000 898.000000
15032 14373.000000 896.000000
15033 14407.000000 896.000000
15034 14451.000000 893.000000
15035 14474.000000 890.000000
15036 14496.000000 889.000000
15037 14519.000000 885.000000
15038 14541.000000 883.000000
15039 14563.000000 881.000000
15040 14585.000000 881.000000
15041 14608.000000 878.000000
15042 14630.000000 879.000000
15043 14652.000000 876.000000
15044 14675.000000 876.000000
15045 14698.000000 875.000000
15046 14719.000000 874.000000
15047 14743.000000 872.000000
15048 14765.000000 872.000000
15049 14787.000000 872.000000
15050 14809.000000 872.000000
15051 14832.000000 872.000000
15052 14865.000000 869.000000
15053 14910.000000 869.000000
15054 14874.000000 901.000000
15055 14967.000000 865.000000
15056 14989.000000 863.000000
15057 15011.000000 861.000000
15058 15033.000000 860.000000
15059 15055.000000 859.000000
15060 15080.000000 858.000000
15061 15100.000000 857.000000
15062 15123.000000 857.000000
15063 15145.000000 856.000000
15064 15167.000000 855.000000
15065 15190.000000 855.000000
15066 15212.000000 855.000000
15067 15235.000000 854.000000
15068 15257.000000 851.000000
15069 15279.000000 848.000000
15070 15312.000000 842.000000
15071 15335.000000 838.000000
15072 15357.000000 836.000000
15073 15380.000000 833.000000
15074 15403.000000 831.000000
15075 15425.000000 830.000000
15076 15447.000000 827.000000
15077 15469.000000 825.000000
15078 15492.000000 823.000000
15079 15515.000000 821.000000
15080 15537.000000 820.000000
15081 15559.000000 817.000000
15082 15583.000000 813.000000
15083 15604.000000 810.000000
15084 15626.000000 808.000000
15085 15649.000000 805.000000
15086 15671.000000 804.000000
15087 15693.000000 803.000000
15088 15716.000000 801.000000
15089 15739.000000 799.000000
15090 15761.000000 796.000000
15091 15783.000000 794.000000
15092 15805.000000 793.000000
15093 15828.000000 790.000000
15094 15850.000000 787.000000
15095 15873.000000 784.000000
15096 15895.000000 784.000000
15097 15917.000000 783.000000
15098 15940.000000 781.000000
15099 15962.000000 779.000000
15100 15984.000000 777.000000
15101 16007.000000 775.000000
15102 16029.000000 773.000000
15103 16051.000000 772.000000
15104 16085.000000 768.000000
15105 16108.000000 765.000000
15106 16130.000000 764.000000
15107 16152.000000 762.000000
15108 16175.000000 760.000000
15109 16197.000000 758.000000
15110 16219.000000 758.000000
15111 16242.000000 756.000000
15112 16264.000000 753.000000
15113 16286.000000 751.000000
15114 16309.000000 748.000000
15115 16331.000000 747.000000
15116 16354.000000 745.000000
15117 16376.000000 744.000000
15118 16398.000000 743.000000
15119 16421.000000 741.000000
15120 16443.000000 740.000000
15121 16465.000000 739.000000
15122 16488.000000 736.000000
15123 16510.000000 733.000000
15124 16532.000000 731.000000
15125 16555.000000 731.000000
15126 16576.000000 729.000000
15127 16599.000000 727.000000
15128 16622.000000 726.000000
15129 16644.000000 724.000000
15130 16666.000000 724.000000
15131 16688.000000 723.000000
15132 16711.000000 720.000000
15133 16733.000000 720.000000
15134 16755.000000 719.000000
15135 16777.000000 718.000000
15136 16800.000000 715.000000
15137 16822.000000 714.000000
15138 16845.000000 713.000000
15139 16866.000000 713.000000
15140 16934.000000 707.000000
15141 16956.000000 707.000000
15142 16979.000000 705.000000
15143 17002.000000 704.000000
15144 17163.000000 1185.000000
15145 17090.000000 698.000000
15146 17136.000000 694.000000
15147 17158.000000 692.000000
15148 17307.000000 1055.000000
15149 17247.000000 687.000000
15150 17272.000000 703.000000
15151 17325.000000 679.000000
15152 17348.000000 678.000000
15153 17370.000000 677.000000
15154 17303.000000 1062.000000
15155 17491.000000 750.000000
15156 17537.000000 664.000000
15157 17560.000000 661.000000
15158 17627.000000 656.000000
15159 17649.000000 655.000000
15160 17672.000000 653.000000
15161 17739.000000 646.000000
15162 17782.000000 644.000000
15163 17806.000000 641.000000
15164 17828.000000 640.000000
15165 17850.000000 637.000000
15166 17873.000000 636.000000
15167 17895.000000 634.000000
15168 17929.000000 632.000000
15169 17951.000000 630.000000
15170 17973.000000 629.000000
15171 17996.000000 626.000000
15172 18018.000000 625.000000
15173 18041.000000 622.000000
15174 18096.000000 620.000000
15175 18119.000000 616.000000
15176 18618.000000 1178.000000
15177 18658.000000 1097.000000
15178 18715.000000 1108.000000
15179 18730.000000 977.000000
15180 18881.000000 998.000000
15181 18936.000000 975.000000
15182 19543.000000 959.000000
15183 19493.000000 1149.000000
15184 19553.000000 947.000000
15185 19764.000000 1046.000000
15186 19769.000000 1093.000000
15187 19828.000000 926.000000
15188 19893.000000 1065.000000
15189 19968.000000 1045.000000
15190 19911.000000 727.000000
15191 19964.000000 735.000000
15192 31.000000 1550.000000
15193 26.000000 1559.000000
15194 17.000000 1579.000000
15195 73.000000 1562.000000
15196 95.000000 1557.000000
15197 151.000000 1545.000000
15198 164.000000 1484.000000
15199 218.000000 1534.000000
15200 240.000000 1533.000000
15201 285.000000 1529.000000
15202 307.000000 1527.000000
15203 330.000000 1526.000000
15204 352.000000 1525.000000
15205 374.000000 1524.000000
15206 397.000000 1523.000000
15207 419.000000 1523.000000
15208 441.000000 1522.000000
15209 475.000000 1521.000000
15210 497.000000 1521.000000
15211 520.000000 1520.000000
15212 542.000000 1520.000000
15213 564.000000 1520.000000
15214 587.000000 1520.000000
15215 609.000000 1521.000000
15216 631.000000 1522.000000
15217 654.000000 1522.000000
15218 676.000000 1524.000000
15219 698.000000 1524.000000
15220 721.000000 1526.000000
15221 743.000000 1525.000000
15222 765.000000 1526.000000
15223 787.000000 1526.000000
15224 821.000000 1527.000000
15225 843.000000 1527.000000
15226 866.000000 1528.000000
15227 889.000000 1528.000000
15228 910.000000 1530.000000
15229 955.000000 1530.000000
15230 1011.000000 1533.000000
15231 1033.000000 1532.000000
15232 1055.000000 1532.000000
15233 1088.000000 1533.000000
15234 1122.000000 1534.000000
15235 1144.000000 1535.000000
15236 1167.000000 1535.000000
15237 1212.000000 1539.000000
15238 1234.000000 1540.000000
15239 1267.000000 1544.000000
15240 1290.000000 1545.000000
15241 1356.000000 1534.000000
15242 1335.000000 1545.000000
15243 1379.000000 1551.000000
15244 1435.000000 1545.000000
15245 1458.000000 1543.000000
15246 1480.000000 1543.000000
15247 1566.000000 1545.000000
15248 1536.000000 1540.000000
15249 1558.000000 1541.000000
15250 1580.000000 1541.000000
15251 1603.000000 1541.000000
15252 1625.000000 1543.000000
15253 1647.000000 1544.000000
15254 1670.000000 1541.000000
15255 1692.000000 1538.000000
15256 1715.000000 1534.000000
15257 1737.000000 1531.000000
15258 1759.000000 1527.000000
15259 1781.000000 1524.000000
15260 1804.000000 1520.000000
15261 1827.000000 1518.000000
15262 1849.000000 1515.000000
15263 1871.000000 1514.000000
15264 1893.000000 1512.000000
15265 1916.000000 1510.000000
15266 1938.000000 1509.000000
15267 1960.000000 1508.000000
15268 1983.000000 1506.000000
15269 2005.000000 1506.000000
15270 2027.000000 1505.000000
15271 2050.000000 1502.000000
15272 2072.000000 1501.000000
15273 2095.000000 1498.000000
15274 2117.000000 1497.000000
15275 2139.000000 1496.000000
15276 2162.000000 1494.000000
15277 2184.000000 1493.000000
15278 2206.000000 1493.000000
15279 2228.000000 1492.000000
15280 2251.000000 1491.000000
15281 2273.000000 1491.000000
15282 2296.000000 1490.000000
15283 2318.000000 1489.000000
15284 2341.000000 1490.000000
15285 2363.000000 1488.000000
15286 2384.000000 1487.000000
15287 2407.000000 1486.000000
15288 2430.000000 1484.000000
15289 2452.000000 1483.000000
15290 2474.000000 1482.000000
15291 2497.000000 1481.000000
15292 2530.000000 1480.000000
15293 2553.000000 1480.000000
15294 2609.000000 1478.000000
15295 2631.000000 1478.000000
15296 2653.000000 1477.000000
15297 2675.000000 1476.000000
15298 2698.000000 1476.000000
15299 2720.000000 1475.000000
15300 2742.000000 1475.000000
15301 2765.000000 1473.000000
15302 2787.000000 1474.000000
15303 2809.000000 1474.000000
15304 2831.000000 1473.000000
15305 2854.000000 1472.000000
15306 2876.000000 1472.000000
15307 2898.000000 1471.000000
15308 2921.000000 1472.000000
15309 2944.000000 1471.000000
15310 2966.000000 1471.000000
15311 2988.000000 1471.000000
15312 3010.000000 1470.000000
15313 3033.000000 1471.000000
15314 3055.000000 1472.000000
15315 3077.000000 1471.000000
15316 3100.000000 1471.000000
15317 3122.000000 1470.000000
15318 3144.000000 1471.000000
15319 3103.000000 1382.000000
15320 3223.000000 1469.000000
15321 3245.000000 1468.000000
15322 3267.000000 1469.000000
15323 3289.000000 1469.000000
15324 3311.000000 1470.000000
15325 3335.000000 1471.000000
15326 3355.000000 1469.000000
15327 3379.000000 1471.000000
15328 3401.000000 1470.000000
15329 3435.000000 1471.000000
15330 3457.000000 1471.000000
15331 3479.000000 1471.000000
15332 3501.000000 1472.000000
15333 3523.000000 1473.000000
15334 3546.000000 1473.000000
15335 3568.000000 1473.000000
15336 3591.000000 1475.000000
15337 3612.000000 1476.000000
15338 3635.000000 1476.000000
15339 3657.000000 1477.000000
15340 3680.000000 1479.000000
15341 3702.000000 1478.000000
15342 3724.000000 1479.000000
15343 3747.000000 1479.000000
15344 3769.000000 1476.000000
15345 3792.000000 1479.000000
15346 3813.000000 1480.000000
15347 3836.000000 1480.000000
15348 3858.000000 1482.000000
15349 3881.000000 1482.000000
15350 3903.000000 1481.000000
15351 3925.000000 1482.000000
15352 3947.000000 1480.000000
15353 3970.000000 1480.000000
15354 3992.000000 1479.000000
15355 4015.000000 1478.000000
15356 4037.000000 1478.000000
15357 4059.000000 1477.000000
15358 4081.000000 1477.000000
15359 4104.000000 1477.000000
15360 4126.000000 1476.000000
15361 4148.000000 1474.000000
15362 4171.000000 1474.000000
15363 4193.000000 1472.000000
15364 4215.000000 1470.000000
15365 4238.000000 1468.000000
15366 4260.000000 1467.000000
15367 4283.000000 1467.000000
15368 4305.000000 1465.000000
15369 4327.000000 1466.000000
15370 4361.000000 1464.000000
15371 4383.000000 1466.000000
15372 4405.000000 1466.000000
15373 4428.000000 1466.000000
15374 4450.000000 1464.000000
15375 4472.000000 1464.000000
15376 4506.000000 1463.000000
15377 4528.000000 1462.000000
15378 4551.000000 1460.000000
15379 4573.000000 1460.000000
15380 4595.000000 1458.000000
15381 4618.000000 1458.000000
15382 4640.000000 1457.000000
15383 4662.000000 1456.000000
15384 4685.000000 1456.000000
15385 4707.000000 1455.000000
15386 4729.000000 1455.000000
15387 4751.000000 1454.000000
15388 4797.000000 1451.000000
15389 4819.000000 1452.000000
15390 4841.000000 1452.000000
15391 4863.000000 1452.000000
15392 4886.000000 1451.000000
15393 4908.000000 1454.000000
15394 4931.000000 1452.000000
15395 4953.000000 1453.000000
15396 4975.000000 1452.000000
15397 4997.000000 1452.000000
15398 5019.000000 1453.000000
15399 5042.000000 1453.000000
15400 5064.000000 1453.000000
15401 5086.000000 1454.000000
15402 5109.000000 1454.000000
15403 5131.000000 1455.000000
15404 5154.000000 1455.000000
15405 5176.000000 1456.000000
15406 5210.000000 1455.000000
15407 5232.000000 1458.000000
15408 5254.000000 1457.000000
15409 5288.000000 1456.000000
15410 5310.000000 1454.000000
15411 5344.000000 1454.000000
15412 5366.000000 1453.000000
15413 5389.000000 1453.000000
15414 5411.000000 1449.000000
15415 5434.000000 1450.000000
15416 5456.000000 1448.000000
15417 5479.000000 1448.000000
15418 5500.000000 1448.000000
15419 5523.000000 1446.000000
15420 5545.000000 1446.000000
15421 5568.000000 1443.000000
15422 5590.000000 1443.000000
15423 5612.000000 1444.000000
15424 5634.000000 1444.000000
15425 5657.000000 1442.000000
15426 5679.000000 1441.000000
15427 5702.000000 1441.000000
15428 5724.000000 1440.000000
15429 5746.000000 1438.000000
15430 5769.000000 1437.000000
15431 5791.000000 1439.000000
15432 5813.000000 1438.000000
15433 5835.000000 1438.000000
15434 5858.000000 1438.000000
15435 5880.000000 1439.000000
15436 5902.000000 1440.000000
15437 5925.000000 1440.000000
15438 5947.000000 1442.000000
15439 5969.000000 1442.000000
15440 5992.000000 1444.000000
15441 6014.000000 1444.000000
15442 6037.000000 1441.000000
15443 6059.000000 1439.000000
15444 6081.000000 1436.000000
15445 6103.000000 1434.000000
15446 6126.000000 1430.000000
15447 6148.000000 1428.000000
15448 6171.000000 1424.000000
15449 6193.000000 1422.000000
15450 6215.000000 1420.000000
15451 6238.000000 1418.000000
15452 6260.000000 1416.000000
15453 6282.000000 1415.000000
15454 6305.000000 1412.000000
15455 6327.000000 1411.000000
15456 6349.000000 1411.000000
15457 6372.000000 1411.000000
15458 6394.000000 1411.000000
15459 6416.000000 1412.000000
15460 6439.000000 1412.000000
15461 6461.000000 1411.000000
15462 6483.000000 1410.000000
15463 6505.000000 1410.000000
15464 6528.000000 1409.000000
15465 6550.000000 1408.000000
15466 6572.000000 1408.000000
15467 6595.000000 1407.000000
15468 6617.000000 1406.000000
15469 6639.000000 1405.000000
15470 6662.000000 1404.000000
15471 6684.000000 1403.000000
15472 6706.000000 1402.000000
15473 6729.000000 1400.000000
15474 6751.000000 1399.000000
15475 6774.000000 1398.000000
15476 6796.000000 1398.000000
15477 6818.000000 1396.000000
15478 6841.000000 1392.000000
15479 6863.000000 1389.000000
15480 6885.000000 1386.000000
15481 6908.000000 1382.000000
15482 6930.000000 1381.000000
15483 6953.000000 1378.000000
15484 6975.000000 1376.000000
15485 6997.000000 1376.000000
15486 7019.000000 1374.000000
15487 7041.000000 1374.000000
15488 7064.000000 1373.000000
15489 7087.000000 1372.000000
15490 7108.000000 1372.000000
15491 7131.000000 1370.000000
15492 7153.000000 1371.000000
15493 7175.000000 1371.000000
15494 7197.000000 1370.000000
15495 7220.000000 1371.000000
15496 7243.000000 1371.000000
15497 7265.000000 1372.000000
15498 7287.000000 1372.000000
15499 7309.000000 1372.000000
15500 7332.000000 1373.000000
15501 7354.000000 1375.000000
15502 7377.000000 1375.000000
15503 7398.000000 1376.000000
15504 7421.000000 1378.000000
15505 7444.000000 1379.000000
15506 7466.000000 1381.000000
15507 7488.000000 1384.000000
15508 7510.000000 1387.000000
15509 7533.000000 1384.000000
15510 7555.000000 1382.000000
15511 7577.000000 1380.000000
15512 7600.000000 1377.000000
15513 7622.000000 1376.000000
15514 7644.000000 1373.000000
15515 7667.000000 1371.000000
15516 7689.000000 1369.000000
15517 7711.000000 1368.000000
15518 7734.000000 1368.000000
15519 7756.000000 1367.000000
15520 7778.000000 1367.000000
15521 7801.000000 1366.000000
15522 7823.000000 1367.000000
15523 7845.000000 1366.000000
15524 7867.000000 1366.000000
15525 7890.000000 1366.000000
15526 7913.000000 1365.000000
15527 7935.000000 1365.000000
15528 7957.000000 1365.000000
15529 7979.000000 1364.000000
15530 8003.000000 1362.000000
15531 8024.000000 1360.000000
15532 8047.000000 1358.000000
15533 8069.000000 1356.000000
15534 8091.000000 1354.000000
15535 8114.000000 1352.000000
15536 8137.000000 1350.000000
15537 8158.000000 1349.000000
15538 8181.000000 1347.000000
15539 8203.000000 1345.000000
15540 8226.000000 1344.000000
15541 8248.000000 1344.000000
15542 8270.000000 1345.000000
15543 8293.000000 1345.000000
15544 8315.000000 1344.000000
15545 8337.000000 1345.000000
15546 8360.000000 1344.000000
15547 8382.000000 1346.000000
15548 8405.000000 1346.000000
15549 8427.000000 1343.000000
15550 8449.000000 1340.000000
15551 8471.000000 1337.000000
15552 8494.000000 1333.000000
15553 8516.000000 1331.000000
15554 8539.000000 1328.000000
15555 8561.000000 1327.000000
15556 8584.000000 1325.000000
15557 8606.000000 1323.000000
15558 8628.000000 1323.000000
15559 8651.000000 1322.000000
15560 8673.000000 1323.000000
15561 8695.000000 1324.000000
15562 8717.000000 1325.000000
15563 8740.000000 1324.000000
15564 8762.000000 1322.000000
15565 8785.000000 1322.000000
15566 8807.000000 1322.000000
15567 8829.000000 1321.000000
15568 8851.000000 1321.000000
15569 8902.000000 1393.000000
15570 8908.000000 1320.000000
15571 8930.000000 1314.000000
15572 8963.000000 1309.000000
15573 8986.000000 1306.000000
15574 9008.000000 1305.000000
15575 9031.000000 1302.000000
15576 9053.000000 1301.000000
15577 9075.000000 1300.000000
15578 9097.000000 1300.000000
15579 9120.000000 1299.000000
15580 9142.000000 1297.000000
15581 9165.000000 1296.000000
15582 9187.000000 1296.000000
15583 9209.000000 1297.000000
15584 9232.000000 1298.000000
15585 9255.000000 1299.000000
15586 9276.000000 1293.000000
15587 9299.000000 1287.000000
15588 9333.000000 1275.000000
15589 9355.000000 1271.000000
15590 9377.000000 1269.000000
15591 9400.000000 1268.000000
15592 9421.000000 1267.000000
15593 9444.000000 1267.000000
15594 9467.000000 1266.000000
15595 9489.000000 1266.000000
15596 9587.000000 1246.000000
15597 9534.000000 1261.000000
15598 9556.000000 1259.000000
15599 9578.000000 1256.000000
15600 9600.000000 1254.000000
15601 9623.000000 1252.000000
15602 9645.000000 1250.000000
15603 9668.000000 1247.000000
15604 9690.000000 1245.000000
15605 9712.000000 1244.000000
15606 9734.000000 1242.000000
15607 9757.000000 1241.000000
15608 9779.000000 1241.000000
15609 9801.000000 1243.000000
15610 9824.000000 1240.000000
15611 9777.000000 1302.000000
15612 9869.000000 1234.000000
15613 9891.000000 1231.000000
15614 9914.000000 1229.000000
15615 9935.000000 1228.000000
15616 9958.000000 1227.000000
15617 9980.000000 1225.000000
15618 10002.000000 1223.000000
15619 10025.000000 1220.000000
15620 10047.000000 1219.000000
15621 10069.000000 1217.000000
15622 10092.000000 1216.000000
15623 10114.000000 1215.000000
15624 10137.000000 1213.000000
15625 10159.000000 1213.000000
15626 10182.000000 1212.000000
15627 10204.000000 1211.000000
15628 10226.000000 1211.000000
15629 10247.000000 1211.000000
15630 10271.000000 1208.000000
15631 10293.000000 1206.000000
15632 10315.000000 1204.000000
15633 10337.000000 1202.000000
15634 10359.000000 1198.000000
15635 10382.000000 1196.000000
15636 10405.000000 1194.000000
15637 10438.000000 1190.000000
15638 10462.000000 1187.000000
15639 10483.000000 1187.000000
15640 10505.000000 1186.000000
15641 10527.000000 1185.000000
15642 10550.000000 1184.000000
15643 10572.000000 1183.000000
15644 10595.000000 1181.000000
15645 10617.000000 1180.000000
15646 10639.000000 1179.000000
15647 10661.000000 1177.000000
15648 10685.000000 1175.000000
15649 10706.000000 1175.000000
15650 10729.000000 1173.000000
15651 10751.000000 1173.000000
15652 10774.000000 1172.000000
15653 10796.000000 1171.000000
15654 10818.000000 1171.000000
15655 10841.000000 1171.000000
15656 10863.000000 1171.000000
15657 10885.000000 1170.000000
15658 10907.000000 1171.000000
15659 10930.000000 1172.000000
15660 10952.000000 1172.000000
15661 10974.000000 1173.000000
15662 10997.000000 1172.000000
15663 11019.000000 1173.000000
15664 11041.000000 1174.000000
15665 11064.000000 1174.000000
15666 11086.000000 1174.000000
15667 11109.000000 1174.000000
15668 11131.000000 1175.000000
15669 11153.000000 1174.000000
15670 11176.000000 1173.000000
15671 11198.000000 1171.000000
15672 11221.000000 1169.000000
15673 11242.000000 1168.000000
15674 11265.000000 1166.000000
15675 11287.000000 1164.000000
15676 11310.000000 1162.000000
15677 11333.000000 1160.000000
15678 11354.000000 1159.000000
15679 11377.000000 1158.000000
15680 11412.000000 1158.000000
15681 11433.000000 1159.000000
15682 11455.000000 1159.000000
15683 11477.000000 1159.000000
15684 11581.000000 1138.000000
15685 11567.000000 1157.000000
15686 11601.000000 1159.000000
15687 11623.000000 1158.000000
15688 11645.000000 1158.000000
15689 11678.000000 1157.000000
15690 11701.000000 1156.000000
15691 11723.000000 1155.000000
15692 11746.000000 1154.000000
15693 11768.000000 1154.000000
15694 11790.000000 1154.000000
15695 11813.000000 1154.000000
15696 11835.000000 1153.000000
15697 11857.000000 1152.000000
15698 11880.000000 1150.000000
15699 11902.000000 1149.000000
15700 11924.000000 1148.000000
15701 11947.000000 1146.000000
15702 11969.000000 1146.000000
15703 11991.000000 1144.000000
15704 12014.000000 1141.000000
15705 12037.000000 1139.000000
15706 12059.000000 1138.000000
15707 12081.000000 1138.000000
15708 12103.000000 1137.000000
15709 12126.000000 1134.000000
15710 12148.000000 1132.000000
15711 12171.000000 1130.000000
15712 12193.000000 1127.000000
15713 12216.000000 1126.000000
15714 12237.000000 1126.000000
15715 12260.000000 1124.000000
15716 12282.000000 1123.000000
15717 12305.000000 1120.000000
15718 12327.000000 1119.000000
15719 12349.000000 1118.000000
15720 12372.000000 1116.000000
15721 12394.000000 1115.000000
15722 12416.000000 1113.000000
15723 12439.000000 1111.000000
15724 12461.000000 1110.000000
15725 12483.000000 1108.000000
15726 12506.000000 1107.000000
15727 12528.000000 1105.000000
15728 12551.000000 1104.000000
15729 12573.000000 1103.000000
15730 12595.000000 1102.000000
15731 12617.000000 1101.000000
15732 12640.000000 1098.000000
15733 12662.000000 1096.000000
15734 12685.000000 1094.000000
15735 12707.000000 1093.000000
15736 12729.000000 1091.000000
15737 12752.000000 1090.000000
15738 12774.000000 1089.000000
15739 12796.000000 1088.000000
15740 12819.000000 1087.000000
15741 12841.000000 1085.000000
15742 12863.000000 1084.000000
15743 12886.000000 1083.000000
15744 12908.000000 1081.000000
15745 12930.000000 1081.000000
15746 12953.000000 1080.000000
15747 12975.000000 1079.000000
15748 12997.000000 1078.000000
15749 13019.000000 1077.000000
15750 13042.000000 1076.000000
15751 13064.000000 1076.000000
15752 13087.000000 1075.000000
15753 13109.000000 1074.000000
15754 13131.000000 1073.000000
15755 13154.000000 1071.000000
15756 13176.000000 1069.000000
15757 13199.000000 1067.000000
15758 13220.000000 1067.000000
15759 13310.000000 1061.000000
15760 13333.000000 1060.000000
15761 13355.000000 1060.000000
15762 13369.000000 1112.000000
15763 13477.000000 1054.000000
15764 13506.000000 1116.000000
15765 13545.000000 1054.000000
15766 13567.000000 1053.000000
15767 13589.000000 1052.000000
15768 13565.000000 1066.000000
15769 13677.000000 1077.000000
15770 13647.000000 1066.000000
15771 13787.000000 1078.000000
15772 13781.000000 1067.000000
15773 13889.000000 1082.000000
15774 13860.000000 1106.000000
15775 13863.000000 1101.000000
15776 14063.000000 1135.000000
15777 14468.000000 1287.000000
15778 14657.000000 1364.000000
15779 14571.000000 1547.000000
15780 14599.000000 1266.000000
15781 14759.000000 1341.000000
15782 14827.000000 1335.000000
15783 14976.000000 1436.000000
15784 15139.000000 1286.000000
15785 14956.000000 1293.000000
15786 15135.000000 1226.000000
15787 15063.000000 1266.000000
15788 15109.000000 1236.000000
15789 15253.000000 1169.000000
15790 15457.000000 1300.000000
15791 15275.000000 1250.000000
15792 15272.000000 1177.000000
15793 15338.000000 1548.000000
15794 15319.000000 1315.000000
15795 15327.000000 1321.000000
15796 15606.000000 1464.000000
15797 15555.000000 1321.000000
15798 15632.000000 1418.000000
15799 15587.000000 1504.000000
15800 15645.000000 1214.000000
15801 15643.000000 1215.000000
15802 15804.000000 1322.000000
15803 15741.000000 1206.000000
15804 15731.000000 1243.000000
15805 15863.000000 1270.000000
15806 15791.000000 1161.000000
15807 15901.000000 1271.000000
15808 15863.000000 1244.000000
15809 16017.000000 1268.000000
15810 15916.000000 1252.000000
15811 16045.000000 1167.000000
15812 16057.000000 1214.000000
15813 16333.000000 1347.000000
15814 16143.000000 1218.000000
15815 16217.000000 1377.000000
15816 16219.000000 1249.000000
15817 16159.000000 1497.000000
15818 16315.000000 1291.000000
15819 16347.000000 1280.000000
15820 16352.000000 1347.000000
15821 16625.000000 1344.000000
15822 16507.000000 1382.000000
15823 17079.000000 1571.000000
15824 17475.000000 1501.000000
15825 17458.000000 1511.000000
15826 17859.000000 1261.000000
15827 17855.000000 1195.000000
15828 18017.000000 1237.000000
15829 18023.000000 1359.000000
15830 18247.000000 1212.000000
15831 18421.000000 1222.000000
15832 18389.000000 1208.000000
15833 18431.000000 1207.000000
15834 18721.000000 1246.000000
15835 18855.000000 1261.000000
15836 18979.000000 1264.000000
15837 19241.000000 1143.000000
15838 19268.000000 1173.000000
15839 19449.000000 1299.000000
15840 19443.000000 1295.000000
15841 19527.000000 1299.000000
15842 19809.000000 1533.000000
15843 19987.000000 1464.000000
15844 19898.000000 1478.000000
15845 19899.000000 1473.000000
15846 19928.000000 1437.000000
