time_utc,et,x_km,y_km,z_km,vx_kms,vy_kms,vz_kms,q_w,q_x,q_y,q_z,r00,r01,r02,r10,r11,r12,r20,r21,r22
2021-06-10T00:00:00,676555269.1846827,1371.9413819437423,227.87815905190564,3420.8377133765553,0.0,0.0,0.0,0.19208625656401362,0.14653903841640267,-0.9703163828713073,-0.010737662257804282,-0.8832583605184401,-0.280253344716586,-0.37591585674116457,-0.28850357410598737,0.9568220256584669,-0.035458411454821204,0.36962190993276967,0.07713412986476681,-0.9259751452969225
2021-06-10T00:01:00,676555329.1846827,1190.0427768749091,169.65376699805086,3492.114220708052,0.0,0.0,0.0,0.16442522618539102,0.144065851713733,-0.9757838945943552,-0.007427409652904049,-0.9044187507277595,-0.2787117687022579,-0.32302704734882204,-0.283596782750859,0.9583797279116893,-0.032881027071526236,0.31874690295813224,0.06187121394295991,-0.9458183571594615
2021-06-10T00:02:00,676555389.1846827,1004.0639238729188,112.48425077821821,3552.744080324702,0.0,0.0,0.0,0.13683483565929097,0.14111770964398127,-0.980479984308448,-0.0045847732155015475,-0.9227240395498639,-0.27547146609579326,-0.26962162043095866,-0.2779808928537062,0.960129543758799,-0.029629080474713965,0.2670336496493241,0.04761019395628496,-0.9625104152093146
2021-06-10T00:03:00,676555449.1846827,814.5779815588837,56.574495219010714,3602.550117600516,0.0,0.0,0.0,0.1099955939186115,0.13679268268467662,-0.9844408392243789,-0.008060108536618078,-0.9383774625648427,-0.2675554538326469,-0.2187734373153511,-0.271101759534782,0.9624455932286147,-0.01422378472718655,0.21436318183753644,0.045962584775298077,-0.9756720079377398
2021-06-10T00:04:00,676555509.1846827,622.1691354944367,2.120333382985109,3641.386970171294,0.0,0.0,0.0,0.08311296429610461,0.13240234418515484,-0.9876404732619591,-0.011320335466925019,-0.9511237088403803,-0.2596500944690735,-0.16716913268878458,-0.2634135610190031,0.9646829385183842,0.00035214034611324996,0.16117377687765175,0.044369545566038615,-0.9859281703416615
2021-06-10T00:05:00,676555569.1846827,427.431036574078,-50.69202107452361,3669.1412469317156,0.0,0.0,0.0,0.05618689100596079,0.12788984525400196,-0.9900884236618961,-0.014564823743992955,-0.9609744415199838,-0.25160780625134754,-0.11498536680265115,-0.2548812149082469,0.9668641067804277,0.014469461171095155,0.10753459458356679,0.04321239235531821,-0.9932617983767815
2021-06-10T00:06:00,676555629.1846827,230.96523829173475,-101.686457498957,3685.7318164605113,0.0,0.0,0.0,0.029212478605147738,0.12330830336873715,-0.991778397755883,-0.017813005328713695,-0.9678833868281342,-0.24354829901596806,-0.0623375933809468,-0.2456297471642018,0.9689555183229653,0.028128825420264847,0.05355162752101894,0.04253739011624985,-0.9976586558698057
2021-06-10T00:07:00,676555689.1846827,33.37951433290209,-150.69746139020026,3691.1099922618464,0.0,0.0,0.0,0.0022308070514292745,0.11858142755164862,-0.9927188701002917,-0.02104075774568434,-0.9718669370794244,-0.23534216580641165,-0.00941921469151663,-0.23552991728939712,0.970991463106601,0.041246049941197904,-0.0005609576694901031,0.042304179080200954,-0.9991046200267731
2021-06-10T00:08:00,676555749.1846827,-164.713737656975,-197.57057427032964,3685.259689264478,0.0,0.0,0.0,0.024754260641083343,-0.1137659066536553,0.9929028736727833,0.02425754554183203,-0.9728890901267704,-0.22711794649451872,0.043637789728835696,-0.2247160360750971,0.9729377799351155,0.05380315516421441,-0.054676516375871204,0.04253839154271932,-0.9975975961287987
2021-06-10T00:09:00,676555809.1846827,-362.69929471448404,-242.16287721094523,3668.1976771476398,0.0,0.0,0.0,0.0517425481767901,-0.10885793552135546,0.992330198990494,0.027448765977499918,-0.9709453171644016,-0.2188865718271706,0.09671535426325972,-0.2132054954432334,0.9747930302406815,0.06574165275527122,-0.10866741825093762,0.04321130486271274,-0.9931385479089697
2021-06-10T00:10:00,676555869.1846827,-559.9609818357842,-284.3435451631317,3639.9734433884623,0.0,0.0,0.0,0.07868873035658418,-0.10392425396293396,0.9909944659163447,0.030623547741814153,-0.9660156663062326,-0.21079617728513989,0.1495951339211841,-0.20115726492186936,0.9765238955239048,0.07705086787292253,-0.16232525133224948,0.044340197482528654,-0.985740564077147
2021-06-10T00:11:00,676555929.1846827,-755.8833172288533,-323.9942691272606,3600.66904113319,0.0,0.0,0.0,0.10558504078312791,-0.09894810915677003,0.9888983943531612,0.033779231827633364,-0.9581221417142504,-0.20283241567910923,0.20214097236007142,-0.1885660893985356,0.9781364703828699,0.08770333651512158,-0.2155105368325215,0.04591357595219775,-0.9754215253199205
2021-06-10T00:12:00,676555989.1846827,-949.8534244869131,-361.0094776626827,3550.398799355568,0.0,0.0,0.0,0.13242872492138,-0.09395059627971421,0.9860391947837065,0.03691374574170814,-0.947271836548767,-0.19505482117148978,0.25422368972871845,-0.17550106004890403,0.9796213216680053,0.09768031559706053,-0.2680959634221234,0.04791328491335689,-0.9622000163820277
2021-06-10T00:13:00,676556049.1846827,-1141.2625049511967,-395.2964676208694,3489.308712310055,0.0,0.0,0.0,0.15920216188667136,-0.08895390195938656,0.9824159924332596,0.04000865891508481,-0.9334837499536199,-0.18751840173541914,0.3056876470895114,-0.16204054176154736,0.9809730210760327,0.10693359970835231,-0.3199233523801474,0.05028698570759499,-0.9461079577248532
2021-06-10T00:14:00,676556109.1846827,-1329.5072072161392,-426.77564491478984,3417.5764081936945,0.0,0.0,0.0,0.18590417819623953,-0.08391830232140679,0.9780306649624381,0.04305082412457389,-0.9167947101293474,-0.18015600220294842,0.35641446989298403,-0.14814268988474916,0.9822086901553762,0.11541157834884541,-0.37086547818927085,0.05300852623410646,-0.9271725261427517
2021-06-10T00:15:00,676556169.1846827,-1513.9915203033595,-455.3807273828663,3335.411112760985,0.0,0.0,0.0,0.21246905548094122,-0.07899117070027445,0.9728799158218714,0.046064789208953634,-0.8972345908288735,-0.17327253151141817,0.4061363303667479,-0.1341231624947981,0.9832768602930697,0.12319737535596037,-0.4206911768774544,0.056064657635875814,-0.9054698713163425
2021-06-10T00:16:00,676556229.1846827,-1694.1287353944758,-481.0588137202833,3243.05327236543,0.0,0.0,0.0,0.23894391034266382,-0.07399214015648758,0.966968287020744,0.04902349234181484,-0.8748619418104397,-0.1665238359578488,0.4548476611235356,-0.1196683761226216,0.9842437207873496,0.1301682674343056,-0.46935707358879986,0.05944838221985144,-0.8810050098175384
2021-06-10T00:17:00,676556289.1846827,-1869.3432984077278,-503.770405024241,3140.7739600772593,0.0,0.0,0.0,0.26530163154185327,-0.0690507771213942,0.9602877824356381,0.05190770063301964,-0.8496940689603247,-0.16015963060977453,0.5023632967251768,-0.10507483993966998,0.985075161587849,0.13633122912350842,-0.5167003649943553,0.06305409380535315,-0.8538412698324473
2021-06-10T00:18:00,676556349.1846827,-2039.0725117949728,-523.4894212815757,3028.8742217929253,0.0,0.0,0.0,0.29146133752167314,-0.06428627189209371,0.9528486635414072,0.054744756494548144,-0.8218351279525862,-0.15442213641328062,0.5483984192616844,-0.09059821661248346,0.985740573765137,0.1418008617033631,-0.5624757644643845,0.0668530105435568,-0.8241066007328598
2021-06-10T00:19:00,676556409.1846827,-2202.7682496078896,-540.2031906633954,2907.6844285465836,0.0,0.0,0.0,0.317488059691913,-0.059472660955731484,0.9446472092144047,0.05749769278280495,-0.7913286691038176,-0.1488710282295212,0.5929893375165065,-0.07585170455602369,0.9863140358469975,0.14639378951018822,-0.6066675006709409,0.07086635058398738,-0.7917906945554367
2021-06-10T00:20:00,676556469.1846827,-2359.8986485072983,-553.9123791538052,2777.563537263706,0.0,0.0,0.0,0.3433068618416407,-0.05487316934414886,0.935687282203635,0.06015516454094478,-0.7582586677971461,-0.14399161490329138,0.6358539199753663,-0.06138489185481448,0.9867405829303604,0.15024951597334757,-0.649057538098488,0.0748961737059688,-0.757043509582993
2021-06-10T00:21:00,676556529.1846827,-2509.9497834205777,-564.6309121939139,2638.8983811217486,0.0,0.0,0.0,0.3689334681779418,-0.0502702604112019,0.9259733372712363,0.0627246015464006,-0.722721993952771,-0.13938025117409553,0.6769387454117077,-0.046815432019723435,0.9870770505580704,0.15325538028528418,-0.6895514736274133,0.07906985420643226,-0.7199074408380818
2021-06-10T00:22:00,676556589.1846827,-2652.427475221962,-572.3858702004518,2492.1029318121,0.0,0.0,0.0,0.3943369931621714,-0.04581047999763499,0.915505594247562,0.06518621516564944,-0.6847994714924077,-0.1352901735940907,0.7160630229055258,-0.03246882925791278,0.9873043145495279,0.15548622317912092,-0.728007870129396,0.08322715542878839,-0.6804981863523906
2021-06-10T00:23:00,676556649.1846827,-2786.859254902878,-577.2173034334028,2337.6172906557476,0.0,0.0,0.0,0.41948700345876727,-0.04148374735286345,0.9042952063496175,0.06752727158601073,-0.6446195052694961,-0.1316807333639501,0.7530776041596529,-0.01837348212650211,0.9874383325954261,0.15693296172478294,-0.7642827412552617,0.08732539024760999,-0.6389414430426669
2021-06-10T00:24:00,676556709.1846827,-2912.7960378566836,-579.1779460193818,2175.906167303692,0.0,0.0,0.0,0.4443848484926107,-0.03727390991717741,0.892338004999418,0.0697541891454864,-0.6022655241393707,-0.1285172623783281,0.7878829555866202,-0.004526443277760334,0.9874900174722836,0.15761654958741494,-0.7982830010368389,0.09136070634232657,-0.5953129190537101
2021-06-10T00:25:00,676556769.1846827,-3029.8132587846358,-578.3328701486078,2007.4576513290554,0.0,0.0,0.0,0.4689946665285045,-0.033223325961440515,0.8796477408719697,0.07183359491711978,-0.5578804267597535,-0.1258287930398649,0.8203270959077763,0.00892949853492811,0.987472290506686,0.1575396443356203,-0.8298732996634306,0.09521339361460612,-0.5497678748181999
2021-06-10T00:26:00,676556829.1846827,-3137.5125118649667,-574.7591184789767,1832.7823773398359,0.0,0.0,0.0,0.49331374367845526,-0.02927062626841672,0.8662223904203434,0.07378042470918823,-0.5115695614716038,-0.12350353875760894,0.8503196220775447,0.022084051336295235,0.987399358735173,0.15669971616421358,-0.8589580190278956,0.09894130726707123,-0.5023959984553582
2021-06-10T00:27:00,676556889.1846827,-3235.523369996038,-568.5452929687876,1652.412092868768,0.0,0.0,0.0,0.5172875029159006,-0.025564438232345936,0.8520879549262699,0.0755394989026532,-0.46352019764979324,-0.12171757730222099,0.8776866512294548,0.034584977733266575,0.9872804872068011,0.15518092310555015,-0.8854111506446518,0.10228426543891811,-0.4534148468651362
2021-06-10T00:28:00,676556949.1846827,-3323.504769929014,-559.7911124372656,1466.8980294176129,0.0,0.0,0.0,0.5409293249828074,-0.021921135634072803,0.8372333339682781,0.07717041971195054,-0.41382985837231373,-0.12019369702942166,0.9023847979182441,0.04678127514427971,0.9871283802679878,0.15293486576112653,-0.9091514508680201,0.10550372535554425,-0.40288038339025123
2021-06-10T00:29:00,676557009.1846827,-3401.146325988016,-548.6069513932629,1276.8093545503127,0.0,0.0,0.0,0.5641961679460461,-0.01850262842724211,0.8216827452769362,0.07859900082340837,-0.3626806736325611,-0.11909709117978086,0.9242719360912923,0.05828392909603952,0.9869596996216903,0.15004510965636392,-0.9300890885192445,0.10828866143404564,-0.35100976228911784
2021-06-10T00:30:00,676557069.1846827,-3468.1695718785777,-535.1133171055135,1082.731530344211,0.0,0.0,0.0,0.587112373913127,-0.015682454285849298,0.8054227254011536,0.07967028575976841,-0.31010624205132975,-0.11881283134928548,0.943248445398967,0.06828881106173373,0.986813412389058,0.14675124330934083,-0.9482461478564397,0.10992179145114456,-0.29790341193009906
2021-06-10T00:31:00,676557129.1846827,-3524.329098277647,-519.440277243926,885.2646665169146,0.0,0.0,0.0,0.6095794488945252,-0.012468910071063849,0.7885090456020735,0.08069019005303008,-0.2565148435341734,-0.11803785992710633,0.9593055814861433,0.07871046640777596,0.9866672390216913,0.14245147215519835,-0.9633300563796964,0.11204830683746037,-0.24380397742930587
2021-06-10T00:32:00,676557189.1846827,-3569.4137384976584,-501.72682345294584,685.0218524303158,0.0,0.0,0.0,0.6314918637643512,-0.008521421828228543,0.7709794899375937,0.08207336635608155,-0.2022908227389031,-0.1167970090805741,0.9723357864983939,0.09051764326189121,0.9863826958100117,0.13731618136580656,-0.9751333136007256,0.1157913471568855,-0.1889639770688131
2021-06-10T00:33:00,676557249.1846827,-3603.2477852220727,-482.1201800696397,482.62721962417265,0.0,0.0,0.0,0.6531404037927852,-0.005920827701603273,0.7526954936147413,0.08259570584955747,-0.14674511346545122,-0.11680634599919229,0.9822536073786283,0.09898002468132794,0.9862857863490826,0.1320730947614067,-0.9842097471515385,0.11660456757815602,-0.13317112461722205
2021-06-10T00:34:00,676557309.1846827,-3625.6918591468784,-460.7750357776157,278.7138375025054,0.0,0.0,0.0,0.6742634675234181,-0.003614563939643585,0.7338184370946738,0.08286261322667245,-0.09071142258164541,-0.11704733316647217,0.9889749034287124,0.10643759852259987,0.9862414445135461,0.1264865634942128,-0.9901729522835677,0.11673788983209604,-0.07700512738508683
2021-06-10T00:35:00,676557369.1846827,-3636.643594861769,-437.85271665768016,73.92166782500396,0.0,0.0,0.0,0.694865425324656,-0.0012933531520299695,0.7143322331163654,0.0830049917595065,-0.0343207358520182,-0.11720236549667348,0.9925148324395764,0.11350683011548274,0.9862169971612569,0.12038369502290813,-0.9929442515104819,0.11678886947058698,-0.020544424062778427
2021-06-10T00:36:00,676557429.1846827,-3636.038174997729,-413.52034316794544,-131.10446998296845,0.0,0.0,0.0,0.7149461199743589,0.0009094606548197019,0.6942433200108981,0.08293027815685282,0.02229756317014578,-0.11731858722442992,0.9928439795699711,0.119844135162115,0.9862434836922886,0.11384715254121619,-0.9925422922696634,0.11644801400694693,0.036050771003126314
2021-06-10T00:37:00,676557489.1846827,-3623.8488346811273,-387.9500608700074,-335.7168625309607,0.0,0.0,0.0,0.7344724577432337,0.0030293986422821294,0.6735779689111329,0.08266650686966853,0.07891793687904008,-0.11735147257824557,0.9899497922230568,0.12551361731620786,0.9863141427716662,0.10691465585593732,-0.9889480730083638,0.1158146953210612,0.09256708508283812
2021-06-10T00:38:00,676557549.1846827,-3600.0874172371045,-361.3182768652541,-539.267038104678,0.0,0.0,0.0,0.7534491681171537,0.00498637970420312,0.6523349793752072,0.08214963033734518,0.13542102583797094,-0.11728556147461236,0.9838217535867849,0.1302967210806053,0.9864531485057659,0.09966418754348962,-0.9821832365890972,0.11469212210368201,0.14886842140198686
2021-06-10T00:39:00,676557609.1846827,-3564.8046770037736,-333.80488371869836,-741.1081680660614,0.0,0.0,0.0,0.7718260923198199,0.006765317915429791,0.6305662916467767,0.08139327691309917,0.19152257262435954,-0.1171109468623964,0.9744763364496539,0.13417487258137284,0.9866587298937012,0.09220441579620942,-0.9722737308716711,0.11309101135607919,0.20468076462467066
2021-06-10T00:40:00,676557669.1846827,-3518.0901348636476,-305.592396610468,-940.5974814109966,0.0,0.0,0.0,0.7896095025121809,0.008417015391382218,0.6082641686195291,0.08037840859310909,0.2471080252112647,-0.11669557270525752,0.9619354277638291,0.13717464818244507,0.9869369305678808,0.08449030108404318,-0.9592292425547772,0.1110749224273499,0.2598877100509888
2021-06-10T00:41:00,676557729.1846827,-3460.071781142353,-276.8649031196428,-1137.0982595934454,0.0,0.0,0.0,0.8067629126012237,0.009903488128022865,0.5854695087578782,0.07912634257247889,0.30192895245182316,-0.11607601653590444,0.9462374258379878,0.13926877785311664,0.9872818856680015,0.07667258797728295,-0.943102918660866,0.10863165568558442,0.31425475047541396
2021-06-10T00:42:00,676557789.1846827,-3390.9160619938284,-247.8071369723355,-1329.981947652016,0.0,0.0,0.0,0.8232732831889449,0.011296347025938602,0.5621964837217317,0.07764410745243852,0.3558130125376702,-0.11514310537152228,0.9274368794663445,0.14054617167905487,0.9876875702435676,0.06870252697477404,-0.9239285003371365,0.10590244979111862,0.367615012469581
2021-06-10T00:43:00,676557849.1846827,-3310.8274303221224,-218.6035997351464,-1518.6305484025668,0.0,0.0,0.0,0.8391369072429937,0.012483685174957642,0.5384585916947662,0.07586668265586059,0.40861318298576826,-0.11388117181631208,0.9055751461894163,0.14076896197018607,0.988176808134495,0.0607510922614385,-0.9017867630632397,0.10265317613627517,0.41981300526908344
2021-06-10T00:44:00,676557909.1846827,-3220.047548411396,-189.4376089749309,-1702.4387181287746,0.0,0.0,0.0,0.8543194354032891,0.013598091914394574,0.5142906668855718,0.07388169017345983,0.46009321162301337,-0.11225038415321123,0.8807463243612641,0.1402238711893124,0.988713175506801,0.052759099006148474,-0.8767277243061862,0.09922755583361886,0.470640403701363
2021-06-10T00:45:00,676557969.1846827,-3118.854597087048,-160.49032676853557,-1880.8156953334947,0.0,0.0,0.0,0.8687384673874512,0.01483195214334677,0.4898461367253803,0.07158387257015424,0.5098530230461599,-0.10984457857748056,0.8532198212933334,0.13890607640753694,0.9893115247669549,0.04435999211391364,-0.8489729070045493,0.09590034160741401,0.5196615510616751
2021-06-10T00:46:00,676558029.1846827,-3007.562567747098,-131.93983327471085,-2053.187421888832,0.0,0.0,0.0,0.8827321693794102,0.015476932637172808,0.46446748438109836,0.06938542823647231,0.5589112366022706,-0.10812043524515433,0.8221485273854832,0.13687456311684804,0.9898922538091715,0.03713057796709798,-0.8178530329902141,0.09177852325570018,0.5680608410176768
2021-06-10T00:47:00,676558089.1846827,-2886.52013737377,-103.96025108924607,-2218.9987441508856,0.0,0.0,0.0,0.8957576952351742,0.016086631062556957,0.43922431074382196,0.06664365370866589,0.6052812565439479,-0.10526185241496788,0.7890212563060321,0.13352441017753464,0.9905996874428333,0.029723578601888234,-0.7847329688265438,0.08736247286066656,0.6136464503053434
2021-06-10T00:48:00,676558149.1846827,-2756.109253766755,-76.72089576474292,-2377.715247574429,0.0,0.0,0.0,0.9080511171627701,0.01668617301350369,0.41366052779832496,0.06363731602778253,0.6496705195007826,-0.10176704955313612,0.7533735353175293,0.1293766940959365,0.9913437272778871,0.022344695379276025,-0.7491260822561108,0.08295228756360917,0.6572130787435493
2021-06-10T00:49:00,676558209.1846827,-2616.7438835663334,-50.38547935598808,-2528.82483426837,0.0,0.0,0.0,0.9195999667390466,0.017255057619464678,0.3878074705806686,0.06036165937014282,0.6919236716798133,-0.09763387939793744,0.7153385619151502,0.12440044039845055,0.9921174661292638,0.015081904054893985,-0.7111723862733966,0.07855290570665419,0.6986152574967454
2021-06-10T00:50:00,676558269.1846827,-2468.86884893592,-25.11137623453874,-2671.8394267550293,0.0,0.0,0.0,0.9304176970914576,0.01786517132621448,0.3616117875090644,0.05692679269915796,0.7319925108149725,-0.0930108776570506,0.6749340269598632,0.1188519038067628,0.9928803518529444,0.007926655403239335,-0.6708659993413738,0.07441494165716261,0.7378355015759686
2021-06-10T00:51:00,676558329.1846827,-2312.958451334156,-1.04883324395189,-2806.2968553644796,0.0,0.0,0.0,0.9404939950521632,0.01841789618540366,0.3350934537744162,0.053331075448171644,0.7697363472581494,-0.08797167952930751,0.6322712545343769,0.11265854530540964,0.9936331549832904,0.0010979470031310667,-0.6283422696901353,0.07038563005859622,0.7747463166752738
2021-06-10T00:52:00,676558389.1846827,-2149.5146636948884,21.659831516052236,-2931.762621700697,0.0,0.0,0.0,0.9498274691135884,0.01889802173479937,0.30823478963307605,0.049618123217627194,0.8050587126164276,-0.08260725728811555,0.5874151090019013,0.10590736830374453,0.9943618132457428,-0.005311656767289286,-0.5836643715178744,0.066487783855183,0.8092683584687289
2021-06-10T00:53:00,676558449.1846827,-1979.0651972855244,42.88091088149429,-3047.831205171598,0.0,0.0,0.0,0.958389298231303,0.019268249341811053,0.281108574604469,0.04578926606592658,0.8377626247939751,-0.07693494492769956,0.5405874570754313,0.09860082535809955,0.9950641553608912,-0.011189457297733352,-0.5370583410924841,0.06267647856164288,0.8412134077022912
2021-06-10T00:54:00,676558509.1846827,-1802.161819316315,62.489913667546375,-3154.1272711347883,0.0,0.0,0.0,0.9661866253123306,0.019306664025866734,0.25368272997351127,0.041901435595324076,0.8677786844164748,-0.07117367883364983,0.49182767542473305,0.0907647477807027,0.9957430448384865,-0.016048339979120196,-0.48859176766777124,0.05856702226564442,0.8705446504747576
2021-06-10T00:55:00,676558569.1846827,-1619.378551155024,80.37216821614311,-3250.3070719824873,0.0,0.0,0.0,0.9731024283734017,0.01945182443478326,0.22645353216723538,0.03757776189357442,0.8946134191601055,-0.06432415400224231,0.4421868761853537,0.0819438914036566,0.9964190766744563,-0.020838001364082814,-0.43926305207732996,0.05487646901103982,0.8966808485902826
2021-06-10T00:56:00,676558629.1846827,-1431.3095998758372,96.4234269417725,-3336.0596647973525,0.0,0.0,0.0,0.9792702140530606,0.019635340708719907,0.19885013645885566,0.033210307044949906,0.9187113974725493,-0.057234748618661735,0.3907602227768253,0.0728527093360421,0.9970230578024653,-0.025248860422208308,-0.3881518400013503,0.051664356773123365,0.9201461532510937
2021-06-10T00:57:00,676558689.1846827,-1238.5672234739359,110.55037536205191,-3411.107999733129,0.0,0.0,0.0,0.9846336550945152,0.019776603408654295,0.1711186573060104,0.02870289766940663,0.9397890975743354,-0.049755386445338584,0.3381136696439395,0.06329196973078816,0.9975700592459928,-0.029122215979274446,-0.33584308634839144,0.04876862121919723,0.9406545821588097
2021-06-10T00:58:00,676558749.1846827,-1041.7794198128681,122.67105043781066,-3475.209733283462,0.0,0.0,0.0,0.9891888994014447,0.02004104386521082,0.14326897240861391,0.02403496217453034,0.9577926442764975,-0.041807716040028586,0.28440352573298233,0.05329275508228748,0.9980413543081232,-0.032761827582518166,-0.28247678280802846,0.04653568491301768,0.9581447162115451
2021-06-10T00:59:00,676558809.1846827,-841.5878305179276,132.71521244673318,-3528.157707972832,0.0,0.0,0.0,0.9929251362025298,0.019984652317641377,0.1154182620681893,0.019465671067020705,0.9725994248621388,-0.034042720513911995,0.22998141650544016,0.04326909586806871,0.9984434026433069,-0.03519313939981544,-0.22842535783182435,0.04417991509800162,0.9725584769058033
2021-06-10T01:00:00,676558869.1846827,-638.6458813483479,140.62469902354292,-3569.780628988994,0.0,0.0,0.0,0.9958787626089283,0.019948554723791225,0.08725764915801942,0.01461670319729834,0.9843449093021164,-0.025631600608498506,0.1743792435505301,0.03259425656569123,0.998776814304148,-0.03718184566945787,-0.17321291513607928,0.04228352230720489,0.9839763156556957
2021-06-10T01:01:00,676558929.1846827,-433.61659534948456,146.3537212321644,-3599.9439134847753,0.0,0.0,0.0,0.9979974855793061,0.020046175285912023,0.05915159655014043,0.010012904641442917,0.9928016607324215,-0.017614180765239462,0.11846773013321035,0.02235723385678212,0.9989957851940958,-0.038827506470353046,-0.11766484836695645,0.04119662365293586,0.9921984789639517
2021-06-10T01:02:00,676558989.1846827,-227.17015334083771,149.8691221254137,-3618.5502147180778,0.0,0.0,0.0,0.999303872352162,0.020088926570403478,0.030998103644422827,0.005227169566077742,0.9980235885375541,-0.009201624321776625,0.062163066466058736,0.011692498833514808,0.9991382234551527,-0.03982581953845238,-0.06174303356372285,0.04047394891435735,0.9972711051993973
2021-06-10T01:03:00,676559049.1846827,-19.9815217247085,151.15053971336351,-3625.5396525856845,0.0,0.0,0.0,0.9997933990079441,0.0201225265680988,0.002840132568264131,0.00042056111663661157,0.9999835135506838,-0.000726647170461725,0.005696017092602063,0.0009552497427090523,0.9991898141057267,-0.04023434956964578,-0.005662166083629766,0.04023912736694285,0.9991740351430217
2021-06-10T01:04:00,676559109.1846827,187.2717564587441,150.19044127050142,-3620.8900046868034,0.0,0.0,0.0,0.9994688929090109,0.02000901477874693,-0.025337802003208763,-0.004423485556243592,0.9986768571303596,0.007828303513909257,-0.05082570900952646,-0.009856241332881877,0.9991601442062351,-0.0397726128958521,0.050471670658052664,0.04022093850060482,0.9979152702344601
2021-06-10T01:05:00,676559169.1846827,393.9119320523348,146.99422549690416,-3604.616984839972,0.0,0.0,0.0,0.9983250917448391,0.020100553778097982,-0.05345454413091681,-0.009251521076466209,0.9941140421390551,0.016323119376910417,-0.1071019467412056,-0.020620983132859344,0.999020754191171,-0.03914470270596332,0.1063581039534987,0.041122846072603636,0.9934771588991393
2021-06-10T01:06:00,676559229.1846827,599.2637078416063,141.58024290188064,-3576.774110337341,0.0,0.0,0.0,0.9963687414468962,0.020044263732388077,-0.08154727825867986,-0.014057025558637345,0.9863048828820906,0.024742851424541773,-0.16306584346922184,-0.03128107203284361,0.9988012550477408,-0.03765033130709927,0.16193879255886093,0.042235580005977436,0.9858965378000559
2021-06-10T01:07:00,676559289.1846827,802.6564768207429,133.9796117921585,-3537.4521856050133,0.0,0.0,0.0,0.9935945051446271,0.01996436786039965,-0.10962655195280525,-0.018799001815981327,0.9752572332753229,0.032979920192219875,-0.21859929965184366,-0.04173441943403175,0.9984960430933145,-0.035551232911077035,0.21709805890119338,0.0437947119080393,0.975166886245747
2021-06-10T01:08:00,676559349.1846827,1003.4264365389262,124.23605121004834,-3486.7789786066005,0.0,0.0,0.0,0.9900212411524633,0.01982788826119903,-0.137556371854526,-0.023303250336747006,0.9610704061719247,0.04068652090105074,-0.27329156847129477,-0.05159633038404058,0.9981276267416885,-0.032849039954087944,0.2714433514960956,0.04567108222905053,0.9613701988186415
2021-06-10T01:09:00,676559409.1846827,1200.9187902019398,112.40571097019165,-3424.918794651137,0.0,0.0,0.0,0.9856267546293648,0.01978677912208763,-0.1654013218074014,-0.028120929485421903,0.9437032321384807,0.04888796208954638,-0.3271607812897441,-0.06197899977396404,0.9976353933936994,-0.029702279966659695,0.3249350908080008,0.04830723559602551,0.9445017722326762
2021-06-10T01:10:00,676559469.1846827,1394.4899050070158,98.55686979539564,-3352.071945561848,0.0,0.0,0.0,0.980429359836051,0.019667915692727397,-0.19317298174369235,-0.032490653856550984,0.9232571130724497,0.05611096208437044,-0.3800629725388833,-0.07130820176056157,0.9971150610085551,-0.026013371015315978,0.3775068787754745,0.051118636952404595,0.9245947444331096
2021-06-10T01:11:00,676559529.1846827,1583.509452286985,82.76960071265535,-3268.4741985318115,0.0,0.0,0.0,0.9744277166430932,0.01947725456011619,-0.2207647990075767,-0.03706973309416074,0.8997774768149439,0.06364376637465705,-0.4316827112801498,-0.08084333512739075,0.9964929428862561,-0.021590969023386697,0.42879464476834755,0.05432573772657445,0.9017670801478894
2021-06-10T01:12:00,676559589.1846827,1767.362646747426,65.13542352553804,-3174.3960932124114,0.0,0.0,0.0,0.967629492987913,0.019266523599639263,-0.24822257082999669,-0.04132215748102293,0.8733560692633218,0.07040430454733926,-0.48196722936536424,-0.08953384862277636,0.9958425607389962,-0.016771528600354246,0.4787826920761796,0.057799897249080134,0.8760287127978639
2021-06-10T01:13:00,676559649.1846827,1945.4524267910247,45.75684751744234,-3070.142032680963,0.0,0.0,0.0,0.9600422176397958,0.019015274530139438,-0.27550232998711127,-0.045341215857973696,0.8440852806323871,0.07658145796875152,-0.5307120870256536,-0.09753646772234344,0.9951651869581282,-0.011527711431248644,0.5272633843573749,0.06149415388452972,0.8474737710124325
2021-06-10T01:14:00,676559709.1846827,2117.2014647527653,24.746896500134426,-2956.049228863054,0.0,0.0,0.0,0.9516778450035568,0.018707876139288693,-0.30254270489622215,-0.04926668665356702,0.8120814106005133,0.08245216546977635,-0.5776897289777836,-0.10509189126995222,0.9944456179130725,-0.005797189214773846,0.5740030286909511,0.06541829578055303,0.8162358541688691
2021-06-10T01:15:00,676559769.1846827,2282.0541522189997,2.2285723259963106,-2832.486670041107,0.0,0.0,0.0,0.9425256444596057,0.0183407108737945,-0.32938525578038735,-0.05305074113655469,0.7773819442787022,0.08792104847286403,-0.6228540775694554,-0.11208568744229963,0.9936984743790123,0.0003750832048654007,0.6189621243501511,0.06952144454954723,0.7823379431982653
2021-06-10T01:16:00,676559829.1846827,2439.478649239501,-21.66578082838805,-2699.8538847943482,0.0,0.0,0.0,0.9325991627402928,0.017922378094538786,-0.3559929291661105,-0.05662706422969577,0.7401248199609172,0.0928602256271153,-0.6660271986745747,-0.11838118512910492,0.9929443279203246,0.00688887931985005,0.6619676320525414,0.07374645854097739,0.7458956454943382
2021-06-10T01:17:00,676559889.1846827,2588.968647894915,-46.79514439492118,-2558.579455050885,0.0,0.0,0.0,0.9219166985282152,0.017430458464417892,-0.3823076293551467,-0.06005544629260497,0.7004684398148876,0.09740464304122395,-0.7070051628788214,-0.12405983205764368,0.9921790449766323,0.013780449161283681,0.7028179870301601,0.07805817204668097,0.7070741113091358
2021-06-10T01:18:00,676559949.1846827,2730.044995828841,-73.01046075227077,-2409.119634842927,0.0,0.0,0.0,0.9104791608379667,0.016864749377822036,-0.4083430933650558,-0.06323919677915531,0.6585134441835696,0.1013827337715722,-0.7457087803710614,-0.12892914949063727,0.9914327684383013,0.020936572746919402,0.7414427275529204,0.08235658419196751,0.6659429966589614
2021-06-10T01:19:00,676560009.1846827,2862.257429189712,-100.15535645494788,-2251.9568686249704,0.0,0.0,0.0,0.8982975092079425,0.016195640712654044,-0.43407354734989445,-0.06617735008136974,0.6144014276545736,0.10483369905666062,-0.7819979419653988,-0.1329540959196452,0.9907165191162288,0.02835466678366433,0.7777108036244651,0.08654868163247981,0.6226357134259712
2021-06-10T01:20:00,676560069.1846827,2985.186108616421,-128.06693231429017,-2087.5980694653554,0.0,0.0,0.0,0.8853900301979561,0.015450481420156044,-0.4594468084825113,-0.0689522097193577,0.5683084459001044,0.10790184933525782,-0.8157099369436658,-0.13629654684729386,0.9900137507974063,0.03600034096442156,0.8114485576030752,0.09071914980908125,0.57733982559824
2021-06-10T01:21:00,676560129.1846827,3098.442951963097,-156.57652041973301,-1916.5729754944873,0.0,0.0,0.0,0.8717618218296393,0.014585434382693363,-0.4844722117349968,-0.07145115227018299,0.5203628177917271,0.1104442980407652,-0.84677304804188,-0.1387092486587615,0.9893639958862626,0.043802145843432394,0.842604463669862,0.09466224524196609,0.5301478823209371
2021-06-10T01:22:00,676560189.1846827,3201.6730776913573,-185.5104982282944,-1739.43244227911,0.0,0.0,0.0,0.8574151076010721,0.01361071114970564,-0.5091415046221777,-0.07368181641698623,0.470691836401117,0.11249224919534742,-0.8750969597800666,-0.1402113610103033,0.9887714769429857,0.051688883017774856,0.8710855120991177,0.09836900047758274,0.48117935362612874
2021-06-10T01:23:00,676560249.1846827,3294.5561016714405,-214.69118885778323,-1556.7465131532717,0.0,0.0,0.0,0.8423963563827468,0.012526510539900122,-0.5333597415239657,-0.07575520713624082,0.4195770694264678,0.11426954808966236,-0.9004985026033533,-0.14099409378469563,0.988208470250878,0.05970498172055583,0.8967027090007755,0.10191412906856356,0.4307409453103647
2021-06-10T01:24:00,676560309.1846827,3376.807264274023,-243.93779609227227,-1369.1023296427277,0.0,0.0,0.0,0.826683808807485,0.011285085194146604,-0.5571758339779054,-0.07759907949670546,0.3670669457845791,0.11572425168746198,-0.9229679056628989,-0.14087535870570317,0.9877020594268495,0.06781426924696118,0.919465056770468,0.10513105809101747,0.37885547376637285
2021-06-10T01:25:00,676560369.1846827,3448.178230106216,-273.06734774334586,-1177.1019580200946,0.0,0.0,0.0,0.8103736134671891,0.003320262616060981,-0.5798778059357272,-0.08381713807723619,0.3134328350954171,0.1319957009063927,-0.9403919357514073,-0.13969708731012004,0.9859273264414039,0.09182608982840448,0.9392787561108349,0.10258870268375392,0.327461412078655
2021-06-10T01:26:00,676560429.1846827,3508.4577496289094,-301.89561902547905,-981.3603234766596,0.0,0.0,0.0,0.7933510447304459,-0.004460295253810258,-0.6020105089611636,-0.09031928194842756,0.2588515488172821,0.14868008261790422,-0.9544056311168889,-0.1379395041544506,0.9836450661491386,0.11582347358839276,0.9560170337752976,0.10166915399072629,0.27512690573313914
2021-06-10T01:27:00,676560489.1846827,3557.472233131251,-330.2380172534074,-782.5031045592099,0.0,0.0,0.0,0.7756818394584855,-0.011879944708815206,-0.6235774392055141,-0.09658016443302105,0.20364689830396795,0.16464709020406965,-0.9651006561486248,-0.1350148282063653,0.9810622775036124,0.13888053795917907,0.9696901242023551,0.10202030850158356,0.22202008845521778
2021-06-10T01:28:00,676560549.1846827,3595.086194299616,-357.9104415977031,-581.1645919846148,0.0,0.0,0.0,0.7572950203008904,-0.015953753578332314,-0.6451435547729525,-0.10019742366525448,0.14750054005152813,0.17234294256834568,-0.9739309528048649,-0.13117309738635757,0.9794119080752146,0.15344684044494472,0.9803250528302216,0.10512004788503043,0.1670705429633607
2021-06-10T01:29:00,676560609.1846827,3621.2025434404813,-384.73016314490167,-377.9855385248161,0.0,0.0,0.0,0.7383834522597462,-0.019081737859702574,-0.6662016276268667,-0.10296191556369862,0.09114847058153466,0.17747531897056673,-0.979895130851737,-0.12662617969023438,0.9780694624474149,0.1653660704161573,0.9877538999810144,0.10900751251230656,0.11162255725513426
2021-06-10T01:30:00,676560669.1846827,3635.762773336744,-410.5167463815702,-173.61099347693494,0.0,0.0,0.0,0.7189056993070169,-0.02115799682649581,-0.6868874373153175,-0.10446330998285869,0.03454613065164214,0.17926486226806013,-0.983194118174541,-0.12113221339255065,0.9772795120754304,0.17393027958417798,0.9920350556989513,0.11308786156622752,0.05547597525737166
2021-06-10T01:31:00,676560729.1846827,3638.7469532186365,-435.0929476601126,31.311923488690013,0.0,0.0,0.0,0.6991424914025326,-0.01949363308742118,-0.7075841092043932,-0.10071992546630613,-0.021639549969025257,0.16842192925542168,-0.9854774394287371,-0.11324838924214098,0.9789509897662297,0.16979329188687098,0.9933310285152674,0.11527798307396503,-0.0021105466590426447
2021-06-10T01:32:00,676560789.1846827,3630.1735598663313,-458.28558285650286,236.1361855469911,0.0,0.0,0.0,0.6786593383570806,-0.013090968870855807,-0.7283374024225391,-0.09367367414135243,-0.07850025798950391,0.14621431195368093,-0.9861334009531836,-0.10807574290330707,0.9821077386137637,0.1542206975436723,0.9910385175619963,0.11868346445427974,-0.06129349046717869
2021-06-10T01:33:00,676560849.1846827,3610.099168193769,-479.92640349016716,440.2170134015413,0.0,0.0,0.0,0.6577721557950503,-0.008028919510862624,-0.7483443485347745,-0.08515904842284301,-0.13454265502444018,0.12404729481468635,-0.9831126805347051,-0.10001370865150783,0.985366945846408,0.13801898461839776,0.9858476211163398,0.11689418583693756,-0.12016745506489562
2021-06-10T01:34:00,676560909.1846827,3578.61798939388,-499.85296024224687,642.913947895209,0.0,0.0,0.0,0.6363747469902146,-0.008802228372583987,-0.7669471484730868,-0.08210830419524122,-0.18989940433763447,0.11800499051720889,-0.9746861230392302,-0.09100161471495993,0.9863614943157171,0.13714849124410847,0.9775770672184785,0.11474242782989558,-0.17657081555064424
2021-06-10T01:35:00,676560969.1846827,3535.8613372407435,-517.9094086612267,843.5929232586542,0.0,0.0,0.0,0.6144545821373185,-0.011774255977069567,-0.7846648436910866,-0.08128970698607907,-0.24461386677327945,0.1183753553280448,-0.9623675656593915,-0.08141997642474025,0.9865067008686075,0.14203984152458815,0.9661960689328117,0.11310085937911574,-0.23167510005714162
2021-06-10T01:36:00,676561029.1846827,3481.9969311868945,-533.9472401713056,1041.6283497042682,0.0,0.0,0.0,0.5920926929435001,-0.0149259774630984,-0.80173284399436,-0.08017421668092974,-0.2984069163193701,0.11887442844026591,-0.9470069601411409,-0.07100784299672358,0.9866986203527406,0.14623172989112365,0.9517936743463455,0.11088148112736396,-0.28599667588502686
2021-06-10T01:37:00,676561089.1846827,3417.2280311116256,-547.8259948213035,1236.4051255662398,0.0,0.0,0.0,0.5693350638963736,-0.018096096276382447,-0.818098635286762,-0.07902366265623179,-0.35106023263533626,0.11959066739087518,-0.9286844379739702,-0.0603731007199696,0.9868555840798999,0.14990378540842741,0.9344045172041283,0.1086928168892709,-0.3392256915170126
2021-06-10T01:38:00,676561149.1846827,3341.792447604262,-559.4139634091937,1427.3205595136585,0.0,0.0,0.0,0.546152497239565,-0.0215134785228779,-0.8338047310617174,-0.07761630279734989,-0.4025092400016653,0.12065675554649019,-0.9074294788325294,-0.04890459485060927,0.9870257595638317,0.15293296099905745,0.9141086654855533,0.10593440092073941,-0.39138631859811424
2021-06-10T01:39:00,676561209.1846827,3255.961423296696,-568.5888185430978,1613.786207296628,0.0,0.0,0.0,0.5226155579818044,-0.025052047031301403,-0.8487990141501079,-0.07606317816600698,-0.4524907469898176,0.12203190624341563,-0.8833800641553982,-0.036975294952972915,0.9871735757336557,0.1553098803565614,0.8910022174224583,0.10293952220516145,-0.44217474296530723
2021-06-10T01:40:00,676561269.1846827,3160.0384415230974,-575.2382318985512,1795.229624674335,0.0,0.0,0.0,0.49872206922780277,-0.02882140577893644,-0.8630938627598078,-0.0742604087008595,-0.5008912484681294,0.12382176626581028,-0.856607335601823,-0.02431945249016987,0.9873094365370144,0.1569351482477444,0.8651684930917314,0.09943966373524304,-0.49152337872944013
2021-06-10T01:41:00,676561329.1846827,3054.3579180099478,-579.2605098095794,1971.0960698080976,0.0,0.0,0.0,0.47450127158245725,-0.03269880276772821,-0.8766657788194707,-0.07236327667428706,-0.5475586631283772,0.12600477638531427,-0.82722566858213,-0.011341090805975396,0.9873886889730356,0.1579080635922075,0.8366904386285262,0.09584556962216334,-0.5392241989111839
2021-06-10T01:42:00,676561389.1846827,2939.2836994030004,-580.5651379883384,2140.850071008456,0.0,0.0,0.0,0.44994833562132575,-0.036777980740124123,-0.8895260519581093,-0.070265768992426,-0.5923877508085559,0.1286618756320973,-0.7953130669433335,0.0021980123949186803,0.9874202036811641,0.15810284660233057,0.8056499993381075,0.09191008171620241,-0.5852184339590037
2021-06-10T01:43:00,676561449.1846827,2815.2074829325143,-579.0731522672734,2303.976752944753,0.0,0.0,0.0,0.4251434438738394,-0.04092182147105865,-0.9016333125635313,-0.06808690281027517,-0.6351569133171646,0.1316863555850956,-0.7610745030666362,0.015899554211240563,0.9873791563863898,0.15757412766563175,0.7722194633919137,0.08798355122644663,-0.6292344515935914
2021-06-10T01:44:00,676561509.1846827,2682.5474264211102,-574.7174248093538,2459.98298127206,0.0,0.0,0.0,0.40005343254101633,-0.04522030180597607,-0.9130108553771739,-0.06575373282307477,-0.6758247508334538,0.1351832659010881,-0.7245594459954378,0.029963239828064592,0.9872631418488165,0.15624881761411819,0.7364530605679536,0.08388666978203241,-0.6712673954639644
2021-06-10T01:45:00,676561569.1846827,2541.746987384373,-567.4429987472864,2608.3986491276955,0.0,0.0,0.0,0.3747342254658343,-0.04962488372147635,-0.923635567190725,-0.06331642915088401,-0.7142232623603024,0.1391242813199569,-0.6859515768992823,0.044216949171481446,0.9870568014304223,0.15415489663293525,0.6985198586363692,0.07977032717213717,-0.7111305801282048
2021-06-10T01:46:00,676561629.1846827,2393.273557485322,-557.2074428131941,2748.778264923073,0.0,0.0,0.0,0.3491703113788379,-0.05418863559964901,-0.9335161074393241,-0.0607565846208145,-0.7502873708469074,0.14360071948559372,-0.645327586974906,0.0587431372041356,0.9867444583941247,0.151276626284109,0.658496852672092,0.07559237522201362,-0.7487774621536383
2021-06-10T01:47:00,676561689.1846827,2237.616429332459,-543.9812061286151,2880.702412036859,0.0,0.0,0.0,0.323384195128147,-0.05887556187641168,-0.9426474114978881,-0.058070544610745754,-0.7839126611101146,0.1485559846657647,-0.6028366770288975,0.0734395993473681,0.9863229601246963,0.1475589495034258,0.616512420798605,0.07140124474294263,-0.7841009483798638
2021-06-10T01:48:00,676561749.1846827,2075.2846638962947,-527.7478908650482,3003.778434328424,0.0,0.0,0.0,0.29741488820722306,-0.06362082531010217,-0.9510188399125231,-0.05531673337232821,-0.8149935497190933,0.15391324710522086,-0.5586557314498792,0.08810516681754177,0.9857848991917524,0.1430580724935145,0.5727329163723048,0.06737094990449322,-0.8169688865633999
2021-06-10T01:49:00,676561809.1846827,1906.80555286706,-508.50444002077234,3117.641017338894,0.0,0.0,0.0,0.2713083282094379,-0.06834598771715779,-0.9586230863001812,-0.052558495217055634,-0.8434412340143324,0.15955519830439846,-0.5129805293170735,0.10251696842222585,0.9851328610869698,0.1378532451272641,0.5273491783912221,0.06368190245780464,-0.8472587912494374
2021-06-10T01:50:00,676561869.1846827,1732.7231117592532,-486.2612599124293,3221.9530672772753,0.0,0.0,0.0,0.24498705756966924,-0.07328847542280834,-0.965478732714478,-0.04960804037251862,-0.8692202819871119,0.16582358443289963,-0.46578819245239633,0.11721027306225698,0.9843356834011978,0.13170047179781752,0.48033098304285615,0.059881560007414236,-0.8750407679075083
2021-06-10T01:51:00,676561929.1846827,1553.5963888865704,-461.0422507355188,3316.4065297949946,0.0,0.0,0.0,0.21855912396854252,-0.07825217008584173,-0.9715606374929662,-0.046673706529706045,-0.8922170144139194,0.17245538533061155,-0.4173822459817642,0.13165152768462202,0.9833963259912708,0.12489812362551961,0.43199152126936113,0.05648722065512363,-0.9001069488977643
2021-06-10T01:52:00,676561989.1846827,1369.9977841056077,-432.88483163378737,3400.7230390949912,0.0,0.0,0.0,0.19163340350509045,-0.08407376363845956,-0.9766920898861116,-0.04775774788052201,-0.9124164818574396,0.1825323193654411,-0.36630331150832623,0.14592440028511108,0.98130159957009,0.1255119121144032,0.3823640059371749,0.06106654622832103,-0.9219916723568716
2021-06-10T01:53:00,676562049.1846827,1182.5114173290312,-401.8399792404516,3474.6545826572283,0.0,0.0,0.0,0.1643372779392818,-0.09008631253340497,-0.9809338620412748,-0.05144388860137205,-0.9297554307472817,0.19364572617962267,-0.31313922099970626,0.15982913170217827,0.9784759652394068,0.13053518341098436,0.33167678190561395,0.07131702588567562,-0.9406935708101538
2021-06-10T01:54:00,676562109.1846827,991.7313967721967,-367.97212237988424,3537.984243505543,0.0,0.0,0.0,0.13687752991752639,-0.09574268544339647,-0.9844082271137407,-0.0551209794773791,-0.9441957599755268,0.2035894215078814,-0.258931871916771,0.17341012743788836,0.9755900316110824,0.13473313595052488,0.2800415943145095,0.08231304678587364,-0.9564524388502619
2021-06-10T01:55:00,676562169.1846827,798.2598400007078,-331.3589573848815,3590.5268338710403,0.0,0.0,0.0,0.11024628429701457,-0.10000132614071,-0.9876318025444235,-0.04928401537673318,-0.9556909831376025,0.208395739127408,-0.207908539177746,0.1866622208453208,0.9751416411968903,0.11939847114987451,0.22762240675859594,0.07529937262272579,-0.9708336852540957
2021-06-10T01:56:00,676562229.1846827,602.7048597088947,-292.09126978675954,3632.129004543855,0.0,0.0,0.0,0.08369660138608549,-0.10426732015497896,-0.9901185105619958,-0.04229113271849039,-0.9642464097282362,0.21355325561888816,-0.156919942457233,0.199394759309666,0.9746795720821722,0.10120010733963597,0.17455827475673522,0.0662928260092096,-0.9824126780196119
2021-06-10T01:57:00,676562289.1846827,405.6790572686172,-250.2727208096203,3662.6693267031023,0.0,0.0,0.0,0.05693398223229523,-0.10875951245282711,-0.9917483756071508,-0.03694657763276277,-0.9698597802363919,0.21993117120280972,-0.10489178525117074,0.21151710802485824,0.9736126377044991,0.08566764100223656,0.12096495233172999,0.06089919240390729,-0.9907869441367977
2021-06-10T01:58:00,676562349.1846827,207.79786432254787,-206.01959498924953,3682.0587135518163,0.0,0.0,0.0,0.029940449943536958,-0.1135392762591531,-0.9925298534843862,-0.033119362101184574,-0.972424804407452,0.2273654596667456,-0.051912883985163916,0.22339902525413607,0.9720238812011168,0.07254274526249521,0.06695427759769737,0.05894507719264497,-0.9960133546223779
2021-06-10T01:59:00,676562409.1846827,9.677708758304675,-159.4605047029886,3690.2405364438064,0.0,0.0,0.0,0.0032822753203418337,-0.1178392059093502,-0.9926623610577376,-0.02691811952297405,-0.9722062964387507,0.23412579408504958,-0.00017236267994365229,0.2337723833675283,0.9707786727840013,0.05421476959646948,0.012860401996584614,0.052667646727169726,-0.998529283020137
2021-06-10T02:00:00,676562469.1846827,-188.0656029217834,-110.73612095162616,3687.1907253063428,0.0,0.0,0.0,0.023392823515049097,0.12243591029651085,0.9919853580894462,0.020670583301199818,-0.9689244473557167,0.24194217402274698,0.05147232018828292,0.24387634725121946,0.969164349711706,0.035281588672975484,-0.04134903345691385,0.0467380752388582,-0.9980510055879637
2021-06-10T02:01:00,676562529.1846827,-384.8186550689124,-59.998895841526064,3672.917985420991,0.0,0.0,0.0,0.04998069614420239,0.12726841551058532,0.990494185557881,0.015031593474944836,-0.962609360852732,0.25061467212472954,0.10283727201024637,0.2536198301488672,0.9671536032220582,0.017055483864427956,-0.09518508367362433,0.04249933988198262,-0.9945519624210902
2021-06-10T02:02:00,676562589.1846827,-579.9722076506622,-7.412626803215289,3647.463788946702,0.0,0.0,0.0,0.07700358523616158,0.13184527744254917,0.9882044983884611,0.011795763717728794,-0.9533745413537487,0.258763560326276,0.15530101012484973,0.2623968247137311,0.9649553655488257,0.0030081354165086283,-0.1490801471648068,0.04361837165463933,-0.9878626156381851
2021-06-10T02:03:00,676562649.1846827,-772.9229516876194,46.84818998756691,3610.9022947545122,0.0,0.0,0.0,0.10390205789831641,0.13621711613714016,0.985178542911377,0.008514588821081867,-0.9412985192715516,0.26662699338981843,0.20704382148011646,0.27016572659249183,0.9627447980969777,-0.011529696958759716,-0.20240449054291107,0.045083257791731446,-0.9782637282834058
2021-06-10T02:04:00,676562709.1846827,-963.0752841926997,102.59887955421482,3563.339805534259,0.0,0.0,0.0,0.13075755582353654,0.140443126860141,0.9814025667440353,0.00521456623513212,-0.9263563794256021,0.2742988024930294,0.25811630178735295,0.2770261782353727,0.9604970728334514,-0.026492822625662937,-0.2551869018382279,0.04696317737612471,-0.9657505397880682
2021-06-10T02:05:00,676562769.1846827,-1149.842431425,159.6449097192483,3504.9144893324274,0.0,0.0,0.0,0.15766240196862957,0.14346701507114198,0.9770144436093665,0.0015998658502916843,-0.9091195651841176,0.2798342144264876,0.30853594383110505,0.280843169197626,0.9588293120316755,-0.042112524311626987,-0.3076178319188826,0.04836489248591641,-0.9502800148694867
2021-06-10T02:06:00,676562829.1846827,-1332.6481561487085,217.7825213530664,3435.796770717774,0.0,0.0,0.0,0.18419757442800147,0.14824883532747782,0.971644137515676,-0.001098376213050876,-0.8881870727977746,0.2884948599474481,0.35762332068647773,0.28768558701043456,0.956042152787482,-0.056748613374590307,-0.3582746526638224,0.052479690141800095,-0.9321400942890709
2021-06-10T02:07:00,676562889.1846827,-1510.928773011803,276.79951776698886,3356.188879043829,0.0,0.0,0.0,0.21070918702948582,0.15265725326377452,0.9655446447823935,-0.004576074668803018,-0.8645948030546663,0.2967232286985536,0.4055011123062048,0.2928663448055546,0.9533496451331707,-0.07316938023990277,-0.4082953962648824,0.055495762677554294,-0.9111613960839975
2021-06-10T02:08:00,676562949.1846827,-1684.1346669283553,336.47592254628876,3266.3243902447252,0.0,0.0,0.0,0.23723992265065774,0.15567231831463052,0.9588627439883719,-0.008098555571725606,-0.8389666968225167,0.3023793739992323,0.45243960459109683,0.2946941712095594,0.9514010854164001,-0.08939418394731719,-0.4574824882744982,0.05833257107592865,-0.8873032649967231
2021-06-10T02:09:00,676563009.1846827,-1851.732143618818,396.5847788950707,3166.4678039288738,0.0,0.0,0.0,0.26359238513172134,0.15876861025628267,0.9514085741441486,-0.011545905891569026,-0.8106231657957178,0.3081944599504859,0.49790185572174406,0.29602080846062584,0.9493184409088635,-0.10567014104600492,-0.5052343654519611,0.061730645600004075,-0.8607714931154264
2021-06-10T02:10:00,676563069.1846827,-2013.2049835192624,456.89297579666504,3056.9135965492533,0.0,0.0,0.0,0.2897464053191542,0.1616988078824861,0.9432260476618772,-0.015004637488638065,-0.7798010322680223,0.31373213449216897,0.5417402494376009,0.2963419753903693,0.9472567127664349,-0.12200882648670047,-0.5514451774160875,0.0653977668266712,-0.831643762916926
2021-06-10T02:11:00,676563129.1846827,-2168.055710074402,517.1620049576502,2937.985520018462,0.0,0.0,0.0,0.31572531291990846,0.16443523434818383,0.9343115836939327,-0.01845115340077451,-0.7465571609729679,0.31891848080025487,0.5839035947860232,0.29561649607548385,0.9452412172860779,-0.13831098434899236,-0.5960396737198259,0.06935447892956303,-0.7999541634396145
2021-06-10T02:12:00,676563189.1846827,-2315.807066441952,577.1487635666087,2810.035985146218,0.0,0.0,0.0,0.3414925460320115,0.16693802806742866,0.9246799978334743,-0.02194168170899203,-0.7110290715790653,0.3237143523654842,0.6242168512960915,0.2937426693613735,0.9433005147774794,-0.1545942528588864,-0.6388684556040207,0.07343811607835227,-0.7658028072167113
2021-06-10T02:13:00,676563249.1846827,-2456.0035163303323,636.6063766825323,2673.4452972917366,0.0,0.0,0.0,0.36701944579962326,0.16901473914116796,0.9143725996583977,-0.02556351603211173,-0.6734614887159606,0.32784950779178224,0.662543827574575,0.2903202778446005,0.9415610492022379,-0.17081254900450105,-0.6798262715493686,0.07731423456173653,-0.7292864661060268
2021-06-10T02:14:00,676563309.1846827,-2588.2127001908484,695.2850535039701,2528.6208250251616,0.0,0.0,0.0,0.39236566923036054,0.1710061572513705,0.9033041392310859,-0.029115422708901086,-0.6336121515830616,0.3317889239905355,0.6988932331075225,0.2860933547261243,0.9398183726852032,-0.1867940543617188,-0.7188088993243165,0.08159372696806638,-0.6904029475397867
2021-06-10T02:15:00,676563369.1846827,-2712.0268635641223,752.9330499402264,2375.9960649446684,0.0,0.0,0.0,0.4174121745966367,0.17270312040180036,0.8915548660708088,-0.0327204750492804,-0.5918814174039766,0.33526446404798604,0.732989854553579,0.2806327654713655,0.9382060054320613,-0.20252096759374943,-0.7555935671217391,0.08583257259241173,-0.6493928940221131
2021-06-10T02:16:00,676563429.1846827,-2827.0642273322524,809.2976959805222,2216.0296127588394,0.0,0.0,0.0,0.4422193233583699,0.17405374026750745,0.8791027099318076,-0.036411412193278765,-0.548294731094713,0.3382258896111345,0.7648373261357825,0.27381856936059656,0.9367590091219643,-0.2179585967612922,-0.7901874960584307,0.08992111223507049,-0.6062325582211134
2021-06-10T02:17:00,676563489.1846827,-2932.970341804023,864.1264401892132,2049.2040400943492,0.0,0.0,0.0,0.4667219542926418,0.1751446939769323,0.8659575005187985,-0.040156703652305815,-0.5029899071059679,0.3408197532638976,0.7942562868083991,0.26585169243767903,0.9354235506470153,-0.2330357451614507,-0.8223892210976209,0.09393975026615131,-0.561116113066076
2021-06-10T02:18:00,676563549.1846827,-3029.4193789282144,917.1678940488887,1876.0246009438124,0.0,0.0,0.0,0.49087386140506784,0.17584677273507168,0.8521650049669941,-0.04399510219946534,-0.45624152941587665,0.34289302332154875,0.8211382596089829,0.2565088405233001,0.9342846870022373,-0.2476193416648296,-0.8520838465606855,0.09765499572750647,-0.5142145663434738
2021-06-10T02:19:00,676563609.1846827,-3116.1152332956303,968.1727877509098,1697.017927548187,0.0,0.0,0.0,0.5147098667426514,0.17627767176732936,0.8376789177929718,-0.047895367200256986,-0.40799987102810376,0.3446326147727113,0.8454374406636923,0.2460237424957728,0.9332644324740846,-0.26170559261735055,-0.8792089759377028,0.10122183516291705,-0.4655595737570293
2021-06-10T02:20:00,676563669.1846827,-3192.7926228051897,1016.8949747641798,1512.7306900549233,0.0,0.0,0.0,0.5382399654440728,0.1765083363074343,0.8224635064354927,-0.0519261725392815,-0.35828509362549005,0.34624081301538684,0.8670346539142585,0.2344458477626435,0.9322969596388049,-0.2754224455542721,-0.9036962632171437,0.10459291778454477,-0.4152028244083681
2021-06-10T02:21:00,676563729.1846827,-3259.2182565872363,1063.0925835254955,1323.728175802976,0.0,0.0,0.0,0.5608122429340412,0.1762542140603298,0.8070416860268905,-0.05574762072177899,-0.308848160402531,0.3470168925996202,0.8855462100119205,0.22196109973875178,0.9316533096196722,-0.28767234986608453,-0.9248492223161224,0.10770973458891614,-0.36476366191830123
2021-06-10T02:22:00,676563789.1846827,-3315.191922862853,1106.5291986234201,1130.5925776123233,0.0,0.0,0.0,0.5838334007944264,0.17552170221043117,0.7903935385460938,-0.06007284240446892,-0.2566613843399352,0.34760750235625026,0.9018281200397098,0.20731737485069546,0.9311667713172012,-0.2999132375866654,-0.9440044702615156,0.10998849167230496,-0.3110596274445254
2021-06-10T02:23:00,676563849.1846827,-3360.547365908689,1146.9749673375923,933.9211261344137,0.0,0.0,0.0,0.6061137448189602,0.174723094711732,0.7732824443684638,-0.06428242176073534,-0.2041959370317832,0.34814552229148366,0.9149309889866567,0.1922956847737592,0.9306792208538602,-0.3112210749423035,-0.9598574836490589,0.11238720202603947,-0.2569877971882229
2021-06-10T02:24:00,676563909.1846827,-3395.152986565961,1184.2076583620603,734.324137098368,0.0,0.0,0.0,0.6277809594969325,0.17338862129681862,0.7557103022832928,-0.06877057452714525,-0.1516549057957989,0.3484088493490175,0.9249930071321413,0.17571742030179133,0.9304139881679898,-0.32164141341534347,-0.9726891475443485,0.11375888675892476,-0.20232334994463463
2021-06-10T02:25:00,676563969.1846827,-3418.9123037301997,1218.0136973051256,532.4230337533613,0.0,0.0,0.0,0.6490390464471907,0.17192278078101245,0.7374496569560328,-0.07320435158427982,-0.09838174727089072,0.34859375651586166,0.9320962529278225,0.1585438263236782,0.9301673607152983,-0.33113824332834724,-0.9824382356863833,0.11520014747428364,-0.14677887819209337
2021-06-10T02:26:00,676564029.1846827,-3431.7642466285783,1248.1891837697667,328.8484552460818,0.0,0.0,0.0,0.6697264641676449,0.16996592843399552,0.7186801323994371,-0.07795456150477623,-0.04515609273014838,0.34871873758534017,0.9361389690351712,0.1398858062160082,0.9300693390243362,-0.33971014972492697,-0.9891374467224685,0.11561257139135622,-0.09077909906820458
2021-06-10T02:27:00,676564089.1846827,-3433.6834422570737,1274.5409550472086,124.23838776504226,0.0,0.0,0.0,0.6899238546973055,0.16790149698867643,0.6993027257635305,-0.08240060538776006,0.008371675942854477,0.3485282356049471,0.9372608943234589,0.12112766241088724,0.9300384550813843,-0.34692443192820255,-0.9926016343129713,0.11643256011930003,-0.03443042990268397
2021-06-10T02:28:00,676564149.1846827,-3424.6803985147494,1296.887640208044,-80.76380915129278,0.0,0.0,0.0,0.7095522919084022,0.16543613748044342,0.6793969545556339,-0.08709883813011247,0.06166714107382895,0.3483959763908813,0.9353167417225163,0.10119125551976044,0.9300893536238725,-0.35312055176930934,-0.9929539231596374,0.11642181028557907,0.022101325112163617
2021-06-10T02:29:00,676564209.1846827,-3404.8016344010357,1315.0606106869675,-285.5113301885542,0.0,0.0,0.0,0.7285859849841032,0.16275432583323818,0.6589628950756071,-0.09187706362790923,0.11465301618537505,0.3483788052758734,0.9303154808526789,0.080617441672724,0.9301392692033624,-0.3582481932738527,-0.9901290390538703,0.11607388991668122,0.07855786467228529
2021-06-10T02:30:00,676564269.1846827,-3374.1298886477134,1328.9048862335396,-489.3560541280441,0.0,0.0,0.0,0.7470519129739074,0.15976816775335784,0.637981103650867,-0.0967867928964605,0.16722485621047883,0.3484676615509485,0.9222831107195872,0.05924862641530776,0.9302128985871053,-0.3622065206067876,-0.9841369049747518,0.11521394080314068,0.1349084879143133
2021-06-10T02:31:00,676564329.1846827,-3332.784078549251,1338.2800646820824,-691.6509196704399,0.0,0.0,0.0,0.7648794214151937,0.1564359459150172,0.6165366499590682,-0.10183233660523498,0.21902546895753527,0.348675905463184,0.9112919164007548,0.037118070647306545,0.9303159400943839,-0.36487600693622524,-0.9750128680070602,0.11374253626384212,0.19082070816584668
2021-06-10T02:32:00,676564389.1846827,-3280.9188445652303,1343.0612027321097,-891.7523038977592,0.0,0.0,0.0,0.7820701899238585,0.15282514233636238,0.5946100752325625,-0.10700258097007251,0.2699786121953388,0.34910979640731843,0.897348259601321,0.014375681120887829,0.9303898470712275,-0.3662896016256657,-0.9627589982697587,0.11179035074289279,0.24616666860359382
2021-06-10T02:33:00,676564449.1846827,-3218.723894019208,1343.1395328956132,-1089.0221795662903,0.0,0.0,0.0,0.7986114304557174,0.1489993770259157,0.5722033886555048,-0.11225974702679162,0.3199620624172761,0.3498197311949024,0.8804830687074052,-0.008787937427749692,0.9303938696867395,-0.36645602656403437,-0.9473895981957208,0.1095143959306748,0.3007649353140927
2021-06-10T02:34:00,676564509.1846827,-3146.423438852994,1338.4230759432546,-1282.83019703524,0.0,0.0,0.0,0.8144644028027309,0.14482304094522455,0.5493984206583156,-0.11762397186253086,0.3686519532428623,0.3507321759370847,0.8608615905781025,-0.03246997605612095,0.9303817761093209,-0.36515127185672064,-0.9290002357508516,0.10666157436539037,0.35437532437905295
2021-06-10T02:35:00,676564569.1846827,-3064.275534777399,1328.8372891254533,-1472.5559643040701,0.0,0.0,0.0,0.8296462563698855,0.14047980433601803,0.5261261263876571,-0.12306020070464482,0.4160949722697034,0.35201306022748097,0.8384221964387388,-0.05637267906346033,0.9302432231524934,-0.3625874609443476,-0.907572088104897,0.10360671410745792,0.4069134474120664
2021-06-10T02:36:00,676564629.1846827,-2972.5709987427376,1314.3256403945406,-1657.5912785644928,0.0,0.0,0.0,0.8440906662239721,0.13587607322860393,0.502513745042036,-0.12856350944717426,0.4619027201649079,0.35359770552213776,0.8133969140301296,-0.08047932784329109,0.9300182335252027,-0.35859331156695223,-0.8832717333268119,0.10017358913476565,0.4580352575356053
2021-06-10T02:37:00,676564689.1846827,-2871.6322595987845,1294.8500819932697,-1837.3420982422322,0.0,0.0,0.0,0.8572390392298521,0.13138976529714388,0.47919688553302714,-0.13508628387400579,0.5042440816091168,0.35752560504518116,0.7860746452464012,-0.1056793397599538,0.9289768509685458,-0.35473072535722655,-0.857070465778677,0.09579901931461088,0.5062141489412166
2021-06-10T02:38:00,676564749.1846827,-2761.812238625606,1270.3914745317045,-2011.2305212157896,0.0,0.0,0.0,0.8710302784445951,0.1262418997125884,0.45384175934150783,-0.13927273339563953,0.5492615264206242,0.3572092272350382,0.7554557191339761,-0.12803384376233684,0.929332176978928,-0.3463365988212166,-0.8257839369020977,0.09350546941090554,0.5561812804695234
2021-06-10T02:39:00,676564809.1846827,-2643.493127444828,1240.9499315937658,-2178.6967631807115,0.0,0.0,0.0,0.8832145550600585,0.1207468004436722,0.42926246946081764,-0.14521016570846396,0.5892954801746418,0.36016760326868325,0.7231943961352509,-0.15283932431691,0.928668435915073,-0.3379572119032266,-0.7933290477400208,0.08862411461190778,0.6023078849900332
2021-06-10T02:40:00,676564869.1846827,-2517.085065157221,1206.545086650793,-2339.2011265645856,0.0,0.0,0.0,0.8946351941820614,0.11524476323619084,0.40436675057839033,-0.15110938059608883,0.6273069722450806,0.36357784096661466,0.6886923232698073,-0.17717323924263695,0.927769199285001,-0.32841126069965776,-0.7583505824280621,0.08399682384544327,0.6464123511466164
2021-06-10T02:41:00,676564929.1846827,-2383.024636121278,1167.2162751158517,-2492.225887726256,0.0,0.0,0.0,0.9052858909965618,0.10974474438886923,0.37915749578123314,-0.157013184269625,0.6631729067168342,0.36750472575473997,0.6520291192459726,-0.20106255592419928,0.9266059020890691,-0.31776618891715136,-0.7209546063393822,0.07963528590791824,0.6883913689438519
2021-06-10T02:42:00,676564989.1846827,-2241.7732501625414,1123.0226576503164,-2637.277101116446,0.0,0.0,0.0,0.9151739228846852,0.10418839289221768,0.3536284845777502,-0.1629366887893485,0.6967970606832138,0.37191878430051056,0.6133109114532888,-0.22454285034424618,0.9251928284657996,-0.30593910916183087,-0.6812153584458556,0.07546289180705595,0.7281833473635616
2021-06-10T02:43:00,676565049.1846827,-2093.8153713777274,1074.0431700630854,-2773.8862837820316,0.0,0.0,0.0,0.924291180088469,0.09854809139610088,0.32780294988119524,-0.16887662402487133,0.7280518238142976,0.37679105834821697,0.5726858128062063,-0.24757363808900304,0.9235379190802963,-0.2928907744265974,-0.6392556887224783,0.0714577523412761,0.7656669994627447
2021-06-10T02:44:00,676565109.1846827,-1939.6567686115789,1020.3763689610662,-2901.6118800123413,0.0,0.0,0.0,0.9326565341340028,0.0926961024677873,0.3016844022197714,-0.17477340581945028,0.7568815561511378,0.3819370543829224,0.530334230884193,-0.2700771813385338,0.9217233784111025,-0.2783600722277826,-0.5951374850221289,0.06745443039356497,0.8007879080891611
2021-06-10T02:45:00,676565169.1846827,-1779.8228403480666,962.1403531133092,-3020.040699431349,0.0,0.0,0.0,0.9403013401691029,0.08681310155445883,0.2752633291802454,-0.18035236256642753,0.7834062498506312,0.38696406314843756,0.48634705872105544,-0.2913782097470656,0.9198730214304062,-0.2625497349629031,-0.5489748505893193,0.06397216798067318,0.8333871700142063
2021-06-10T02:46:00,676565229.1846827,-1614.856833946975,899.4726812966987,-3128.7895080524595,0.0,0.0,0.0,0.9473399663773047,0.08041996520788892,0.2481477112793224,-0.18574803010272598,0.8078407653995817,0.39184512579933467,0.44028478868332643,-0.31202100456933324,0.9180605970178373,-0.2445559913614792,-0.500036189156507,0.06018419718294282,0.863910685165592
2021-06-10T02:47:00,676565289.1846827,-1445.3177954205412,832.5300787146859,-3227.506521437926,0.0,0.0,0.0,0.9530852731347167,0.0740221098475594,0.2222116006108519,-0.19175816525353376,0.8277016212251234,0.3984209096325896,0.3951845201786657,-0.33262662359331585,0.9154990666246285,-0.2263205432265143,-0.4519618960689198,0.05587698790176232,0.8902854636153582
2021-06-10T02:48:00,676565349.1846827,-1271.7784325820828,761.4879571194135,-3315.8726603975647,0.0,0.0,0.0,0.9582303511046665,0.06769413541868965,0.19540479836727898,-0.1975577460561517,0.8455758034965123,0.4050671744979382,0.34773861546495605,-0.3521561389693927,0.9127768820062583,-0.20694061336794844,-0.401232618723101,0.05252568723196277,0.9144689376099183
2021-06-10T02:49:00,676565409.1846827,-1094.8228890514274,686.5397676948203,-3393.602577685123,0.0,0.0,0.0,0.9626079601998204,0.06134018161163859,0.1684482189586947,-0.20309725406670573,0.8607534058404154,0.4116713556048392,0.2993831480036898,-0.3703407782325057,0.9099777750208304,-0.186515835644808,-0.34921523780079716,0.04967035275305576,0.9357251592989897
2021-06-10T02:50:00,676565469.1846827,-915.0445288428344,607.8963404352403,-3460.4453177215782,0.0,0.0,0.0,0.9661501031375357,0.05486502778177432,0.1414039637153249,-0.2086833150480158,0.8729123861323316,0.4187550775088353,0.2503360764998307,-0.38772254791805794,0.9068822054941514,-0.1650330003180967,-0.2961337400106393,0.0469984086819234,0.9539894955442006
2021-06-10T02:51:00,676565529.1846827,-733.0439472584212,525.7853687182524,-3516.184818467045,0.0,0.0,0.0,0.9688697407744759,0.048574379504687494,0.11423961055747553,-0.2141991280257956,0.8821360898653307,0.42616034368431577,0.20055742426540055,-0.40396387089356967,0.903518526417447,-0.14306454289281073,-0.242175783202593,0.04518444302313962,0.969179682070822
2021-06-10T02:52:00,676565589.1846827,-549.4271971932586,440.45090933878464,-3560.640698412408,0.0,0.0,0.0,0.9708274244751873,0.041816669234755695,0.08701829208495385,-0.21948415638401586,0.8885090438780292,0.4334401067857864,0.1506032960345711,-0.418884846235827,0.9001561425410158,-0.11939181144310523,-0.1873156815136902,0.04299526573012946,0.9813583660334573
2021-06-10T02:53:00,676565649.1846827,-364.80366071941575,352.1526072760878,-3593.6691588214435,0.0,0.0,0.0,0.9719693922237858,0.03522734793258829,0.0597049199840473,-0.2246549733868791,0.8919309309244783,0.4409220078649221,0.10023471175475648,-0.43250902390666046,0.8965783537803539,-0.09530582233955104,-0.13189070740390035,0.04165379349922366,0.9903887129746698
2021-06-10T02:54:00,676565709.1846827,-179.78376719511016,261.1648191696156,-3615.1633834513414,0.0,0.0,0.0,0.9723002240694452,0.0285939280444819,0.03236942523872143,-0.22971043046237258,0.8923706768930126,0.44854614405154153,0.04980895178579996,-0.4448438679870727,0.8928310108315569,-0.07047495450016322,-0.07608224586463205,0.04073257607853814,0.9962692151774036
2021-06-10T02:55:00,676565769.1846827,5.023040676045014,167.77576399134068,-3625.05380787161,0.0,0.0,0.0,0.9718400213048249,0.021961541802598752,0.0049995514360891375,-0.23456271689534988,0.8899106726562197,0.45613446728550466,-0.0005851894765298016,-0.4556952758540731,0.8889960450486493,-0.045031627242863026,-0.020020246173183542,0.04034079377043448,0.9989853903341814
2021-06-10T02:56:00,676565829.1846827,189.01035103036398,72.28656406284495,-3623.308499543568,0.0,0.0,0.0,0.9705773957281533,0.0153159448218526,-0.022343562900337247,-0.23926074883417153,0.8845101185284604,0.4637577234538656,-0.05070132303655361,-0.46512657455988626,0.885039431803051,-0.019038744494303483,0.03604330532783642,0.040422494858935676,0.9985323740622654
2021-06-10T02:57:00,676565889.1846827,371.5769340085691,-24.989755460116157,-3609.9334461643084,0.0,0.0,0.0,0.9685365721933796,0.008658352065867911,-0.04971130585437094,-0.24370212829118906,0.8762761174731958,0.4712080119672765,-0.10051455319479102,-0.47292968391824125,0.8810686112116966,0.007457640812250532,0.0920743178910054,0.04100136333512722,0.9949076380195133
2021-06-10T02:58:00,676565949.1846827,552.1290956799486,-123.72942860771082,-3584.972570693192,0.0,0.0,0.0,0.9656828605616408,0.001950052558607063,-0.07698208296239543,-0.2480454978734269,0.8650943797749893,0.47876633365599913,-0.14964795968979724,-0.47936681008738996,0.8769392565594851,0.034423853525399284,0.14771315265868104,0.041956382857564145,0.988139912395579
2021-06-10T02:59:00,676566009.1846827,730.0827272544449,-223.59923712815362,-3548.5071625648998,0.0,0.0,0.0,0.9620822644714573,-0.0047105070410919676,-0.1042472076966077,-0.2520080300314834,0.8512489449742223,0.4858870268070993,-0.19821460809140728,-0.48392279798362314,0.8729395278461333,0.06160605745761505,0.20296295049090732,0.043478476334005034,0.9782206616217524
2021-06-10T03:00:00,676566069.1846827,904.8650362480321,-324.2576321312397,-3500.6554444360804,0.0,0.0,0.0,0.9576364234864981,-0.013777053604890134,-0.13114133835826638,-0.2560168404217956,0.8345146535880871,0.49395558532444134,-0.24411712900479443,-0.48672862033092595,0.8685311404288176,0.09353559887107554,0.25822575994177716,0.04076196550960054,0.9652242843351414
2021-06-10T03:01:00,676566129.1846827,1075.91635924134,-425.3558530866301,-3441.5722253303456,0.0,0.0,0.0,0.9521123018555061,-0.033494404303427865,-0.15425114354896932,-0.26185277208691793,0.8152794209284638,0.5089595914904318,-0.27618761746400144,-0.4882933908252508,0.8606225012615101,0.14456304783298074,0.3112700279290117,0.017001310310518047,0.9501694191883876
2021-06-10T03:02:00,676566189.1846827,1242.6919759529615,-526.5390843775565,-3371.4485207118614,0.0,0.0,0.0,0.9455493068946405,-0.05279580447450881,-0.17756868974334616,-0.26761627694104456,0.7937017774780907,0.5248385339996265,-0.30754186976287007,-0.48733900670168884,0.8511882626922073,0.194882615956461,0.3640579362891716,-0.0048015293548060445,0.9313639269054416
2021-06-10T03:03:00,676566249.1846827,1404.6639827663166,-627.4477423619364,-3290.51110085128,0.0,0.0,0.0,0.937706200691674,-0.07197521602631526,-0.20065031523524934,-0.27434667932808376,0.7689467010752972,0.5433968642598395,-0.3368097665121825,-0.48562946512061833,0.8391069356392378,0.24507870810984494,0.41579441255514693,-0.024887717346149363,0.9091180385479207
2021-06-10T03:04:00,676566309.1846827,1561.323155264572,-727.7189028943374,-3199.021782602398,0.0,0.0,0.0,0.9288757173500573,-0.09084693460042642,-0.22341715753074023,-0.2811076482630932,0.7421265276177551,0.5628216646635531,-0.3639780086644804,-0.4816346090683198,0.825450649123398,0.29437956656223235,0.4661290812142279,-0.04316247962186698,0.8836632163891804
2021-06-10T03:05:00,676566369.1846827,1712.1806236978102,-826.9877589091063,-3097.276478004865,0.0,0.0,0.0,0.9189696527940144,-0.10971973753530671,-0.2457847989699252,-0.2881773569074183,0.713087287122336,0.5835873785069106,-0.38850005481587696,-0.4757176039743174,0.8098307803220761,0.3433174456852907,0.5149750306698782,-0.05999899074459408,0.8551028235809937
2021-06-10T03:06:00,676566429.1846827,1856.7694042720007,-924.8889942389694,-2985.604183440384,0.0,0.0,0.0,0.9081618924836561,-0.12668391870532597,-0.268325253286687,-0.29528752129170965,0.6816136764360669,0.6043227374740873,-0.41254917896795584,-0.4683527591782604,0.7935129290217211,0.3885652126033409,0.5621819003360202,-0.07163281683135692,0.8239054863801952
2021-06-10T03:07:00,676566489.1846827,1994.6460167568412,-1021.0580222948902,-2864.365932280347,0.0,0.0,0.0,0.8970255281545799,-0.13930258716618052,-0.29190621852547977,-0.30121545550313406,0.6481200179043886,0.6217224890230338,-0.43977447519679735,-0.4590693232210509,0.7797280771496964,0.4257692828067845,0.6076148441809016,-0.07406262449738543,0.7907710975899269
2021-06-10T03:08:00,676566549.1846827,2125.392067337015,-1115.1323650043726,-2733.953595492282,0.0,0.0,0.0,0.8859433241346726,-0.14631155104205745,-0.3170436913597399,-0.3052550642034687,0.6126052870942524,0.6336516810406139,-0.47244079982424564,-0.4481030641168421,0.7708245516196071,0.45280586850164456,0.651090167452455,-0.06568909905635623,0.7561524556013148
2021-06-10T03:09:00,676566609.1846827,2248.6154116946245,-1206.7531855926113,-2594.7883442778543,0.0,0.0,0.0,0.8769897844758356,-0.13601676056536766,-0.34807962797693404,-0.3020412742619294,0.5752232824593384,0.6244635508679941,-0.5283592044755536,-0.4350848972031106,0.7805410189750663,0.44883944782418905,0.6926899072041276,-0.028301790309103236,0.7206800268654852
2021-06-10T03:10:00,676566669.1846827,2363.9512467490817,-1295.5665527412439,-2447.319493298732,0.0,0.0,0.0,0.8674976688011972,-0.1244646414999416,-0.37920995707149985,-0.29691102387518536,0.5360873047184409,0.6095357048264245,-0.5840176592034452,-0.42074277938597493,0.7927047938353604,0.4411288059342803,0.7318373557794675,0.009237660536775938,0.6814167229482446
2021-06-10T03:11:00,676566729.1846827,2471.0635625318137,-1381.2249754926115,-2292.023094966634,0.0,0.0,0.0,0.8572272307560995,-0.1134194968990324,-0.4099808012546459,-0.29019516738911744,0.49540501485320154,0.59052603187268,-0.6370658340697655,-0.4045267670064236,0.8058455650943452,0.43240145697384796,0.7687209936209822,0.04349633201181774,0.6381035206515377
2021-06-10T03:12:00,676566789.1846827,2569.6461810209707,-1463.3888054402946,-2129.400177939031,0.0,0.0,0.0,0.846203158222119,-0.10280084448381951,-0.44028571232948893,-0.2819941362986817,0.45325559722334974,0.5677721435553893,-0.6871638498845982,-0.38672517138886325,0.8198225869331482,0.4222967768862262,0.8031207912885574,0.0743351798057903,0.591160955783856
2021-06-10T03:13:00,676566849.1846827,2659.4236294789252,-1541.7275611794735,-1959.9750720600532,0.0,0.0,0.0,0.8337034653407477,-0.09832954750416471,-0.46839178753670996,-0.27546136813466343,0.40946033606709015,0.5514196994090477,-0.7268277294458854,-0.36719268931644167,0.8289046695060114,0.42200305423502504,0.835171696180124,0.09409231623658587,0.5418808669115838
2021-06-10T03:14:00,676566909.1846827,2740.152056175144,-1615.9213262382493,-1784.2936893616193,0.0,0.0,0.0,0.8194837560222403,-0.10531844165938203,-0.49194242406910976,-0.2744941727307322,0.3652912010757585,0.5535082503293909,-0.7484590538125157,-0.34626581237300086,0.8271219499666208,0.44268416175088154,0.8640962478788433,0.09745715315312331,0.49380135449489515
2021-06-10T03:15:00,676566969.1846827,2811.6200177033265,-1685.6621137293914,-1602.921519200472,0.0,0.0,0.0,0.804538188613789,-0.11203289401902268,-0.5153617677269098,-0.27307358364580114,0.3196661325604683,0.5548711932997478,-0.7680699984636468,-0.32392131207892755,0.8257588971451241,0.4617328528128948,0.8904428938875861,0.10119388633599435,0.44370175804623413
2021-06-10T03:16:00,676567029.1846827,2873.6489080011524,-1750.655129899163,-1416.4415053783025,0.0,0.0,0.0,0.7890202431492233,-0.11884939939014082,-0.5383413733382517,-0.2711280913472977,0.27335624766931305,0.5558142028950886,-0.7850776609484252,-0.2998880073426298,0.8247287566939485,0.47946810210286245,0.9139713042061113,0.10436977408307024,0.3921267720337759
2021-06-10T03:17:00,676567089.1846827,2926.093183583024,-1810.6198654036248,-1225.4521283443278,0.0,0.0,0.0,0.7728776216301235,-0.12561169436849884,-0.5608576856372901,-0.2689247862931592,0.2262362315575231,0.5565924668402819,-0.7993885121687081,-0.27479133007030265,0.823802323110107,0.4958220016866789,0.9345089044245889,0.10749213131685742,0.33932071739891534
2021-06-10T03:18:00,676567149.1846827,2968.8408227621435,-1865.2912002051908,-1030.5655956502296,0.0,0.0,0.0,0.7561727450243492,-0.1324216811848959,-0.5828670293979632,-0.26633306981165605,0.17866544393098696,0.557156080860732,-0.8109597774889042,-0.24841915310023432,0.8230623885537306,0.5107408627877645,0.952032868927279,0.11020619813847682,0.2854610487859196
2021-06-10T03:19:00,676567209.1846827,3001.8137565117136,-1914.4206692932185,-832.4057620068788,0.0,0.0,0.0,0.7388947765774359,-0.1392431385458412,-0.6043969019189103,-0.2633443420035981,0.1307082849710303,0.557483760596505,-0.8198336422171945,-0.22085127439421687,0.8225222118051911,0.5241010643812378,0.9665092130126758,0.11255695339815669,0.23063146663745365
2021-06-10T03:20:00,676567269.1846827,3024.968149632022,-1957.777781268037,-631.605768045313,0.0,0.0,0.0,0.721132489157229,-0.14617129405606982,-0.6253701669012643,-0.25983464015746166,0.08279622824825432,0.5575727347720827,-0.8259887590195423,-0.19192806853201017,0.8222398251364329,0.5358034028159774,0.9779102213891799,0.11416792631202971,0.17509221428771757
2021-06-10T03:21:00,676567329.1846827,3038.2941471684717,-1995.1511371292536,-428.8051481682993,0.0,0.0,0.0,0.7028197713623341,-0.153046430908198,-0.6458031352874226,-0.2560458346105122,0.03475768206308266,0.5575838797286046,-0.8293926215034705,-0.1622324200283482,0.8220346411297371,0.5458385206949492,0.9861402260476692,0.11558229038006529,0.11903020087839455
2021-06-10T03:22:00,676567389.1846827,3041.8145401681772,-2026.3488207713663,-224.64750195754925,0.0,0.0,0.0,0.6840150539791067,-0.15996779352965682,-0.665651166872598,-0.2518774205925607,-0.013067421926425835,0.5575413917355788,-0.8300462872549642,-0.13161039803537544,0.8219361400577827,0.5541657557048101,0.9912153881034974,0.11648424000038288,0.06263765814880382
2021-06-10T03:23:00,676567449.1846827,3035.5843745946613,-2051.198945988006,-19.779514945849087,0.0,0.0,0.0,0.6647331420621909,-0.16689955176820695,-0.6848957873083478,-0.24737047113788113,-0.06054877892739764,0.5574883008851693,-0.827973815858067,-0.10025310124638365,0.8219047792571887,0.5607333140849351,0.9931178988724773,0.1169586602623291,0.006124600293700239
2021-06-10T03:24:00,676567509.1846827,3019.691335566553,-2069.5507297878635,185.15128768409227,0.0,0.0,0.0,0.6449855681357417,-0.17390175180285078,-0.7035563254382107,-0.24240522798074443,-0.10750359523302819,0.5573951023478316,-0.8232579649724764,-0.06799639240510613,0.8219957723350058,0.5654197033030135,0.9918767401405599,0.11676322255756372,-0.050466644688435314
2021-06-10T03:25:00,676567569.1846827,2994.254975881865,-2081.27501754966,389.499138101329,0.0,0.0,0.0,0.6247962939760493,-0.1808942984537272,-0.7215619622077624,-0.23718174153086072,-0.15381368764145636,0.5574334361034698,-0.8158488302424752,-0.03532765632559798,0.822044148542644,0.5683268201882965,0.9874681292035083,0.11623847108715207,-0.10674882503636457
2021-06-10T03:26:00,676567629.1846827,2959.425984301812,-2086.2648526315343,592.6220075686331,0.0,0.0,0.0,0.6041643999596861,-0.18790776923683522,-0.7389429229517739,-0.23160182361388643,-0.19935209616357746,0.5575573860769342,-0.8058464512462933,-0.002144921096076724,0.8221025311183173,0.5693354263018839,0.9799255793521666,0.11522668770694111,-0.16269194624014957
2021-06-10T03:27:00,676567689.1846827,2915.3853556455415,-2084.4360447164054,793.8838795681728,0.0,0.0,0.0,0.5831486449827862,-0.19490522106417627,-0.7556363376137678,-0.2257506100419594,-0.24389922531332986,0.5578472595534839,-0.7932966676472464,0.031262610153460046,0.8220972337352153,0.5684881594996496,0.9692965578696491,0.11385329724507048,-0.21794863984084703
2021-06-10T03:28:00,676567749.1846827,2862.3431904412855,-2075.7275407924426,992.6567699042769,0.0,0.0,0.0,0.5631516600461886,-0.1979194759368816,-0.773234450251635,-0.2140013405942686,-0.2873761776641848,0.5471067347558369,-0.786186462167805,0.0650458939247483,0.8300626145374521,0.5538637807536978,0.9556065948886359,0.1080290550363916,-0.27412726802215587
2021-06-10T03:29:00,676567809.1846827,2800.5376059744067,-2060.1017541026163,1188.3225860685236,0.0,0.0,0.0,0.5442027029885825,-0.19764240525459234,-0.7912594347567341,-0.19669622419750174,-0.3295617954102005,0.5268580694832776,-0.7834600166098837,0.09868760197956289,0.8444961500632513,0.5263905486840261,0.9389620760294469,0.09616042402517022,-0.33030802689273364
2021-06-10T03:30:00,676567869.1846827,2730.2337124555343,-2037.544723034952,1380.2750202523407,0.0,0.0,0.0,0.5249880373086007,-0.1980529158141666,-0.808238609833403,-0.17864196817919983,-0.37032520644073985,0.5077178192128751,-0.7778700775375961,0.1325782341915006,0.8577241794851367,0.4967214951511687,0.9193923282762844,0.08081984892506938,-0.38494921577585006
2021-06-10T03:31:00,676567929.1846827,2651.7225358403084,-2008.0661725879672,1567.9214863084483,0.0,0.0,0.0,0.5047251480339127,-0.2011346751022469,-0.8234671721775771,-0.16339884870929544,-0.40959473482731723,0.49619862047334584,-0.7655188320623395,0.1663125880598657,0.8656913174239809,0.47214263309889937,0.8969795294512406,0.06607171843596144,-0.43710668236524336
2021-06-10T03:32:00,676567989.1846827,2565.319675334654,-1971.6995589848118,1750.6850283683602,0.0,0.0,0.0,0.48381973232822895,-0.20495967105724106,-0.8376080150071517,-0.14940820943217212,-0.4478199996998971,0.48792500625177593,-0.7492572563165399,0.19877844667132188,0.8713374403887595,0.44861809383450146,0.8717478861504173,0.05196396107851642,-0.48719130712822645
2021-06-10T03:33:00,676568049.1846827,2471.3637922015523,-1928.5020007897324,1928.0060181359675,0.0,0.0,0.0,0.46265737478937075,-0.21061853164579086,-0.8504418677915369,-0.13541276596990715,-0.48317597536075735,0.48353706452192385,-0.7298855280574491,0.23293820525550532,0.8746064338795003,0.4252098050949994,0.8439672797961572,0.03543293736206499,-0.5352230727307739
2021-06-10T03:34:00,676568109.1846827,2370.215092693941,-1878.554083895342,2099.343700790813,0.0,0.0,0.0,0.44068974559523116,-0.2170875951135932,-0.862207180646076,-0.12354878314800168,-0.5173310483500143,0.48324233030044256,-0.7062899097529803,0.26545560304406973,0.8752173484608895,0.4043858501055638,0.8135735426042227,0.021712741855604012,-0.5810564926197173
2021-06-10T03:35:00,676568169.1846827,2262.2538769967286,-1821.9595802195968,2264.1775829718467,0.0,0.0,0.0,0.41776795100043423,-0.2251749952391568,-0.8727480010008857,-0.11435509339291722,-0.5495323212718893,0.4885898400471605,-0.6777124730150828,0.29749426783427146,0.8724382682682857,0.38774815108106625,0.7807121034563766,0.011464565570686036,-0.6247857034639921
2021-06-10T03:36:00,676568229.1846827,2147.8791587813394,-1758.8451999475783,2422.008874013783,0.0,0.0,0.0,0.3937921884688915,-0.23471782583754766,-0.8821069144440158,-0.10827116894646355,-0.5796705090699518,0.49936511536416006,-0.643907277852893,0.32881975309410816,0.866369792418122,0.3758735861436794,0.7455599713569079,0.0061534009067674145,-0.6664101325516951
2021-06-10T03:37:00,676568289.1846827,2027.5070623946178,-1689.3603013567026,2572.3620018697675,0.0,0.0,0.0,0.3668783260357873,-0.24793916301024288,-0.8896359929084663,-0.11168825118483217,-0.6078529306619177,0.5231032041961345,-0.5973925446851971,0.35919920966591146,0.8521038119861082,0.38065078664588087,0.7081601107525775,0.016796766310232525,-0.7058520568649052
2021-06-10T03:38:00,676568349.1846827,1901.5690417079834,-1613.6763850836,2714.785927423537,0.0,0.0,0.0,0.33723496267002395,-0.26321157751356267,-0.8955151102275459,-0.12265778723715716,-0.633984490831539,0.5541488783006693,-0.5394281101900275,0.38869090110022775,0.831349465385812,0.39721209675010805,0.6685679088820875,0.042155510681690544,-0.7424552943660637
2021-06-10T03:39:00,676568409.1846827,1770.5101264930327,-1531.9864407713408,2848.855126102348,0.0,0.0,0.0,0.3070797298745058,-0.2773594462092677,-0.9005620881687363,-0.1332730372275437,-0.6575475541973779,0.581409700645863,-0.47915965394003557,0.4177079075603068,0.810620070293268,0.4103842170446218,0.6270177971402702,0.06969836176428407,-0.7758806740966926
2021-06-10T03:40:00,676568469.1846827,1634.7873474673886,-1444.5043466882685,2974.170371886032,0.0,0.0,0.0,0.28196364115262823,-0.2847078185706474,-0.9074481384639164,-0.126395566026139,-0.6788759262253905,0.5879930679806681,-0.4397631507963118,0.4454372518915577,0.8059312378673507,0.3899493485786289,0.583706374317529,0.06884033582342253,-0.8090413319137677
2021-06-10T03:41:00,676568529.1846827,1494.8682723680377,-1351.4643383665991,3090.3595130289245,0.0,0.0,0.0,0.25727960735046124,-0.291186743180209,-0.9139015384985301,-0.11747962447895154,-0.6980349684753908,0.592682248480787,-0.4018394394796486,0.47178180185028995,0.8028176368567751,0.36456244100921403,0.538673476447888,0.06489679720495928,-0.8400114829477539
2021-06-10T03:42:00,676568589.1846827,1351.229596869333,-1253.120456042712,3197.0783377562434,0.0,0.0,0.0,0.23210023754435494,-0.29800124722460647,-0.9193865622461773,-0.10978654537596624,-0.7146494727688661,0.5989196509836799,-0.3613466240838137,0.4969937179399364,0.7982843422139798,0.3402048696068776,0.49221273388588876,0.06354022852949659,-0.86815278837253
2021-06-10T03:43:00,676568649.1846827,1204.3557323832924,-1149.7458272850274,3294.0114560221655,0.0,0.0,0.0,0.20464807101169014,-0.30583312723090367,-0.9235425793868338,-0.10795540458390245,-0.7291705306387202,0.6090855609763053,-0.3119697367666078,0.5207140997627764,0.7896234578185839,0.3245791446948874,0.44403509270809705,0.07422650653777846,-0.8929295953046403
2021-06-10T03:44:00,676568709.1846827,1054.7373699495206,-1041.6318950899458,3380.8731629473427,0.0,0.0,0.0,0.1770995455539918,-0.3130789343079247,-0.9270210330289473,-0.10606288785021463,-0.7412346637143674,0.6180288926803025,-0.2619378955413049,0.5428941357266346,0.781464489426974,0.3075373296988017,0.39476211913236947,0.08575278174495571,-0.9147728295708848
2021-06-10T03:45:00,676568769.1846827,902.8698286502175,-929.0876025941975,3457.4082884541663,0.0,0.0,0.0,0.15093845283083274,-0.31873160866177863,-0.9304567926703861,-0.09938763540022287,-0.7512554901938188,0.6231348124718715,-0.21752745559880718,0.5631291488005733,0.7770645191388545,0.28116951269055296,0.34423937924762077,0.08873408917178743,-0.9346793627731742
2021-06-10T03:46:00,676568829.1846827,749.2511949534801,-812.4384957451969,3523.392740558912,0.0,0.0,0.0,0.12698573806130162,-0.3238553276254359,-0.9335773412859355,-0.086172483630984,-0.7579846981952963,0.6265733443205916,-0.1812871796037846,0.5828026385827679,0.7753840596669789,0.2431473719276408,0.292916851278224,0.07864734071323848,-0.9528978507877887
2021-06-10T03:47:00,676568889.1846827,594.380666843065,-692.0258236910452,3578.633727896655,0.0,0.0,0.0,0.10248211584040898,-0.3288214920226826,-0.9358746502266253,-0.07424608663115981,-0.7627476846336998,0.6306891897691134,-0.14299341066744786,0.6002536055657872,0.7727278900078705,0.20636670518583417,0.24064824659906112,0.07157341624069546,-0.9679698691056626
2021-06-10T03:48:00,676568949.1846827,438.7572540664623,-568.2056087363385,3622.9700185904867,0.0,0.0,0.0,0.07736123418478397,-0.33382578860065815,-0.9372743637923925,-0.0639714724554748,-0.7651511646211114,0.635670531379898,-0.10230674862468711,0.6158748831328043,0.7689359871540542,0.1715679923108468,0.18772805758626362,0.068267292275424,-0.9798457803145708
2021-06-10T03:49:00,676569009.1846827,282.8784475481024,-441.347679083957,3656.272424340813,0.0,0.0,0.0,0.05288956166086836,-0.33881516985265686,-0.9379393131504938,-0.05173799176443089,-0.7648139498900733,0.6410489348044064,-0.06415516533904905,0.630103335981869,0.7650549217717979,0.1328937645537518,0.1342736312090532,0.06121462128351307,-0.9890517489510098
2021-06-10T03:50:00,676569069.1846827,127.23865082569904,-311.83456813515613,3678.444127762971,0.0,0.0,0.0,0.028751550701392223,-0.34314946516305816,-0.9380506058184757,-0.03850784094393362,-0.7628435857811446,0.6459974476475865,-0.027512929058333344,0.6415688070823837,0.7615311814882877,0.09197676554401951,0.080368709156313,0.052512448560854186,-0.9953809890362039
2021-06-10T03:51:00,676569129.1846827,-27.67228355568193,-180.060433916256,3689.420696395858,0.0,0.0,0.0,0.004695754066138553,-0.3477496443223553,-0.9372384308297196,-0.025144751803720982,-0.7580962695348512,0.6520848090736034,0.008686074647615838,0.6516125147915062,0.7568758526608094,0.050399149060894266,0.02629023933765573,0.04386736183559459,-0.9986913827009591
2021-06-10T03:52:00,676569189.1846827,-181.37034590363163,-46.43015222397548,3689.170118822894,0.0,0.0,0.0,0.020503248991757195,0.352305774663239,0.9355411510703255,0.014933605516670091,-0.7509205158394341,0.6585807250498327,0.04888565724499143,0.6598054747788444,0.751315257130415,0.013495178951082765,-0.027840875404728627,0.042388831027700025,-0.9987132084141088
2021-06-10T03:53:00,676569249.1846827,-333.37866545563753,88.64165325088607,3677.693065864283,0.0,0.0,0.0,0.04594041642379346,0.3565772265055093,0.9331200125271543,0.005403878030696948,-0.7414843193528945,0.6649621793133705,0.08958964357886556,0.6659552049415046,0.7456469592797363,-0.022677679074410484,-0.08188204421662579,0.04284754601720708,-0.9957205524820754
2021-06-10T03:54:00,676569309.1846827,-483.2289112786896,224.73197366118552,3655.023024115737,0.0,0.0,0.0,0.07136072702688732,0.3605067620307415,0.9300136557426855,-0.004137789316777191,-0.7298850423366089,0.6711429746601952,0.1297494991803492,0.6699618720444779,0.7400355064593606,-0.05914845041162348,-0.13571630329457618,0.04375564813486754,-0.9897810506755281
2021-06-10T03:55:00,676569369.1846827,-630.4626253686381,361.41074214889454,3621.2259751153956,0.0,0.0,0.0,0.09673971229996328,0.36410640358176044,0.9262186208067327,-0.013675576980538846,-0.7161359098697534,0.677130204670062,0.16924551550484512,0.671838319139529,0.7344790109300108,-0.09578024555744963,-0.18916297611000327,0.04511394935884566,-0.9809088133167398
2021-06-10T03:56:00,676569429.1846827,-774.632429715778,498.24179181685554,3576.400191219869,0.0,0.0,0.0,0.12207022397924334,0.3674706709586778,0.9216966539164727,-0.02322594587986858,-0.7001283328056733,0.6830633685014795,0.20795372613675542,0.6717225828387381,0.7288517228463292,-0.13252900742249712,-0.24209314180125635,0.046899901016417334,-0.9691188317112853
2021-06-10T03:57:00,676569489.1846827,-915.3032247210291,634.7841383441173,3520.676224092284,0.0,0.0,0.0,0.14732138568397604,0.3704258514099008,0.9165194656108698,-0.03275922898617716,-0.6821621958548065,0.6886572767816721,0.245776104782788,0.6693527367489428,0.7234230430469628,-0.16919224153421686,-0.2943155659377344,0.04909435735727602,-0.9544464844727686
2021-06-10T03:58:00,676569549.1846827,-1052.0533530287296,770.5935548825552,3454.216589507778,0.0,0.0,0.0,0.17249495750607513,0.3730495584176076,0.9106535449942539,-0.04230410841518577,-0.6621590331988105,0.6940322964298901,0.2826032311660096,0.6648433148962509,0.7180887787512482,-0.2057471080460309,-0.34572934702015223,0.05164956286159028,-0.9369117040923467
2021-06-10T03:59:00,676569609.1846827,-1184.4756958542634,905.2238122091347,3377.2152190686893,0.0,0.0,0.0,0.19754824198561202,0.37530214040837206,0.9041221241766395,-0.05182837126140534,-0.6402459909865776,0.6991151440434499,0.3183128750062142,0.6581607295327768,0.7129242466745689,-0.24199891033717696,-0.396118069679355,0.054562201867267845,-0.9165770240415683
2021-06-10T04:00:00,676569669.1846827,-1312.1787336526527,1038.2277224222487,3289.8971515360668,0.0,0.0,0.0,0.22250335719297135,0.37718514023484623,0.8969170489915533,-0.061346827563941705,-0.616447252047753,0.7039073159780376,0.3528558855331302,0.6493078156335763,0.7079358734677188,-0.2778959510583985,-0.4454123325638033,0.057803888883821375,-0.8934576455713942
2021-06-10T04:01:00,676569729.1846827,-1434.78774426015,1169.1584601924403,3192.51835784256,0.0,0.0,0.0,0.2472759158709614,0.37863974581296855,0.8890816136366532,-0.07085512412036934,-0.5909731286417359,0.7083248038107625,0.38603980821910533,0.6382417409667025,0.7032229885531556,-0.31324895603682623,-0.4933540729650373,0.06126500368737292,-0.8676683456321288
2021-06-10T04:02:00,676569789.1846827,-1551.9460218876136,1297.571119388127,3085.365237089397,0.0,0.0,0.0,0.2719378414688152,0.3797914618948816,0.8805385394801716,-0.08037497333845028,-0.5636165116980606,0.7125560318434601,0.4178520422647376,0.6251280448123732,0.6985966182651842,-0.34810586398035326,-0.5399549567606263,0.0650128174435663,-0.8391793480762497
2021-06-10T04:03:00,676569849.1846827,-1663.3158808340127,1423.0241591001413,2968.7538326105982,0.0,0.0,0.0,0.2964010866007028,0.38042204612212965,0.8714073146514725,-0.08985963864875408,-0.53485092537235,0.7162740963650817,0.4482029746718854,0.6097361182169329,0.6944086243323353,-0.38212370849584876,-0.5849413250661024,0.06890632285399889,-0.8081432824076762
2021-06-10T04:04:00,676569909.1846827,-1768.5795353075039,1545.0807647691315,2843.0290968763175,0.0,0.0,0.0,0.32067690550022904,0.38069261417011196,0.8616079440188692,-0.09935394606506928,-0.504478911590247,0.7197365931433237,0.47694891157351593,0.5922945292497912,0.690403853835251,-0.41536695731630013,-0.6282421653960261,0.07295036051915638,-0.7745902313601927
2021-06-10T04:05:00,676569969.1846827,-1867.4399905022726,1663.3102626468058,2708.564166645064,0.0,0.0,0.0,0.3447263911537837,0.3805218507155272,0.851190001654949,-0.10882287191931096,-0.4727336727402372,0.7228210213040566,0.5040363536675575,0.5727645576571185,0.6867214073505268,-0.44760972976283414,-0.6696742761592169,0.07709396764645587,-0.7386425955786434
2021-06-10T04:06:00,676570029.1846827,-1959.6219369911582,1777.2895807901073,2565.759604368622,0.0,0.0,0.0,0.3685473848925506,0.3799210892720189,0.8401427257262243,-0.11829197531758126,-0.4396655820304497,0.7255682753178776,0.5293815767762101,0.5511834826896027,0.683333949003655,-0.4788021329831674,-0.709148041235387,0.08127356268375963,-0.7003596673286536
2021-06-10T04:07:00,676570089.1846827,-2044.872677151746,1886.6048025690766,2415.042556589198,0.0,0.0,0.0,0.39211612352605696,0.37889720555115125,0.8284693723452292,-0.12775113456376228,-0.40536370659285315,0.7279960194550436,0.5529033017037562,0.5276229008102509,0.6802331104864,-0.5088192114480082,-0.7465214932725508,0.08546760237428402,-0.659849186577139
2021-06-10T04:08:00,676570149.1846827,-2122.9630160827824,1990.8527496118609,2256.865685582806,0.0,0.0,0.0,0.41539086482916004,0.3773539042162706,0.8162275077111746,-0.13721193841945695,-0.3701089207784404,0.7300064450569428,0.57455197931566,0.5020201019971682,0.6775538298558257,-0.5374910462867782,-0.7816618219863183,0.08950641218944838,-0.6172466267433151
2021-06-10T04:09:00,676570209.1846827,-2193.6880421096484,2089.642469268239,2091.7059884753335,0.0,0.0,0.0,0.43706058142563387,0.3768683693222394,0.8028975820616997,-0.149344410969274,-0.33389656073656626,0.7357185151505227,0.5892633988234827,0.4746282947869239,0.671332958233274,-0.5692451501571346,-0.8143961373410055,0.08961208431049911,-0.5733485901522548
2021-06-10T04:10:00,676570269.1846827,-2256.867865453403,2182.5966913744637,1920.063560788311,0.0,0.0,0.0,0.4574789073303467,0.3772971757465755,0.7884261548799822,-0.16353620034309238,-0.29671978104297964,0.744570647525728,0.5979731786467721,0.44531319855806967,0.6618055047020036,-0.6030834346391117,-0.8447801647338717,0.08733856415836477,-0.5279379210503522
2021-06-10T04:11:00,676570329.1846827,-2312.348249939773,2269.3533096081665,1742.4602683403377,0.0,0.0,0.0,0.477517130273391,0.3775195175844116,0.773264567773729,-0.17753397523856274,-0.258912808276597,0.7533959619460048,0.6044490733170003,0.4142939044182221,0.6519214029576532,-0.6351055385742046,-0.8725392360646202,0.08598260806220809,-0.4809181558629173
2021-06-10T04:12:00,676570389.1846827,-2360.0010286943916,2349.566941738258,1559.4382706329156,0.0,0.0,0.0,0.49722246307913787,0.37751073603812135,0.7574005459763811,-0.19131094934726348,-0.22051093277094258,0.7621018780713463,0.6087492554152456,0.3816054722775281,0.6417715296716093,-0.6652116709971401,-0.8976370046161942,0.0856156010496315,-0.4323398857387287
2021-06-10T04:13:00,676570449.1846827,-2399.724293705477,2422.910509887215,1371.5583934937,0.0,0.0,0.0,0.51655005003264,0.3772888685622746,0.7408416236443701,-0.20489715504674366,-0.18165831094055168,0.7707018673191277,0.6107527239210933,0.3473433245553637,0.6313405310254986,-0.6933698499150855,-0.9199743871179527,0.0861844858153184,-0.3823864033300559
2021-06-10T04:14:00,676570509.1846827,-2431.4424924345735,2489.0767332493742,1179.3984620031413,0.0,0.0,0.0,0.5350853091566687,0.37744608959440346,0.7233501606242326,-0.2190495526119664,-0.1424363227492113,0.7804717742302087,0.6087492945307064,0.31163098391019267,0.6191034859007819,-0.7208307732142583,-0.9394668827738676,0.08703265694813,-0.3314020108504193
2021-06-10T04:15:00,676570569.1846827,-2455.106633853024,2547.779455062076,983.5516516321941,0.0,0.0,0.0,0.5526785606953691,0.3776803066550468,0.7051285278498958,-0.23387550903180082,-0.10380798902529004,0.7911422766863254,0.6027584918141783,0.2741103578319554,0.6053196644801315,-0.7472962033376713,-0.9560791876951213,0.08764702980271638,-0.27969730964562206
2021-06-10T04:16:00,676570629.1846827,-2470.694595236043,2598.754786165093,784.6248001657274,0.0,0.0,0.0,0.5696680563715053,0.3784949031437247,0.6858066301855988,-0.2487753601898853,-0.06443982768826781,0.8025873799598311,0.5930438484098121,0.23570987630985862,0.5897048569132308,-0.772456494530881,-0.9696846718482752,0.09000932875074608,-0.2271782514246085
2021-06-10T04:17:00,676570689.1846827,-2478.2113907153985,2641.762276664422,583.2366323120132,0.0,0.0,0.0,0.5861979791149963,0.3804139233537577,0.6651126353579545,-0.2632154222063984,-0.02331435240019164,0.814628911315936,0.579513742563861,0.1974435170387709,0.5720057768626179,-0.7961315524554682,-0.9800369883588684,0.09585993993325115,-0.17417914158840372
2021-06-10T04:18:00,676570749.1846827,-2477.689224652815,2676.586063704367,380.015780333213,0.0,0.0,0.0,0.6020098855730164,0.38118086294520137,0.6442409700235743,-0.2779187290194731,0.0154295052065693,0.8257643023077018,0.5638042633781293,0.15652501328525714,0.5549246595691044,-0.8170425585109773,-0.9875534672032349,0.10085603222607997,-0.120690555465129
2021-06-10T04:19:00,676570809.1846827,-2469.187318237115,2703.0359093318425,175.59880594779042,0.0,0.0,0.0,0.617533334898068,0.3815870558795419,0.6228152723811288,-0.2917962226686193,0.053912201850291885,0.8357042812798832,0.5465270613081544,0.11492870329903643,0.5384925664430177,-0.8347557421447391,-0.9919097074077133,0.10781516654017637,-0.06701508945199236
2021-06-10T04:20:00,676570869.1846827,-2452.791633515058,2720.9482642961093,-29.37172906467083,0.0,0.0,0.0,0.6331292215679599,0.3810077334657795,0.6011422647286845,-0.3043164034239479,0.09203900832796266,0.8434229187698539,0.5293076619885126,0.07273648832919238,0.5244492672927652,-0.8483291632978434,-0.9930952744885773,0.1165793555044034,-0.013077830807724178
2021-06-10T04:21:00,676570929.1846827,-2428.6145262639534,2730.1874013237484,-234.24932734482377,0.0,0.0,0.0,0.649205652919218,0.37866607275423125,0.5796123714427265,-0.31495003482006206,0.12971194887476148,0.8478937668125455,0.5140534704868205,0.030024394843390256,0.5148369618234581,-0.8567621831375845,-0.9910970416833056,0.12656643686548258,0.041323008430852626
2021-06-10T04:22:00,676570989.1846827,-2396.7943042347893,2730.646253721712,-438.38586878562467,0.0,0.0,0.0,0.6659877235135627,0.37381938974016593,0.5586701885123351,-0.32343011061294885,0.16656116803297538,0.8484844640371241,0.5023260809385921,-0.013117468294306267,0.5113040548063714,-0.859299770489968,-0.9859438672302998,0.1365367270231616,0.09629336864376414
2021-06-10T04:23:00,676571049.1846827,-2357.4947498692272,2722.2468957763986,-641.1338080153271,0.0,0.0,0.0,0.6835174320818116,0.3663006485569841,0.5383656066877506,-0.3298336375246607,0.20274449018596172,0.8453014236511126,0.49432800332637084,-0.05648674008912363,0.5140672128479672,-0.8558879300871267,-0.9776011046911401,0.14560358459916056,0.151972616804926
2021-06-10T04:24:00,676571109.1846827,-2310.9045262976956,2704.9411497131896,-841.8482170306889,0.0,0.0,0.0,0.7014454504080406,0.3562500083017804,0.5186607743354732,-0.33474051570219254,0.23787957662631498,0.8391502339387289,0.48912185792976165,-0.10005861328744803,0.5220694374648235,-0.8470134452133307,-0.966127103921155,0.15254634491111152,0.20815386550141737
2021-06-10T04:25:00,676571169.1846827,-2257.236429391067,2678.7112792238026,-1039.8890460919843,0.0,0.0,0.0,0.7192539809144416,0.34444943679488793,0.49918115639391597,-0.3388900552268325,0.2719434071391744,0.8313813789854387,0.484615090551055,-0.14361070627141798,0.5330162319200779,-0.8338283165939774,-0.9515370451841387,0.1571581979598643,0.26434551718583454
2021-06-10T04:26:00,676571229.1846827,-2196.7263896743766,2643.5703214575747,-1234.6234520118373,0.0,0.0,0.0,0.7364738298498429,0.331666003189472,0.47958719813284284,-0.34292868013876465,0.3047920794507482,0.8232415352254104,0.4789312716703703,-0.18699045848318074,0.544795165333212,-0.8174550729341694,-0.9338824105530303,0.15959825346559303,0.3199875634308209
2021-06-10T04:27:00,676571289.1846827,-2129.6324863654318,2599.5622462861875,-1425.42789290944,0.0,0.0,0.0,0.752764760437138,0.3186133439517625,0.45956997166073277,-0.3473128181447486,0.33633849500021173,0.8157399515962438,0.47057916246977005,-0.2300394497936723,0.5557186868164571,-0.7989108790482309,-0.9132131560154052,0.16045271107946502,0.37456195640725787
2021-06-10T04:28:00,676571349.1846827,-2056.2339836494757,2546.762073833392,-1611.6902409363067,0.0,0.0,0.0,0.7693328110107351,0.3022510368211374,0.44054728887577455,-0.3502704996243233,0.3664573267142637,0.8052609258431183,0.46611572490929687,-0.2726374265173426,0.5719097756669489,-0.7736847175423468,-0.8895942116265348,0.15644184161171237,0.42912479400950476
2021-06-10T04:29:00,676571409.1846827,-1976.8302394976495,2485.275914850737,-1792.811888197226,0.0,0.0,0.0,0.785759621314796,0.2812247139094756,0.4241803186661777,-0.3515188971506679,0.393011044404476,0.7909986885460593,0.46889593055870865,-0.3138387334943549,0.5946942504650236,-0.7401648450328502,-0.8643191356985926,0.14373525379063556,0.4819674350855869
2021-06-10T04:30:00,676571469.1846827,-1891.739549194742,2415.2408896797115,-1968.2098849074298,0.0,0.0,0.0,0.802394007586727,0.25962445303841014,0.40522080574301367,-0.35292364410223453,0.4224820000531641,0.776778094428235,0.46703827642658835,-0.3559571742249799,0.6160800896362111,-0.7026662175397401,-0.833548708684049,0.1306182038242676,0.5367824839549784
2021-06-10T04:31:00,676571529.1846827,-1801.297828719309,2336.824852938573,-2137.3190108094755,0.0,0.0,0.0,0.8170749130573008,0.23703948504666195,0.38758466948731574,-0.35493519543661173,0.44759826203756503,0.7637630288391992,0.4651041083449209,-0.3962715469701832,0.6356665791383751,-0.6624929140967273,-0.8016387321498439,0.1122231524458675,0.5871808130144429
2021-06-10T04:32:00,676571589.1846827,-1705.857249636231,2250.2260003302104,-2299.5937666903255,0.0,0.0,0.0,0.8304309057681498,0.21395658288667413,0.3698673972293206,-0.3574985312576207,0.47078581723090396,0.7520267871108454,0.4613203071207349,-0.43548452938135124,0.6528347615762036,-0.6198064203824002,-0.7672769636602763,0.09089821530415587,0.6348413782125317
2021-06-10T04:33:00,676571649.1846827,-1605.784800219733,2155.6723019178835,-2454.510212269826,0.0,0.0,0.0,0.840470142448261,0.1992509314806839,0.34820805075687233,-0.36422542380396666,0.4921819880858408,0.7510027445803564,0.4401724301187453,-0.473479630730836,0.6552778139178014,-0.5885813672467881,-0.7304614499662938,0.08127646781128828,0.6781004393843586
2021-06-10T04:34:00,676571709.1846827,-1501.4608203826483,2053.4209763207955,-2601.5676833151592,0.0,0.0,0.0,0.8488408422936615,0.18786054063265406,0.3248131544397988,-0.3723896567176132,0.5116447165452116,0.7542382493345692,0.41151469873152113,-0.5101599501439356,0.6520687216858903,-0.5608415172471327,-0.6913439876794385,0.07701328093032589,0.7184096639521487
2021-06-10T04:35:00,676571769.1846827,-1393.277509121402,1943.7578661080524,-2740.290556137833,0.0,0.0,0.0,0.8565107586943235,0.17627349079202692,0.30113140721500686,-0.38031152003795154,0.5293660466302651,0.7576447858096038,0.3817669016698064,-0.5453188484619853,0.648581608340832,-0.5310077690901649,-0.6499222585718527,0.07291279625373842,0.7564950640654057
2021-06-10T04:36:00,676571829.1846827,-1281.637426452576,1826.9965567417294,-2870.230024043175,0.0,0.0,0.0,0.8634641657695814,0.1644830100837667,0.27716352449242454,-0.3880146318330812,0.5452500523487516,0.7612508423521649,0.3509979137143172,-0.578896079176406,0.6447799697544438,-0.49913737599747293,-0.606285172116116,0.06896336434352407,0.7922514401694414
2021-06-10T04:37:00,676571889.1846827,-1166.9518322921444,1703.477230698372,-2990.9656900071923,0.0,0.0,0.0,0.8697204415768968,0.1525074011054254,0.25292944336233003,-0.39541692274329693,0.5593443077772868,0.7649515854510174,0.3193477998563988,-0.6106571371700941,0.6407738996325807,-0.46530277279732607,-0.5605638288191388,0.0652524441352959,0.8255363785769818
2021-06-10T04:38:00,676571949.1846827,-1049.6390493842473,1573.565504808442,-3102.1067176335437,0.0,0.0,0.0,0.8754897770744787,0.14014200011599337,0.22784927629274052,-0.4024457445848357,0.5722442599168632,0.7685367770315934,0.2861603210476473,-0.6408117638130082,0.6367952849380921,-0.42877972018214106,-0.5117585273848035,0.061991833579149336,0.8568898541927266
2021-06-10T04:39:00,676572009.1846827,-930.1230806895933,1437.6514787073688,-3203.293017152151,0.0,0.0,0.0,0.8798491630262678,0.12766678826512026,0.2043289135309432,-0.4096539229536433,0.5808667170079098,0.7730393547627743,0.25495884581713674,-0.6686952902019864,0.6317697091655188,-0.39206331560424873,-0.4641556483919312,0.05724675160102233,0.8839017725386665
2021-06-10T04:40:00,676572069.1846827,-808.8320884314692,1296.1486329709908,-3294.196787575512,0.0,0.0,0.0,0.8836691140468909,0.11522557172339204,0.17986250125330264,-0.4165350467169673,0.5882960709987993,0.7776078304807479,0.22188689646394277,-0.6947087923267032,0.6264432449550226,-0.3534806284850626,-0.4138688520671122,0.05380448703636265,0.9087450965278461
2021-06-10T04:41:00,676572129.1846827,-686.1965897027502,1149.4923241380832,-3374.52381505462,0.0,0.0,0.0,0.8867540393275982,0.10267176736717913,0.15519049354216874,-0.4231331854582269,0.5937484361562233,0.7822974872583914,0.18834393006212224,-0.7185627582561545,0.620833631099347,-0.3134217046461637,-0.36211925799292444,0.050756713104834594,0.9307488377996759
2021-06-10T04:42:00,676572189.1846827,-562.6477015519914,998.1381084572301,-3444.014282061058,0.0,0.0,0.0,0.8890950851674944,0.09002996217994047,0.13040566369705164,-0.42941692830699635,0.597190929118231,0.7870657948323367,0.15456528971229738,-0.7401041269495543,0.6149914151865252,-0.27208719286124716,-0.30920684897191764,0.04809359470675473,0.9497779375712201
2021-06-10T04:43:00,676572249.1846827,-438.6156170028104,842.5601982065016,-3502.4433018191,0.0,0.0,0.0,0.8906834806877855,0.07755063816269105,0.10533584955670833,-0.4354000396745703,0.5986623284990982,0.7919449703669561,0.1201107003830999,-0.7592695209488283,0.6088254079438837,-0.22987261080889998,-0.2551729041143956,0.04641967850431861,0.9657805146374518
2021-06-10T04:44:00,676572309.1846827,-314.52820472308224,683.2501052992379,-3549.6215458936886,0.0,0.0,0.0,0.8913425631223258,0.06434841355255232,0.0807655190971932,-0.4414121064999841,0.5972645663204156,0.797293062849147,0.08717115205566625,-0.7765045307545363,0.6020292678170329,-0.18601471557208832,-0.20078782716032315,0.043411203903061246,0.9786724251964614
2021-06-10T04:45:00,676572369.1846827,-190.8094940384367,520.7151113343268,-3585.396019842389,0.0,0.0,0.0,0.8914719407337378,0.051589746921865756,0.055704375049213196,-0.4466691163460236,0.5947674462060781,0.8021335172520859,0.05323068132475453,-0.7906384188071673,0.5956503970304001,-0.1417444715804751,-0.14540486800517377,0.042218775661117036,0.988471041225829
2021-06-10T04:46:00,676572429.1846827,-67.87810899298324,355.4765567056652,-3609.650597995751,0.0,0.0,0.0,0.8908098954518758,0.03873659450207066,0.03068845450611157,-0.4516806672544515,0.5900855871771997,0.8071007483853397,0.019682016196617108,-0.8023456835129459,0.5889681021499114,-0.0967366466137593,-0.08966829960405848,0.041291120180445784,0.9951153900128169
2021-06-10T04:47:00,676572489.1846827,53.854211109614766,188.06814949898398,-3622.3064229614024,0.0,0.0,0.0,0.8894424357563973,0.02586206315114363,0.005606786312170431,-0.45628047417410167,0.5835533856694133,0.8119604387983546,-0.013626881526923734,-0.8113804265516331,0.5822785651540464,-0.051122167119897866,-0.03357453622397372,0.040889098651457956,0.9985994352736318
2021-06-10T04:48:00,676572549.1846827,173.98405409310556,19.034266833520633,-3623.322288315093,0.0,0.0,0.0,0.887245491861358,0.012911785292743066,-0.01940426705429229,-0.4607083647952755,0.574742554055498,0.8170217519949161,-0.0463298319112041,-0.8180239269147886,0.5751621768164348,-0.0050324302964684375,0.022535561955974726,0.04079126287500384,0.9989135204412796
2021-06-10T04:49:00,676572609.1846827,292.1177334503126,-151.07195741753753,-3612.6950600890964,0.0,0.0,0.0,0.8843260856921671,-4.476281575075304e-05,-0.04442068553089686,-0.46475173464724756,0.5640652556786792,0.821988141428414,-0.0785231347260657,-0.8219801878485662,0.5680116462773293,0.04136835116068327,0.07860634911113706,0.04121001145813358,0.9960536013865109
2021-06-10T04:50:00,676572669.1846827,407.8728045351638,-321.6908671979395,-3590.459734686133,0.0,0.0,0.0,0.880807385177311,-0.012959453839735851,-0.06942886462399417,-0.46817735478161165,0.5519791944534322,0.8265476636613229,-0.11017226777437575,-0.8229486229963631,0.5612840340517377,0.087839609670112,0.13444155904678343,0.042180479070496824,0.9900233706263977
2021-06-10T04:51:00,676572729.1846827,520.8794388858396,-492.25832941457884,-3556.688862941094,0.0,0.0,0.0,0.8765165093852381,-0.025894196622414514,-0.09436872873389278,-0.4713203182481597,0.5379034012872049,0.8311272851401184,-0.14102257542419458,-0.8213528754727475,0.5543732963754664,0.13434918019269276,0.18984041939562188,0.0435624168454376,0.9808480672368574
2021-06-10T04:52:00,676572789.1846827,630.7815110349417,-662.2074946876141,-3511.4921442968343,0.0,0.0,0.0,0.8715028503736703,-0.03883506631460562,-0.11922218276674065,-0.474089327607406,0.5220507611701831,0.835600403431019,-0.17098236326460953,-0.8170803979353451,0.5474622941461956,0.18073367090280135,0.24462752517133093,0.04535418695228416,0.9685558175213482
2021-06-10T04:53:00,676572849.1846827,737.2376844021442,-830.9707004684035,-3455.016118421356,0.0,0.0,0.0,0.8658795908853877,-0.05177005366025051,-0.14398517789077747,-0.4762779274540545,0.5048552087356629,0.8397069147146867,-0.2000337861282737,-0.8098904331719416,0.5409583947281702,0.22680718998675023,0.298661521574231,0.0475006584529411,0.953176260183552
2021-06-10T04:54:00,676572909.1846827,839.9224442874321,-997.9814108207595,-3387.4437606236984,0.0,0.0,0.0,0.8594371465848537,-0.06461419487365325,-0.16863497914116482,-0.4782834313469087,0.4856144062181714,0.8439015218006832,-0.2280545328991806,-0.8003166681817169,0.5341399302397127,0.27237431147968183,0.35167012825073546,0.0502469543953209,0.934774499261777
2021-06-10T04:55:00,676572969.1846827,938.5271591839945,-1162.676256632832,-3308.99400506036,0.0,0.0,0.0,0.8523930598799306,-0.07747685748713574,-0.193194658272256,-0.4796865977255498,0.4651531839551057,0.8476992836498204,-0.25502635149334885,-0.7878268236248784,0.5277962090328094,0.3174272478974193,0.4036847921752345,0.05326430540405547,0.9133463211379688
2021-06-10T04:56:00,676573029.1846827,1032.7611961509078,-1324.497110785039,-3219.920977855954,0.0,0.0,0.0,0.844700482169266,-0.09028510461170083,-0.21759590368889545,-0.4806055742561427,0.44334060938347253,0.8512268584700603,-0.28082368043076944,-0.7726441827595424,0.521733763758355,0.3616833512927845,0.4543897786254991,0.05662786569995926,0.8890012451661342
2021-06-10T04:57:00,676573089.1846827,1122.3528345931395,-1482.892981979466,-3120.512981843028,0.0,0.0,0.0,0.8363918863929057,-0.10306225625909843,-0.2418018108438054,-0.48099757586037484,0.4203464325781988,0.854446220034744,-0.30533675456308773,-0.7547636592623508,0.5160390067024536,0.4050130395659514,0.5036275362563961,0.060211299852125866,0.861820111214881
2021-06-10T04:58:00,676573149.1846827,1207.049938378525,-1637.3219353286022,-3011.0915937819377,0.0,0.0,0.0,0.8274548415966202,-0.11579022771533315,-0.2658367149745962,-0.4808762307033474,0.39617778343211274,0.8573693181324453,-0.3285742172476774,-0.7342441430844268,0.5107013478203448,0.44729148402434293,0.5512972902718039,0.06404674589383275,0.8318469282742933
2021-06-10T04:59:00,676573209.1846827,1286.6207278475067,-1787.252980857044,-2892.0106522593233,0.0,0.0,0.0,0.817900901148058,-0.1284841708374488,-0.28965958622584587,-0.48023666858423025,0.3709401325091838,0.860005351521459,-0.3504200528630186,-0.7111386644760737,0.5057291199826668,0.4883849476475944,0.5972312935381529,0.06803567120275283,0.79917828390337
2021-06-10T05:00:00,676573269.1846827,1360.8544218967968,-1932.167920205726,-2763.65518491496,0.0,0.0,0.0,0.8076971149621128,-0.14107933805105735,-0.31320172107664185,-0.4791937737195512,0.34455601828609017,0.8624594400540669,-0.3707355722404593,-0.6857142741102892,0.5009398952069821,0.5280673779655559,0.6411529338186287,0.07226988066714135,0.7640026045794098
2021-06-10T05:01:00,676573329.1846827,1429.5617521419324,-2071.5634209943614,-2626.440233600028,0.0,0.0,0.0,0.7969282477108302,-0.15366368767531816,-0.33654935230189664,-0.4775221173471885,0.31741432181886386,0.8645325575602187,-0.3896557522001406,-0.6576708993224223,0.4967201970685607,0.5663373853178042,0.6831669901925205,0.07650165189430197,0.7262440091103923
2021-06-10T05:02:00,676573389.1846827,1492.5755356338022,-2204.952958662562,-2480.8093019216262,0.0,0.0,0.0,0.7855796404944821,-0.16618239273715435,-0.3595842339846496,-0.4753390573626232,0.28950391843057116,0.8663465083800828,-0.406978142694401,-0.6273202348035796,0.49287238577953374,0.6029478703353817,0.7229500703501781,0.08074985296351544,0.6861651820276542
2021-06-10T05:03:00,676573449.1846827,1549.7511314066423,-2331.8684152535957,-2327.232798311413,0.0,0.0,0.0,0.7736621436703285,-0.1785586864831664,-0.3823222790383905,-0.4726450654388868,0.2608726341343232,0.8678691169619949,-0.4227867838324977,-0.5948012611286124,0.4894468751953534,0.637693669500738,0.760366312062569,0.08511728487863957,0.6438929408645948
2021-06-10T05:04:00,676573509.1846827,1600.9667787993292,-2451.861737805997,-2166.206657767296,0.0,0.0,0.0,0.7633857087636181,-0.18186530849960322,-0.410312981695617,-0.4645541155472255,0.23166546156037474,0.8585113395070796,-0.45748157761573105,-0.5600245515172181,0.5022289665849586,0.6588919234752719,0.795426687770757,0.10355841376133718,0.5971365332327927
2021-06-10T05:05:00,676573569.1846827,1646.1238881485115,-2564.5068285777043,-1998.2507889162728,0.0,0.0,0.0,0.7528732947606758,-0.18492299514977925,-0.43801923034273316,-0.4551092635301979,0.20202942419792125,0.847278877436528,-0.49122562596850894,-0.5232795654038109,0.5173580882276714,0.6771403879375443,0.8278662984981664,0.12024604939583716,0.5478852794295889
2021-06-10T05:06:00,676573629.1846827,1685.1472386167788,-2669.4013594512508,-1823.9071481546146,0.0,0.0,0.0,0.7412922060533759,-0.19052393860105216,-0.46405318586265837,-0.44591606245478405,0.17162701187107646,0.8379346846853232,-0.518082650739738,-0.48428172192164404,0.5297189881295274,0.6963253603220529,0.8579133887571709,0.13138971731584537,0.4967105390213189
2021-06-10T05:07:00,676573689.1846827,1717.9848572815872,-2766.168199352225,-1643.737468807397,0.0,0.0,0.0,0.7276210137123504,-0.20357004450775396,-0.4845595491913259,-0.4408275634200085,0.1417462052333548,0.838794415127095,-0.5256728473618725,-0.44422717914495324,0.5284605926165789,0.7234580950962204,0.8846299941844958,0.13097072651141944,0.4475225605332198
2021-06-10T05:08:00,676573749.1846827,1744.6077191639024,-2854.45631667007,-1458.321447787786,0.0,0.0,0.0,0.7134694381644857,-0.21617806252040414,-0.5051697553129293,-0.4347780173919244,0.11154318781964515,0.8388148934846819,-0.5328674241491149,-0.4019884176948591,0.5284702417553433,0.7477462909424777,0.9088253018541101,0.13080052770279854,0.3961411272039987
2021-06-10T05:09:00,676573809.1846827,1765.0098876853212,-2933.9421805393226,-1268.2553385066633,0.0,0.0,0.0,0.6988670734055205,-0.22848031309679434,-0.5254290545267667,-0.42814234653430616,0.08123687952641231,0.8385295672236619,-0.5387659364663929,-0.35832878766994863,0.5289817552625776,0.769271592174251,0.9300543260110108,0.13056212119531652,0.34344211037259786
2021-06-10T05:10:00,676573869.1846827,1779.2085648872871,-3004.3315766432215,-1074.149899003914,0.0,0.0,0.0,0.6837839007246621,-0.24073678771407703,-0.5451639388339812,-0.4210482822027568,0.051029247698253954,0.8382941044209309,-0.5428250274005975,-0.31333004277114634,0.5295282861904304,0.7883045594319859,0.948272271120685,0.12985680042776004,0.28968415767225353
2021-06-10T05:11:00,676573929.1846827,1787.2439669766277,-3065.361050869087,-876.6277573371553,0.0,0.0,0.0,0.6684990777019661,-0.25357504541074743,-0.5640413338783768,-0.4131174810308315,0.02238264108688401,0.8383909238068368,-0.54460965494223,-0.2662836963998447,0.530067286423356,0.8050600380688482,0.9636347909916966,0.12700130212757288,0.23511414004327763
2021-06-10T05:12:00,676573989.1846827,1789.1788393597305,-3116.7984141123725,-676.3202280104745,0.0,0.0,0.0,0.6517334698956962,-0.2658715424577185,-0.5825765926544663,-0.4063992136064999,-0.00911161425773871,0.8395090138709025,-0.5432693568710856,-0.21994686471568275,0.5283040041823442,0.820072104065638,0.9754692999717414,0.1269625724156791,0.1798336732045314
2021-06-10T05:13:00,676574049.1846827,1785.096937436201,-3158.4424273402383,-473.8656903844377,0.0,0.0,0.0,0.6321536068398449,-0.28537741413503975,-0.5959890907586628,-0.404646206651731,-0.037883097721945536,0.8517607692047072,-0.5225595305329289,-0.17143346691110467,0.5096423578879253,0.843134172874801,0.9844670829082245,0.12152472625042693,0.1267134703965212
2021-06-10T05:14:00,676574109.1846827,1775.102602806283,-3190.124540998333,-269.9087053597427,0.0,0.0,0.0,0.6117276326634793,-0.3044589624739117,-0.6088746403182859,-0.4029462941665087,-0.06618808721048905,0.8637414477779636,-0.4995696633121794,-0.12223208270603758,0.4898780483735734,0.8631794805711284,0.9902921059307506,0.11819563914174808,0.07315282509317436
2021-06-10T05:15:00,676574169.1846827,1759.3203103546957,-3211.7100193725823,-65.09680439656472,0.0,0.0,0.0,0.5915128188203655,-0.3214652456140724,-0.6221727092927236,-0.3995920430199049,-0.0935453620669392,0.8727414371041018,-0.4791363576240404,-0.0727138258754691,0.47397259003492537,0.87753215520694,0.9929561746433309,0.11692890086309543,0.019122431347272345
2021-06-10T05:16:00,676574229.1846827,1737.8935021206323,-3223.097439367323,139.9217244281432,0.0,0.0,0.0,0.5733777092806663,-0.3324737378541777,-0.6390811351763228,-0.39022367790674867,-0.12139843227465474,0.8724465046988221,-0.4733915050780526,-0.022535729482169975,0.47437338967640313,0.8800352425122677,0.9923480042494982,0.11750312168503124,-0.03792696740197182
2021-06-10T05:17:00,676574289.1846827,1710.9841944129428,-3224.219153201552,344.4994292825205,0.0,0.0,0.0,0.5564824960881126,-0.341623004986076,-0.6562382967220075,-0.37811671733371655,-0.1472419080236544,0.8692028671752526,-0.4720235123549187,0.027541528477212973,0.4806429410741155,0.8764837861619366,0.9887169891989784,0.11605489601884317,-0.09470995924063594
2021-06-10T05:18:00,676574349.1846827,1678.772278475648,-3215.0418580809105,547.9922307096338,0.0,0.0,0.0,0.5432835239369308,-0.34376501298004636,-0.6776856739344479,-0.3569464326947562,-0.1733372569389977,0.853775480615181,-0.49093953197637374,0.07808301737068618,0.5088297200746332,0.8573187029145347,0.9817623122503498,0.11027123228243707,-0.15486451361031617
2021-06-10T05:19:00,676574409.1846827,1641.4543148354505,-3195.566462371775,749.7617392249213,0.0,0.0,0.0,0.5301455565414784,-0.34651182425276067,-0.6976149007068421,-0.3349756630624575,-0.19775048906469977,0.838635342383867,-0.5075288233976138,0.1282919050954776,0.5354417216177816,0.8347714356864152,0.9718209357498147,0.09996462001968387,-0.2134739880703856
2021-06-10T05:20:00,676574469.1846827,1599.2424519201645,-3165.8278977885516,949.1771473824858,0.0,0.0,0.0,0.5153783540267468,-0.351914120311689,-0.714935072446375,-0.3152926359939731,-0.22108320825186273,0.8281814937505353,-0.5150122604736661,0.178201494649223,0.5534940112264441,0.813565367282337,0.9588359830199567,0.08808968694230168,-0.2699514117773062
2021-06-10T05:21:00,676574529.1846827,1552.3634526032818,-3125.895020691159,1145.617232135813,0.0,0.0,0.0,0.4989647026858322,-0.3596400916043938,-0.7300087206965472,-0.297960563986936,-0.24338645996884478,0.8224244148103139,-0.5141800395073176,0.22773719792293626,0.5637570136387403,0.7939230430308335,0.9428142976143519,0.07613219750566591,-0.3245074555644524
2021-06-10T05:22:00,676574589.1846827,1501.0575291068244,-3075.8702872258546,1338.4724313921947,0.0,0.0,0.0,0.48215878860062517,-0.3678745012992609,-0.7439293813653517,-0.280642707744853,-0.26438250773799576,0.8179739963350081,-0.5109015863372369,0.27671660435157763,0.5718160437669144,0.7723045597216728,0.9238667709568851,0.06280886410762992,-0.37752514632962975
2021-06-10T05:23:00,676574649.1846827,1445.5770985345218,-3015.889249911315,1527.1466983552314,0.0,0.0,0.0,0.46446847024417875,-0.37711271366151217,-0.7564052375886461,-0.2643977267155426,-0.28411008268776566,0.8161088788768831,-0.5032372787596996,0.32489124822245735,0.5757596866050073,0.7502975810363227,0.9020682555902322,0.049669720140348816,-0.4287257645133715
2021-06-10T05:24:00,676574709.1846827,1386.1855754735707,-2946.119916569993,1711.0593128189087,0.0,0.0,0.0,0.44540407929179726,-0.387737150329209,-0.7672586697577433,-0.2501784205050251,-0.3025502168096214,0.8178503584419273,-0.4894733470832315,0.3721284022670605,0.5741413203363903,0.7293025411367706,0.8774872184451553,0.03850370733834463,-0.47805192812767466
2021-06-10T05:25:00,676574769.1846827,1323.1562542449938,-2866.761939698341,1889.6464972898639,0.0,0.0,0.0,0.42471087165477506,-0.3997840685212373,-0.7764804443166019,-0.23847744893121575,-0.31958674810969606,0.8234169527233057,-0.46888040308860796,0.4182810919009709,0.5666024098157321,0.7099314314418944,0.850238342225756,0.03076087058050614,-0.5254983636990017
2021-06-10T05:26:00,676574829.1846827,1256.7711506209032,-2778.0458610375385,2062.36292176714,0.0,0.0,0.0,0.40084402515673423,-0.4142355697215644,-0.783534978795391,-0.23196098223128955,-0.3354659205471971,0.835096464269965,-0.4359776502473782,0.46317576908236563,0.5492059909994929,0.6955867928484728,0.8203236087583856,0.031411380327333316,-0.5710363404368858
2021-06-10T05:27:00,676574889.1846827,1187.3198250950081,-2680.232465819654,2228.683278856673,0.0,0.0,0.0,0.3699982511168262,-0.4341369396854327,-0.7862574337423848,-0.23754085891883192,-0.34925282354211384,0.8584661969171947,-0.37557722774203084,0.5069073874421686,0.510198915889341,0.6947963491426077,0.7880782739071142,0.05227671542732293,-0.6133512690291875
2021-06-10T05:28:00,676574949.1846827,1115.0980511347102,-2573.611796841242,2388.1039595091524,0.0,0.0,0.0,0.33830389427333896,-0.4522606266743407,-0.7886529206361381,-0.24297607176780897,-0.3620216013592525,0.8777528308194738,-0.31383168759333824,0.5489538256423219,0.47284590821683437,0.6892506397496172,0.753385729531654,0.07724451482789657,-0.6530262073355562
2021-06-10T05:29:00,676575009.1846827,1040.406551347948,-2458.5019462808214,2540.144295438855,0.0,0.0,0.0,0.3135257865641121,-0.4636487929682905,-0.7945962472632938,-0.23526194289236976,-0.3734627558768042,0.8843485532693816,-0.28009499514138736,0.5893058104936559,0.4593632300111093,0.6646082189020653,0.716410658555076,0.08314480888252779,-0.6927067987717241
2021-06-10T05:30:00,676575069.1846827,963.549897939379,-2335.2479595022965,2684.347759994361,0.0,0.0,0.0,0.29207669118408386,-0.47232544861214587,-0.8016455224273796,-0.2212788589821136,-0.3831997541205852,0.8865359559378306,-0.25925267071202945,0.6280143680958898,0.45588867432181823,0.6306849214070491,0.6773152160604718,0.07886390463635468,-0.7314537460690625
2021-06-10T05:31:00,676575129.1846827,884.83533602227,-2204.2205778008656,2820.2831965148043,0.0,0.0,0.0,0.2704525585836278,-0.48080529500442876,-0.8079344544136987,-0.20718011299956565,-0.39136336370254743,0.8889831106939965,-0.23778929002849025,0.6648535441004859,0.4518053381463829,0.5948459475523524,0.6362424714277186,0.07470585869433771,-0.7678636286661135
2021-06-10T05:32:00,676575189.1846827,804.5715628745327,-2065.8148476058986,2947.545749955607,0.0,0.0,0.0,0.24868829805951959,-0.48900644384819625,-0.8135201079563793,-0.19290376417748176,-0.3980536565664008,0.8915789675866451,-0.21596349471901446,0.6996873323763539,0.44732167128219896,0.5570825426392056,0.59328822962046,0.07064182159622195,-0.8018845363488363
2021-06-10T05:33:00,676575249.1846827,723.0676839592898,-1920.4489112091078,3065.757580859936,0.0,0.0,0.0,0.22680212945849507,-0.4968836063074463,-0.818415191774893,-0.178505041183895,-0.4033349517119972,0.8942848308109854,-0.19384415933643062,0.7323435369726505,0.4424852641096852,0.5175709950336956,0.5486290737664825,0.06679395501951452,-0.833393488690056
2021-06-10T05:34:00,676575309.1846827,640.6322885426312,-1768.5629990942143,3174.5688393848113,0.0,0.0,0.0,0.20481281175540042,-0.5045461827450979,-0.8225695574798783,-0.16390297351041128,-0.40696972323639463,0.8971875182570703,-0.17155232861320086,0.7629098028181175,0.43713792950359137,0.47631823747714563,0.5023388071141965,0.0629681480832352,-0.8623750548305849
2021-06-10T05:35:00,676575369.1846827,557.572185332571,-1610.6180413166076,3273.658854946758,0.0,0.0,0.0,0.18272737218333454,-0.5116461665881242,-0.8261712628433191,-0.14923120358197883,-0.40965781534130125,0.89995197051469,-0.1492210611693905,0.7908774678015253,0.43189649618630266,0.4335645828545529,0.4546353541615961,0.05959754482125468,-0.8886815106648942
2021-06-10T05:36:00,676575429.1846827,474.19106909769255,-1447.0939515187113,3362.736591241096,0.0,0.0,0.0,0.16055368634168068,-0.5189291062800536,-0.8287745482755253,-0.13441668270040352,-0.4098701929149642,0.9033126591152867,-0.1266201596978937,0.8169882834618074,0.4252894761344077,0.389434212897956,0.40563107578929347,0.05617028904493021,-0.9123093384278325
2021-06-10T05:37:00,676575489.1846827,390.7886109269187,-1278.4883239784365,3441.540973876409,0.0,0.0,0.0,0.13829433277799857,-0.5256459865224739,-0.830836954836587,-0.1195028403518954,-0.4091419487486069,0.9065053526718936,-0.10416770781484028,0.8403990903857294,0.4188307360012894,0.34396247391169976,0.35543246145087926,0.05318702997746649,-0.9331874973386349
2021-06-10T05:38:00,676575549.1846827,307.6595754611267,-1105.3150489009456,3509.841531844906,0.0,0.0,0.0,0.11597279979960798,-0.5319898219073711,-0.8322350294390735,-0.10450834831796088,-0.4070742781872075,0.9097213817064698,-0.08183849769170604,0.8612408786790039,0.412129669037631,0.2973437149010395,0.30422800812972806,0.050558318455068973,-0.951256629676984
2021-06-10T05:39:00,676575609.1846827,225.09285629600026,-928.1028908817766,3567.438924341207,0.0,0.0,0.0,0.09358776559798021,-0.5379694807572256,-0.8329612519200648,-0.08947469309216555,-0.40366033580835736,0.9129629375807732,-0.0596406564263815,0.87946799116453,0.4051662341397275,0.24975262807437626,0.25217927316119915,0.048363181418478896,-0.9664712188528808
2021-06-10T05:40:00,676575669.1846827,143.37047367640582,-747.3939975344922,3614.165410524071,0.0,0.0,0.0,0.07116692565791695,-0.543637902071177,-0.8329866238840404,-0.07433965667339393,-0.39878620024809985,0.9162672509631655,-0.03773448428275858,0.8951051516835237,0.39786289375466255,0.20122595558918893,0.19938990426122033,0.04646980294308739,-0.9788177682761651
2021-06-10T05:41:00,676575729.1846827,62.766675218822456,-563.742340473005,3649.8850840616215,0.0,0.0,0.0,0.04870524851170488,-0.5489611979949065,-0.8323279812819891,-0.05915685453486276,-0.39253880372682004,0.9195940300610681,-0.016127846873032425,0.9080690328559029,0.3902841393150763,0.15195039377123942,0.14602711781330724,0.04500122748473895,-0.9882565306579082
2021-06-10T05:42:00,676575789.1846827,-16.452878620760657,-377.7121885045583,3674.4940897972824,0.0,0.0,0.0,0.026221684729980776,-0.5538321748320653,-0.8310537062984001,-0.043955461758451976,-0.38516469074141235,0.9228337356437644,0.0051046414023848685,0.918223390602201,0.38267567900477195,0.1021035241763702,0.09227115452333962,0.04401387344930624,-0.9947606812630456
2021-06-10T05:43:00,676575849.1846827,-94.0318869575251,-189.87657010378507,3687.920720240799,0.0,0.0,0.0,0.003726857381933472,-0.5583246662654621,-0.8291172239232883,-0.028710739582162633,-0.37651935514723034,0.9260471963473378,0.025879824897957704,0.9256191930203276,0.3748985209444112,0.05177073020626838,0.03823983148382448,0.04344754459032024,-0.9983236079333998
2021-06-10T05:44:00,676575909.1846827,-169.72400624573788,-0.8158963071987273,3690.125579907838,0.0,0.0,0.0,0.018762312501840423,0.5624091749704245,0.8265366076926908,0.01345851709991325,-0.3666877910773395,0.9291985174233194,0.046153863252457794,0.9302085690378792,0.36702957645311535,0.0011437207472779765,-0.015877089258507587,0.043352107526067496,-0.9989336878941094
2021-06-10T05:45:00,676575969.1846827,-243.29342244748318,188.88363730236347,3681.102029762339,0.0,0.0,0.0,0.0412450168318097,0.5660378580406727,0.8233448390538326,-0.0018077208549873351,-0.35579998370254196,0.9322378172079298,0.065871266608933,0.9319395792995651,0.3591957508200756,-0.04966923723746569,-0.06996422037170286,0.043715726691850476,-0.9965911614637082
2021-06-10T05:46:00,676576029.1846827,-314.5155831426696,378.6320732371953,3660.8762201779473,0.0,0.0,0.0,0.06370047485324615,0.5692694291368713,0.8195014665850225,-0.01708545634886336,-0.3437491331073035,0.9352109674843831,0.08495280916427439,0.9308575607543551,0.35128080846306375,-0.10052857898124573,-0.12385772109331586,0.0445223528405741,-0.9913006733696441
2021-06-10T05:47:00,676576089.1846827,-383.17783848851946,567.837243189321,3629.506608804246,0.0,0.0,0.0,0.08612245854251602,0.5720508308844262,0.8150422067076575,-0.032356920498440134,-0.33068153803806016,0.9380644581943642,0.10336727080317393,0.9269178280176028,0.3434217531605903,-0.15127735970473746,-0.17740648382715007,0.04578833616348593,-0.9830719036609006
2021-06-10T05:48:00,676576149.1846827,-449.0799799533231,755.906104728049,3587.0840776726573,0.0,0.0,0.0,0.10849329811997631,0.574294551343363,0.8100298712291004,-0.04760861557473027,-0.3168299451207509,0.9407219143897337,0.12108288756755287,0.9200610514992199,0.3358383760407659,-0.20174302142193615,-0.23044836165382637,0.04748541844835813,-0.9719252479722152
2021-06-10T05:49:00,676576209.1846827,-512.034934160913,942.246731268632,3533.731974567546,0.0,0.0,0.0,0.13077838709145487,0.5760385208167172,0.8044423939476603,-0.06284163289415362,-0.302153272010092,0.9432162681679195,0.13800895506081645,0.9103429585995567,0.32846110342096996,-0.2517717245198213,-0.28280576009303837,0.04956183010000953,-0.957895885289908
2021-06-10T05:50:00,676576269.1846827,-571.8692543494512,1126.2701623087241,3469.605454087074,0.0,0.0,0.0,0.1530026354672672,0.5773608783552783,0.7982171158244258,-0.07806436888765278,-0.28648921936978433,0.945606778573014,0.15411601961398447,0.8978305618694148,0.32112074090998816,-0.30130010277242014,-0.3344012699708874,0.052050841243795276,-0.9409922957004863
2021-06-10T05:51:00,676576329.1846827,-628.4233580221696,1307.3917724883606,3394.890938371588,0.0,0.0,0.0,0.17512907162749053,0.5781106462058337,0.7914697341744663,-0.09323920259293415,-0.27023577802873305,0.9477719489306966,0.1694135682090263,0.8824563689731442,0.31418906368661387,-0.3500799753177303,-0.3850238708598976,0.05489594775425505,-0.9212725187414545
2021-06-10T05:52:00,676576389.1846827,-681.551812323358,1485.032723529137,3309.805977899359,0.0,0.0,0.0,0.19713600781682122,0.578372277898033,0.7841390079599404,-0.10839242951741239,-0.25324580516217343,0.9497846301102468,0.18378171447155495,0.8643124267797314,0.3074731787647066,-0.39802546809778167,-0.43454641993910614,0.0580465394891756,-0.8987769512907181
2021-06-10T05:53:00,676576449.1846827,-731.1237503903678,1658.621753969463,3214.599029412003,0.0,0.0,0.0,0.21901101315024707,0.5780363977635135,0.7763109329182959,-0.12348860032816171,-0.2358161979589668,0.9515626773578023,0.19727947647900135,0.8433812234762958,0.30124897689914554,-0.44492377527487237,-0.4828030992731969,0.06146157317275297,-0.8735694834157882
2021-06-10T05:54:00,676576509.1846827,-777.0232465929353,1827.5969302702813,3109.5488918765723,0.0,0.0,0.0,0.24074758713892855,0.5772476954460874,0.7678702510916098,-0.13856758234693065,-0.21765139477793022,0.9532222878998771,0.20975018522553307,0.8197830434770839,0.29516824644941536,-0.4907458282200951,-0.5297014555187399,0.06513813122051532,-0.8456792488186216
2021-06-10T05:55:00,676576569.1846827,-819.1495543188762,1991.4071906076933,2994.9641808639703,0.0,0.0,0.0,0.2623235777474364,0.575890718835787,0.7589117655077561,-0.1535876059142982,-0.1990724410331704,0.9546797849045999,0.22126154549673077,0.7935211837801919,0.28952145453662975,-0.5352583098421524,-0.5750602525937417,0.06902054518403428,-0.8151943757345976
2021-06-10T05:56:00,676576629.1846827,-857.4173456792721,2149.5140463159837,2871.183018409595,0.0,0.0,0.0,0.28370269845755886,0.5739669396844559,0.7494454945116004,-0.16854133556318615,-0.18014946207431914,0.9559451372920872,0.2317651091125355,0.7646826104884199,0.2843115407116754,-0.5782970283814093,-0.6187137274466668,0.0730468500742189,-0.7822131941889534
2021-06-10T05:57:00,676576689.1846827,-891.7570465439551,2301.3936183352766,2738.572521156564,0.0,0.0,0.0,0.3049039741853817,0.5714999592852769,0.7394321712790087,-0.18347050754957273,-0.16084272612577433,0.9570526853557024,0.2412048401377313,0.7332891377650071,0.27945273879285837,-0.6198332091918141,-0.6606183905162512,0.07717722613964467,-0.7467442787709249
2021-06-10T05:58:00,676576749.1846827,-922.1150814354573,2446.538692437239,2597.527817709968,0.0,0.0,0.0,0.3258605872416861,0.5684151375279825,0.7289665187288031,-0.19831017039969942,-0.14143821822309663,0.9579541451579441,0.2496379101831051,0.6994682708281648,0.275154615490174,-0.6595711301134336,-0.7005279213068764,0.08132523193429508,-0.7089759079970914
2021-06-10T05:59:00,676576809.1846827,-948.4538709320025,2584.4605096875794,2448.470843448212,0.0,0.0,0.0,0.3465747739159074,0.564745804861037,0.7180066780901084,-0.21310680935860474,-0.12189620395399464,0.958697407173993,0.25698365111319654,0.6632676300803979,0.27129532739371,-0.6974775238112496,-0.7383883574035677,0.08542907474743433,-0.668942827780266
2021-06-10T06:00:00,676576869.1846827,-970.751723853607,2714.690357590828,2291.8492207322633,0.0,0.0,0.0,0.3670353394395691,0.5605512925142001,0.7065155522707327,-0.22782248015224862,-0.1021346161262804,0.9593142146827764,0.2632199796677789,0.624838609344196,0.2677583319958763,-0.733404518611385,-0.7740447225203133,0.08956401707356915,-0.6267639542795171
2021-06-10T06:01:00,676576929.1846827,-989.0027829816543,2836.7811979348016,2128.135211537007,0.0,0.0,0.0,0.38758610854913866,0.5555991420076924,0.6944032975585874,-0.242673983360004,-0.082173203720103,0.9597338823749716,0.2686232298440304,0.5835056229484823,0.2648378624010093,-0.7677122472817326,-0.8079410576136594,0.09365779017427439,-0.581772692519848
2021-06-10T06:02:00,676576989.1846827,-1003.2169725674856,2950.3093757908837,1957.8245416449922,0.0,0.0,0.0,0.40743560672132106,0.5501810323543004,0.682008254769609,-0.2572193586013647,-0.06259411602637069,0.9600566622310286,0.27271446962839,0.5408553605021642,0.26227806639651763,-0.7991781371530242,-0.8387833186556297,0.09747523374232431,-0.5356688558726632
2021-06-10T06:03:00,676577049.1846827,-1013.4198570014531,3054.876347946652,1781.4350638588335,0.0,0.0,0.0,0.42695901504866807,0.5441873994706206,0.6691503329206987,-0.27166874254906964,-0.04313214745214919,0.9602691965305519,0.2757221210761562,0.49630352157750807,0.26011233715842114,-0.8282658912014595,-0.8670769471770832,0.10111697311802936,-0.48780418758095745
2021-06-10T06:04:00,676577109.1846827,-1019.65238571579,3150.1103290074384,1599.5051849550243,0.0,0.0,0.0,0.44612880365725616,0.537611546363855,0.6558471380920613,-0.2860200119223529,-0.023885831527220125,0.9603855196578703,0.27764927639692444,0.44997845669405656,0.2583327559924037,-0.8548588045359329,-0.8927199199992615,0.10451717951060358,-0.438323286654565
2021-06-10T06:05:00,676577169.1846827,-1021.9705451848795,3235.6676520703472,1412.5921495266803,0.0,0.0,0.0,0.46492137991445476,0.5304348414686187,0.6421267261161003,-0.3002669763094492,-0.004973978909201149,0.9604138502773738,0.2785327552177686,0.4020117024032538,0.256957243788284,-0.8788398978173252,-0.9156210191256255,0.107602095983856,-0.38737570687283995
2021-06-10T06:06:00,676577229.1846827,-1020.4450686243686,3311.2338888756753,1221.2704815352902,0.0,0.0,0.0,0.4832913399030433,0.5226551431679725,0.6280135209183596,-0.3144202595866121,0.013477835810425387,0.9603821704705682,0.27836026042542006,0.35255581627746196,0.2559430033631074,-0.9001097574398383,-0.9356937235820273,0.11026906035562695,-0.3351387622724168
2021-06-10T06:07:00,676577289.1846827,-1015.161219104736,3376.525165205002,1026.1304445212277,0.0,0.0,0.0,0.501172965172849,0.5139884493240595,0.6137489139543372,-0.32856324134202053,0.030716934117393624,0.9602537329357963,0.2774333043116782,0.3015856772950652,0.25572414080054806,-0.9185048955026306,-0.9529441480007652,0.11188356534670324,-0.28174371083735894
2021-06-10T06:08:00,676577349.1846827,-1006.2183141001404,3431.289336994791,827.7761984695316,0.0,0.0,0.0,0.5186814461311253,0.5051304161362605,0.5987689394060408,-0.34247419951858843,0.04837435973333448,0.9601828332010833,0.2751524089415365,0.24964278092547915,0.25510937071622075,-0.9341293758921019,-0.9671289486165654,0.11387772301338966,-0.22736196020685284
2021-06-10T06:09:00,676577409.1846827,-993.7290890008202,3475.306966064942,626.8241950060549,0.0,0.0,0.0,0.5359891502620544,0.49653674350399785,0.5827233689969759,-0.3558094551534859,0.06766621369638787,0.9601071430567164,0.2713218704333741,0.1972671129650307,0.25370178794764936,-0.9469535833052263,-0.9780117431127485,0.11759964559315556,-0.17223052484948093
2021-06-10T06:10:00,676577469.1846827,-977.8191493998745,3508.392572031023,423.9015661116125,0.0,0.0,0.0,0.5524652221744294,0.4862150900336424,0.5672165181072591,-0.3696518444396201,0.083245870977329,0.9600180375712248,0.26727418974364253,0.14313888410913578,0.25390480025192796,-0.9565791197099275,-0.9861954090448898,0.11788859125005802,-0.11627938438029109
2021-06-10T06:11:00,676577529.1846827,-958.626400052416,3530.395954185055,219.6440865804144,0.0,0.0,0.0,0.5684636854911981,0.4754928212267998,0.5512856077051209,-0.38319680841147213,0.09848876952091434,0.9599316377749774,0.2623570335952629,0.08859775786277746,0.25413356597008047,-0.9631025739499502,-0.9911863596619686,0.11809903236682562,-0.06001848860205167
2021-06-10T06:12:00,676577589.1846827,-936.3003297720611,3541.202964960091,14.693863235773847,0.0,0.0,0.0,0.5839472611143985,0.4643278096393094,0.5349212312551148,-0.39656595641212794,0.11318943713489271,0.9599048154726478,0.25645837197000987,0.03361039908035157,0.2542702548209911,-0.9665490047519205,-0.9930047796434545,0.11802280604056975,-0.0034820769038532706
2021-06-10T06:13:00,676577649.1846827,-911.0013219401259,3540.736000391768,-190.30268788676483,0.0,0.0,0.0,0.5988811334335362,0.4526692832901635,0.5182084268387807,-0.40974618282079106,0.1271361840341344,0.9599325911196283,0.2497314782233018,-0.02162444243149292,0.2543971712587214,-0.9668580365002342,-0.9916495218567728,0.11752233728920419,0.053101092637692415
2021-06-10T06:14:00,676577709.1846827,-882.9000178224643,3528.954620293726,-394.69684367610876,0.0,0.0,0.0,0.613254427384862,0.44061657502648244,0.5010634074285796,-0.4227428329857985,0.14044791779040539,0.9600515128520796,0.24202370763785302,-0.07694414304296099,0.254291061942147,-0.9640620595520389,-0.987093704386632,0.11677820210453893,0.10958499109598696
2021-06-10T06:15:00,676577769.1846827,-852.1765601826886,3505.856067568549,-597.8397776217724,0.0,0.0,0.0,0.627063437882926,0.4280007828928382,0.48367722943374863,-0.43550328637205055,0.15278645057287316,0.9602048416537077,0.23380111758954725,-0.13214791019337407,0.25430443480452264,-0.9580533305981855,-0.9793841076681133,0.11548123875128219,0.16574333514082087
2021-06-10T06:16:00,676577829.1846827,-819.0197149561554,3471.475583036315,-799.0847853673711,0.0,0.0,0.0,0.6402769254974261,0.4149487310087173,0.465936300848687,-0.44806960716082994,0.16427398138036253,0.9604566144996685,0.2248046945801605,-0.1870979074274343,0.25410235554598937,-0.9489079860251229,-0.9685083541600038,0.113820404892157,0.2214418283713941
2021-06-10T06:17:00,676577889.1846827,-783.6259581353831,3425.8866038049755,-997.7895592303047,0.0,0.0,0.0,0.6528285819419599,0.401412422211018,0.4479529000643843,-0.4604574999044328,0.1746341802113341,0.9608273507168912,0.2152061923279049,-0.24157191611171291,0.25369391615288506,-0.9366335496089856,-0.9545396337753771,0.11158045985463921,0.2764125332371822
2021-06-10T06:18:00,676577949.1846827,-746.1985451285497,3369.2006665035588,-1193.3184543417879,0.0,0.0,0.0,0.6647889898519745,0.38748946535581524,0.42962217114766654,-0.47258047279613746,0.1841849735802884,0.9612807210738532,0.20497626886779122,-0.29538445946179775,0.25303922194008704,-0.9212595580336829,-0.9374560878332862,0.10913536297501353,0.3305534085932591
2021-06-10T06:19:00,676578009.1846827,-706.9465221221874,3301.567186090016,-1385.0446127414405,0.0,0.0,0.0,0.6760723751581861,0.3731383919503991,0.411057433064682,-0.48448495407279024,0.19261223199872163,0.9618564064028207,0.19424927682316537,-0.34833116811076337,0.25208413945951313,-0.9028394009764681,-0.9173690235707013,0.10623483465798195,0.3835990543498896
2021-06-10T06:20:00,676578069.1846827,-666.0836605456009,3223.173232416707,-1572.3520110265472,0.0,0.0,0.0,0.6866776781807189,0.358373659387631,0.39226325969646203,-0.496156851850059,0.1999158269090895,0.9625533097251904,0.1830977555524292,-0.4002460304422234,0.25079339723871397,-0.8814225927537297,-0.8943359420634384,0.1029261766439753,0.4353957106988485
2021-06-10T06:21:00,676578129.1846827,-623.8274391657378,3134.243241256271,-1754.637804287585,0.0,0.0,0.0,0.6966541790781524,0.34325786574193284,0.37317302722495466,-0.5075321508348039,0.2063060152415223,0.963337941546567,0.17151629208908448,-0.4509596340357903,0.24917030695058234,-0.8570586716231617,-0.8683739036529546,0.09946943505909772,0.485831858716113
2021-06-10T06:22:00,676578189.1846827,-580.3980621101391,3035.038156428762,-1931.314663864344,0.0,0.0,0.0,0.7061200999618086,0.3277462299425924,0.3535450700955191,-0.518635417802812,0.2120463736233144,0.9641839138025038,0.15932895467455926,-0.5006916584481202,0.24719942431783995,-0.8295783915805662,-0.8392521662728509,0.0961344110161107,0.5351765843391441
2021-06-10T06:23:00,676578249.1846827,-536.0175429167205,2925.8545265367366,-2101.8126100265795,0.0,0.0,0.0,0.714735605100327,0.31179118898070385,0.3341763308365527,-0.5294010286960988,0.21612146144826283,0.965150000213159,0.14757029169181235,-0.5483770581302074,0.24504161057902313,-0.7995231148636649,-0.8078205964308695,0.09186994162062989,0.5822248687652358
2021-06-10T06:24:00,676578309.1846827,-490.90883832787733,2807.0236948302663,-2265.5810172525808,0.0,0.0,0.0,0.7225172564286083,0.2955978514005277,0.3146655643291219,-0.5399780616244548,0.21881855117946358,0.966315864683924,0.1354698908240528,-0.5942580057822322,0.2420912064233762,-0.7669741001730104,-0.7739353101024948,0.08732409422739246,0.6272149857456536
2021-06-10T06:25:00,676578369.1846827,-445.29465464700303,2678.9105986448076,-2422.0907661906463,0.0,0.0,0.0,0.7296218473068167,0.2792156768399188,0.2948641801326444,-0.5502233010461461,0.2206188685211714,0.9675712859442558,0.1230167527965917,-0.6382484794179195,0.2385858495854163,-0.7319260009716275,-0.7375406384553681,0.08296143076023144,0.670187442163059
2021-06-10T06:26:00,676578429.1846827,-399.3961724594346,2541.9123116059804,-2570.8358735222446,0.0,0.0,0.0,0.7359699328463759,0.2626155966045388,0.2748732145290584,-0.5602017692765753,0.22123738726771408,0.9689553034781162,0.11036139876146511,-0.6802113305814921,0.23441405223887393,-0.694523288206743,-0.6988322861914092,0.07858544378307053,0.7109555287090084
2021-06-10T06:27:00,676578489.1846827,-353.43210872242236,2396.4568902770125,-2711.3349372036937,0.0,0.0,0.0,0.741644739481398,0.24579860208838705,0.25463094918971324,-0.5698326134275835,0.22090774477807174,0.9704025829855499,0.09756328834166741,-0.7200508575484674,0.22974767977137012,-0.6547845188941084,-0.6578195275611565,0.07439644194882605,0.7494922538522809
2021-06-10T06:28:00,676578549.1846827,-307.6177056499519,2243.0020493740126,-2843.132861093105,0.0,0.0,0.0,0.7466802982859995,0.2287357013221768,0.2341585748221104,-0.5790667258006291,0.2197029778156342,0.9718762827616954,0.08477672171210866,-0.7576345794315481,0.2247234120223816,-0.6127717618645626,-0.6145896562654829,0.07039800490303838,0.7856994815558603
2021-06-10T06:29:00,676578609.1846827,-262.1637802789153,2082.0336679594925,-2965.8022961628585,0.0,0.0,0.0,0.7511272391133792,0.21141772664628783,0.2134457724458638,-0.5878361317124158,0.2177791689567441,0.9733319012740018,0.07209191030099488,-0.7928270213829405,0.21950245422619796,-0.5685455010407967,-0.5692078247297421,0.06666095222101648,0.8194868941694081
2021-06-10T06:30:00,676578669.1846827,-217.27591561410395,1914.0643421814798,-3078.94523258183,0.0,0.0,0.0,0.7548920977363079,0.19382111249291417,0.1926285153495391,-0.5962093191166321,0.2148574057454286,0.9748183534815926,0.05971158105243121,-0.8254764609099683,0.21393564830098222,-0.5223218843487146,-0.5219433950917454,0.062934220432729,0.850655262852483
2021-06-10T06:31:00,676578729.1846827,-173.15363019461415,1739.6315726455637,-3182.194536720918,0.0,0.0,0.0,0.7578869372895765,0.17585277519079381,0.17203222173805655,-0.6042252116780547,0.21063361651295653,0.9763734774534043,0.04825258666869242,-0.8553641029939033,0.20797539006061247,-0.47444545359669277,-0.4732713079240154,0.0586606312161998,0.8789614322831284
2021-06-10T06:32:00,676578789.1846827,-129.98958127281833,1559.295868720074,-3275.2152550899887,0.0,0.0,0.0,0.7601084583739085,0.158002989152505,0.15119098522754967,-0.6118917166568252,0.2054596261453726,0.9779853940772979,0.036481652863818353,-0.8824308836818374,0.20124716501127382,-0.4252238399942042,-0.4232045339415623,0.055173794018515576,0.9043526828095926
2021-06-10T06:33:00,676578849.1846827,-87.96868399685638,1373.6386842708534,-3357.7057971138875,0.0,0.0,0.0,0.7616757545695702,0.13999392769074376,0.13017015887671443,-0.6191183044044213,0.1994965097788105,0.9795808669686997,0.02494930169210774,-0.906688739731582,0.19418845072222624,-0.37444141711362133,-0.3716405142473414,0.05207850492239907,0.9269148598954594
2021-06-10T06:34:00,676578909.1846827,-47.26726807086129,1183.2602785693132,-3429.3988252434015,0.0,0.0,0.0,0.7625766644799064,0.12185476229186144,0.10906780033658854,-0.625885343035953,0.192743504605011,0.9811519762458603,0.013810899370459762,-0.9279902527110153,0.18683790855912283,-0.322375071614724,-0.31887933816088454,0.049319321103354186,0.9465112636730639
2021-06-10T06:35:00,676578969.1846827,-8.052332788471631,988.7776784617702,-3490.062025817975,0.0,0.0,0.0,0.762757430563113,0.1038976837854934,0.08772389689095263,-0.6322269302545037,0.18518725315046494,0.9827001971066741,0.002450281022541634,-0.9462429583082446,0.17898875992995295,-0.2694202807340227,-0.26519793574356426,0.04757464056870431,0.9630195784365503
2021-06-10T06:36:00,676579029.1846827,29.519105675968603,790.8226302193113,-3539.4988087426623,0.0,0.0,0.0,0.7622304915555628,0.08519585866406322,0.06681995223821031,-0.638186052332971,0.17650731318108376,0.9842753031609809,-0.006877207351371928,-0.9615041703336767,0.17092045654830293,-0.2151648855279763,-0.21060602751237295,0.04459063938405228,0.9765535192987526
2021-06-10T06:37:00,676579089.1846827,65.30057532677756,590.0394825934367,-3577.5490220050315,0.0,0.0,0.0,0.7611334528469937,0.06685772735670399,0.04553715307073237,-0.6435311017659695,0.16758817750018007,0.9857151201323318,-0.016730352795759795,-0.9735370778739177,0.16279553070514802,-0.16038445431881,-0.1553697549939542,0.04316615717123401,0.9869128239658187
2021-06-10T06:38:00,676579149.1846827,99.15673463204325,387.0828404168831,-3604.089401580819,0.0,0.0,0.0,0.7594291343598408,0.048472840186951804,0.02420865756820048,-0.6483299426591517,0.15816445270065366,0.9870682190452976,-0.026083267675800714,-0.9823743694875214,0.15463733843158298,-0.10501376927237233,-0.09962230711992992,0.04223297898018652,0.9941286493259118
2021-06-10T06:39:00,676579209.1846827,130.96398789654222,182.6155111949596,-3619.033760726248,0.0,0.0,0.0,0.7571052023620836,0.03001280400187197,0.002881866455181696,-0.6525968426202722,0.14821811169557264,0.9883419149719139,-0.03480877008814376,-0.987995943399598,0.14643318519599396,-0.04920709399359141,-0.04353627443106711,0.041684306195571896,0.9981818528833595
2021-06-10T06:40:00,676579269.1846827,160.6109849119557,-22.693442386408265,-3622.33349769944,0.0,0.0,0.0,0.7540736898564566,0.011521930631239513,-0.01841281229497887,-0.6564305627590684,0.13751976923840512,0.9895697308965845,-0.0428959294324891,-0.9904183354805396,0.13793232278068324,0.006796695982802303,0.01264253979914709,0.041550234964277954,0.9990564269158375
2021-06-10T06:41:00,676579329.1846827,187.99897362225624,-228.17114006233987,-3613.9782393397104,0.0,0.0,0.0,0.750374491475124,-0.007017438693246159,-0.03965712452974686,-0.6597849578246443,0.12622224380472916,0.990728187301483,-0.05025538832022808,-0.9896150215409313,0.12926912996503773,0.06286176245241629,0.0687753902892698,0.041798934488806505,0.9967561360564373
2021-06-10T06:42:00,676579389.1846827,213.04216944760333,-433.14370807232183,-3593.9958252958418,0.0,0.0,0.0,0.7461707628525287,-0.025453797105214702,-0.06093539854701117,-0.6624712628340332,0.1148374062459961,0.9917354496557793,-0.05721160741266662,-0.9855313005712153,0.12096786026401554,0.11872165926045034,0.12466124386151814,0.042750142446484174,0.991277962833687
2021-06-10T06:43:00,676579449.1846827,235.6680515877622,-636.9386219210018,-3562.451778372471,0.0,0.0,0.0,0.7413999748460387,-0.04393354415445629,-0.08215007546740677,-0.6645654866881224,0.10320815800735703,0.9926359581639173,-0.0634186934643905,-0.9781993822925605,0.11284511520201498,0.1743328668309488,0.18020556207615174,0.04404355270690391,0.9826424175974559
2021-06-10T06:44:00,676579509.1846827,255.81754794310132,-838.8868381433924,-3519.4489726800266,0.0,0.0,0.0,0.7359750008545101,-0.062405930244567843,-0.10331020704177929,-0.66616311749338,0.09110740402497207,0.993453141081269,-0.06892240134811473,-0.9676644627844645,0.104664401523623,0.229501308313821,0.23521251751529776,0.045784490053531746,0.9708650019825897
2021-06-10T06:45:00,676579569.1846827,273.4451889441805,-1038.325009927004,-3465.1273234809823,0.0,0.0,0.0,0.7300319815496626,-0.08081499141924312,-0.1242720286192259,-0.6671421932237857,0.07895551384683862,0.9941563604421257,-0.07361492936658925,-0.953984188736067,0.09678046236492929,0.28380928410821693,0.28927529184977024,0.04781917080938081,0.95605080012954
2021-06-10T06:46:00,676579629.1846827,288.5191663649041,-1234.5978279807427,-3399.6633675971007,0.0,0.0,0.0,0.7234595606262245,-0.09914782881584668,-0.14528300800860797,-0.6675843165949785,0.06644805564077245,0.9947495023453004,-0.07783369119692168,-0.9371315231137457,0.08900177655503808,0.33743620457289175,0.3425918333645334,0.05051842588426553,0.9381251112501487
2021-06-10T06:47:00,676579689.1846827,301.02130424533993,-1427.0601756003502,-3323.2695063052984,0.0,0.0,0.0,0.7163059247499977,-0.11745250677916722,-0.16612695359504562,-0.6674672771818629,0.053778538361319066,0.9952455847308836,-0.08120403244544816,-0.9171974761575857,0.08138468508543939,0.39003246373051914,0.3947868520377482,0.053504757799892166,0.9172134878810386
2021-06-10T06:48:00,676579749.1846827,310.94704848834795,-1615.0792329711799,-3236.1935571352797,0.0,0.0,0.0,0.7087031718099415,-0.13570638892714554,-0.18686965756147245,-0.6666358236351696,0.04135281945823412,0.9956126581601941,-0.08393675734770162,-0.8941750324493155,0.07436090930122669,0.4414991126969118,0.4458037187677109,0.05679691962674549,0.8933270141744247
2021-06-10T06:49:00,676579809.1846827,318.30540381716196,-1798.0369295893672,-3138.7179567359194,0.0,0.0,0.0,0.7006305716101107,-0.15386076725660075,-0.20743234706063263,-0.6651432085028134,0.02911266715100072,0.9958707328969914,-0.08598799899151577,-0.8682079326066454,0.06782275296358639,0.4915435483650813,0.4953457765745558,0.06034531911963176,0.8665973713842549
2021-06-10T06:50:00,676579869.1846827,323.1187841218998,-1975.3320304369295,-3031.1585702653774,0.0,0.0,0.0,0.6920516106361474,-0.17192331509602582,-0.22781063373933608,-0.6630303591070239,0.016986116115386155,0.9960343745745448,-0.08733267730472205,-0.8393705371081718,0.06166623325760742,0.5400503468294023,0.5432941866926739,0.06413111835696017,0.8370893777633495
2021-06-10T06:51:00,676579929.1846827,325.42279248899104,-2146.3819997045016,-2913.8636545503923,0.0,0.0,0.0,0.6829709060569024,-0.1899300363759585,-0.24802609495851557,-0.6602729579360875,0.005045354475917946,0.996109651128277,-0.08797787976141974,-0.8076792301776458,0.05593240460111337,0.5869632247894097,0.5896005474368711,0.06809646866497443,0.8048192750037131
2021-06-10T06:52:00,676579989.1846827,325.26594340976385,-2310.6250523711706,-2787.212822118664,0.0,0.0,0.0,0.6733485618388446,-0.20775685279618222,-0.2679750600355687,-0.6569841486555963,-0.00687760877157062,0.9961059734980422,-0.08789532444392478,-0.7734113530946113,0.050417837063013754,0.6318962894417484,0.6338671606905879,0.07232517727185322,0.7700529146303178
2021-06-10T06:53:00,676580049.1846827,322.7092889761716,-2467.522011009807,-2651.615719539344,0.0,0.0,0.0,0.6633464927878532,-0.22551987002819493,-0.28772948134661513,-0.65293488518575,-0.018224437457041248,0.996021562686751,-0.08722910375796106,-0.7364667017404768,0.04563364785987495,0.6749328614095664,0.6762282655338197,0.07654160206086397,0.7327050675729481
2021-06-10T06:54:00,676580109.1846827,317.8259369279251,-2616.558306948562,-2507.51095277376,0.0,0.0,0.0,0.6529040140831006,-0.2431519917682244,-0.30720663542498794,-0.6482418842100365,-0.029186914586639745,0.9958752671710517,-0.08591028025736208,-0.6970836460190492,0.04131913690993394,0.7157982392949893,0.7163955014303907,0.08077859346389055,0.6930023841000075
2021-06-10T06:55:00,676580169.1846827,310.7004622232398,-2757.2460187786296,-2355.3642914228267,0.0,0.0,0.0,0.641978727914042,-0.2606340065513251,-0.3264226502519769,-0.6429474946971548,-0.03986645506974476,0.9956709158509485,-0.08396483245207614,-0.6553635431938502,0.03737686738331189,0.7543882263377478,0.7542607586323012,0.08510227442990864,0.651036336062959
2021-06-10T06:56:00,676580229.1846827,301.4284737111086,-2889.124959553533,-2195.667047193817,0.0,0.0,0.0,0.630662568602786,-0.27797716583630405,-0.3453316702097899,-0.6369768107137569,-0.049986839673904576,0.9954235010871662,-0.0814454992174764,-0.6114462252534276,0.03397847577309357,0.7905561186958656,0.7897055334001084,0.08931694501888138,0.6069494656474658
2021-06-10T06:57:00,676580289.1846827,290.11640641244344,-3011.7644231258846,-2028.9351972868285,0.0,0.0,0.0,0.6189399456536858,-0.2951584641516722,-0.3639130290542287,-0.6303666647265024,-0.05958964942767728,0.995142239896291,-0.07836450762481201,-0.5654941969345753,0.03103869808242274,0.8241680122733885,0.8225967340771578,0.09342655722834314,0.5608975766484046
2021-06-10T06:58:00,676580349.1846827,276.88084339971624,-3124.7654551059522,-1855.7074791648101,0.0,0.0,0.0,0.6067988040386385,-0.3121611513660723,-0.38214681370834946,-0.6231488102914441,-0.06870125399017213,0.994834684362046,-0.07472675886485508,-0.5176691269297489,0.02848195162033193,0.8551066912705623,0.8528181592367563,0.09743063800553398,0.5130384567007283
2021-06-10T06:59:00,676580409.1846827,261.84766079460405,-3227.7621637627262,-1676.542989489396,0.0,0.0,0.0,0.5924812316072219,-0.33219424598549363,-0.3970323835609603,-0.6172343635372397,-0.07722594625463791,0.9951832983754001,-0.06038506321711867,-0.4676158052199739,0.017337446805815865,0.8837617731304805,0.8805518791834761,0.0964863491532098,0.46402453867606375
2021-06-10T07:00:00,676580469.1846827,245.1513091125903,-3320.422690834695,-1492.0192179320438,0.0,0.0,0.0,0.5719826228140699,-0.36118710104219137,-0.4010263870500057,-0.6177034839865277,-0.08475951447895086,0.9963224341440363,-0.012547187995513798,-0.41694020142397487,-0.024027432176713187,0.9086162836640825,0.9049733107345364,0.08224530214119047,0.4174434298607137
2021-06-10T07:01:00,676580529.1846827,226.93410622283136,-3402.4503260698166,-1302.7301482244143,0.0,0.0,0.0,0.5502604235120372,-0.38909400376698106,-0.4052714070701144,-0.6177170947613023,-0.09163864509786812,0.9951878891263362,0.03469040300852483,-0.364433191569581,-0.06593710585552628,0.9288922149279786,0.926709667375406,0.07248008973272613,0.36872188568798026
2021-06-10T07:02:00,676580589.1846827,207.34543347041586,-3473.5844501901106,-1109.2841183438345,0.0,0.0,0.0,0.5304122609535882,-0.41185393343535653,-0.4141933266579524,-0.6143964999053514,-0.09807834188785547,0.9929411748470433,0.06669679262080405,-0.3105925717000301,-0.09421344316424277,0.9458626123977517,0.9454696680789343,0.07205310833344786,0.31764045133168695
2021-06-10T07:03:00,676580649.1846827,186.540892622471,-3533.601170931555,-912.3018052337123,0.0,0.0,0.0,0.5125775543224549,-0.43072205616436793,-0.426580706295357,-0.6080885315107533,-0.1034855222766996,0.9908605024577992,0.08652289493652615,-0.2559096267154609,-0.11058630364273014,0.9603545868068688,0.9611456755526046,0.07724075424098531,0.26501482270018684
2021-06-10T07:04:00,676580709.1846827,164.6816300844839,-3582.314095639424,-712.4144826881625,0.0,0.0,0.0,0.4955015054069405,-0.44762225817991314,-0.4404927911627697,-0.6000655572977035,-0.10822514424274171,0.9890155297522375,0.10067571734305744,-0.20031801818322964,-0.12088871814617666,0.9722441099930189,0.9737350819112869,0.08505409886581422,0.21120082983109537
2021-06-10T07:05:00,676580769.1846827,141.9336567774169,-3619.575649903861,-510.26185774904604,0.0,0.0,0.0,0.4797032424039521,-0.4623390864654672,-0.45619353624690046,-0.5899278140925045,-0.11225473670682523,0.9878127760085865,0.1078183362934711,-0.14414836480921464,-0.12354451342736655,0.981813629017659,0.9831684102989229,0.0946713935473959,0.15626005322565042
2021-06-10T07:06:00,676580829.1846827,118.46680572247317,-3645.2776888563494,-306.48890623596276,0.0,0.0,0.0,0.4738657646303391,-0.46663760554139727,-0.48398019658118957,-0.568738737491239,-0.11540116441179066,0.9906983535565614,0.07210647344532403,-0.08732491330815736,-0.08242881285707457,0.9927637434589843,0.9894730571208723,0.10826940043840527,0.096025028823649
2021-06-10T07:07:00,676580889.1846827,94.45369116758775,-3659.3505523599965,-101.74328961654862,0.0,0.0,0.0,0.47293338241652916,-0.4661774326975459,-0.5161638773432722,-0.5409135501774249,-0.11802523407917226,0.9928800521428802,0.01610112347968623,-0.030384247378489798,-0.01981773504404119,0.9993418108379967,0.9925456370524224,0.11745833063038025,0.03250690593896907
2021-06-10T07:08:00,676580949.1846827,70.06884459156839,-3661.7626376246103,103.32559481246551,0.0,0.0,0.0,0.4673115334673968,-0.4710791341094579,-0.5410468880287429,-0.5166939568540033,-0.11940876019006708,0.9926658896719563,-0.01886741825620264,0.026837708428831653,0.02222360871447382,0.9993927399286004,0.9924823854336964,0.11882988974786363,-0.02929457127780713
2021-06-10T07:09:00,676581009.1846827,45.48801991770341,-3652.521505155982,308.0686418627247,0.0,0.0,0.0,0.4518591343429914,-0.48595036330031377,-0.5536049063625985,-0.5031870176886069,-0.11935113423819149,0.9927883111942926,-0.011255039406513526,0.08330971029267126,0.02131013927587777,0.9962958246098367,0.9893506956216327,0.1179713826316689,-0.0852522958808967
2021-06-10T07:10:00,676581069.1846827,20.88724117485316,-3631.673734288094,511.8399892454683,0.0,0.0,0.0,0.4361429296467947,-0.5002373317747766,-0.5660617798746365,-0.4889949060911801,-0.1190839136359268,0.992873810618271,-0.004540671922187045,0.13978712691840534,0.021293187431460275,0.9899526045811017,0.9829947002202247,0.11725270298531493,-0.14132665347197854
2021-06-10T07:11:00,676581129.1846827,-3.5581407867987025,-3599.3040505961494,713.9992211215299,0.0,0.0,0.0,0.4202644980668031,-0.5143076977073241,-0.5779069027535418,-0.47422458339214985,-0.11773068748729953,0.9930434503091703,0.0020471985311470153,0.19584442426820786,0.021197273171067288,0.9804058532532154,0.9735422161913793,0.11582478753776881,-0.19697759234240006
2021-06-10T07:12:00,676581189.1846827,-27.67431867011689,-3555.5346997076454,913.9132263579397,0.0,0.0,0.0,0.4041385196267102,-0.5279994293846427,-0.5891690658370956,-0.4590952748439772,-0.11577731904684563,0.9932380306322641,0.008592258147100088,0.25108569166001393,0.02089626237084949,0.9677392839306159,0.9610159144561224,0.114199652909587,-0.2518071711397285
2021-06-10T07:13:00,676581249.1846827,-51.2899207356579,-3500.525066360329,1110.9582305580639,0.0,0.0,0.0,0.3877953535593924,-0.5413414906534721,-0.5998396140324335,-0.44357253261698254,-0.11312830850964517,0.9934668758575171,0.015018401634352554,0.30540540739576627,0.020385597609665407,0.9520041830493827,0.9454784624449002,0.11228532399205621,-0.30571634413100385
2021-06-10T07:14:00,676581309.1846827,-74.23690219806382,-3434.470687465768,1304.5220981225082,0.0,0.0,0.0,0.3713139095116409,-0.5544606145014245,-0.6098460013572609,-0.42753627003851224,-0.10939881513976746,0.9937715050996156,0.021215440086388773,0.3587708495555175,0.019572329536518523,0.9332204463178707,0.9269926519424124,0.10970469255486798,-0.35867743680947445
2021-06-10T07:15:00,676581369.1846827,-96.35138441052659,-3357.601933130975,1494.0059221581282,0.0,0.0,0.0,0.35465387294958506,-0.567241741486843,-0.6192244331801596,-0.41111864281438676,-0.10491487423366647,0.9941095295284326,0.027186622910769932,0.41089025386483546,0.018436536490860717,0.9114983781670225,0.9056279967201906,0.10680045609911809,-0.4104041838646327
2021-06-10T07:16:00,676581429.1846827,-117.47439928930481,-3270.1831833885044,1678.825548125527,0.0,0.0,0.0,0.3378174177982908,-0.579649455519193,-0.6279823147632059,-0.39436545651596316,-0.09977180189679669,0.9944662540344831,0.03290071629751277,0.4615721732782159,0.016964790846518307,0.8869404290744437,0.8814741722827114,0.10367769990772813,-0.46071055787810206
2021-06-10T07:17:00,676581489.1846827,-137.45261485104913,-3172.512008223154,1858.4133643647003,0.0,0.0,0.0,0.3208667793261353,-0.5917548976047368,-0.6360659987271278,-0.3772143904319428,-0.09374130217136156,0.99486147303999,0.0382520290693046,0.5107192067465146,0.015070889623730543,0.8596154722584743,0.8546218228710452,0.10011751967887922,-0.5095076271518619
2021-06-10T07:18:00,676581549.1846827,-156.13914033038674,-3064.91789600596,2032.2202372615575,0.0,0.0,0.0,0.3037085593376028,-0.6033954496713496,-0.6435658260731062,-0.3598584024471685,-0.08735008460197574,0.9952335359785125,0.04336094537409062,0.5580652280874694,0.012831723008163542,0.8296978655416217,0.8251867448764001,0.0966724146194195,-0.5565260823464993
2021-06-10T07:19:00,676581609.1846827,-173.39424045960584,-2947.7606545488215,2199.716867932669,0.0,0.0,0.0,0.28650731062312457,-0.614807351151757,-0.6503315220279888,-0.3420444318886422,-0.07985096385852897,0.9956536614450956,0.04793339151196277,0.6036607402689776,0.010035055167472079,0.7971781534423127,0.7932323330706923,0.09259095052304506,-0.6018383351469606
2021-06-10T07:20:00,676581669.1846827,-189.08590538822216,-2821.4293032055584,2360.3950486548015,0.0,0.0,0.0,0.2691262491813983,-0.6257291667608194,-0.6565308771523769,-0.32403900878118574,-0.07206814373272535,0.9960358434700902,0.05214193304572112,0.6472062313831357,0.006923461305834766,0.762283516640879,0.7589007028048912,0.08868294202591531,-0.645139565579317
2021-06-10T07:21:00,676581729.1846827,-203.0904485410059,-2686.3408477750936,2513.7693357917815,0.0,0.0,0.0,0.25167043947276097,-0.636342798716156,-0.6620190242175107,-0.3057133363001562,-0.06345966483535459,0.9964200967465073,0.055855722523890955,0.6886640579491303,0.0032143970606351435,0.7250734327918614,0.7222981975804882,0.08447874555897494,-0.6864026918076305
2021-06-10T07:22:00,676581789.1846827,-215.2931348243069,-2542.9385297918616,2659.3786252411746,0.0,0.0,0.0,0.23407987521182996,-0.6465070383206541,-0.6669087746061363,-0.2871723311463207,-0.05447052284534076,0.9967649602793818,0.059098021119134175,0.7278799065232977,-0.0008785967483116996,0.6857040686384976,0.6835377120690495,0.0803669212238236,-0.7254773284896043
2021-06-10T07:23:00,676581849.1846827,-225.58869641318302,-2391.6898699916956,2796.787285460249,0.0,0.0,0.0,0.2164010543239068,-0.6562789437853769,-0.6711400591595383,-0.26840184914188486,-0.044937063262903476,0.9970750645881346,0.0618221313274899,0.7647452920409741,-0.005483209357665636,0.6443093765546992,0.642763796932023,0.07623155509175722,-0.7622620621294368
2021-06-10T07:24:00,676581909.1846827,-233.8817843043057,-2233.084916779494,2925.5860124095143,0.0,0.0,0.0,0.19726265255749673,-0.6660475735770865,-0.6742087978616043,-0.25081980090109784,-0.03493615127611188,0.9970650262794791,0.06812340790296595,0.7991555093207044,-0.013059885583981634,0.6009824550774333,0.6001082712780907,0.07543721070423115,-0.7963537467638281
2021-06-10T07:25:00,676581969.1846827,-240.0874425129564,-2067.6347165904604,3045.392707967246,0.0,0.0,0.0,0.17708460755067448,-0.6755512327657942,-0.676410301939008,-0.23396725648692757,-0.024543147354479267,0.9967636262501509,0.07655003136894428,0.8310356270713688,-0.02222029039880752,0.5557751750777379,0.5556774428173541,0.0772562753389181,-0.8278007293212082
2021-06-10T07:26:00,676582029.1846827,-244.1315720978082,-1895.8696777524904,3155.853488645779,0.0,0.0,0.0,0.1567889336759064,-0.6844969717883191,-0.6780871992631445,-0.2169766717526516,-0.013762251778786705,0.9963363510013806,0.08440661170329566,0.8602581870147992,-0.031229960944473667,0.5089013079305436,0.5096728873502969,0.07961510668623334,-0.8566767083838287
2021-06-10T07:27:00,676582089.1846827,-245.95125669208187,-1718.3376364808573,3256.643466011644,0.0,0.0,0.0,0.1414903424730109,-0.6917441616817979,-0.6808216219795373,-0.19481380036118856,-0.0029409955320336967,0.9970373069653002,0.07686324911595999,0.8867802216390067,-0.03292480406404444,0.46101713177193104,0.46218198694362195,0.06951665841167759,-0.884056132351402
2021-06-10T07:28:00,676582149.1846827,-245.49497907007753,-1535.6020355416576,3347.4671920094866,0.0,0.0,0.0,0.12774196003718655,-0.6984673890723909,-0.6830778267881085,-0.17096777649220943,0.008349403903489816,0.997894690164495,0.06431543202034179,0.9105356546752369,-0.03417334839258579,0.4120157810385136,0.41334623382776065,0.05512140782986008,-0.9089040220943354
2021-06-10T07:29:00,676582209.1846827,-242.72285281998666,-1348.2403037770143,3428.0591052672153,0.0,0.0,0.0,0.11331866614616308,-0.7050229376441128,-0.6843196698889721,-0.14767574852211868,0.019796925402960297,0.9983909655948706,0.05313719566491287,0.93145329021622,-0.037730938611805376,0.361899356751087,0.3633219645025166,0.04233032116596547,-0.9307015064025728
2021-06-10T07:30:00,676582269.1846827,-237.60684352938642,-1156.8421950569257,3498.1840583381354,0.0,0.0,0.0,0.09760910710426712,-0.7113668064561001,-0.6845896243252487,-0.12556581998685826,0.031140542234485313,0.9985014047219317,0.04500234880171938,0.9494759344350023,-0.04361901695304482,0.3107938726693781,0.3122910766546522,0.03305035746220236,-0.9494113741226716
2021-06-10T07:31:00,676582329.1846827,-230.1309238924223,-962.0080394595554,3557.637731371725,0.0,0.0,0.0,0.0801394114013273,-0.7176130751333413,-0.6837965584078706,-0.10503054721113364,0.042781701724163124,0.9982368745546537,0.04114448051611819,0.9645685296240152,-0.05199988289960095,0.25865723233150195,0.2603406953523585,0.02862087451117229,-0.965092517785557
2021-06-10T07:32:00,676582389.1846827,-220.29119294844986,-764.3470834959022,3606.2469192823296,0.0,0.0,0.0,0.06068009381704762,-0.723517246525665,-0.6821997506555624,-0.08627989568702116,0.05431855961145096,0.9976375146792422,0.04205809537249833,0.9766956260199878,-0.061842852839685936,0.20552643544340612,0.20764187485948218,0.02991405785368889,-0.977747411629182
2021-06-10T07:33:00,676582449.1846827,-208.0960135473108,-564.4759176308406,3643.8698418089325,0.0,0.0,0.0,0.040321123637044265,-0.7288879533583896,-0.6800276699758525,-0.06825632941257055,0.0658068831246715,0.9968322969860574,0.04466347298315421,0.9858236093970368,-0.07187315011171866,0.15161154787290076,0.1543413920139842,0.03405322273323763,-0.9874305609675377
2021-06-10T07:34:00,676582509.1846827,-193.5660984263643,-363.0168270174189,3670.3964800458693,0.0,0.0,0.0,0.020186931351462906,-0.7335878828029515,-0.6774558138158702,-0.049949237575478304,0.07711738798541115,0.9959633959594576,0.04593280286693269,0.9919301086394811,-0.08129221625937696,0.09729457924317214,0.10063581889553436,0.038059026321539347,-0.9941951229364794
2021-06-10T07:35:00,676582569.1846827,-176.73449653268017,-160.5961992475518,3685.7487716286696,0.0,0.0,0.0,1.7685464501851585e-05,-0.7376564401377875,-0.6744363689363203,-0.03160000421618432,0.08827404797905763,0.9950057797395486,0.04659603779597593,0.995003544296537,-0.09027116788643211,0.042650475797444715,0.04664374867782245,0.04259829261029824,-0.9980028788415228
2021-06-10T07:36:00,676582629.1846827,-157.6465046726653,42.15696530496439,3689.8810790102493,0.0,0.0,0.0,0.01887044133837515,0.7411159029250096,0.6710039918525311,0.01203194885756425,0.09921775024931481,0.9941293622059428,0.043158420215180016,0.9950375549463549,-0.09879509872332687,-0.011823396915784379,-0.007490145649094948,0.044117339768548924,-0.998998277300768
2021-06-10T07:37:00,676582689.1846827,-136.3594785315065,244.61307870500252,3682.780766076534,0.0,0.0,0.0,0.03711274391568305,0.7440092213435359,0.667088522866778,-0.00811328874469159,0.109854154410331,0.9932422377456332,0.03744224775354549,0.9920378121156502,-0.10723109379693818,-0.06604901101383467,-0.06158769431943853,0.04439988379668286,-0.997113637569588
2021-06-10T07:38:00,676582749.1846827,-112.9426744864079,446.1441539144662,3664.4679527091193,0.0,0.0,0.0,0.05534854773752275,0.746326969549608,0.6626712626419792,-0.028273493854332993,0.12013481442750845,0.9922686641590076,0.031153242055480534,0.9860090768617953,-0.11560667186366477,-0.1200882915473365,-0.11555832600301577,0.04514416406033217,-0.9922742956172326
2021-06-10T07:39:00,676582809.1846827,-87.47707750682184,646.1252698113967,3634.9951225587606,0.0,0.0,0.0,0.07353614957990642,0.7480224038748569,0.6578090354497346,-0.04839618669825309,0.12989016398751535,0.991229530423702,0.024342623426884036,0.9769940535271434,-0.12375941517130304,-0.17368427254377153,-0.16914835107649862,0.046342476978079084,-0.9845004876360592
2021-06-10T07:40:00,676582869.1846827,-60.05508750999729,843.9361131130578,3594.4473490053992,0.0,0.0,0.0,0.09168232120628769,0.7491485236532354,0.652439245810458,-0.06851183848566568,0.13925831702718988,0.9901104443096218,0.01698320369535422,0.9649851467797173,-0.13183476500901603,-0.22676697561493545,-0.22228537431257556,0.04796772669223304,-0.9738009599310824
2021-06-10T07:41:00,676582929.1846827,-30.780200196004216,1038.963012514275,3542.9422033508686,0.0,0.0,0.0,0.10977161187793365,0.7496415699483577,0.6466358090581366,-0.08859932434737407,0.14802458033783605,0.9889415474641499,0.009129036916348254,0.9500387848845212,-0.139624647338899,-0.27916171849060883,-0.27479998331686517,0.04999573536513496,-0.9602007059018184
2021-06-10T07:42:00,676582989.1846827,0.23316998055247495,1230.600674546763,3480.629225318227,0.0,0.0,0.0,0.127783663503669,0.7495106386242532,0.6403939716624354,-0.1086310222222791,0.15618972413870919,0.98772672932309,0.0008235618889297913,0.9322016493642452,-0.147133792799986,-0.3306837340101144,-0.3265039892498332,0.052417126943411996,-0.9437412727050478
2021-06-10T07:43:00,676583049.1846827,32.85991137239171,1418.253732274622,3407.689526557995,0.0,0.0,0.0,0.14572572095436898,0.7487492393007867,0.6337151025465884,-0.12862254741370047,0.163722818202355,0.9864746288360542,-0.007914888669328324,0.911500175024658,-0.15433836611339302,-0.3812441470704382,-0.3773092494624221,0.05520394377413179,-0.9244405090982795
2021-06-10T07:44:00,676583109.1846827,66.96465415926241,1601.338336498648,3324.3355023003905,0.0,0.0,0.0,0.16355741272868915,0.7473839907884261,0.6265747940257008,-0.14856032628637372,0.17066771389067384,0.985180225375787,-0.017101314681771618,0.8879876549696699,-0.16130600046629573,-0.43064869538294565,-0.4270251234491911,0.05831207200984384,-0.9023576043903666
2021-06-10T07:45:00,676583169.1846827,102.40237266642293,1779.2838462556533,3230.81051678915,0.0,0.0,0.0,0.18128325505229448,0.7453807892850454,0.6190117449416098,-0.16842897620893812,0.17691227919510483,0.983865632147144,-0.02665451837294941,0.8617322199380169,-0.16792168212397643,-0.47876914039373014,-0.47552037452741214,0.061731082546435556,-0.8775361228217069
2021-06-10T07:46:00,676583229.1846827,139.0189561179609,1951.5344604563988,3127.388457253687,0.0,0.0,0.0,0.19886861072493572,0.7426552378327818,0.6111365228010222,-0.18821961610455026,0.18217105322426286,0.9825894265099698,-0.03649282502042467,0.832865532246399,-0.1739268523340195,-0.5254373942089601,-0.5226363100312538,0.0653258673726479,-0.8500493035635794
2021-06-10T07:47:00,676583289.1846827,176.65174527297154,2117.5508024568535,3014.3733230325834,0.0,0.0,0.0,0.21630948246013296,0.7393071784035736,0.6028284980846307,-0.20792524054526054,0.18672979248244811,0.9813032743059127,-0.046646204946990344,0.8013984696149368,-0.17961601938971572,-0.5705248272226463,-0.5682362866786133,0.06915178533550653,-0.8199546042840499
2021-06-10T07:48:00,676583349.1846827,215.13019023194602,2276.8116310316013,2892.0988677633513,0.0,0.0,0.0,0.2335899225072597,0.7353053791738523,0.5941175221659899,-0.22756563298616603,0.1904765050779006,0.9800296969692937,-0.05710073617374367,0.7674015426710774,-0.18492023591679416,-0.6139213130805349,-0.6122202000255784,0.07311839308103063,-0.7872992615733159
2021-06-10T07:49:00,676583409.1846827,254.27662659205726,2428.8158497213853,2760.9279962524392,0.0,0.0,0.0,0.2506857641659697,0.7306276993003032,0.5850634974628718,-0.2470637905403822,0.1933203746806607,0.9787979444504871,-0.06768911783167314,0.7310564439330597,-0.18971470316207206,-0.6554119370198224,-0.6543574776200525,0.07721991545986079,-0.7522322620966838
2021-06-10T07:50:00,676583469.1846827,293.9070248695193,2573.084325832948,2621.2515574325544,0.0,0.0,0.0,0.2675938968150227,0.7252913260321278,0.5756201073701758,-0.26647230768141017,0.19530800246018248,0.9775972683420617,-0.07847525154564805,0.6923718155190203,-0.19410999675699664,-0.6949407012356481,-0.6946049620107164,0.08139342780064068,-0.7147720312525897
2021-06-10T07:51:00,676583529.1846827,333.83159014218745,2709.1612615014815,2473.487172568135,0.0,0.0,0.0,0.28426957800062796,0.7192449980574511,0.5658864786130796,-0.2857445242092501,0.1962451204146357,0.9764789890475121,-0.08931201857641552,0.6515650877956971,-0.19792660069246687,-0.7323168693291932,-0.732769260462822,0.08552101897822334,-0.6750817478155486
2021-06-10T07:52:00,676583589.1846827,373.8554196450448,2836.615624666212,2318.078289400181,0.0,0.0,0.0,0.3007255049665345,0.712548157536918,0.5557744099735668,-0.3048837468149135,0.1963214122932671,0.9754047010996728,-0.10021762393828026,0.6086594262316575,-0.2013579517623133,-0.7674559779697044,-0.7687597842853947,0.08966963998334915,-0.6332201431814453
2021-06-10T07:53:00,676583649.1846827,413.7793223316139,2955.042637589797,2155.493116623179,0.0,0.0,0.0,0.31691236324882516,0.7051519206011105,0.5453581808087179,-0.3239008760679962,0.19534535421478025,0.9744171214117374,-0.11113714989311779,0.5638243530394431,-0.20430201729010058,-0.8002267082838768,-0.8024601494818016,0.09365873814470677,-0.5893095530048584
2021-06-10T07:54:00,676583709.1846827,453.4006460098916,3064.0652002777433,1986.2234805996295,0.0,0.0,0.0,0.3328096457556543,0.6970723780307239,0.5346497724293239,-0.3427498509406822,0.19334432104282484,0.9735200895105317,-0.12196970459870599,0.5172382636130447,-0.2067747210665364,-0.8304870820081544,-0.8337161100608839,0.09748256278567263,-0.543520558744272
2021-06-10T07:55:00,676583769.1846827,492.5141015726199,3163.3353856910608,1810.7835680907097,0.0,0.0,0.0,0.3484393611895953,0.688336567309286,0.5235864851410426,-0.3614415225957091,0.1904344366426886,0.9726883542243263,-0.1327105530730434,0.46892654126175226,-0.20889440830287126,-0.8581789003932008,-0.8624631147132449,0.10119531479354499,-0.49590007463496466
2021-06-10T07:56:00,676583829.1846827,530.9127129939542,3252.5357063582965,1629.7084120250524,0.0,0.0,0.0,0.36373777199919005,0.6789182925879522,0.5122566470200194,-0.3799446180620699,0.18647042957895021,0.9719612340372831,-0.14324851978768954,0.4191603986093606,-0.21057592160974503,-0.8831547664344277,-0.888556885703039,0.1046381420273162,-0.4466738408534661
2021-06-10T07:57:00,676583889.1846827,568.3887118617018,3331.3802001872527,1443.5524529916925,0.0,0.0,0.0,0.3786821407162999,0.6688082138815087,0.5006647714809163,-0.39828406438760355,0.1814091813057066,0.9713435473660632,-0.15356569254982078,0.3680512989041176,-0.21186924580096478,-0.9053450524848093,-0.9119369223323426,0.10771785216036917,-0.3959392807148234
2021-06-10T07:58:00,676583949.1846827,604.7342703031071,3399.6157717666633,1252.8880186947201,0.0,0.0,0.0,0.3933095136982066,0.658072896131133,0.4887301836537994,-0.41640184605472974,0.1755046203758736,0.9707897899171551,-0.1636010758501504,0.31569055961786985,-0.21290086804040761,-0.9246689629028308,-0.9324899993001943,0.1106363601183944,-0.34383425807338647
2021-06-10T07:59:00,676584009.1846827,639.7423046333964,3457.023258532793,1058.303403395862,0.0,0.0,0.0,0.4073890494699993,0.6463375199507877,0.4770206476462847,-0.4344344304897054,0.1674360546484086,0.9706003441185196,-0.17291656832353153,0.2626650253415532,-0.21297092818209928,-0.9410900425631847,-0.9502485212122649,0.11215326899500783,-0.2906017759540316
2021-06-10T08:00:00,676584069.1846827,673.2074907378656,3503.4178958366024,860.4012062503119,0.0,0.0,0.0,0.4211838510379682,0.6342889519944133,0.4646009326363347,-0.45213677399223295,0.15943662199468878,0.9702478926469196,-0.18220590106013057,0.20851706198319125,-0.21350027403654923,-0.9544308606956381,-0.9649355410745428,0.11417819319173744,-0.23635300245744628
2021-06-10T08:01:00,676584129.1846827,704.9276889290583,3538.6501010855045,659.7971308595811,0.0,0.0,0.0,0.43491482154311056,0.6222566136859384,0.45108804399318686,-0.46921783991301313,0.15270839054753382,0.9695246236800518,-0.19157805598354916,0.15324545123760414,-0.21473734913705006,-0.9645743634166187,-0.9763175605976597,0.11794013296434175,-0.18136743341898062
2021-06-10T08:02:00,676584189.1846827,734.705377524958,3562.606791254432,457.1179697579796,0.0,0.0,0.0,0.44779408749263266,0.6087283143742537,0.43839027374800205,-0.4865637289902238,0.14213941102855943,0.9694818668137577,-0.1997530919704761,0.097960422692998,-0.21458884617958435,-0.9717794928280405,-0.9849873823650045,0.11856026743654885,-0.12547238567553676
2021-06-10T08:03:00,676584249.1846827,762.3483210379255,3575.2118493767603,252.99886466405337,0.0,0.0,0.0,0.4602011706234894,0.5946165855751694,0.425482364545103,-0.5035978119261493,0.13070800256860565,0.9695103468002008,-0.2072802583746929,0.04248513651283392,-0.21435928003575572,-0.9758304731038265,-0.9905101873479198,0.11874252191151441,-0.06920825275992956
2021-06-10T08:04:00,676584309.1846827,787.6698592819959,3576.4261493506133,48.08147109000561,0.0,0.0,0.0,0.472165976464596,0.5799819329769809,0.4122644644782291,-0.5203059286785022,0.11863950382096095,0.969553395761213,-0.21422156964464825,-0.013129631738000247,-0.21419460399542758,-0.9767027615347808,-0.992850583372715,0.11868818132881936,-0.012682062502472169
2021-06-10T08:05:00,676584369.1846827,810.4898752176902,3566.2481915057097,-156.98761509676103,0.0,0.0,0.0,0.48361946376671594,0.5648471372965019,0.3987515140533594,-0.5367095637252001,0.10588014849211824,0.9695936852258703,-0.2206297344543642,-0.06865908040312667,-0.21421888861229593,-0.9743696415836804,-0.9920057080649707,0.11831463701431494,0.04388988305620056
2021-06-10T08:06:00,676584429.1846827,830.6361226362596,3544.7145236000515,-361.5590640532778,0.0,0.0,0.0,0.4946570832720341,0.5491193514286395,0.3850115216225146,-0.5527643585410608,0.09243538428921122,0.9696921647571337,-0.22616985948602897,-0.12402305657349831,-0.21416099637344,-0.9688928470530177,-0.987964564733712,0.11761025993066959,0.10046813220901263
2021-06-10T08:07:00,676584489.1846827,847.9452688492044,3511.8997282366568,-564.9831636241354,0.0,0.0,0.0,0.5051202300055836,0.5328251292746808,0.37113449087610395,-0.568515720569503,0.07809813029494772,0.9698371492304207,-0.2309038458255816,-0.1788380169130094,-0.21422548584248274,-0.9602730887212114,-0.9807740034029531,0.1162899186867154,0.15671314259111016
2021-06-10T08:08:00,676584549.1846827,862.2637000394582,3467.916261102252,-766.6121070761753,0.0,0.0,0.0,0.5150682919194347,0.5160429925097795,0.35698781929702583,-0.58392121164957,0.06319143091850438,0.9699607273188966,-0.23491068625643485,-0.23307647708058638,-0.2145287030655002,-0.9485002853941256,-0.9704031115418865,0.1146892454418974,0.21251865351021182
2021-06-10T08:09:00,676584609.1846827,873.4483579181702,3412.9141330127695,-965.8022263547635,0.0,0.0,0.0,0.5244668921757615,0.49875860313120773,0.34267031158516537,-0.5989585898642995,0.04765133037179087,0.9700874322177171,-0.23803303251236896,-0.2864483684547057,-0.21502307313924762,-0.9336554022911189,-0.956909965944255,0.11267409582947535,0.267633826721464
2021-06-10T08:10:00,676584669.1846827,881.3676260404812,3347.0804059014354,-1161.9162220985713,0.0,0.0,0.0,0.5332672957956258,0.4809501639832218,0.32824076620863457,-0.6136537544887192,0.03137413800133476,0.9702178570901062,-0.24019361616861293,-0.33874805575402167,-0.21576798126717842,-0.9158023438399556,-0.9403538792324638,0.11009762959922609,0.32188987832656085
2021-06-10T08:11:00,676584729.1846827,885.9020845417248,3270.638577871981,-1354.3252645557716,0.0,0.0,0.0,0.5415133061654034,0.46267737877985576,0.3135994515664949,-0.6279716286492644,0.01461403517756793,0.9703007300910447,-0.24145998252425754,-0.3899192411406998,-0.21683744644601555,-0.8949550308295006,-0.9207330858419772,0.10722879745458869,0.3751700542851911
2021-06-10T08:12:00,676584789.1846827,886.9452212499359,3183.848084493542,-1542.411174103907,0.0,0.0,0.0,0.5492015607748263,0.44398639844224946,0.29878434639831375,-0.6418579577976014,-0.0025074472815498905,0.9703311561729879,-0.2417667472340281,-0.4397064126997529,-0.21821111997965464,-0.8712302667767802,-0.8981380647421892,0.10412182517232904,0.4272079846912251
2021-06-10T08:13:00,676584849.1846827,884.4041988743675,3087.0034871169255,-1725.5687943042321,0.0,0.0,0.0,0.5562526979287545,0.42483795101018357,0.2838676524135728,-0.6553737920772067,-0.020191302856901627,0.9703023836083959,-0.2410510229242056,-0.4879113763705829,-0.2200041839203778,-0.8447133524845525,-0.8726596129632125,0.10055567324320175,0.47786374258935177
2021-06-10T08:14:00,676584909.1846827,878.2004843490126,2980.433245849692,-1903.2083846760665,0.0,0.0,0.0,0.562950338898405,0.4052293791538305,0.26842701531300844,-0.6684482056636267,-0.03775213240954445,0.9701553133555509,-0.23952754427523593,-0.5350572623019264,-0.22206770676864193,-0.8151071461277248,-0.8439718612350177,0.09738891917723169,0.5274721754415024
2021-06-10T08:15:00,676584969.1846827,868.2702609713742,2864.4980133622535,-2074.7575524517288,0.0,0.0,0.0,0.5688425893600062,0.3851782352797693,0.25342716217436845,-0.6810510326467558,-0.056111671193931956,0.9700509199907397,-0.23633174348983194,-0.5795924115976069,-0.22438556400489937,-0.7834052304425042,-0.8129723960715358,0.09301790844414248,0.5748248010780179
2021-06-10T08:16:00,676585029.1846827,854.5648005882662,2739.5893969031263,-2239.662709569721,0.0,0.0,0.0,0.5740721878248408,0.36490152840248175,0.23822030522926,-0.6932092641562227,-0.07457599547106691,0.969758224738547,-0.23239493637220546,-0.6220504108398963,-0.22738441868495773,-0.7492326824913741,-0.779417543601256,0.08868659251118977,0.6201959214920221
2021-06-10T08:17:00,676585089.1846827,837.0509234023344,2606.1290448884815,-2397.3908805416077,0.0,0.0,0.0,0.5785966027410768,0.3443448158415181,0.22292688712555533,-0.7049512196571233,-0.09330523819911135,0.9692921973703246,-0.22752311671919137,-0.6622373257968359,-0.23105914858598875,-0.7127786431818606,-0.7434620749211506,0.08416831928775576,0.663460501599162
2021-06-10T08:18:00,676585149.1846827,815.7115118775647,2464.567350543971,-2547.431843787477,0.0,0.0,0.0,0.58250978927223,0.32354103911963655,0.20742907144565187,-0.7162239326681306,-0.11200708281481603,0.9686385388187762,-0.2217967414421171,-0.7001912695421861,-0.23531105144243392,-0.6740629756380023,-0.7051146002290811,0.07980031443598884,0.704588752649161
2021-06-10T08:19:00,676585209.1846827,790.5458643480953,2315.381658141781,-2689.3001147542545,0.0,0.0,0.0,0.5858631072588254,0.30246734274896403,0.19171971334425397,-0.7269948264180508,-0.13055585224682964,0.9678168004283987,-0.2151413727125527,-0.73586099143708,-0.2400159421364622,-0.6331673939817053,-0.6644274006430965,0.07565043508720765,0.7435141161711556
2021-06-10T08:20:00,676585269.1846827,761.5698890174153,2159.0743742083223,-2822.536591102114,0.0,0.0,0.0,0.5886484642959604,0.28109099186515163,0.1758698506885817,-0.7372588659304469,-0.1489616795485454,0.966843459975537,-0.2074226167239454,-0.7691017368986188,-0.24512556220156684,-0.5902507747177412,-0.6215246868191193,0.07160434803765808,0.7801152998220825
2021-06-10T08:21:00,676585329.1846827,728.8161510890319,1996.1710139343797,-2946.7101049065786,0.0,0.0,0.0,0.5909389556858415,0.2594181461882643,0.15989593953651313,-0.7469448872580274,-0.16698675216234277,0.9657574796974606,-0.19856463685833176,-0.7998378468270888,-0.25044887834532537,-0.545467485849134,-0.5765195949707859,0.06773366772866557,0.8142710278959603
2021-06-10T08:22:00,676585389.1846827,692.3339560540926,1827.2180630075513,-3061.4185452689417,0.0,0.0,0.0,0.5926951122188369,0.23744949919581007,0.1438417484335038,-0.7560686415208291,-0.18466047856711887,0.9645466789206332,-0.1885476381144563,-0.8279260744046921,-0.25604411071898603,-0.4989787858085347,-0.5295648430326533,0.06396184448013431,0.8458545734785032
2021-06-10T08:23:00,676585449.1846827,652.1895599453142,1652.7814657315535,-3166.289653643017,0.0,0.0,0.0,0.5938758904248039,0.21514057656607471,0.12799013230307799,-0.7646204843711708,-0.20205191817392637,0.9632510837028527,-0.1769812761495323,-0.853107600269043,-0.2618599056103738,-0.45126135686198643,-0.4810222912978479,0.05980584903674696,0.874666116695715
2021-06-10T08:24:00,676585509.1846827,608.4660214850542,1473.4454093160678,-3260.9829090257695,0.0,0.0,0.0,0.5943066114443218,0.19290865420375852,0.11197114796497527,-0.7726890479036624,-0.21917180545372517,0.9616288264466764,-0.1650264216449674,-0.8752280125923831,-0.2685242272339468,-0.4023315366237139,-0.4312071957513483,0.056256017768766764,0.9004974263134005
2021-06-10T08:25:00,676585569.1846827,561.2628848479833,1289.8097178016703,-3345.1914518094177,0.0,0.0,0.0,0.5941941636864347,0.1704681444277115,0.09581045238826232,-0.7801886084720207,-0.23574781515270288,0.9598322955282443,-0.1521345855212023,-0.8945017753866175,-0.27550730610827,-0.3520828000785511,-0.3798546320382522,0.05308190597505835,0.9235219378970589
2021-06-10T08:26:00,676585629.1846827,510.695963918743,1102.4870934758703,-3418.64276136035,0.0,0.0,0.0,0.5935405477040664,0.14789148957580958,0.07960080164973261,-0.787084136492996,-0.25167545108441053,0.9578772611812847,-0.13831348391714798,-0.9107881366716547,-0.2827466612157539,-0.3008642479084526,-0.3272986975526081,0.05025413498593223,0.9435836393755364
2021-06-10T08:27:00,676585689.1846827,456.8970828540175,912.1010308412472,-3481.0990438288554,0.0,0.0,0.0,0.592310576830962,0.125321703058869,0.06317457444516511,-0.7933924781974367,-0.2669253026331954,0.9557038033479153,-0.12402065586226613,-0.9240352223099655,-0.29035430743569074,-0.2487032048127103,-0.2736965303849313,0.04821427610023865,0.9606068877721939
2021-06-10T08:28:00,676585749.1846827,400.013853075767,719.283972643897,-3532.358041412447,0.0,0.0,0.0,0.5905996633834182,0.10240673490863322,0.04715932225327356,-0.7990499962964508,-0.28140979651349246,0.9534961821033341,-0.10795164260260304,-0.9341784532534868,-0.29793607187201043,-0.1963280788741102,-0.21936076199529703,0.045597453786824615,0.9745777179399298
2021-06-10T08:29:00,676585809.1846827,340.20926358383986,524.6750494099269,-3572.2540428255893,0.0,0.0,0.0,0.5881890554918636,0.07948649877875728,0.03084718700803344,-0.8042163779513417,-0.2954310630229683,0.9509664133014588,-0.09156073270609966,-0.9411586737316905,-0.3061641721065616,-0.1431218032932416,-0.16413664386944396,0.04389055127088809,0.9854606951311722
2021-06-10T08:30:00,676585869.1846827,277.6610095817068,328.91753200612175,-3600.658267216878,0.0,0.0,0.0,0.5855069576880036,0.05659673259423618,0.014451424925579553,-0.8085601824701827,-0.3079568247171897,0.9484710319557851,-0.07460090918235823,-0.94519941822731,-0.3139455176331174,-0.08964525498222689,-0.1084465485520889,0.04290586788310391,0.9931759323545537
2021-06-10T08:31:00,676585929.1846827,212.56098119593184,132.65684902675923,-3617.478776747257,0.0,0.0,0.0,0.5822781848229402,0.03364686400249917,-0.0019062486519525609,-0.8122908162956025,-0.3196400080441986,0.945830165543601,-0.05688201126251463,-0.9460867227001898,-0.32189696339075785,-0.03608681324560513,-0.05244214324299418,0.042280526339833036,0.9977285095177485
2021-06-10T08:32:00,676585989.1846827,145.11484656935045,-63.46116191278051,-3622.6610987018853,0.0,0.0,0.0,0.5785560080079203,0.010660943193779946,-0.018246061142559073,-0.8153688558811529,-0.33031857977631673,0.9430840601824679,-0.038497938702067414,-0.9438621410678721,-0.3298800537014429,0.01741863452470703,0.003727534483962208,0.04209044546787716,0.999106851086002
2021-06-10T08:33:00,676586049.1846827,75.54136687044252,-258.79278339709487,-3616.1889958504617,0.0,0.0,0.0,0.5742781231850436,-0.012407735575935911,-0.03450286520047837,-0.8178387601611331,-0.3401013706578834,0.9401900213626763,-0.019333427184013374,-0.9384776116505973,-0.33802837904804345,0.0706865431941813,0.05992353550333568,0.04218457879608223,0.9973112007816707
2021-06-10T08:34:00,676586109.1846827,4.071545670909245,-452.69909429021914,-3598.0843423468095,0.0,0.0,0.0,0.5696178482285416,-0.03530744808360257,-0.05087687194505561,-0.8195733249626883,-0.3485777821786197,0.9372798526912278,-8.666340023211205e-05,-0.9300945226318031,-0.3458941017611454,0.12361815941506564,0.1158348338875344,0.04317114899977509,0.9923298560218202
2021-06-10T08:35:00,676586169.1846827,-69.05222741673356,-644.5480807801214,-3568.4066840769283,0.0,0.0,0.0,0.5644458523758444,-0.058264294594427724,-0.06707693069222909,-0.8206746231485595,-0.3560123034222402,0.9342691544733113,0.019909465379935876,-0.9186363942719431,-0.3538031302092326,0.17587074848647238,0.17135464665725864,0.044322590784756144,0.9842119146886473
2021-06-10T08:36:00,676586229.1846827,-143.57700571597343,-833.7166414314513,-3527.253037219035,0.0,0.0,0.0,0.5588991981563688,-0.08118986756682782,-0.08329945322330468,-0.8210365965030714,-0.3620797834092976,0.9312795340363802,0.04020770984846883,-0.9042272477340233,-0.36138577478573286,0.2275377028931013,0.22643170030194462,0.04602989536701385,0.9729388129943589
2021-06-10T08:37:00,676586289.1846827,-219.2402520542787,-1019.5927652097915,-3474.757571121111,0.0,0.0,0.0,0.5530357763145539,-0.10410771731513628,-0.09937315484535762,-0.8206326762977886,-0.3666260266231806,0.9283694830375825,0.06095456969769031,-0.8869874337841674,-0.36855281242447846,0.27824830055722566,0.2807822090366052,0.04794713149437557,0.9585731185830244
2021-06-10T08:38:00,676586349.1846827,-295.77082312311813,-1201.5775542117312,-3411.0910240805515,0.0,0.0,0.0,0.5464401037124013,-0.12685429480719174,-0.11546063196758609,-0.8197438889125043,-0.37062240188750056,0.9251752254423936,0.08179142648686727,-0.8665885172574302,-0.37614411104085166,0.32793284295241965,0.3341607053151358,0.05065974690919811,0.9411536607092315
2021-06-10T08:39:00,676586409.1846827,-372.88991239661436,-1379.0871227454122,-3336.4601278580076,0.0,0.0,0.0,0.5396652262275702,-0.14954963477422273,-0.1314069273799409,-0.81800279325697,-0.37279270067928433,0.9221990409485596,0.10283253956701655,-0.8435916089626678,-0.382987326074617,0.37639594226557765,0.38649553633647915,0.053568992334852183,0.9207342523509189
2021-06-10T08:40:00,676586469.1846827,-450.31206361276463,-1551.5545477061894,-3251.107018654765,0.0,0.0,0.0,0.5324895956988474,-0.1721927300384169,-0.14725236807918446,-0.8155496516395967,-0.3736089883887895,0.9192549830761627,0.1240427341070382,-0.8178318340194565,-0.38954314113510063,0.4235649093810439,0.43768414988376947,0.05680156057929425,0.8973328076339785
2021-06-10T08:41:00,676586529.1846827,-527.746267510963,-1718.4318154199982,-3155.3084397839575,0.0,0.0,0.0,0.5250826348984738,-0.19469767113884714,-0.16298070059198985,-0.812292025453734,-0.372762086762371,0.9165047997562057,0.14514605987211593,-0.7895769483728531,-0.39545103552524064,0.4692405791278368,0.48745940268988097,0.060311114447107295,0.8710602161753069
2021-06-10T08:42:00,676586589.1846827,-604.8970388561215,-1879.191645433686,-3049.3748480963554,0.0,0.0,0.0,0.517309677048836,-0.21708869814948523,-0.17853599411500687,-0.8083242505163117,-0.37052639033478146,0.9138242070411731,0.16623932354003462,-0.7587916209001696,-0.40103119367399037,0.5132341159277197,0.535672913368943,0.06402577860506992,0.8419947918822561
2021-06-10T08:43:00,676586649.1846827,-681.4656269142172,-2033.3292865348863,-2933.649375732842,0.0,0.0,0.0,0.5091669664539721,-0.2393645984904902,-0.1939384563691294,-0.8036426223158559,-0.36690717852309207,0.9112205537166833,0.18723307622448776,-0.7255325507540349,-0.4062737508264379,0.5554675122685044,0.5822212982574303,0.06796132630900076,0.8101849282612914
2021-06-10T08:44:00,676586709.1846827,-757.1512280138945,-2180.364110785603,-2808.5066176537584,0.0,0.0,0.0,0.5006619598788163,-0.26144457071334143,-0.20917308370522186,-0.7982674736127405,-0.361968676749638,0.9086986498411271,0.20795538182270912,-0.6899499815447367,-0.41116844596710145,0.5957428405003421,0.6268554059897175,0.07216143580827278,0.7757867149955295
2021-06-10T08:45:00,676586769.1846827,-831.6521840808368,-2319.841140480313,-2674.3513937356647,0.0,0.0,0.0,0.4919238833844622,-0.283387623912492,-0.22419496996333557,-0.7921104487458307,-0.3554046951383639,0.9063842556950003,0.2283748753734234,-0.6522479363708314,-0.41549501679817824,0.6339846374446885,0.6695223164119313,0.07636407561217445,0.738856140112742
2021-06-10T08:46:00,676586829.1846827,-904.6671158283932,-2451.332527594964,-2531.617462443173,0.0,0.0,0.0,0.48289623821758343,-0.30513155383940177,-0.23901010342441345,-0.785226163871219,-0.34741191593371834,0.9042245698492855,0.24836039931546586,-0.6125064728844559,-0.419370787152716,0.6700477322978972,0.7100287186740453,0.0806602142557647,0.699537810625207
2021-06-10T08:47:00,676586889.1846827,-975.8961350105016,-2574.4391183399575,-2380.766176960771,0.0,0.0,0.0,0.47355180033588967,-0.3266645615453173,-0.25357950461870127,-0.7776479868593356,-0.3380779132580865,0.9021840837959311,0.2678940154470689,-0.5708423330233436,-0.42289225447194334,0.7037763650024794,0.7482261392089451,0.08500600009960296,0.6579753981354796
2021-06-10T08:48:00,676586949.1846827,-1045.0420979936077,-2688.791780646049,-2222.2847734286947,0.0,0.0,0.0,0.46399542933252014,-0.34799928460946705,-0.267896841786875,-0.7693087947179906,-0.3272094789396589,0.9003673475708516,0.28683200016780985,-0.527455710406979,-0.4258790474382967,0.7351309478671932,0.7840436406547187,0.08925063798807492,0.6142555601438342
2021-06-10T08:49:00,676587009.1846827,-1111.8117608740645,-2794.0524038361045,-2056.6847400373244,0.0,0.0,0.0,0.4542315164923873,-0.36913969278939807,-0.28193743864382365,-0.7602110873457024,-0.31481923326474964,0.8987722690923519,0.3051184338534467,-0.48247507114510835,-0.4283700202319724,0.7640136984962913,0.8173779150981004,0.0933141686832421,0.5684943357966178
2021-06-10T08:50:00,676587069.1846827,-1175.9170939607343,-2889.9149722850498,-1884.5002587819176,0.0,0.0,0.0,0.44421317880682676,-0.3900230923837359,-0.29566361724841234,-0.7504263219113162,-0.3011132783635239,0.8973298004422559,0.32269183880512436,-0.4360672472239076,-0.4305153544198368,0.7902543169811385,0.8480425399068934,0.09724072627774649,0.5209300256860243
2021-06-10T08:51:00,676587129.1846827,-1237.0766692243428,-2976.106627675912,-1706.2863448950188,0.0,0.0,0.0,0.433938829070219,-0.41063663594595273,-0.30910920392788754,-0.739950096892504,-0.28614929168831643,0.8960492845136148,0.3394322650970491,-0.38832302995009815,-0.4322971853444698,0.8138331327450512,0.8759702091262289,0.10106840884216917,0.4716581065321175
2021-06-10T08:52:00,676587189.1846827,-1295.0168718253758,-3052.3885431288973,-1522.6168126653738,0.0,0.0,0.0,0.4235439194718938,-0.4310225926723063,-0.32219605489745623,-0.7287110367580174,-0.26966014576885855,0.8950298152032165,0.35525348088542974,-0.33953469948045534,-0.4336005009738028,0.8346896389700692,0.9011102006040301,0.10446164584460454,0.4208184536291172
2021-06-10T08:53:00,676587249.1846827,-1349.472971877354,-3118.5565596132706,-1334.0821398965948,0.0,0.0,0.0,0.412937162323373,-0.45111143809186444,-0.33492132315013384,-0.7168047695812116,-0.2519627407900206,0.8941643344492235,0.37011473930736444,-0.28981697551367563,-0.4346212145433677,0.8527077580114734,0.9233205824401871,0.1075850494623915,0.368652355444107
2021-06-10T08:54:00,676587309.1846827,-1400.190130179553,-3174.441526513689,-1141.2875019119697,0.0,0.0,0.0,0.3997283256257844,-0.47292567786167267,-0.3438587437934211,-0.7059176532912991,-0.23311713782296872,0.8895898221539617,0.3927930095779581,-0.2391113041652942,-0.44395686001843454,0.8635554936788629,0.9425933292112773,0.10738833625052058,0.31620493507177583
2021-06-10T08:55:00,676587369.1846827,-1446.9245680787365,-3219.9096034757704,-944.8508897928969,0.0,0.0,0.0,0.3819963170039432,-0.4974940952817099,-0.34644797412482603,-0.6975329670919216,-0.2131568779105119,0.8776216917347168,0.42935336448680256,-0.18819840593707027,-0.4681052300404535,0.8633995909261943,0.9587207650834464,0.10323594241090639,0.26494685276927377
2021-06-10T08:56:00,676587429.1846827,-1489.444837641881,-3254.862375544467,-745.4011930015993,0.0,0.0,0.0,0.36368503361948246,-0.5214244097619444,-0.3490374570091324,-0.6884930172704746,-0.1916995624512079,0.8647825122771767,0.464114731737305,-0.1367959122539892,-0.49181209985158797,0.8598882118218454,0.9718735288846047,0.10135119584467922,0.21257887701801212
2021-06-10T08:57:00,676587489.1846827,-1527.5328756353538,-3279.2370593118344,-543.5762917856094,0.0,0.0,0.0,0.346893455987695,-0.5429663095325674,-0.35462259233796406,-0.6775657413926707,-0.16970503381099483,0.8551824838583698,0.48975822688448906,-0.08499000290390361,-0.5078154943928305,0.8572631585814003,0.9818232533942162,0.1038573201868534,0.1588608074321727
2021-06-10T08:58:00,676587549.1846827,-1560.9843679644964,-3293.0070167105373,-340.02107983123756,0.0,0.0,0.0,0.331872801576745,-0.5626599368681726,-0.3625027406084858,-0.6647300219400681,-0.14654847803421328,0.8491431676374634,0.5074243041483829,-0.03328009105622289,-0.5169044132498786,0.855395968602897,0.988643504568328,0.10846985026915729,0.10401111698968188
2021-06-10T08:59:00,676587609.1846827,-1589.6092955293643,-3296.182667707063,-135.3850753988254,0.0,0.0,0.0,0.317467349327378,-0.5813015429099531,-0.3712148795591939,-0.6507707057907645,-0.122605996643113,0.8447724664523855,0.5208908230244627,0.01837866250318162,-0.5228279906098035,0.8522400583166163,0.9922852384026193,0.11406301836646454,0.04857605880872229
2021-06-10T09:00:00,676587669.1846827,-1613.2336180855564,-3288.8113666406625,69.68041135421868,0.0,0.0,0.0,0.3041711920171131,-0.598868055525699,-0.3808754976611869,-0.6354296131745042,-0.09767387603551358,0.8427471031279997,0.5293742854630961,0.06962957159895168,-0.5248274824564636,0.8483559609134348,0.9927797019979535,0.11972231967254432,-0.007418185295577084
2021-06-10T09:01:00,676587729.1846827,-1631.70146337463,-3270.9765285745693,274.5246785838872,0.0,0.0,0.0,0.2919323998895551,-0.6153226798795485,-0.39150338117659633,-0.6187718287445448,-0.07230694704115115,0.8430809092738627,0.5329036365306069,0.12052272947608753,-0.5230011528440355,0.8437677795480483,0.9900737230576426,0.1252372729732122,-0.0637937956937131
2021-06-10T09:02:00,676587789.1846827,-1644.875992987238,-3242.796238236729,478.50087585067024,0.0,0.0,0.0,0.287904743689014,-0.6277192577487224,-0.4095027515760761,-0.5961433455674723,-0.04615878402551249,0.8573705207458167,0.5126257473179954,0.17084053231575907,-0.49883671002597146,0.8496913847089032,0.9842168862478199,0.1267979766656871,-0.12344794019396882
2021-06-10T09:03:00,676587849.1846827,-1652.6383584075636,-3204.421518445673,680.9680130589923,0.0,0.0,0.0,0.2875870489533042,-0.638394822405207,-0.4293959816853374,-0.570407600679584,-0.019491480001108397,0.8763320200989935,0.48131307145825974,0.22016466577908841,-0.4658255603736305,0.8570496293943402,0.9752679642794329,0.12267329722401132,-0.18385771672258058
2021-06-10T09:04:00,676587909.1846827,-1654.8877519657592,-3156.0356317799196,881.2921688152268,0.0,0.0,0.0,0.2862552796144487,-0.6494213595853092,-0.44703816294599397,-0.5444875512599835,0.007380374785555477,0.8923571355988388,0.4512696229681986,0.26890739066878666,-0.4364295915254495,0.8586140150758277,0.9631377602979383,0.11501284357307529,-0.24318244283152124
2021-06-10T09:05:00,676587969.1846827,-1651.5421410307881,-3097.853339205329,1078.8482456673444,0.0,0.0,0.0,0.27422994532495587,-0.665082588670424,-0.4540479091465809,-0.5256458727452709,0.03507382533096137,0.8922543954776518,0.45016876893834334,0.3156630397047542,-0.43727686657337983,0.842107942798381,0.9482229021390529,0.11256569508769898,-0.2969887071058682
2021-06-10T09:06:00,676588029.1846827,-1642.538710439716,-3030.120004964242,1273.0217492709266,0.0,0.0,0.0,0.26200170767664943,-0.6802831876895535,-0.4607299706039219,-0.5062586136637763,0.06286022055708118,0.8921349487449455,0.4473743688448958,0.36157246352125555,-0.43816599872365797,0.8229677461393431,0.9302225251490559,0.11002631862583251,-0.350114642531502
2021-06-10T09:07:00,676588089.1846827,-1627.8342864120755,-2953.1108007253906,1463.210573420887,0.0,0.0,0.0,0.24969664844791417,-0.6949625484025531,-0.46693611385851364,-0.48646614028770485,0.09064271985658445,0.8919441528830605,0.44296673179226576,0.4060682936301295,-0.4392444986571761,0.8013568564052608,0.9093362624713237,0.10723757987350513,-0.4020045562149239
2021-06-10T09:08:00,676588149.1846827,-1607.4057287596067,-2867.129726128375,1648.8272226398917,0.0,0.0,0.0,0.23734838847475273,-0.7091930003332036,-0.4725812701046161,-0.4662381086023905,0.11857793846634679,0.8916243851381259,0.4369728004534497,0.44898093024894936,-0.44066537126949135,0.7773224265623047,0.8856384119841797,0.10401916357566204,-0.45257553715060683
2021-06-10T09:09:00,676588209.1846827,-1581.250116714443,-2772.5079856114703,1829.3010616109214,0.0,0.0,0.0,0.22487980067154884,-0.7229048463928395,-0.47771225509855375,-0.445677753135967,0.1463246833766607,0.891128857361914,0.42950954193308644,0.4902331602060737,-0.4424401531571575,0.7509448445183154,0.8592208887527618,0.10067805347304198,-0.5016008312192008
2021-06-10T09:10:00,676588269.1846827,-1549.3847241269418,-2669.6020196994073,2004.079912104878,0.0,0.0,0.0,0.21241762026898744,-0.7361669419055832,-0.48224158173971304,-0.4247117199770001,0.17412602351071638,0.8904531266937976,0.42044423779805273,0.5295881152623458,-0.44464362288088,0.7223769630907688,0.8301906745496614,0.09687764340964122,-0.5489974190268773
2021-06-10T09:11:00,676588329.1846827,-1511.8469737701662,-2558.7919891666525,2172.631116974848,0.0,0.0,0.0,0.1998691873740934,-0.7488819903325189,-0.48626834609280295,-0.4034490898269502,0.2015438550119507,0.889589297176421,0.4098913964162736,0.5670411302543007,-0.4471908070531791,0.6917259129793041,0.7986516331335252,0.09301217359188713,-0.5945622797124499
2021-06-10T09:12:00,676588389.1846827,-1468.6945681583882,-2440.4805793284963,2334.4427476096917,0.0,0.0,0.0,0.18726126215076802,-0.7610938727374427,-0.4897465877144992,-0.3818607290639184,0.2286613268415541,0.8885016983877951,0.39784259396030386,0.6024708100265079,-0.4501629990394114,0.6590767765305087,0.7646848505580996,0.08898317963439073,-0.6382312065929481
2021-06-10T09:13:00,676588449.1846827,-1420.0057838828757,-2315.0917596962436,2489.0251355787054,0.0,0.0,0.0,0.17461303428876232,-0.7727862715488539,-0.49267604354941885,-0.35997497534493106,0.2553766664758148,0.8871792109779939,0.38431212032430684,0.6357539201259906,-0.45356120873792527,0.6245792047231701,0.7284227558664927,0.08482498179579084,-0.6798566107637757
2021-06-10T09:14:00,676588509.1846827,-1365.8795768021996,-2183.0691363415226,2635.9127905842747,0.0,0.0,0.0,0.16192497303192502,-0.7839461187361503,-0.4950698425704517,-0.3378085804185625,0.2815824279457281,0.8856154537213023,0.36931910917552224,0.6668168726243879,-0.45737230817175745,0.5883585897231977,0.6899757928040808,0.08059677318386393,-0.719331332208412
2021-06-10T09:15:00,676588569.1846827,-1306.4349858483274,-2044.8737186090607,2774.6660055594766,0.0,0.0,0.0,0.14916438708446494,-0.7945022759268731,-0.49699684350099455,-0.31545246349138356,0.30696776165453055,0.8838387933219778,0.35298694129380714,0.6956216998380708,-0.4614882463515279,0.5505806473113497,0.6495238594687651,0.07653486720797187,-0.7564794578058662
2021-06-10T09:16:00,676588629.1846827,-1241.8101779466324,-1900.981813857927,2904.871491224152,0.0,0.0,0.0,0.1186570584287317,-0.807411970122279,-0.4916781283224949,-0.3037417177761214,0.33198717402339833,0.8660558100166096,0.37380723671490323,0.7218914150029913,-0.48834624122865744,0.49029657720895886,0.6071715583168702,0.1070760599495324,-0.7873229427349032
2021-06-10T09:17:00,676588689.1846827,-1172.1618898476459,-1751.8835842000356,3026.1427246132444,0.0,0.0,0.0,0.07863318251109791,-0.8196208267317361,-0.483509919900103,-0.29708025911184016,0.3559229540084759,0.8393103330334071,0.41094648760298713,0.7458688680926642,-0.5200699599327449,0.4161812926907222,0.5630261827127118,0.158383716457548,-0.8111202845084367
2021-06-10T09:18:00,676588749.1846827,-1097.6652027099199,-1598.0817173574546,3138.12075312236,0.0,0.0,0.0,0.048426075386416585,-0.8290048944963979,-0.4793756914814052,-0.2839097506962554,0.3791883997526296,0.8223068590616716,0.4242965790967074,0.7673123191010489,-0.5357077232787874,0.3524897731498433,0.517153712593084,0.19190795908347974,-0.8341003373645188
2021-06-10T09:19:00,676588809.1846827,-1018.5132092314252,-1440.0898254875165,3240.4751477020873,0.0,0.0,0.0,0.03487490256103816,-0.8362235116001842,-0.48106988196942446,-0.2609324596142436,0.4009720403631704,0.8227638802592339,0.40284118482072445,0.786363903842999,-0.5347110196665643,0.3093799220698429,0.46995024585565964,0.19272706812462054,-0.8613959853820388
2021-06-10T09:20:00,676588869.1846827,-934.9165227478541,-1278.4307410051515,3332.9047962638815,0.0,0.0,0.0,0.02141859417460081,-0.8429752928017429,-0.48214767026707495,-0.2376289620509918,0.42213220090120057,0.8230565036387348,0.3799768371628586,0.8026977904295276,-0.5341497357592313,0.26525519227320926,0.42128453828957746,0.193033809490266,-0.8861474404363039
2021-06-10T09:21:00,676588929.1846827,-847.1027009355169,-1113.6348337130958,3415.138559293051,0.0,0.0,0.0,0.008111778000445094,-0.8490528742253923,-0.4829120789475322,-0.21410123734776568,0.4419131683454567,0.8235092606710948,0.35573199073435513,0.8165622938431523,-0.5334602461284883,0.22055880411840945,0.3714010930469783,0.1930094904129846,-0.9081897184476546
2021-06-10T09:22:00,676588989.1846827,-755.3156029461256,-946.2383336693795,3486.9358234947977,0.0,0.0,0.0,0.0003855816094054877,-0.8547863249112245,-0.4840231892091376,-0.18724781007905128,0.46131961985682995,0.8276172047757138,0.31974047396972466,0.8273284075278421,-0.531442807269276,0.18192374418749271,0.32048699573086414,0.18060538464006443,-0.929876217894844
2021-06-10T09:23:00,676589049.1846827,-659.8146869205757,-776.7816703063459,3548.086908287644,0.0,0.0,0.0,0.01478214616180553,-0.8594606003538287,-0.4891441392790101,-0.14780722446241848,0.47778207081142526,0.8451700472001382,0.23960777142418083,0.8364304152170409,-0.5210389983276947,0.17000741960726515,0.2685301720682324,0.11918873074829145,-0.9558690251031343
2021-06-10T09:24:00,676589109.1846827,-560.8742936699218,-605.8078661201679,3598.4133106285135,0.0,0.0,0.0,0.029139192827770836,-0.8637494125443943,-0.49122106042010755,-0.10858052113664181,0.4938242804588808,0.8549117022200854,0.15894515228979,0.8422559072491238,-0.5157055544821824,0.1570119988414279,0.2162002930923642,0.05633615609340836,-0.9747223557420825
2021-06-10T09:25:00,676589169.1846827,-458.7830228493276,-433.86107969528337,3637.7678507875316,0.0,0.0,0.0,0.01999379436677252,-0.8682096530927578,-0.48889360873118065,-0.08243352355186351,0.5083755070732552,0.8522206187091784,0.12358948521195307,0.8456279830338808,-0.521166575057245,0.11532005616176175,0.16268883833275535,0.04588483507702773,-0.985609924763287
2021-06-10T09:26:00,676589229.1846827,-353.84314508895454,-261.48528826612744,3666.034979900574,0.0,0.0,0.0,0.006970742367893211,-0.8722065674046169,-0.4855586340489189,-0.05865087746695769,0.5215857749458079,0.8478325392679102,0.09554195273652566,0.8461971786420183,-0.5283684433027771,0.06911673444317712,0.10908076930637017,0.044797025351328845,-0.9930229666463932
2021-06-10T09:27:00,676589289.1846827,-246.3698742204831,-89.22297830232006,3683.1312477612087,0.0,0.0,0.0,0.005996936575630377,0.8755523121095882,0.48183409796805116,0.034757553805997585,0.5332556289774755,0.8433250393669327,0.06664317024721012,0.844158794749727,-0.5355998775740448,0.022993485802642225,0.05508505614524825,0.04399601254011315,-0.997511898410262
2021-06-10T09:28:00,676589349.1846827,-136.69054282923935,82.38635525025092,3689.005881834441,0.0,0.0,0.0,0.018991388726523412,0.8782226651323981,0.4777513907195144,0.010857544269115345,0.5432714447960283,0.8387317995691426,0.03721700768121383,0.8395565989444637,-0.5427858716396162,-0.022982922295208395,0.0009243581780480625,0.043731749792682684,-0.9990428817733648
2021-06-10T09:29:00,676589409.1846827,-25.14365533465866,252.80814488857698,3683.641117493713,0.0,0.0,0.0,0.03197857491378565,0.8801953792219592,0.47335344800844825,-0.01303757651206759,0.5515330697144102,0.8341208815860071,0.007323108191324479,0.832453189117265,-0.549827768009993,-0.06863755133775712,-0.05322556660002303,0.0439520241551124,-0.9976147846903503
2021-06-10T09:30:00,676589469.1846827,87.92213254812418,421.51446250001425,3667.051951251836,0.0,0.0,0.0,0.04494626728020564,0.8814773005474068,0.46862934420083974,-0.03693425823167287,0.5580447966455343,0.8294923726514691,-0.02298714096795479,0.8228521444823619,-0.5567327416229344,-0.11385518313098246,-0.10723970000714858,0.04462127427636914,-0.9932313872529049
2021-06-10T09:31:00,676589529.1846827,202.14906352585808,587.9852775802835,3639.2859673948924,0.0,0.0,0.0,0.05788157928668583,0.882092679681988,0.46353266590550374,-0.060825117092083325,0.5628755455385422,0.8247988504526176,-0.05364677554829639,0.8107162351022679,-0.5635743808356317,-0.1585026921138519,-0.16096678656260943,0.04572497739502068,-0.9859000558200268
2021-06-10T09:32:00,676589589.1846827,317.17139708413174,751.7098648038944,3600.423239552513,0.0,0.0,0.0,0.07078487649609214,0.8820015055049613,0.4581436391970637,-0.08465962089264106,0.56587430890717,0.8201520006368469,-0.08448054432950869,0.7961815174004806,-0.5701878142454075,-0.20243726889066865,-0.21419910800164602,0.04729220165547532,-0.9756444996994944
2021-06-10T09:33:00,676589649.1846827,432.6163675349319,912.1881760599792,3550.5759522148505,0.0,0.0,0.0,0.08364612781479507,0.8812288711595018,0.4524089355587974,-0.10846730826888315,0.567121996126918,0.8154973718322736,-0.11548453595038216,0.7792058905075305,-0.5766589606562937,-0.24556592453589737,-0.26685355854360837,0.049279606628483796,-0.9624763366769884
2021-06-10T09:34:00,676589709.1846827,548.1049567972273,1068.93193295885,3489.888247588893,0.0,0.0,0.0,0.09644112974214845,0.8797274301869032,0.446428638289322,-0.13221281324420556,0.5664424858583894,0.8109725435995252,-0.1465143124144695,0.7599695312968899,-0.5828011588183998,-0.28773098682678616,-0.3187306413179542,0.05163664210274177,-0.9464377610162221
2021-06-10T09:35:00,676589769.1846827,663.252907588311,1221.4659155844117,3418.5365860974366,0.0,0.0,0.0,0.10916096842595688,0.8775361501803549,0.44012354700262885,-0.15590205730770088,0.5639716238021022,0.8064854851914339,-0.1775307571142456,0.7384118069702033,-0.5887502926922642,-0.32881772485949173,-0.3697080075857419,0.054353059070402054,-0.9275568629990671
2021-06-10T09:36:00,676589829.1846827,777.6722255831528,1369.329840637277,3336.7297599393714,0.0,0.0,0.0,0.12181584243991206,0.874620218519684,0.4335590047611699,-0.17951869896403222,0.5595992522255303,0.802135386066823,-0.208392656607799,0.7146624998747411,-0.594374979842317,-0.3687490943856422,-0.4196500782573658,0.0574213005501788,-0.9058678745058313
2021-06-10T09:37:00,676589889.1846827,890.9725818961897,1512.0799511513735,3244.7078864316377,0.0,0.0,0.0,0.13436313625075166,0.8709661725796891,0.426787641993969,-0.20301916776496037,0.5532710523225013,0.7979917823034304,-0.23895660283437734,0.6888786139037604,-0.5995977125161794,-0.4073436368122117,-0.46833470719986786,0.06075934925227,-0.8814595302737697
2021-06-10T09:38:00,676589949.1846827,1002.762376254085,1649.2899734099426,3142.7415772240347,0.0,0.0,0.0,0.14682285068726744,0.8666200026580355,0.419680536088076,-0.22645323830291386,0.545174356981898,0.793904114590342,-0.26926042658716,0.6609100746103548,-0.6046225962897791,-0.4445552714054156,-0.5157351973328078,0.06440320560602464,-0.8543239627563766
2021-06-10T09:39:00,676590009.1846827,1112.6498803841632,1780.552232236343,3031.1314951659774,0.0,0.0,0.0,0.15913549171278715,0.8614792089196814,0.41250958823456696,-0.2497304696888174,0.5349410642471013,0.790218829667387,-0.2989853826214316,0.6312549053090061,-0.6090234697837548,-0.480216261465471,-0.56156504726122,0.06815140858163471,-0.8246211755726643
2021-06-10T09:40:00,676590069.1846827,1220.2444955333717,1905.4789557136035,2910.207843335278,0.0,0.0,0.0,0.1713253817934139,0.8556351801671642,0.40504923012394406,-0.2728940695391634,0.5229278959727091,0.7866561032932551,-0.3282051047211591,0.5996413806814328,-0.6131654694586824,-0.5142551133804879,-0.6057859607056113,0.07211298229157542,-0.7923528807273904
2021-06-10T09:41:00,676590129.1846827,1325.1582037853152,2023.703544403912,2780.3296594859294,0.0,0.0,0.0,0.18339084181266144,0.8490905834898183,0.3972707895267947,-0.2959542193598878,0.5091740396636731,0.7831883598183715,-0.35687223256732237,0.5660871861126959,-0.6170874378560013,-0.546578806540581,-0.6482955306429208,0.0762829409850257,-0.7575577983646455
2021-06-10T09:42:00,676590189.1846827,1427.007081934214,2134.881585438107,2641.8838242472266,0.0,0.0,0.0,0.19526094103594166,0.8417524433537602,0.3894669254606527,-0.3188126455866509,0.49334802197253363,0.7801727866067778,-0.3846272900536357,0.5311661578411471,-0.6203773577559698,-0.577056710166336,-0.6888180035249236,0.08038878666789756,-0.7204633238395979
2021-06-10T09:43:00,676590249.1846827,1525.4126072352146,2238.691694685326,2495.2840334967864,0.0,0.0,0.0,0.2069580619053687,0.8336866266600858,0.38144494107200516,-0.3415182660870061,0.4757300617189989,0.7773710092670476,-0.41155221093801586,0.4946511754484527,-0.6233362350858964,-0.6056171667451348,-0.7273246338494946,0.08453550721484915,-0.681067269082597
2021-06-10T09:44:00,676590309.1846827,1620.0028379131138,2334.8364155531362,2340.969912142444,0.0,0.0,0.0,0.21844473270178166,0.824885488537591,0.3732588207257644,-0.3640380231587886,0.45630834089010586,0.7748359466950876,-0.43750651851514866,0.4567471920462611,-0.6259195030105176,-0.6321445865535211,-0.7636522118032358,0.08862297365916932,-0.6395164328989765
2021-06-10T09:45:00,676590369.1846827,1710.4137181106607,2423.043291594152,2179.406200468249,0.0,0.0,0.0,0.22972844719625524,0.8153341426460841,0.3649244048872136,-0.38637450110234445,0.4350898472312549,0.7725930819276359,-0.46238161143566264,0.41754822522975904,-0.628110038533021,-0.6566058628290843,-0.7977156789506912,0.09261592331561552,-0.5958791708934239
2021-06-10T09:46:00,676590429.1846827,1796.290539870411,2503.066043599251,2011.0816642610394,0.0,0.0,0.0,0.2407981775558753,0.80506429792578,0.3564100600014633,-0.40848449544724885,0.41222457221791997,0.7705906735845838,-0.48606678125974667,0.377141385330469,-0.629976213631045,-0.6788919985756989,-0.8293583529034769,0.09654006444761326,-0.5503133093299516
2021-06-10T09:47:00,676590489.1846827,1877.2894005357186,2574.685515720941,1836.507691737293,0.0,0.0,0.0,0.2515938231211872,0.794057181559373,0.3477818424998039,-0.43037371040607425,0.3876525188375007,0.7688760736496698,-0.5084831442712817,0.33575860496201027,-0.631496676389413,-0.6989120881077178,-0.8584821977379069,0.1002074402337117,-0.5029580351171469
2021-06-10T09:48:00,676590549.1846827,1953.0786836300867,2637.710380387741,1656.2168161339164,0.0,0.0,0.0,0.26212821966798466,0.7823258392841422,0.33904767598063573,-0.45199751222123463,0.36148984471588946,0.7674541216835984,-0.5294707388308999,0.29352890899195655,-0.6326709397316453,-0.7166367710389053,-0.884966593580387,0.10364194676835109,-0.4539740907990154
2021-06-10T09:49:00,676590609.1846827,2023.3404592850027,2691.977692945156,1470.7611475301055,0.0,0.0,0.0,0.2723915815455174,0.7698776371977848,0.3301453911068046,-0.47338702007640965,0.3338174999082239,0.7662363854375558,-0.5490425105459613,0.250449829110625,-0.6336136940681335,-0.7319894601616831,-0.9087578114401447,0.10684328860963915,-0.4034151110526176
2021-06-10T09:50:00,676590669.1846827,2087.771740004233,2737.353411940932,1280.7108643873428,0.0,0.0,0.0,0.282340194642617,0.7567097940635346,0.32115880695968235,-0.49450108470025206,0.3046513958850153,0.7652830943628119,-0.5670355477990696,0.20681296434179447,-0.6342820704028053,-0.7449259378929491,-0.9297397080718188,0.10967242428254237,-0.3515053834388865
2021-06-10T09:51:00,676590729.1846827,2146.0858159626646,2773.7329522217615,1086.6526284457113,0.0,0.0,0.0,0.2918364856954922,0.7426527344818117,0.3125391639120193,-0.5153810751325357,0.27340323683281514,0.7650301329451279,-0.5830776670181252,0.16340212590255326,-0.6343014732761617,-0.7556198688826394,-0.9479189919712896,0.11131278761063812,-0.29842762602427264
2021-06-10T09:52:00,676590789.1846827,2198.0135536985445,2801.0416247310827,889.187857100217,0.0,0.0,0.0,0.3011569105484929,0.7281165754353046,0.30327693371114106,-0.5358860599829218,0.24169846438949694,0.7644135052254738,-0.5977071568424317,0.11887034430362949,-0.6346552334153103,-0.76359843893482,-0.963042934430701,0.1135109145741598,-0.24426129188973478
2021-06-10T09:53:00,676590849.1846827,2243.3046984560992,2819.234980885195,688.9309007635874,0.0,0.0,0.0,0.31046127640303955,0.7132837278323341,0.2931432332819966,-0.5557941743530433,0.21031976107239153,0.7632937340224508,-0.6108586364327807,0.07308345887437345,-0.6353616812703448,-0.7687485557789873,-0.9748971259273512,0.11703935054239156,-0.18941326321882876
2021-06-10T09:54:00,676590909.1846827,2281.729108278715,2828.2990063965813,486.50708823670084,0.0,0.0,0.0,0.318993682786817,0.6972848213499836,0.28387176259322855,-0.5757201843423928,0.17592618348595002,0.7631811462484188,-0.6217752937959321,0.02857673881607853,-0.6353197054886347,-0.7717203132071051,-0.9839884897511278,0.11799749924801095,-0.13357859936572977
2021-06-10T09:55:00,676590969.1846827,2313.077891524956,2828.2501868977315,282.5507286514803,0.0,0.0,0.0,0.32706868985321147,0.68060298647095,0.27470700044501367,-0.5952660840590795,0.14038870615094456,0.7633186062692152,-0.6305836316528416,-0.015452986639803865,-0.6351242720484139,-0.7722553750275111,-0.9899758665690661,0.11816033335343512,-0.07736872257334546
2021-06-10T09:56:00,676591029.1846827,2337.164444057323,2819.1354583408693,77.70306211337083,0.0,0.0,0.0,0.33480327153984435,0.6633571695134693,0.26531316075508593,-0.6143882825635931,0.1042719299574088,0.7633931887024064,-0.6374623158004946,-0.05940363928974274,-0.6350313921927263,-0.7701988954607129,-0.9927731726140122,0.11817770674936967,-0.020867615229551578
2021-06-10T09:57:00,676591089.1846827,2353.825402185635,2801.0320229241343,-127.38979738420983,0.0,0.0,0.0,0.34214053094999564,0.6455079326936262,0.25583498361885176,-0.6330938532852755,0.06748126817828781,0.763501156981431,-0.6422711746085653,-0.10292711143537998,-0.6349766364759938,-0.7656439648173311,-0.9923972431323148,0.11777374247959399,0.035735939972685565
2021-06-10T09:58:00,676591149.1846827,2362.921608740531,2774.0471114641578,-332.07890445825547,0.0,0.0,0.0,0.3491440418195582,0.627097138128336,0.24619440553378621,-0.6513339635678606,0.03030476517369307,0.76359435949576,-0.6449847093955232,-0.1460431309619829,-0.6349735054915367,-0.7586040147683184,-0.9888139486812417,0.11718490291010164,0.09227498807023277
2021-06-10T09:59:00,676591209.1846827,2364.3390464367194,2738.3176352462046,-535.7146727203742,0.0,0.0,0.0,0.35565504574604123,0.608078166904584,0.23651632150168905,-0.6691864172505685,-0.007500862738684555,0.7636398741232854,-0.6455988535516063,-0.18835822923623619,-0.6351390361973821,-0.7490791561492351,-0.982071746125081,0.11598511692123964,0.14860194519454134
2021-06-10T10:00:00,676591269.1846827,2357.989595443174,2694.0096633853514,-737.6490941754089,0.0,0.0,0.0,0.3617611502814507,0.5885131901805122,0.2267804624318851,-0.6865505931756073,-0.045562190261195734,0.7636612514600409,-0.6440074377187632,-0.22980807779443913,-0.6353989840124439,-0.737194939277515,-0.9721688815216354,0.11440989526451806,0.20444569368547325
2021-06-10T10:01:00,676591329.1846827,2343.811666695761,2641.3178266009313,-937.2379311665348,0.0,0.0,0.0,0.36741179169694077,0.5684024386114849,0.2169548180246978,-0.7034613351410519,-0.08385448620512193,0.7635552743348901,-0.6402747599106537,-0.2702846837998936,-0.6358783645158281,-0.7229141686561875,-0.9591217935416054,0.11243686484443632,0.25969854943277465
2021-06-10T10:02:00,676591389.1846827,2321.770779992646,2580.4646826627995,-1133.842960997655,0.0,0.0,0.0,0.37261342528320596,0.5477748930837628,0.2070801698675346,-0.7198747842878108,-0.12220380361157801,0.7633366541148927,-0.6343369631887641,-0.3096033824790679,-0.6365540770926993,-0.7063601436195147,-0.942980368799045,0.11007297316481612,0.3141209395094108
2021-06-10T10:03:00,676591449.1846827,2291.860028936395,2511.6998638636996,-1326.8343763017408,0.0,0.0,0.0,0.37732428732748813,0.5266644137581382,0.19718978971685344,-0.7357765722724684,-0.16050195494719954,0.7629584315305766,-0.6262056804393662,-0.3475470515293081,-0.6374851380484529,-0.6876218042940683,-0.9238236679320417,0.10727129403408725,0.3674815642244394
2021-06-10T10:04:00,676591509.1846827,2254.1002812523066,2435.29892218917,-1515.5930203407165,0.0,0.0,0.0,0.38153872705395264,0.505039504616561,0.187269073201552,-0.7511947768434893,-0.19872659706941614,0.7623763577723146,-0.6158652683233804,-0.38406323793345726,-0.638716987960562,-0.666735358713377,-0.9016668835469553,0.10403316010006924,0.4197307859977807
2021-06-10T10:05:00,676591569.1846827,2208.540343768715,2351.5621772590816,-1699.51239203378,0.0,0.0,0.0,0.3853043518026288,0.48300254903974876,0.1772708367368053,-0.766044479482552,-0.2364981882061223,0.7615650752665859,-0.6033964228510316,-0.41907601120944155,-0.6402312138491781,-0.6438006598645205,-0.8766093222205691,0.1006112764425906,0.470567176127476
2021-06-10T10:06:00,676591629.1846827,2155.2571369785933,2260.8135619673876,-1878.0006797619346,0.0,0.0,0.0,0.3884496058619463,0.4607976293408061,0.16704434958835873,-0.7803003484365453,-0.2735448969991835,0.760162006178416,-0.5893444779486036,-0.4522674450380453,-0.6424061779526016,-0.6186828433754152,-0.8488977249848563,0.09730378662280581,0.5195234601289906
2021-06-10T10:07:00,676591689.1846827,2094.3557720247845,2163.3994095064136,-2050.4828694202124,0.0,0.0,0.0,0.39163654713897794,0.43740140073912076,0.15703503676559882,-0.7941289736589021,-0.3106016591530285,0.75939454854637,-0.5717049317344048,-0.48464516836080107,-0.6439216243461723,-0.5920168937487491,-0.8177075700492915,0.09319260344813729,0.5680400237189642
2021-06-10T10:08:00,676591749.1846827,2025.9693946227562,2059.6871587145197,-2216.402951648156,0.0,0.0,0.0,0.39388569244587446,0.4141611312706829,0.1471111059208376,-0.8072688159131197,-0.3466492372620444,0.7577986771931113,-0.5527888124320298,-0.5140878689904899,-0.6464247676023643,-0.5637807045182075,-0.7845686517204595,0.08874787138067114,0.6136577597186725
2021-06-10T10:09:00,676591809.1846827,1950.2586388224163,1950.063762566568,-2375.225907134485,0.0,0.0,0.0,0.39563315447611913,0.3906273241433325,0.1370963097921151,-0.8198105284474453,-0.3817694014237902,0.7557955801728325,-0.5320010950437344,-0.5415813215967554,-0.6493580178413192,-0.5338762373085213,-0.7489604770840935,0.08430424459304714,0.6572297909480085
2021-06-10T10:10:00,676591869.1846827,1867.4111121662547,1834.9341293693726,-2526.4391781213826,0.0,0.0,0.0,0.396856249105012,0.3668024753177143,0.12696633166135693,-0.8317695668101573,-0.41592212329419664,0.7533290302787505,-0.509415507708319,-0.567042771337168,-0.6527693363415179,-0.5023491704049268,-0.7109650362913154,0.07992224766316042,0.6986709894505118
2021-06-10T10:11:00,676591929.1846827,1777.641072372377,1714.7197318976434,-2669.5543021027297,0.0,0.0,0.0,0.39764684571125236,0.34268089378253536,0.11669041924542224,-0.8431074292097194,-0.44889358226458864,0.7504931739676958,-0.4850304605172331,-0.5905428653161754,-0.6565206643044383,-0.46929707176310026,-0.6706367690678959,0.07576683422945113,0.7379063021854607
2021-06-10T10:12:00,676591989.1846827,1681.1889313326915,1589.8570660866767,-2804.1086932615353,0.0,0.0,0.0,0.3980095424239202,0.3182355485494166,0.1063480909510422,-0.8538176756954745,-0.4806290795579071,0.7473426509559982,-0.45877516273811086,-0.6119676787120455,-0.6605569753811411,-0.4349253297832967,-0.6280853828064379,0.07171781046141756,0.7748324383810414
2021-06-10T10:13:00,676592049.1846827,1578.3205649186073,1460.7959635389961,-2929.6672576051246,0.0,0.0,0.0,0.39799027738033615,0.2934573126836756,0.0959452568405024,-0.8638756000912451,-0.5109730894863975,0.7439398538791555,-0.4306506654249903,-0.63131650493052,-0.6647964936010662,-0.3993558472065234,-0.5833917829581068,0.06781678189053292,0.8093546266445713
2021-06-10T10:14:00,676592109.1846827,1469.3266128301689,1327.997901685625,-3045.8237885856056,0.0,0.0,0.0,0.39762165483498,0.2683827897091315,0.08552593829471192,-0.8732428136967663,-0.5397353955884722,0.7403478851337761,-0.4007127546346635,-0.6485331254856731,-0.6691646669702023,-0.36279943994780717,-0.5367406150988946,0.06405979594568617,0.8413119841335064
2021-06-10T10:15:00,676592169.1846827,1354.521747774052,1191.93426009471,-3152.2024611082365,0.0,0.0,0.0,0.39687408220051407,0.24289859763871052,0.07531692440396374,-0.8819402445976571,-0.5669824682852949,0.7366272008931511,-0.3686614267338473,-0.6634496996284167,-0.6736366475516544,-0.3256503694736604,-0.48822676772180157,0.059950262548960354,0.870655264326951
2021-06-10T10:16:00,676592229.1846827,1234.2436595596419,1053.0844237365145,-3248.45911101151,0.0,0.0,0.0,0.3954004348253202,0.2176499599127052,0.0650988574787857,-0.8899714208023213,-0.5925739821798911,0.7321277009759329,-0.33592425501467016,-0.6754526460934506,-0.6788412697898092,-0.2879900229443998,-0.43888472122964384,0.05624553221238887,0.8967812674099092
2021-06-10T10:17:00,676592289.1846827,1108.852024555519,911.9340112064115,-3334.2823169607937,0.0,0.0,0.0,0.39357762641497457,0.19206954468441043,0.05471067182650834,-0.8973364387890252,-0.6164118839805561,0.7273595990026926,-0.3016362097397853,-0.68532658369431,-0.6842067887476937,-0.24937630984809842,-0.3877677951679684,0.053000792165882216,0.9202320647860307
2021-06-10T10:18:00,676592349.1846827,978.7273601858319,768.9731492868908,-3409.394609901039,0.0,0.0,0.0,0.39139680502857244,0.1663409731318551,0.044280228851909555,-0.9039792492108409,-0.6382784433419463,0.7223604126219574,-0.2660752958123272,-0.6928979471910459,-0.6896956046924964,-0.21026746692317028,-0.335399856206613,0.0501538347934366,0.9407398839807399
2021-06-10T10:19:00,676592409.1846827,844.2696158960891,624.6945794823858,-3473.553447973978,0.0,0.0,0.0,0.3887660342737094,0.1405030770025184,0.03381193518051578,-0.9099322002145358,-0.6582397118958347,0.7170028277352564,-0.22940668408513015,-0.6980001040061676,-0.6954354472688832,-0.17077878524368129,-0.28198641189012535,0.04771251095440937,0.9582312767843457
2021-06-10T10:20:00,676592469.1846827,705.8967908624547,479.59182993964447,-3526.55184887049,0.0,0.0,0.0,0.38581640763586883,0.1146471625967979,0.023468869387305816,-0.9151234560851,-0.676003455414913,0.711520567309367,-0.19172326557529268,-0.7007580101709291,-0.7011898235372693,-0.131419338565726,-0.2279419650884357,0.04551168710924158,0.9726104805563698
2021-06-10T10:21:00,676592529.1846827,564.0435911985674,334.1574188522076,-3568.2188947162504,0.0,0.0,0.0,0.3823427248128065,0.08846985834729144,0.013093007273809945,-0.9196823897994659,-0.6919742498934575,0.7055844147542706,-0.15271630934598968,-0.7009510687588547,-0.7072852278864931,-0.09173442984709143,-0.17274037365423908,0.04356879697013416,0.9840033146490759
2021-06-10T10:22:00,676592589.1846827,419.16001868548415,188.8811822426432,-3598.4201002680998,0.0,0.0,0.0,0.3787511886501303,0.06237224661268161,0.002575506845212899,-0.9233908201368967,-0.7053144798972005,0.6997920217271412,-0.11323696734892791,-0.699149461134732,-0.7130818077212073,-0.05200352384280307,-0.11713887246493149,0.04249072633052575,0.9922061392339541
2021-06-10T10:23:00,676592649.1846827,271.70995117926896,44.248853871388974,-3617.0578634080093,0.0,0.0,0.0,0.37486606286997926,0.03621983069851564,-0.007939864458416733,-0.9263371510011427,-0.7163271175450634,0.6939295602790773,-0.07305632101650927,-0.6950798824648896,-0.7188247869214858,-0.012445187820049525,-0.06115077809951752,0.04186515350702946,0.9972501648331056
2021-06-10T10:24:00,676592709.1846827,122.16972048145612,-99.25960659139423,-3624.0720860364613,0.0,0.0,0.0,0.37049020377390895,0.01006755391547883,-0.018379580789393783,-0.9285999376888481,-0.7252713065314529,0.6877042854364788,-0.03231636914106856,-0.6884444351186433,-0.7247983998351472,0.026674694948255223,-0.005078550613302479,0.04159441535485764,0.9991216707363302
2021-06-10T10:25:00,676592769.1846827,-28.973387331821186,-241.17197600422537,-3619.4405684769017,0.0,0.0,0.0,0.3659075447547958,-0.016136407014540985,-0.028783760880117082,-0.930066008501426,-0.7317025701203566,0.681565272223241,0.00895145678223147,-0.6797074062993578,-0.7305663276022268,0.06535046132656949,0.05108023787204269,0.04173272903915043,0.9978222229565145
2021-06-10T10:26:00,676592829.1846827,-181.2229756694237,-381.0255493091312,-3603.1790793608916,0.0,0.0,0.0,0.36093733261293043,-0.04227498949348002,-0.03921878334452527,-0.9308055404984246,-0.7358741343791783,0.6752408852453504,0.050388542792693,-0.668608990630003,-0.7363722579184764,0.10352736554541558,0.10701063498748256,0.042492877769350235,0.9933494245926027
2021-06-10T10:27:00,676592889.1846827,-334.0754011358606,-518.368630201483,-3575.3410750860494,0.0,0.0,0.0,0.3557227385891027,-0.06839440978909203,-0.049574513596581354,-0.9307663001859989,-0.7375670759205413,0.6689707137732599,0.09204886002399931,-0.6554082353811818,-0.7420074017046626,0.14094346671634347,0.16258798698719376,0.043625679698898634,0.9857291446225284
2021-06-10T10:28:00,676592949.1846827,-487.0214681467546,-652.7619674226587,-3536.0175127685234,0.0,0.0,0.0,0.3502429028186634,-0.09451815468418268,-0.05989875927779583,-0.9299507331559205,-0.7367924549205065,0.6627403289073661,0.13383622384081767,-0.6400942481281289,-0.7474840953242738,0.17761441594233554,0.21775268513958373,0.045197164479729324,0.974956914144155
2021-06-10T10:29:00,676593009.1846827,-639.548253067695,-783.7803549568619,-3485.3365127349653,0.0,0.0,0.0,0.34475994285077266,-0.12054203632886905,-0.07011643880048497,-0.9282746814888143,-0.7332203985664434,0.6569678089060835,0.17544556189087818,-0.6231598956535275,-0.7524485336309398,0.2132907609010135,0.2721389196258977,0.047058498677586935,0.9611066049752548
2021-06-10T10:30:00,676593069.1846827,-791.1408673623871,-911.0139812719162,-3423.4627638299717,0.0,0.0,0.0,0.33862470462894495,-0.14644684319123724,-0.0803895556720379,-0.9259720032879684,-0.727773263068562,0.6506595855235537,0.21676757444058592,-0.6035683989086891,-0.7577416575076242,0.2480579938570815,0.3256551326193697,0.04969591777918486,0.944181682916347
2021-06-10T10:31:00,676593129.1846827,-941.2842057862156,-1034.0696354847335,-3350.5970111023075,0.0,0.0,0.0,0.3325821735756794,-0.172283231804087,-0.09055728528532632,-0.9227713497614498,-0.7194151717176318,0.6449976059787743,0.25772058315963076,-0.5825915988893315,-0.7623769518028575,0.2817240001550383,0.3781915382528577,0.052530673338854694,0.9242357322417825
2021-06-10T10:32:00,676593189.1846827,-1089.4647618670115,-1152.5719541668018,-3266.975493147564,0.0,0.0,0.0,0.32608048962627684,-0.19800599464637406,-0.10060196507684212,-0.9188821387924926,-0.7089302807383753,0.6390986597694326,0.29827966764954544,-0.5594194911357528,-0.7671015178155308,0.3140144810395277,0.42949701976803445,0.055750914306617494,0.9013457414135557
2021-06-10T10:33:00,676593249.1846827,-1235.1725005439657,-1266.1647076130598,-3172.869199323538,0.0,0.0,0.0,0.31965043561745565,-0.22359840485257967,-0.11057609275851481,-0.9141117437530344,-0.6956547047139054,0.6338417100986484,0.3380964630821061,-0.5349431582761092,-0.7711930534396624,0.3451044649667571,0.4794792479586479,0.059211154908775765,0.8755533621152843
2021-06-10T10:34:00,676593309.1846827,-1377.90269511635,-1374.5119124910602,-3068.5828810300345,0.0,0.0,0.0,0.31308384098734415,-0.24905256619832924,-0.12044072892442599,-0.9085402349917098,-0.6799026555652765,0.6288906781523488,0.37713246199228717,-0.5089063876986463,-0.7749450786575288,0.37479916438539695,0.5279646460841864,0.06290182825288626,0.8469337001723596
2021-06-10T10:35:00,676593369.1846827,-1517.1576557315134,-1477.2988132698079,-2954.4540461428824,0.0,0.0,0.0,0.306221057232286,-0.2742613965280569,-0.13015860345620567,-0.9022572185515343,-0.662018700964042,0.6239752794287061,0.4151940392584538,-0.48118535801254403,-0.7785748041077426,0.40284230865554593,0.5746232598914025,0.06690384944424704,0.8156788486416203
2021-06-10T10:36:00,676593429.1846827,-1652.4485067747592,-1574.2328839512734,-2830.8519290471254,0.0,0.0,0.0,0.2993704977145774,-0.2994000668418521,-0.13976838173755388,-0.8950987121763087,-0.6414738101464412,0.6196256196049998,0.4523001685002198,-0.45223896826659504,-0.7816842091291831,0.4294760910449482,0.6196702885223502,0.07094990294005632,0.7816487988831198
2021-06-10T10:37:00,676593489.1846827,-1783.2970128947863,-1665.0446861887503,-2698.176327836911,0.0,0.0,0.0,0.29234593828715494,-0.324260999065412,-0.1492078488128928,-0.8872010339853831,-0.6187773137042079,0.615503809708521,0.4881287701819075,-0.4219746652106425,-0.784541740439264,0.4543474875344826,0.66261000442596,0.0751619434476502,0.7451836446754598
2021-06-10T10:38:00,676593549.1846827,-1909.2374799884865,-1749.4886573931353,-2556.85640171132,0.0,0.0,0.0,0.2851646774909972,-0.3489010003619238,-0.15851170371531614,-0.8785347110064419,-0.5938983973158087,0.6116639190482902,0.5226394013085892,-0.39044435106690356,-0.7871102929934469,0.47750455011833653,0.7034471567826956,0.07952758514035946,0.7062842634634332
2021-06-10T10:39:00,676593609.1846827,-2029.8186182238808,-1827.3439955319866,-2407.3491516465356,0.0,0.0,0.0,0.2779898480555472,-0.3733218651834671,-0.16760114185952565,-0.8690582757222752,-0.566704858707982,0.6083170978106565,0.5556940809726036,-0.35804041426714817,-0.789263003250874,0.49886969586337854,0.7420597448104669,0.0837509415507166,0.6650812844466408
2021-06-10T10:40:00,676593669.1846827,-2144.6052060204847,-1898.415294182737,-2250.1376714461267,0.0,0.0,0.0,0.2706950676878135,-0.3974658406489384,-0.17650577884658997,-0.8588310636443476,-0.5374901716934457,0.605272701348518,0.5871535338693091,-0.3246526302738961,-0.7911397807264976,0.5183613768484978,0.778270508877981,0.08799320629626561,0.6217332311019829
2021-06-10T10:41:00,676593729.1846827,-2253.1797015245065,-1962.5329197446927,-2085.729396434769,0.0,0.0,0.0,0.2633192637409689,-0.42132573080338137,-0.18520508504074532,-0.8478482590540368,-0.5062951878118213,0.6025728942829314,0.6169044414446081,-0.29044622306975365,-0.7927240836359288,0.5359379803000458,0.8119767079806586,0.09216525537895731,0.5763674100760939
2021-06-10T10:42:00,676593789.1846827,-2355.143710674033,-2019.5532585019064,-1914.6544099453713,0.0,0.0,0.0,0.25594457544165533,-0.44490432751624204,-0.19365670391295325,-0.8360918578056373,-0.47310502731862264,0.6003037623993863,0.6448310057487827,-0.25566893990576856,-0.7939789106631232,0.5515712851387942,0.8430925372065075,0.09608788826559517,0.5291144407737823
2021-06-10T10:43:00,676593849.1846827,-2450.119525298698,-2069.359036955063,-1737.4637704186148,0.0,0.0,0.0,0.2485201368242695,-0.46817971659391583,-0.20186991995704748,-0.8235860792773408,-0.4380909891257741,0.5983782540457907,0.67083511411666,-0.220332646388483,-0.7949725540187634,0.5652186862554461,0.8715100746303791,0.09981033735037531,0.4801125767731518
2021-06-10T10:44:00,676593909.1846827,-2537.7515365276636,-2111.8595444841176,-1554.7276176585567,0.0,0.0,0.0,0.2410386704520253,-0.4910922789147184,-0.20982755207334342,-0.8103709837648291,-0.4014574658741369,0.5967508704527381,0.6947807580149405,-0.18457210754555842,-0.7957455154752565,0.576820779547,0.8970869747187877,0.1033318596315646,0.4296015439625136
2021-06-10T10:45:00,676593969.1846827,-2617.7076158620075,-2146.990771337079,-1367.0332616378382,0.0,0.0,0.0,0.23357857076916708,-0.5136767827000243,-0.21749974965214836,-0.7964113717756912,-0.3631544283847707,0.595498403206108,0.7165895009860987,-0.14860011664860287,-0.7962698203573721,0.5864063254434252,0.919802623651701,0.10647077048192233,0.3776600436324098
2021-06-10T10:46:00,676594029.1846827,-2689.680403173877,-2174.7153618948514,-1174.9831408647099,0.0,0.0,0.0,0.22604807597863324,-0.535874888487748,-0.22489982229687153,-0.7817675109426315,-0.3234807424692038,0.5944704178108746,0.7361828112631652,-0.11239774903387328,-0.7966446745543874,0.5939057235927708,0.9395354997357426,0.10937177356109068,0.32451634763815873
2021-06-10T10:47:00,676594089.1846827,-2753.388539431826,-2195.0225247661087,-979.1928645320252,0.0,0.0,0.0,0.21849148138107316,-0.5576614979101452,-0.2320073140312103,-0.7664513895535324,-0.2825502526250348,0.5936892915577748,0.7534576164796242,-0.0761631064827582,-0.7968681575998552,0.5993332300267595,0.9562241034153162,0.11195608287645614,0.27037251996927325
2021-06-10T10:48:00,676594149.1846827,-2808.5779465963915,-2207.927871280386,-780.2890172472153,0.0,0.0,0.0,0.21791163866265958,-0.5764980173964943,-0.24786835673936508,-0.7474796528338365,-0.24032910734653185,0.6115602645031764,0.7538142762264618,-0.03997779956089248,-0.7821515909253628,0.6218043618013575,0.9698678753852447,0.1193018511747792,0.21242262733047632
2021-06-10T10:49:00,676594209.1846827,-2855.0228344103407,-2213.4729843548794,-578.9068182910262,0.0,0.0,0.0,0.21977428434200438,-0.5943005260453819,-0.2651410743511391,-0.7267780674841984,-0.19701229736828435,0.6346012192398487,0.7473067959178266,-0.004307299387369928,-0.7627989492677671,0.6466213808466112,0.9803915553785941,0.12417348966380892,0.15301419086821208
2021-06-10T10:50:00,676594269.1846827,-2892.526509286137,-2211.724897888287,-375.6878393501281,0.0,0.0,0.0,0.22207955544063226,-0.6117220520196258,-0.2814655433257975,-0.7051623572259816,-0.1529536042563786,0.6575616450845803,0.7377112428712496,0.03115307385972299,-0.7429156379512093,0.6686597347505217,0.9877422138058459,0.12525588928752235,0.09314655798642357
2021-06-10T10:51:00,676594329.1846827,-2920.922000321531,-2202.775404130451,-171.277704905438,0.0,0.0,0.0,0.22503477126754057,-0.6287854387628041,-0.2967849220924814,-0.6825737569955304,-0.1079764474408671,0.6804337334696412,0.7248110244433477,0.06602241635478129,-0.7225561234782508,0.6881523733612771,0.9919587326782933,0.1221580238078862,0.03309516403685506
2021-06-10T10:52:00,676594389.1846827,-2940.0724176527897,-2186.740227651676,33.675840694186945,0.0,0.0,0.0,0.2283360124677289,-0.6454218431026653,-0.3110373691474309,-0.6592033562188079,-0.06258661971259144,0.7025403556665708,0.708886425101257,0.10046089260918503,-0.7022368408083641,0.7048198553301789,0.992970555499566,0.1153276552756401,-0.02662720112039349
2021-06-10T10:53:00,676594449.1846827,-2949.8716040061286,-2163.7586819516137,238.52471350978067,0.0,0.0,0.0,0.22718495955798165,-0.6631598690959384,-0.3197860294426259,-0.6374502941756448,-0.017211964342592034,0.7137767614527981,0.700161754949115,0.1345002842427286,-0.6922477790479165,0.7090152931650009,0.9907640596136371,0.1063755010008523,-0.08408823321204438
2021-06-10T10:54:00,676594509.1846827,-2950.2448403073595,-2133.9931842415117,442.6230313944392,0.0,0.0,0.0,0.22619574544596205,-0.6809514686806605,-0.3266287488846201,-0.6151863477401501,0.029718835912405706,0.7231417215631415,0.6900600273358164,0.16653158350209343,-0.6842982902884268,0.7099317443280176,0.9855881606879707,0.09381844404503892,-0.14076248459256163
2021-06-10T10:55:00,676594569.1846827,-2941.148923941317,-2097.628273949891,645.3296913167495,0.0,0.0,0.0,0.22332104509474626,-0.6986310941733382,-0.33162144328445203,-0.5933544669300903,0.0759153898560907,0.7283791828792443,0.6809556663477897,0.19834502421338918,-0.6803098583434548,0.7055761815782183,0.9771878555082376,0.0815000772323144,-0.19611637478379756
2021-06-10T10:56:00,676594629.1846827,-2922.571932988305,-2054.8694384363534,846.0104639626842,0.0,0.0,0.0,0.21800364620021234,-0.7166202753043943,-0.3339195313543147,-0.5722128431328518,0.1221404174678663,0.7280759853883905,0.6745272996117355,0.22909804056618277,-0.6819443136470551,0.6945977547423996,0.9657100011025623,0.06969442291296779,-0.2500937447944617
2021-06-10T10:57:00,676594689.1846827,-2894.5330697565514,-2005.9417410085157,1044.0395814721405,0.0,0.0,0.0,0.20825268623375343,-0.7353782645794155,-0.3324727037562561,-0.5525500230002691,0.16830074667881378,0.7191264529532599,0.6741898867012295,0.2588463466799469,-0.6921854398668612,0.6737045982081201,0.9511432213277866,0.06112660222180366,-0.30263858151765594
2021-06-10T10:58:00,676594749.1846827,-2857.083029386414,-1951.088524426187,1238.8011704990006,0.0,0.0,0.0,0.18736860829356936,-0.756108402591827,-0.32307776285714984,-0.5374140371290889,0.21361382368766735,0.6899526628023335,0.6916172766939126,0.2871745819451096,-0.7210275275467004,0.6305950079127998,0.9337557998824888,0.06391109146198154,-0.3521583146454908
2021-06-10T10:59:00,676594809.1846827,-2810.304331359879,-1890.5702357067823,1429.6915174863498,0.0,0.0,0.0,0.16624598780804123,-0.775761122830614,-0.31421032709598745,-0.5213720573530443,0.2588860963153729,0.6608563376862504,0.7044479328342896,0.3141522869255805,-0.7472682837679222,0.5855753176953173,0.9133927576645302,0.06970662102311476,-0.40106689869836515
2021-06-10T11:00:00,676594869.1846827,-2754.310755748809,-1824.6631043595085,1616.1214332404677,0.0,0.0,0.0,0.1444959252756638,-0.7943461447129854,-0.30550821384770727,-0.5047770411081813,0.3037297400833065,0.6312349949218297,0.7136460090093439,0.33948209247047617,-0.7715713177006268,0.5379866267795004,0.8902247771663032,0.07886750210166388,-0.4486421326975986
2021-06-10T11:01:00,676594929.1846827,-2689.246641874634,-1753.6580400634975,1797.5179045257862,0.0,0.0,0.0,0.12205669804042318,-0.811730879969864,-0.2972304992019647,-0.4876978278719007,0.3476097180663618,0.6015959223652472,0.7192008273767014,0.363488776319124,-0.7935123856152397,0.4880717194892951,0.8643167205346955,0.09176295586302036,-0.494505982304998
2021-06-10T11:02:00,676594989.1846827,-2615.286570575019,-1677.8595813559807,1973.3259305648298,0.0,0.0,0.0,0.10789049830713476,-0.8267810310840795,-0.29446622874950373,-0.4669929412107098,0.3904144659708308,0.5876863867161861,0.7086615945775416,0.3861499821836343,-0.8032985610021661,0.453430935371009,0.8357420271951687,0.09662366563281694,-0.5405544664688173
2021-06-10T11:03:00,676595049.1846827,-2532.6343720450955,-1597.5844017934,2143.010543879924,0.0,0.0,0.0,0.10535334043048857,-0.8396155658853159,-0.29792461901125467,-0.44180006402242294,0.43210724963356356,0.5933745202589356,0.6791097139060782,0.4071940700702714,-0.8002831900942728,0.44015884059296245,0.8046591291433436,0.08633362241915049,-0.587426754179841
2021-06-10T11:04:00,676595109.1846827,-2441.5216612037702,-1513.159839384737,2306.057967543404,0.0,0.0,0.0,0.10295825600842799,-0.8519212145872425,-0.30058933553026207,-0.4162642105939161,0.4727403166881987,0.5978725379567751,0.6473523162348814,0.42644118931087693,-0.7980912977703571,0.4256738099558771,0.7711449312785933,0.07482451991394018,-0.6322474089966539
2021-06-10T11:05:00,676595169.1846827,-2342.2069509405264,-1424.9227495696111,2461.9763587682223,0.0,0.0,0.0,0.10076498647154536,-0.8635768851787715,-0.30274404119668,-0.3904195517724787,0.5118372382273595,0.6015667539112863,0.6133026024340896,0.4442042705009638,-0.7963849260425844,0.41043101203594956,0.7353265992961872,0.06235775942723687,-0.6748379821903321
2021-06-10T11:06:00,676595229.1846827,-2234.975092464264,-1333.2183414745764,2610.2969577367694,0.0,0.0,0.0,0.10059429349708228,-0.8744601600153513,-0.30490721584538655,-0.3636369156001133,0.549599566676502,0.6064180227444871,0.5746281388860697,0.46009882828748094,-0.7938247556824757,0.3976824430046482,0.6973158427265859,0.04581963505228909,-0.715297963457318
2021-06-10T11:07:00,676595289.1846827,-2120.1365352743073,-1238.3988285980256,2750.5753172824043,0.0,0.0,0.0,0.10001250168838077,-0.8848140507951703,-0.30602829467090664,-0.336820839441817,0.5857968099570532,0.6089288596781188,0.5348343120025547,0.47418368058469296,-0.7926883647336964,0.383138347706115,0.6572609333524203,0.029168480709894973,-0.7530984432474831
2021-06-10T11:08:00,676595349.1846827,-1998.0265078963812,-1140.8220688219349,2882.3925026760744,0.0,0.0,0.0,0.09808794043797531,-0.8946847918274894,-0.30599516765269363,-0.31029798031317946,0.6201642415735233,0.6084114253651021,0.49520889628392334,0.48666546612116945,-0.7934914266276722,0.3654149421595214,0.6152666394000261,0.014383787873372966,-0.788187838708396
2021-06-10T11:09:00,676595409.1846827,-1869.0039928158444,-1040.8501951894177,3005.3562695956334,0.0,0.0,0.0,0.09389296794916359,-0.9042079198818317,-0.30451592513852493,-0.28436279561450506,0.6528157036146631,0.6040907561899288,0.4570623758306653,0.49729208877166,-0.7969083238134511,0.3429835300447459,0.5714299918268309,0.003388469081367085,-0.8206438220800012
2021-06-10T11:10:00,676595469.1846827,-1733.450507011854,-938.848254535288,3119.102069114846,0.0,0.0,0.0,0.08693538753409875,-0.9135956880937567,-0.30098005964700336,-0.2592222227851573,0.6844296858184176,0.595019338181964,0.42131697373830096,0.5048770006008517,-0.8037064841783648,0.31488903053923556,0.5259802462400944,-0.00280615023641384,-0.8504921552172369
2021-06-10T11:11:00,676595529.1846827,-1591.7688330161327,-835.1829120010874,3223.293822738685,0.0,0.0,0.0,0.07647761821288755,-0.9220384208570628,-0.2979431412551804,-0.2350025722303767,0.7120073512482042,0.5853749209324013,0.38779083758116445,0.513485172940076,-0.8107621169829589,0.2810654138025721,0.47893476480541297,-0.0009957955091086101,-0.8778499299151807
2021-06-10T11:12:00,676595589.1846827,-1444.3818123628873,-730.2212103397167,3317.6246241008994,0.0,0.0,0.0,0.05804921553495456,-0.9305173245170066,-0.29214079425584866,-0.21312332974371945,0.7384644053010236,0.5684274247140917,0.36271281330594213,0.5189408562988106,-0.8225680898146767,0.23255563911135663,0.4305469890351842,0.01649243619176871,-0.9024174697894525
2021-06-10T11:13:00,676595649.1846827,-1291.7311000834973,-624.3293555523345,3401.817378143269,0.0,0.0,0.0,0.03926492232344443,-0.9380683812179683,-0.28632972671868834,-0.19105304402504497,0.7630280439319312,0.5521970923417682,0.3359562105136735,0.5221903606085643,-0.8329471069442704,0.1830746960141348,0.380927068427683,0.03574196752372372,-0.9239140004873964
2021-06-10T11:14:00,676595709.1846827,-1134.275879505665,-517.8715650042573,3475.6254009758077,0.0,0.0,0.0,0.02270298182769815,-0.944524633550047,-0.28135367611606094,-0.1679223039660292,0.7852844175334386,0.5391156296937738,0.30443837044474864,0.5238662816321503,-0.8406493671042199,0.13737816622804178,0.32998864002882466,0.05160406386284189,-0.9425733488937438
2021-06-10T11:15:00,676595769.1846827,-972.4914780737795,-411.20892704885136,3538.832926294052,0.0,0.0,0.0,0.01588500076739317,-0.9498546121426351,-0.2781254046404319,-0.1420216245350688,0.8049522349160316,0.5328694239329539,0.26096374564495983,0.5238453694740496,-0.8447878520884321,0.10917652606861036,0.2786358347095391,0.048822761097419565,-0.9591550498300795
2021-06-10T11:16:00,676595829.1846827,-806.867938348925,-304.698330065533,3591.2554665776033,0.0,0.0,0.0,0.008887470872721712,-0.9545122729677765,-0.2745723001368361,-0.11591973780570185,0.8223453327692491,0.5262257271818471,0.21641311818965364,0.5221047940085605,-0.8490621297181074,0.08062309812845406,0.22617413146934298,0.046690298033828015,-0.9729672544970878
2021-06-10T11:17:00,676595889.1846827,-637.908571735273,-198.6914527919639,3632.740019966725,0.0,0.0,0.0,0.0018677869378558242,-0.9584591065480258,-0.27073422402318886,-0.08975317481669845,0.8372946951057698,0.5193106445535847,0.1710381477948011,0.5186400853233699,-0.8533989826290331,0.05217890707459166,0.17306084318384518,0.0450181174758742,-0.9838817579645561
2021-06-10T11:18:00,676595949.1846827,-466.12875516236045,-93.53381743907312,3663.1651431064456,0.0,0.0,0.0,0.00515100835233238,0.961667781140435,0.2667003803605885,0.06355669079572765,0.8496629083412277,0.512299563931084,0.12498839540192758,0.5136090881116255,-0.8576887484569433,0.02399406967371509,0.11949329185469704,0.04380830476500841,-0.9918680283361012
2021-06-10T11:19:00,676596009.1846827,-292.0549025664254,10.436127038938139,3682.441470158295,0.0,0.0,0.0,0.012160459141571588,0.9641529310562338,0.26242800949291234,0.03732008310182652,0.8594775024617212,0.5051338103962493,0.07834702519386155,0.5069491277791289,-0.8619673261341081,-0.003861414403626834,0.0655820448456915,0.043036754893716445,-0.9969186692614779
2021-06-10T11:20:00,676596069.1846827,-116.22291472546385,112.88810281708447,3690.5123422454344,0.0,0.0,0.0,0.019157954406798954,0.9659145291165502,0.2579138316101967,0.01107026145343182,0.8667158095509997,0.49782126729642445,0.03126805561171936,0.498669601553209,-0.8662268564941883,-0.03129954592259657,0.011503649904235413,0.04272024011612163,-0.9990208441885994
2021-06-10T11:21:00,676596129.1846827,60.82344368473787,213.5011524250142,3687.35381659794,0.0,0.0,0.0,0.026136870722933303,0.9669411099569372,0.25320022260166125,-0.015211874918243481,0.8713164922718817,0.4904545901839711,-0.016182251465629738,0.48886422695120446,-0.8704130225265637,-0.05824892980624402,-0.042653697406260044,0.042842329344292385,-0.9981709257005689
2021-06-10T11:22:00,676596189.1846827,238.53407143483287,311.964552952988,3672.9746275506477,0.0,0.0,0.0,0.03308983051273251,0.9672243293471001,0.24831744668171382,-0.041480182125509836,0.8732356803286178,0.48310249605615063,-0.06380771822697884,0.4776122072714689,-0.8744870175802257,-0.08461108407837198,-0.09667484712318841,0.04341007242517564,-0.9943689152149463
2021-06-10T11:23:00,676596249.1846827,416.3541624734062,407.9786336791959,3647.4161168214823,0.0,0.0,0.0,0.04003374661181682,0.9667585387523088,0.2432899939795454,-0.0677141470532882,0.872449546236557,0.47582706015577975,-0.1114468397718566,0.4649836561351134,-0.8784145559233074,-0.11035428160828953,-0.15040607966052683,0.04445758389259136,-0.9876241868421328
2021-06-10T11:24:00,676596309.1846827,593.7257340934758,501.2556028307688,3610.7520543699147,0.0,0.0,0.0,0.0469414469543802,0.9655428009042769,0.23812284852228727,-0.09392076017252518,0.8689527996404934,0.4686531570061355,-0.1590133655550079,0.4510180514799207,-0.8821880191389218,-0.13537731023698413,-0.2037246898051473,0.045918594446343,-0.9779507827328879
2021-06-10T11:25:00,676596369.1846827,770.0890557545766,591.5202602352114,3563.0884337029233,0.0,0.0,0.0,0.05382002332037832,0.963587089304289,0.2327716531712064,-0.12008615197359632,0.8627933471682357,0.46151759850292745,-0.20637137968798563,0.43566544050423356,-0.8858415251394749,-0.15962586347087004,-0.2564824828959751,0.04781525499941919,-0.9653654423879368
2021-06-10T11:26:00,676596429.1846827,944.8841358706125,678.5105862612132,3504.5634030588294,0.0,0.0,0.0,0.06065504174431322,0.9608708638470004,0.22733883779384886,-0.14616840202812958,0.8539037021581704,0.45461823196732876,-0.25331942405483,0.41915482986046576,-0.8892760374830755,-0.18302283399358626,-0.3084764108407881,0.05010381543655018,-0.9499115283190778
2021-06-10T11:27:00,676596489.1846827,1117.5523848687294,761.9784173935625,3435.347198226076,0.0,0.0,0.0,0.06743730522120218,0.9574027452867203,0.22177073849110598,-0.1721915582456448,0.8423356136360926,0.44787209705114817,-0.29980209919764483,0.40142355837144456,-0.892539898827224,-0.20550342037517683,-0.35962458312066936,0.05275522423889295,-0.9316045542668783
2021-06-10T11:28:00,676596549.1846827,1287.5383988820217,841.6902152542316,3355.6419159600705,0.0,0.0,0.0,0.07416486695792524,0.9531725117757514,0.21613304346440174,-0.19811169280745042,0.8280765293915631,0.44141000651315065,-0.3456102828633495,0.3826382971536552,-0.8955721600638565,-0.22702079127231783,-0.4097281965183448,0.05574685882288227,-0.9105026593641595
2021-06-10T11:29:00,676596609.1846827,1454.291729392757,917.4277795750243,3265.6810393500195,0.0,0.0,0.0,0.08081449369099306,0.9481745067877837,0.21045275225652949,-0.22392802717583946,0.8111317554255766,0.4352851294248096,-0.39063042820785115,0.36289860886705605,-0.8983573133542405,-0.2475050246465842,-0.4586609586858007,0.05899994614046289,-0.8866505125092097
2021-06-10T11:30:00,676596669.1846827,1617.2686015829586,988.9888177149637,3165.728870853811,0.0,0.0,0.0,0.08740390921739642,0.9424310588343796,0.20461640756471344,-0.24963249338405125,0.7916314880043454,0.4293114268511036,-0.43475428229644325,0.3420360036932957,-0.9009853648176562,-0.26690212543536307,-0.5062913779411472,0.06258650940469646,-0.8600883498007577
2021-06-10T11:31:00,676596729.1846827,1775.9336408513966,1056.1874478714983,3056.0798449776184,0.0,0.0,0.0,0.09390562583001766,0.9359112607863705,0.19879859631479888,-0.2751925934214162,0.7694963092585214,0.42379995525713565,-0.4777750809340768,0.3204314244210407,-0.9033217030814766,-0.2851904679078233,-0.5524483073383578,0.06635886275419656,-0.8309015399269357
2021-06-10T11:32:00,676596789.1846827,1929.7614367786573,1118.8547072479946,2937.0577404964747,0.0,0.0,0.0,0.10030015495706983,0.9286301945149943,0.1929603382271822,-0.30058634137612317,0.7448283184987363,0.4186753060791823,-0.5195592016718094,0.2980798796071667,-0.9054123735736785,-0.30228598901215153,-0.5969750089708293,0.07028102061851965,-0.7991754605874088
2021-06-10T11:33:00,676596849.1846827,2078.2380475529426,1176.839045877681,2809.0150170287034,0.0,0.0,0.0,0.1065970223637465,0.9205886528533583,0.18705352911383402,-0.3258290722248125,0.717692785878356,0.41386353055415614,-0.5600303948674693,0.2749338949593276,-0.9072961041384862,-0.3181589741271163,-0.6397877917721295,0.07436906273696653,-0.7649449810326019
2021-06-10T11:34:00,676596909.1846827,2220.86271896571,1230.006740320463,2672.3320426926707,0.0,0.0,0.0,0.11275450269728356,0.9117762377419193,0.18122663869251637,-0.3508666696038421,0.6880989711786412,0.40959987929982006,-0.5989555448783062,0.2513526919228867,-0.908886655099401,-0.3327865268386644,-0.6806920229634061,0.07844097819249668,-0.7283580045651932
2021-06-10T11:35:00,676596969.1846827,2357.1494910774795,1278.2420841989165,2527.4161589016676,0.0,0.0,0.0,0.11880510786681867,0.9022175018013691,0.17527356192349092,-0.3757234412153472,0.6562221484238991,0.4055454782642423,-0.6363217401420043,0.22699402241751565,-0.9103290496708113,-0.34608486692161694,-0.7196153178640917,0.08266732356175621,-0.6894344841321021
2021-06-10T11:36:00,676597029.1846827,2486.628861368733,1321.4476150845348,2374.700872361804,0.0,0.0,0.0,0.12468706878967392,0.8918893339991036,0.16943813222601098,-0.4003464376300049,0.622026898449451,0.4020761734271646,-0.6718759471565605,0.2024040781932714,-0.9114877084487999,-0.3580820387529758,-0.7563829233503944,0.08674622821151501,-0.6483517295072077
2021-06-10T11:37:00,676597089.1846827,2608.849477847315,1359.5443763682595,2214.644859285196,0.0,0.0,0.0,0.13042103196695276,0.8808123025906551,0.16358079975866335,-0.42473681730683455,0.5856799159487533,0.39895718984513107,-0.70555807466511,0.1773787337350655,-0.9124633527419822,-0.3687104754701248,-0.7908955815231272,0.09079532242211957,-0.6051779808894713
2021-06-10T11:38:00,676597149.1846827,2723.3798311558294,1392.4721322039936,2047.7308989620028,0.0,0.0,0.0,0.13596756727606563,0.8689820630445034,0.15776648022469283,-0.448879418634291,0.5472340104881049,0.3962585680338454,-0.7372340774983688,0.1521263978258482,-0.9132451167330804,-0.37794300608387243,-0.8230385755538048,0.09467050239091873,-0.5600401763511388
2021-06-10T11:39:00,676597209.1846827,2829.8099847549547,1420.189517139207,1874.464613264076,0.0,0.0,0.0,0.14135196271119496,0.8564128357281169,0.15199492918623783,-0.4727305986917803,0.5068466451243627,0.39398361255880326,-0.7667355419969082,0.1266980207239176,-0.9138343282787267,-0.3858165781871088,-0.8526746682474035,0.0984059626978091,-0.5130908073964076
2021-06-10T11:40:00,676597269.1846827,2927.7531746475356,1442.6740962876697,1695.3730527834814,0.0,0.0,0.0,0.14651902517048424,0.8431042110398467,0.14629514198252436,-0.4962914426244741,0.4645850708200626,0.39211637726785975,-0.793980767178555,0.10125182377269445,-0.9142598133908078,-0.3922716683642956,-0.8797208535403834,0.1018515601104586,-0.4644539584816185
2021-06-10T11:41:00,676597329.1846827,3016.8473397144267,1459.9223502344594,1511.0032608657455,0.0,0.0,0.0,0.15149226435415988,0.8290716736737809,0.1406018478878306,-0.5195395789765518,0.4206194924947894,0.39055047318150937,-0.818870911945909,0.07572556421845064,-0.9145624284227533,-0.3972923400234055,-0.9040712811815353,0.10509944060353105,-0.4142574394354334
2021-06-10T11:42:00,676597389.1846827,3096.7566436629972,1471.9496151705398,1321.920739109335,0.0,0.0,0.0,0.1562578957241987,0.8143166174986017,0.13496036527899755,-0.5424551744552181,0.3750561670210371,0.3893267444708889,-0.8412832802446433,0.050275128130587016,-0.9147383396552098,-0.40090669919107436,-0.9256377709833046,0.1080669052232403,-0.36265170746120884
2021-06-10T11:43:00,676597449.1846827,3167.172904013966,1478.7899440827514,1128.70777807568,0.0,0.0,0.0,0.1605763136479646,0.798789143284322,0.12973844329549955,-0.5650832579342533,0.3276976958673414,0.38874529286863585,-0.861098901053598,0.025789347015578862,-0.914766367652982,-0.403159276454703,-0.9444305849048653,0.10990718758774598,-0.30979231819528164
2021-06-10T11:44:00,676597509.1846827,3227.8168896930165,1480.4958412850347,931.9617155963048,0.0,0.0,0.0,0.16485148497211502,0.782625002279857,0.12435468993118122,-0.5872461194431703,0.27935581258211534,0.38826296865044047,-0.8781868805392924,0.0010293893131659848,-0.9147197979892164,-0.40408740579756824,-0.9601871017329009,0.11198016941098904,-0.25593196620285286
2021-06-10T11:45:00,676597569.1846827,3278.4395487199536,1477.1379854382772,732.2932451238071,0.0,0.0,0.0,0.16893069905725525,0.7658182281755511,0.11878099059987898,-0.6089958428283382,0.23003027937982706,0.38768548242817935,-0.8926287230886469,-0.023826891379634896,-0.914706990376277,-0.4034146762376851,-0.9728917461956502,0.11406615830825273,-0.20117296466765822
2021-06-10T11:46:00,676597629.1846827,3318.82330984943,1468.804925148733,530.3245755839001,0.0,0.0,0.0,0.17297743683756592,0.748404384183045,0.11266220392199684,-0.6302990654349263,0.18006063183859372,0.386688808253987,-0.9044611293101532,-0.049421258866200246,-0.9147720683050886,-0.4009359078717075,-0.982413206361746,0.1168923805042128,-0.14560378891392883
2021-06-10T11:47:00,676597689.1846827,3348.783225466491,1455.6026198891238,326.6874114070057,0.0,0.0,0.0,0.17626062602997936,0.7301703811120316,0.10772836994389311,-0.6512894936719477,0.1284331874835395,0.38691351763975246,-0.9131280557624164,-0.07227325788571104,-0.9146535800415028,-0.3977252879964355,-0.9890811354724159,0.11707586593698571,-0.0895083742881154
2021-06-10T11:48:00,676597749.1846827,3368.167921178801,1437.653964495633,122.0208486905284,0.0,0.0,0.0,0.179292959648895,0.7113396690668821,0.10275165263489659,-0.6717827087034587,0.07630018033568325,0.38707447333155437,-0.9188860835684923,-0.09470916700602411,-0.9145922650022744,-0.3931299562269889,-0.9925766752073953,0.11702282210367831,-0.03312405381476749
2021-06-10T11:49:00,676597809.1846827,3376.8603240181087,1415.0982159004081,-83.0307302790369,0.0,0.0,0.0,0.1821202834695062,0.6918982973384212,0.09768999310254396,-0.691784369393242,0.023782103021638912,0.38715901069664627,-0.921706196145096,-0.11679285111803722,-0.9145777351932232,-0.387178248635631,-0.9928715130889735,0.11685660753773675,0.023466822775637636
2021-06-10T11:50:00,676597869.1846827,3374.778381818661,1388.0903098989806,-287.81965461936284,0.0,0.0,0.0,0.1846302671999458,0.671851509042339,0.09272652733733215,-0.7112868657294098,-0.029054428462417292,0.38724708279055053,-0.9215180611669697,-0.13805325351118103,-0.914626911123271,-0.3799985692658344,-0.9899985552422286,0.11617792526686072,0.08003468185098195
2021-06-10T11:51:00,676597929.1846827,3361.875769778656,1356.8001229733245,-491.69707751044166,0.0,0.0,0.0,0.18690037943083368,0.6512321157030693,0.08774428386440193,-0.7302505873291976,-0.08192995929102914,0.3872520149465626,-0.9183263900653174,-0.15868443245910185,-0.9147383776354672,-0.371581688698415,-0.9839241498538912,0.11528042939137773,0.13639534425205496
2021-06-10T11:52:00,676597989.1846827,3338.142457743241,1321.4117024519546,-694.0152027098088,0.0,0.0,0.0,0.18878434016435894,0.6300440836760256,0.08291605801723197,-0.7486854164844056,-0.13480985106708965,0.3871617082743637,-0.9121031277774163,-0.17819862109238344,-0.9149708004631812,-0.3620410000822261,-0.9747161409846675,0.1137288263627203,0.1923387598954404
2021-06-10T11:53:00,676598049.1846827,3303.6049574114827,1282.12243189664,-894.1295777291057,0.0,0.0,0.0,0.19036545951459932,0.6083104609794712,0.0781221745581432,-0.7665613483140444,-0.18743874977347752,0.3868986786722335,-0.9028710470078415,-0.1968085345995021,-0.915315835332205,-0.3513734797888203,-0.9623581016400038,0.11183172193875873,0.24771061781050063
2021-06-10T11:54:00,676598109.1846827,3258.3264216503817,1239.1421573805023,-1091.40120314351,0.0,0.0,0.0,0.19159769082891656,0.5860482665443314,0.07342495700374425,-0.7838663979521062,-0.23967550829882273,0.38643512107828104,-0.8906309830221016,-0.21431284598573536,-0.9157982011160504,-0.33968170230099304,-0.9469031918666213,0.10946027603573999,0.30231240993876546
2021-06-10T11:55:00,676598169.1846827,3202.406807316193,1192.6922670307129,-1285.1987564080937,0.0,0.0,0.0,0.19249810819110277,0.5633062156778532,0.06879683045294387,-0.8005607920958728,-0.2912611714430846,0.38572024036701,-0.8754352210077101,-0.23070551151469498,-0.9164229489249509,-0.3270228518627405,-0.928408259854653,0.10671867153836367,0.35590620699664943
2021-06-10T11:56:00,676598229.1846827,3135.982731284475,1143.0047068185802,-1474.9009081537558,0.0,0.0,0.0,0.19306206844444906,0.5400701101238318,0.06424314970574665,-0.8166542301333338,-0.3421026277575664,0.3847215196194699,-0.8572952492712496,-0.24593829987433236,-0.9171997108876719,-0.3134629850596308,-0.906906910733561,0.10360522520248266,0.4083941877334346
2021-06-10T11:57:00,676598289.1846827,3059.2271023740695,1090.3209428901305,-1659.8984997508492,0.0,0.0,0.0,0.19329186851231134,0.5163836873699077,0.05972268042571155,-0.832117385005292,-0.3919722819705537,0.3833626842141895,-0.8362958702031766,-0.2600034124628154,-0.9181429100195754,-0.2990180969247131,-0.8824715041713743,0.10023297427931377,0.45956217772205166
2021-06-10T11:58:00,676598349.1846827,2972.3486587089455,1034.8908843942177,-1839.5965970832124,0.0,0.0,0.0,0.19261911310618957,0.4931572807527868,0.05508290815934564,-0.846557527245143,-0.4393875474134039,0.38045539459029354,-0.8137519744401104,-0.27179724577501985,-0.9197275009897881,-0.28324473713061776,-0.8561920581079616,0.09672133503122993,0.5075235393384523
2021-06-10T11:59:00,676598409.1846827,2875.5914090222295,976.9718337548104,-2013.4165219347276,0.0,0.0,0.0,0.19299625224892214,0.4674969341649299,0.050775784326150014,-0.8611741304116874,-0.4883981263285235,0.37988180641095015,-0.7855934593393337,-0.2849317124017706,-0.9203485326878695,-0.2679038962894724,-0.8247916036591199,0.09299672863729791,0.5577368725449112
2021-06-10T12:00:00,676598469.1846827,2769.233974495471,916.8273170956196,-2180.7978931991383,0.0,0.0,0.0,0.19215423448753133,0.44264018850085934,0.046652126860273216,-0.8746256300565675,-0.534292827384869,0.37742624926818363,-0.7563601000637415,-0.29482582435859434,-0.9218006584558477,-0.2517166648468891,-0.7922177149599459,0.08850408145230759,0.6037864851666734
2021-06-10T12:01:00,676598529.1846827,2653.588723227827,854.7258559505201,-2341.2005841960545,0.0,0.0,0.0,0.19098233936136835,0.4174702493690566,0.04247021920641563,-0.887378508543201,-0.578488673887594,0.37440735292688654,-0.7246861308580805,-0.3034871409154435,-0.9234440530652362,-0.2348332092303363,-0.757130378127006,0.08408457012276865,0.6478297427445937
2021-06-10T12:02:00,676598589.1846827,2529.0007696689154,790.939800476026,-2494.1065105042017,0.0,0.0,0.0,0.1894188842768355,0.39200801095032484,0.038288102041638475,-0.8994355045650233,-0.6209004112601777,0.3707586249561701,-0.6906668671056636,-0.31072165405854707,-0.9253090150427359,-0.2173827968809004,-0.7196768253848829,0.07963208336626759,0.6897274811856383
2021-06-10T12:03:00,676598649.1846827,2395.84696100492,725.7442061522004,-2639.02140268547,0.0,0.0,0.0,0.18761259287862414,0.36620492222774703,0.03399418304550923,-0.9107907912625148,-0.6613909398590587,0.3666493181542213,-0.6543166681121578,-0.31685396952071515,-0.9272918210248562,-0.1993324877168093,-0.6798276154079921,0.07548613221944084,0.7294767009104766
2021-06-10T12:04:00,676598709.1846827,2254.5346466015117,659.415661941154,-2775.4766118257116,0.0,0.0,0.0,0.18548445499549507,0.34009280834064226,0.029737177349307607,-0.9214380602912468,-0.6998647973399986,0.3620516731641555,-0.6157173470053269,-0.3215980725367566,-0.9294224344766401,-0.1809657924364685,-0.6377804835402897,0.07136192437533728,0.766905163996542
2021-06-10T12:05:00,676598769.1846827,2105.500281303111,592.2311240768047,-2903.030697443475,0.0,0.0,0.0,0.18323127554910054,0.31361210683762275,0.025426567062308243,-0.9313577378177212,-0.736147492211034,0.3572558911178487,-0.5748522401217525,-0.32535957405361454,-0.9315595786961512,-0.16228955268624076,-0.5934880093843987,0.06756463276775282,0.802001872264587
2021-06-10T12:06:00,676598829.1846827,1949.2079851650449,524.4667390409019,-3021.2709202177257,0.0,0.0,0.0,0.18067414747880103,0.28683283560279865,0.021232442998817123,-0.9405492864370099,-0.7701675537057324,0.35204620464185366,-0.5318885306304258,-0.3276855573133517,-0.9338120715942211,-0.14358687430662928,-0.5472331447812397,0.06370623785922158,0.8345522155687197
2021-06-10T12:07:00,676598889.1846827,1786.1479792631271,456.396667270929,-3129.8146023744803,0.0,0.0,0.0,0.17821352482407452,0.2591765214602517,0.017037376987658996,-0.9490928290103783,-0.8021349405870856,0.3471137330913211,-0.48589257391810414,-0.32945098068144746,-0.935899334710319,-0.1247176275304149,-0.49803773794501316,0.060037418233880535,0.8650745170182883
2021-06-10T12:08:00,676598949.1846827,1616.8349579067012,388.29197836576606,-3228.3104377551945,0.0,0.0,0.0,0.17470643379901854,0.2327796997249261,0.013379171979288102,-0.9566150067515934,-0.8305825467704047,0.34048239196820335,-0.4406862532006176,-0.32802479342457624,-0.9385973194927557,-0.10693365578609124,-0.4500359628953584,0.05573878901290158,0.8912692183062436
2021-06-10T12:09:00,676599009.1846827,1441.806285634892,320.4195592961015,-3316.439668910089,0.0,0.0,0.0,0.17130205630456058,0.20551818195032157,0.00929670352857612,-0.9634995867654358,-0.8568357647873275,0.3339202041376753,-0.3928482779012391,-0.3262776377083788,-0.9411383536186619,-0.08832611436825749,-0.3992184556264348,0.052496634336002046,0.9153516963826728
2021-06-10T12:10:00,676599069.1846827,1261.6202046743394,253.04104679558782,-3393.917101782168,0.0,0.0,0.0,0.16766982636077699,0.1780826855019895,0.005240467799275394,-0.9696112230939735,-0.8803467729050928,0.32701556398521753,-0.3435846043509793,-0.3232826176692908,-0.9437187336507833,-0.06988061869683887,-0.34709927765479437,0.04955575312707888,0.9365181892432884
2021-06-10T12:11:00,676599129.1846827,1076.8539168924021,186.41180599743325,-3460.492064913453,0.0,0.0,0.0,0.16380828070571332,0.15053266794085587,0.0012226275525306924,-0.9749385971622593,-0.9010135261096924,0.3197741215643405,-0.2931196631840536,-0.31903794001481844,-0.9463307047082121,-0.05170096863270374,-0.2939207692533473,0.04693302146903894,0.9546768421289518
2021-06-10T12:12:00,676599189.1846827,888.101567722141,120.77994142260263,-3515.949225901869,0.0,0.0,0.0,0.15969658285637853,0.12301332339655596,-0.002944084666059997,-0.9794672307210739,-0.9187294473818602,0.3121108162536455,-0.24191535893966037,-0.31355946281017677,-0.9489766675789498,-0.03352234587472486,-0.24003471789642172,0.045056883694221506,0.9697181092648268
2021-06-10T12:13:00,676599249.1846827,695.9722054087886,56.385354432038184,-3560.1091781643527,0.0,0.0,0.0,0.1552801378495728,0.09509916899409294,-0.006664830550067281,-0.9832597860584911,-0.9336884536921014,0.3040937905486123,-0.18908420873206122,-0.30662906993580347,-0.9516873176463131,-0.016427504420014616,-0.18494454550582717,0.04264054386311561,0.9818234561807436
2021-06-10T12:14:00,676599309.1846827,501.0878249316081,-6.541078885604975,-3592.8290039649487,0.0,0.0,0.0,0.15106061959828643,0.06725450395751155,-0.010754895100116657,-0.9861753663194982,-0.9453150418080218,0.29649789346743405,-0.1358987523889465,-0.29939115400772787,-0.9541300428759346,0.0008934111529763644,-0.1294001879187939,0.041531439307364915,0.9907223278576293
2021-06-10T12:15:00,676599369.1846827,304.0812856721718,-67.77840544174387,-3614.0028258599878,0.0,0.0,0.0,0.14651647698497866,0.039397650087859615,-0.014756501021686637,-0.9883132058295396,-0.9539614942789296,0.28844559522420143,-0.08219857680561149,-0.2907710810792955,-0.9566303352990145,0.017623279878419662,-0.07355029463632043,0.04071289944786033,0.9964601416903033
2021-06-10T12:16:00,676599429.1846827,105.59420268702752,-127.11648634144103,-3623.562040509705,0.0,0.0,0.0,0.14190929972022687,0.011491047465663868,-0.01876721720810408,-0.989635032746578,-0.9594594129621133,0.2804455189838677,-0.028070371573348407,-0.2813081389188148,-0.9590190844223573,0.03388401823479997,-0.01741740096655056,0.04040676423041689,0.9990314947728113
2021-06-10T12:17:00,676599489.1846827,-93.72497488823342,-184.35675250192912,-3621.4756757893883,0.0,0.0,0.0,0.13704213053879474,-0.016416945263429784,-0.02270706083761003,-0.9901688380037632,-0.9618998767312109,0.27213525545604556,0.026287447239203066,-0.270644133156588,-0.9614076876910099,0.04946727439979254,0.03873474322104353,0.04046802177643577,0.9984297465926693
2021-06-10T12:18:00,676599549.1846827,-293.2233977662121,-239.31294554787792,-3607.7508206417715,0.0,0.0,0.0,0.13197586164533914,-0.04428961110241092,-0.0266209039621624,-0.9899051114948366,-0.9612416045827352,0.2636452190406706,0.08065839135642161,-0.2589291011059557,-0.9637473988304155,0.06439465698387076,0.09471165830915854,0.04101401863516008,0.994659515641269
2021-06-10T12:19:00,676599609.1846827,-492.2463104882331,-291.81169432303363,-3582.4323843209513,0.0,0.0,0.0,0.1271126427269837,-0.07216459344901137,-0.030569638460117933,-0.9887872090170456,-0.9572692950226023,0.25578680152830546,0.13493927882884735,-0.24696261940287473,-0.9658157465267597,0.0787997993565247,0.15048242895634353,0.042107670618035886,0.9877155373135131
2021-06-10T12:20:00,676599669.1846827,-690.1391678332925,-341.69302758874096,-3545.6028586042785,0.0,0.0,0.0,0.12197153747208574,-0.0999487890092704,-0.034449070303809955,-0.9868872504888687,-0.9502663672445517,0.24763059622617545,0.18887275901122252,-0.2338580247887314,-0.9678724112037973,0.09237651147591702,0.20567998328898118,0.043612881620181954,0.9776470022615671
2021-06-10T12:21:00,676599729.1846827,-886.2499092085877,-388.8109806196944,-3497.38222784045,0.0,0.0,0.0,0.1169750584386304,-0.12772278129186485,-0.038241134578015146,-0.984144980411187,-0.940007453684699,0.2400093613274879,0.24244895028104363,-0.22047230505524562,-0.9697089026589304,0.1051504008914852,0.260341986089135,0.04538888166924393,0.964449013530513
2021-06-10T12:22:00,676599789.1846827,-1079.931407039853,-433.03412434813185,-3437.9274696547764,0.0,0.0,0.0,0.11173878586132185,-0.15531234914856593,-0.04209249155876212,-0.9806226287877347,-0.9267850358723831,0.23222213134877345,0.29519888040922226,-0.20607219636674334,-0.9714853317772265,0.11726252609541865,0.3140123360118385,0.04784487280289673,0.948212592712659
2021-06-10T12:23:00,676599849.1846827,-1270.5436634783532,-474.24580948666426,-3367.4318202286854,0.0,0.0,0.0,0.10671910860774697,-0.18281623786543214,-0.04594110794783721,-0.9762574812165195,-0.9103785100613951,0.225168217370929,0.3471458516306828,-0.19157309529735597,-0.9730008929169863,0.12872067254694514,0.3667570279852646,0.050680728770861994,0.9289352755465097
2021-06-10T12:24:00,676599909.1846827,-1457.4559726766306,-512.3443652689148,-3286.124084511377,0.0,0.0,0.0,0.10122349979509838,-0.21027385124125927,-0.049604288507312314,-0.971122095894787,-0.8910774211468012,0.2174617241146731,0.3983609268834489,-0.17573978498461285,-0.9745864353018301,0.13891295151724997,0.4184454056336727,0.05377433096511336,0.9066486440917043
2021-06-10T12:25:00,676599969.1846827,-1640.0489557919773,-547.2433815612667,-3194.2678118422764,0.0,0.0,0.0,0.09609238628703384,-0.23754007625004211,-0.053290295305596286,-0.9651430515208769,-0.8686819309455756,0.21080295947853853,0.44827872481722386,-0.16016863623742433,-0.9758527954478116,0.14851710198672485,0.46876189138464586,0.05721393092404259,0.881469713202733
2021-06-10T12:26:00,676600029.1846827,-1817.7165281835898,-578.8719697947497,-3092.160568756596,0.0,0.0,0.0,0.09102012881429787,-0.2646404704354736,-0.05687493052555227,-0.9583558837071089,-0.8433615151166397,0.20456216871045674,0.4968859768122266,-0.14435653522938857,-0.9769611568566846,0.1571880680262186,0.5175930308231868,0.060837629192165676,0.8534613273708099
2021-06-10T12:27:00,676600089.1846827,-1989.8680918710604,-607.1748854262339,-2980.1332345614373,0.0,0.0,0.0,0.08597671091611764,-0.29154117796355977,-0.06039242596524808,-0.9507704778850142,-0.8152234934633326,0.1987019950613688,0.5439928058936732,-0.12827447903742675,-0.9779215201321567,0.1649701745470633,0.5647621744886218,0.06470716823539374,0.8227129928753041
2021-06-10T12:28:00,676600149.1846827,-2155.9309089947355,-632.1125692339481,-2858.5489761322515,0.0,0.0,0.0,0.08087419380801034,-0.3182275674874965,-0.06382399787188121,-0.942399637819617,-0.7843811601337903,0.19305273308743673,0.5894716599418838,-0.11181051072705306,-0.9787717241431086,0.1717682208933926,0.6101185174358539,0.06882262902125086,0.7893154251732817
2021-06-10T12:29:00,676600209.1846827,-2315.3522500709278,-653.661093182385,-2727.80182878024,0.0,0.0,0.0,0.07591426050339835,-0.344699149251143,-0.06715677924301287,-0.9332253150014018,-0.7508390431155206,0.18798798868579142,0.6331676298131796,-0.09539244999973816,-0.9794539841078548,0.17767997495018273,0.6535602587492728,0.07300965090397843,0.753344927014487
2021-06-10T12:30:00,676600269.1846827,-2467.6012273212173,-671.8120013529735,-2588.3152148009913,0.0,0.0,0.0,0.07101329515477842,-0.3708908867218385,-0.07039885385569368,-0.9232773491393328,-0.7147941241158973,0.18335052046978428,0.6748718002501262,-0.07890934714682704,-0.9800022265741302,0.1826717023586551,0.6948688185997762,0.07731896632267354,0.7149679030449859
2021-06-10T12:31:00,676600329.1846827,-2612.170556007278,-686.5721421773803,-2440.5405966226854,0.0,0.0,0.0,0.06622048681389608,-0.3968227264020028,-0.073517604844523,-0.9125468386416866,-0.6762931418740237,0.1792055045765661,0.7145019057942533,-0.06251167900477136,-0.9804200178081104,0.1867321040130726,0.7339753921230372,0.08162092752844019,0.6742537711776118
2021-06-10T12:32:00,676600389.1846827,-2748.578556372002,-697.9635860306973,-2284.956005973791,0.0,0.0,0.0,0.0615973379950286,-0.42247334999010216,-0.07649353819971544,-0.9010387200968422,-0.6354440730001336,0.17563613584848553,0.7519060964463667,-0.0463702105051671,-0.9807090131312297,0.18989374697676564,0.7707532897540609,0.08580081204383638,0.6313300143236585
2021-06-10T12:33:00,676600449.1846827,-2876.3708683818745,-706.0233859264765,-2122.064091770303,0.0,0.0,0.0,0.056980303282887314,-0.44777785176747326,-0.07935002018425538,-0.8887923350260483,-0.5924964810085939,0.17234967676220275,0.7869202684595162,-0.030224950458956512,-0.980913638669097,0.19208041504199763,0.8050058213219249,0.09002234385371599,0.58639713952653
2021-06-10T12:34:00,676600509.1846827,-2995.121655836989,-710.8030037531817,-1952.3903903868202,0.0,0.0,0.0,0.05251624507071643,-0.4727488995923154,-0.08207134460332956,-0.8757938206752368,-0.5475010438758549,0.16958508153457114,0.8194409722949924,-0.014388530137428107,-0.9810126767973479,0.19340914705201112,0.8366812876808791,0.09410115878040476,0.5395455446585128
2021-06-10T12:35:00,676600569.1846827,-3104.4350820889813,-712.3677842203024,-1776.4819771524326,0.0,0.0,0.0,0.04830222021875423,-0.49739622677508655,-0.08456955370095483,-0.8620393724759137,-0.5005277782236914,0.16740598503495258,0.8493804679888353,0.0008523226086794289,-0.9810297722175206,0.19385525416921356,0.8657200568154961,0.09775388584254319,0.4908899683534561
2021-06-10T12:36:00,676600629.1846827,-3203.9471268000716,-710.7965983972185,-1594.9057111100321,0.0,0.0,0.0,0.04409694399820594,-0.5216249012266639,-0.086963903313686,-0.8475849228665763,-0.45192584390058443,0.16547688470731547,0.8765731185943967,0.015973265197831016,-0.980985478100934,0.19342271467953764,0.891912488091553,0.10141445844969016,0.440689483881442
2021-06-10T12:37:00,676600689.1846827,-3293.327051325232,-706.1813549015434,-1408.2460129252065,0.0,0.0,0.0,0.04007302764643963,-0.5454618471848172,-0.08916058665870187,-0.8324157107525368,-0.40173105144194987,0.1639822321705091,0.9009561531171884,0.030552561009240753,-0.9808890844838476,0.19215396159386317,0.9152478917337759,0.10472073086460265,0.38904352610480664
2021-06-10T12:38:00,676600749.1846827,-3372.27844259078,-698.62636081466,-1217.1026013353307,0.0,0.0,0.0,0.03618224555477281,-0.5688667244875343,-0.09116800926771239,-0.8165597889705323,-0.35016298975487575,0.16281482720971602,0.9224300584036695,0.044634960030974946,-0.9807584783855527,0.19005401184370793,0.9356247115959262,0.10772250979031905,0.33615808771397204
2021-06-10T12:39:00,676600809.1846827,-3440.540044374665,-688.2476283696999,-1022.0883819032151,0.0,0.0,0.0,0.03248813185049455,-0.5918292778626894,-0.09293925636900138,-0.8000280756192057,-0.29736525430678484,0.16199118117355127,0.9409212308971768,0.058025510754294574,-0.9806136318288837,0.18716288406911633,0.9529989221571888,0.11025317362037235,0.2822008009802093
2021-06-10T12:40:00,676600869.1846827,-3497.886517370208,-675.1722320460764,-823.8273864174619,0.0,0.0,0.0,0.02880650179724355,-0.6142856939080844,-0.09458956206736853,-0.7828640280802102,-0.24364654342813713,0.1613131776058105,0.9563547566704718,0.0711068814782509,-0.9804460004042176,0.18349237503997473,0.9672539342292481,0.112710687257638,0.2274118020155332
2021-06-10T12:41:00,676600929.1846827,-3544.1291603117443,-659.537645505295,-622.9526741199993,0.0,0.0,0.0,0.02550660723340201,-0.6363236368843366,-0.09592561940789214,-0.7650097500495954,-0.18888328425946418,0.16110508447250144,0.9686940986113556,0.08305387157554917,-0.9802953770573064,0.17922898241184576,0.9784810470027872,0.11430715409449088,0.17178100936700672
2021-06-10T12:42:00,676600989.1846827,-3579.116517194585,-641.4909213730639,-420.1041523801125,0.0,0.0,0.0,0.022278674218959446,-0.6578216731224039,-0.0970610743723085,-0.7465610858377095,-0.13354861409097346,0.16096253910916208,0.9778833410371155,0.09443297424543828,-0.9801656170334774,0.17423483165126036,0.9865329092582472,0.11561325265260092,0.11569958842426897
2021-06-10T12:43:00,676601049.1846827,-3602.734751439214,-621.187793058547,-215.92644645836094,0.0,0.0,0.0,0.01916615140316415,-0.678785032090497,-0.09794247489784426,-0.7275237525065276,-0.07776707770058777,0.16085143271298827,0.9839101067780986,0.10507611115323534,-0.9800798605025521,0.1685303471254082,0.9914188279888697,0.11649156034441593,0.059316303641576196
2021-06-10T12:44:00,676601109.1846827,-3614.9080337615396,-598.7918883649115,-11.06681215757851,0.0,0.0,0.0,0.016189785324823215,-0.6991774491204596,-0.09865116872878008,-0.7079242419927355,-0.021777570985086925,0.160871628017282,0.9867350488865079,0.11502706200087964,-0.9800116755191637,0.16231417329847375,0.9931236138615552,0.1170360420776026,0.0028376830997061953
2021-06-10T12:45:00,676601169.1846827,-3615.5988265518417,-574.4738397662456,193.82724775673682,0.0,0.0,0.0,0.014476303249287038,-0.7189857554469805,-0.09963935276370896,-0.687693187031396,0.0343001597828613,0.16318906087399712,0.9859983922146797,0.12336804040225674,-0.9797248720501275,0.15785911976717748,0.9917680301593601,0.1162260964561046,-0.05373703430967222
2021-06-10T12:46:00,676601229.1846827,-3604.807708752063,-548.4102426860411,398.11030803857864,0.0,0.0,0.0,0.018664880281356634,-0.7382091663766742,-0.10624390035054478,-0.6658911942350958,0.09060230215692303,0.18171800106237948,0.9791679074263814,0.1320028833791489,-0.9767277117647721,0.16905092679527903,0.9871000261490506,0.11393658394319622,-0.11248107936848137
2021-06-10T12:47:00,676601289.1846827,-3582.573061068569,-520.7826643853775,601.1410936443191,0.0,0.0,0.0,0.023328289001289304,-0.7567328368425225,-0.11179376451525797,-0.6436717787755245,0.14637759084691862,0.19922754768037082,0.968959227802242,0.13916450257137342,-0.9739158902955587,0.1792235471523521,0.979391056790858,0.10861041789384063,-0.17028486428044914
2021-06-10T12:48:00,676601349.1846827,-3548.970730148302,-491.7767346322239,802.2844972613092,0.0,0.0,0.0,0.02741458029790283,-0.7746643155215722,-0.11597197005094309,-0.621042785327297,0.20171272191083225,0.2137299482119808,0.9558407226398274,0.1456274389848276,-0.971597885899186,0.18652130476423523,0.9685580141808975,0.10157291643709093,-0.22710859916000586
2021-06-10T12:49:00,676601409.1846827,-3504.1135608683558,-461.58126149583916,1000.9135735530629,0.0,0.0,0.0,0.029789073493405458,-0.792001963088647,-0.11774034367945531,-0.5983165659033499,0.2563089968717323,0.2221477589657547,0.94072103798581,0.15085457434968758,-0.9704996451412963,0.18807800556788204,0.9547505409898339,0.09370598682640563,-0.2822597961320536
2021-06-10T12:50:00,676601469.1846827,-3448.1508719132516,-430.38733940268503,1196.411557083154,0.0,0.0,0.0,0.03220249226166796,-0.8087087947211549,-0.11890486459923873,-0.5751649485212316,0.3100938303344115,0.22936230908094019,0.9226238386046572,0.15527532986518966,-0.9696492653335478,0.18886469806019204,0.9379399705331839,0.08469494324438881,-0.33629656296941257
2021-06-10T12:51:00,676601529.1846827,-3381.2676393333395,-398.38744679494107,1388.1738758051413,0.0,0.0,0.0,0.033933969934423484,-0.8248060850899194,-0.11888425079568266,-0.5517335793622496,0.362913184633739,0.23355792834305106,0.9020779980284964,0.1586678855674894,-0.9694300411944778,0.18716275622894432,0.9182148563972048,0.07520697665626092,-0.38887708617721983
2021-06-10T12:52:00,676601589.1846827,-3303.6835482676624,-365.77455339735366,1575.6099107438379,0.0,0.0,0.0,0.034060085110103756,-0.840276240224573,-0.11740419467920578,-0.5281969384501157,0.4144484985673037,0.23328477594028818,0.8796650813518732,0.16132304522625923,-0.9701123313480393,0.18126483289760942,0.8956602688041007,0.06678531186542164,-0.43969580962843435
2021-06-10T12:53:00,676601649.1846827,-3215.65204523464,-332.74117395562166,1758.1446753426758,0.0,0.0,0.0,0.032169149668087586,-0.8551867808135313,-0.11414208999944116,-0.5045714013120254,0.46475856853715725,0.2276888788579873,0.855661876803966,0.16276234714981452,-0.9718734582003835,0.17020693169172368,0.8703492927104474,0.060164405507081686,-0.48874569357530273
2021-06-10T12:54:00,676601709.1846827,-3117.4593271872695,-299.4784410055712,1935.2204483624841,0.0,0.0,0.0,0.02700794611715979,-0.8694966211066083,-0.10903219038885799,-0.48099706671634873,0.5135076065385524,0.21558772799070297,0.8305611774979937,0.16362475654915476,-0.9747651046110807,0.15185496329319775,0.8423401195902265,0.057921691725598634,-0.5358247853136019
2021-06-10T12:55:00,676601769.1846827,-3009.4232030326793,-266.1752109337498,2106.298379758594,0.0,0.0,0.0,0.013480026273516622,-0.8832273542433502,-0.09933197874463139,-0.4581057602853658,0.5605445407840862,0.1878159969261468,0.8065450818744082,0.16311488618736308,-0.9799028937806828,0.11482095916829635,0.81190107260752,0.06719724740554062,-0.5799148025700644
2021-06-10T12:56:00,676601829.1846827,-2891.8918274119223,-233.01714489419362,2270.8599885190406,0.0,0.0,0.0,0.00011915871294732695,0.8960596481141303,0.09028358728114008,0.43465614765056626,0.6058458143544356,0.16169537276498222,0.7789771855809413,0.16190254503349677,-0.9836977193376999,0.07827108585860135,0.7789341532766982,0.0786981791161746,-0.6221480382215404
2021-06-10T12:57:00,676601889.1846827,-2765.2423260144933,-200.18590310796515,2428.4084884017666,0.0,0.0,0.0,0.008811236161592993,0.9080203087348441,0.08412745258087004,0.4102975173756682,0.6491570379152332,0.14554841428689042,0.746599490505915,0.16000932757533975,-0.9856898676791159,0.053033007114569916,0.7436344230964619,0.08503613263371107,-0.6631566187053355
2021-06-10T12:58:00,676601949.1846827,-2629.8795005880256,-167.8585631472464,2578.469982239176,0.0,0.0,0.0,0.009945481951938364,0.9193075551095214,0.08127933833070837,0.38492645488173466,0.6904505869854044,0.14178486138374646,0.7093483206534732,0.15709797782314605,-0.9865895130985317,0.04428722172230065,0.7061148718837389,0.08085904851278997,-0.7034654234418474
2021-06-10T12:59:00,676602009.1846827,-2486.23455783099,-136.20691545021157,2720.594788467144,0.0,0.0,0.0,0.01099062627215779,0.9298782576435999,0.0781562973757533,0.35930102320528035,0.7295887358083029,0.13745379672477484,0.6699303921659225,0.15324956978578735,-0.9875415986293172,0.03572338641735662,0.6664944455448325,0.07660316405082085,-0.7415639617155689
2021-06-10T13:00:00,676602069.1846827,-2334.763562718479,-105.39654615606526,2854.35873345686,0.0,0.0,0.0,0.012023738178045015,0.9396973129454079,0.07489554590601888,0.3334892006749927,0.7663512204731879,0.13273871281068766,0.6285588604105565,0.14877786014717387,-0.9884921738473306,0.027356362561694825,0.6249567626718536,0.07255106039156689,-0.7772807655067608
2021-06-10T13:01:00,676602129.1846827,-2175.9457375432285,-75.58603055706737,2979.36414766252,0.0,0.0,0.0,0.012980032999708145,0.9487876500489656,0.07143960749296406,0.30745714553273806,0.8007329722842238,0.12758042683731755,0.5852776621270286,0.14354364241736178,-0.9894558024491555,0.019298645580829638,0.5815685082760489,0.0685598256102341,-0.810603244808374
2021-06-10T13:02:00,676602189.1846827,-2010.2818345341284,-46.92632555216949,3095.2406554964973,0.0,0.0,0.0,0.013831203121793544,0.9571519793513531,0.06771641592649665,0.28121748391247003,0.8326624275120184,0.12185065079446547,0.5402089417167741,0.1374089553600375,-0.9904463696685464,0.011608953323168913,0.5364625437033375,0.06456320710251012,-0.8414508491242864
2021-06-10T13:03:00,676602249.1846827,-1838.2926173948629,-19.560264142556207,3201.6459818033277,0.0,0.0,0.0,0.014667580307434647,0.96476088058299,0.06386169390926061,0.2548391442374945,0.861957389230683,0.11574678087567641,0.4935910674511274,0.1306982753300021,-0.9914130922779296,0.0042475034639408715,0.48984428135519587,0.060850334237630366,-0.869683745304453
2021-06-10T13:04:00,676602309.1846827,-1660.5172069035593,6.377994820675667,3298.2667778783602,0.0,0.0,0.0,0.015492360593250473,0.9716172951998675,0.0598920697815485,0.22832599153189784,0.8885603631365157,0.10930972450289247,0.4455467037155646,0.123458958877387,-0.9923458534810616,-0.0027554585562107325,0.4418352255486371,0.05745512342728942,-0.8952544567084487
2021-06-10T13:05:00,676602369.1846827,-1477.51137951833,30.763523618301406,3384.819155159252,0.0,0.0,0.0,0.016256327364304723,0.9777347883319943,0.055728670469575796,0.20165497959065734,0.9124591689879702,0.10241938092545247,0.39614206459378976,0.11553205837692415,-0.9932600942166362,-0.00931282577687459,0.3925182905508662,0.05426468140150176,-0.9181420020538325
2021-06-10T13:06:00,676602429.1846827,-1289.8460943257369,53.48102070639902,3461.049250596846,0.0,0.0,0.0,0.016983852273089673,0.9830982929090896,0.051462783778569554,0.1748738892086525,0.9335414095176002,0.09524588516064178,0.34558451654531336,0.10712601436360347,-0.9941262612954522,-0.015394598055664399,0.34208837127628466,0.05139258665111407,-0.9382613432700118
2021-06-10T13:07:00,676602489.1846827,-1098.1058151664056,74.42517508552669,3526.733950003417,0.0,0.0,0.0,0.017667229420212954,0.987712265428904,0.04704780499686394,0.14798261306955332,0.9517753005481681,0.08771050256321455,0.293990892727229,0.0981682736644246,-0.9949487460991813,-0.020975764143735975,0.2906660752688408,0.0488247926342269,-0.9555780304674409
2021-06-10T13:08:00,676602549.1846827,-902.8867715067183,93.50109954983236,3581.681359708972,0.0,0.0,0.0,0.01832994383304055,0.9915716466431976,0.04251155994111126,0.1210059916026834,0.9671006345352491,0.07987044892528039,0.24153068970628233,0.08874258104343433,-0.9957135608609018,-0.026062598248308477,0.23841375168238035,0.04663921210931288,-0.9700431263106577
2021-06-10T13:09:00,676602609.1846827,-704.795237860309,110.62464043568025,3625.7314189887306,0.0,0.0,0.0,0.01899180771241155,0.994668794956571,0.03794557000795763,0.09398634632875622,0.9794534008410847,0.07191660755337514,0.18841188162864775,0.07905649002164655,-0.9963988899131718,-0.0306483860138827,0.1855292617521318,0.044913847951522534,-0.9816117558871718
2021-06-10T13:10:00,676602669.1846827,-504.445445801182,125.72260279442844,3658.7561260919892,0.0,0.0,0.0,0.0196053553574904,0.9970142265123594,0.033223741299455635,0.06689129380820139,0.9888434756534632,0.06362623029618283,0.134685869622152,0.06887194063791108,-0.9970236261107466,-0.034648878333157274,0.13208041660422745,0.04353839449583563,-0.9902823697079424
2021-06-10T13:11:00,676602729.1846827,-302.45806488240396,138.73306725138696,3680.659344105391,0.0,0.0,0.0,0.02022930652439921,0.9985971742376617,0.028505231684606145,0.03977323885109189,0.9952110824758019,0.05532131754210137,0.08058816999255375,0.05853965770284886,-0.9975564538482978,-0.03813436588750996,0.07828160571536602,0.04266934744070022,-0.9960177292576718
2021-06-10T13:12:00,676602789.1846827,-99.45874336850318,149.60572726925375,3691.377143603444,0.0,0.0,0.0,0.020818405471099248,0.9994234032756898,0.023667801187151942,0.012621020776635499,0.9985610900430422,0.046782809765057276,0.026212938838243438,0.047833807877005946,-0.9980128583612126,-0.0410153796723578,0.024242035311349525,0.04221022691443921,-0.9988146076563931
2021-06-10T13:13:00,676602849.1846827,103.92366716034974,158.30204112497995,3690.878048579065,0.0,0.0,0.0,0.02143313582224281,0.9994845067168565,0.018992642875879047,-0.014512788787026436,0.998857316956425,0.03858781373855838,-0.02819647129500996,0.03734359544563118,-0.9983598004108294,-0.043395446798509596,-0.029824758872538215,0.04229290194024937,-0.998659999300897
2021-06-10T13:14:00,676602909.1846827,307.05890677514026,164.79534772048396,3679.1632275548072,0.0,0.0,0.0,0.021995722196711073,0.9987892202565072,0.0141607340657126,-0.04166239689652565,0.996127436591113,0.030119966087875816,-0.0826009546753741,0.026454388055135572,-0.9986313236315307,-0.04511812068964738,-0.08384685696581781,0.04275824019767982,-0.995560865779763
2021-06-10T13:15:00,676602969.1846827,509.31718247327046,169.07093203741397,3656.26646776122,0.0,0.0,0.0,0.022551248902077447,0.9973327403275088,0.009422141564049856,-0.06877550066793803,0.9903623075124433,0.021895967399510302,-0.13675915497789912,0.015692073663799946,-0.9988053288426073,-0.046278222737496655,-0.13760907921630508,0.043686172723769845,-0.9895227433616623
2021-06-10T13:16:00,676603029.1846827,710.0708992676973,171.12601623507544,3622.2540123712215,0.0,0.0,0.0,0.023074168386744753,0.9951156502892164,0.0046098515427815305,-0.0958706137014023,0.9815751493945402,0.013598940199236909,-0.19059195921272237,0.004750401463690254,-0.9988926640440272,-0.04680683075107439,-0.19101743317566647,0.04503903356515915,-0.9805528163635533
2021-06-10T13:17:00,676603089.1846827,908.6963630095072,170.9697328730938,3577.2243964100508,0.0,0.0,0.0,0.023587180742927243,0.99213833034331,-0.00011948599351438954,-0.12290306786767766,0.9697896432636207,0.00556078048310063,-0.24387932577206695,-0.006034967019519742,-0.9988872612553956,-0.04677412184924712,-0.24386805242116585,0.046832862629927696,-0.9686769616266269
2021-06-10T13:18:00,676603149.1846827,1104.575491387759,168.6230232075318,3521.308237677519,0.0,0.0,0.0,0.024089518193444584,0.9884021078109938,-0.0047705912187586495,-0.14986063474914257,0.9550380632240152,-0.002210383857710163,-0.29647497701580755,-0.016650665806792506,-0.9987938731452625,-0.04619041346076008,-0.2960152920399764,0.049050108773447565,-0.9539229705315835
2021-06-10T13:19:00,676603209.1846827,1297.0974879803657,164.1184884520162,3454.6680206183373,0.0,0.0,0.0,0.024532421415479157,0.9839040134995074,-0.009378473088692442,-0.1767571689114173,0.9373378949618905,-0.009782471913039326,-0.3482843291215986,-0.02712759733680713,-0.998620409084036,-0.044959671079363994,-0.34736402250541654,0.05159052048684082,-0.9363101270758278
2021-06-10T13:20:00,676603269.1846827,1485.66060556766,157.50029764820783,3377.4978849535546,0.0,0.0,0.0,0.02496140884370729,0.9786496948895042,-0.013912797772490599,-0.20353903021130756,0.9167565944775646,-0.01707026869270234,-0.39908138569552143,-0.037392752487726846,-0.9983667242533583,-0.04319335556553511,-0.3976922535620855,0.05452054503009013,-0.9158975824983555
2021-06-10T13:21:00,676603329.1846827,1669.6739894526866,148.82408035663002,3290.023248435078,0.0,0.0,0.0,0.025355023287897262,0.9726414328008719,-0.018230695639445908,-0.23020297072287996,0.8933484680137256,-0.023790256488170985,-0.44873437398282373,-0.04713746322265812,-0.9980495290611441,-0.04092917176978955,-0.44688541513285285,0.057716212947969914,-0.8927274301288621
2021-06-10T13:22:00,676603389.1846827,1848.5594587381001,138.15670792310516,3192.5003102404985,0.0,0.0,0.0,0.025700346103988286,0.9658837625988649,-0.02249272708908119,-0.25671409502808984,0.8671839012840101,-0.03025543755983423,-0.4970680937778118,-0.056646001927810385,-0.9976671388764626,-0.03809869383125192,-0.49475581029376403,0.06119549414880121,-0.8668747312480883
2021-06-10T13:23:00,676603449.1846827,2021.7532757531585,125.57596957583041,3085.215453034537,0.0,0.0,0.0,0.025994720112382432,0.9583592670534871,-0.026724379265356098,-0.2831211707588527,0.838256420442036,-0.036503801866879265,-0.5440529809099185,-0.06594242423394504,-0.9972201641583208,-0.034692086737504235,-0.5412742098731982,0.06495703691914922,-0.8383333543888309
2021-06-10T13:24:00,676603509.1846827,2188.707772375667,111.17017248700154,2968.4845423543816,0.0,0.0,0.0,0.02623838182968758,0.9500929633874722,-0.030706076460878917,-0.3093413084425513,0.8067301835188578,-0.04211402362421576,-0.5894173563900276,-0.07458048509065926,-0.9967373683746763,-0.03086048815502901,-0.586194645355339,0.0688551196332105,-0.8072390044200197
2021-06-10T13:25:00,676603569.1846827,2348.892914675529,95.03778478117783,2842.652261222556,0.0,0.0,0.0,0.026399468613289623,0.9410782497524758,-0.0345498900359081,-0.33538202247326787,0.7726504082004945,-0.047320485736776496,-0.633065650890368,-0.08273611443975509,-0.9962187463108854,-0.0265131074410363,-0.6294172559399857,0.07286275542692378,-0.7736439341173529
2021-06-10T13:26:00,676603629.1846827,2501.7979499005255,77.2870351903623,2708.0914968573384,0.0,0.0,0.0,0.026513252230552203,0.9313289809709835,-0.03822035008991307,-0.3611960430274855,0.7361532466805826,-0.052038475816255786,-0.6748113769316266,-0.09034440299011609,-0.9956725045903271,-0.021775041933009998,-0.6707579938025312,0.07699519879541733,-0.7376689319148919
2021-06-10T13:27:00,676603689.1846827,2646.9332193643468,58.035485027947516,2565.2026191469317,0.0,0.0,0.0,0.026536198592823104,0.9208303727313638,-0.041745321780810134,-0.3868133696358963,0.69726549036068,-0.056351607640393875,-0.7145945229767879,-0.09740983322046254,-0.9951063165473176,-0.016575378113065753,-0.7101634743804006,0.08116597245134538,-0.6993424944703313
2021-06-10T13:28:00,676603749.1846827,2783.8319685121605,37.40955518217993,2414.412422543106,0.0,0.0,0.0,0.02646660720708819,0.9096044100043363,-0.045034139203750045,-0.41217867765058674,0.6561613279927819,-0.06010856091993033,-0.7522228875478888,-0.10374444556199047,-0.9945428900182458,-0.011024061374571736,-0.7474552840550288,0.08527250915910811,-0.658816512786319
2021-06-10T13:29:00,676603809.1846827,2912.0518556259426,15.543964019577288,2256.1727818085656,0.0,0.0,0.0,0.026292626301612977,0.8976575076137777,-0.04809696802691196,-0.43727151575811857,0.6129606063464313,-0.0633551757732985,-0.7875693091850073,-0.10934324199797091,-0.9939907589375638,-0.005140678564057699,-0.7825109267587185,0.08926641501404775,-0.6162046386175223
2021-06-10T13:30:00,676603869.1846827,3031.176160241978,-7.418898177548726,2090.959474036226,0.0,0.0,0.0,0.02604042762823766,0.8849674575250547,-0.05107375387900876,-0.4621103406279561,0.5676910094988417,-0.06633011847036854,-0.8205651912662963,-0.1144643219958986,-0.99342673558729,0.0011135575423009136,-0.8152452616999408,0.0932932816664076,-0.5715518584273059
2021-06-10T13:31:00,676603929.1846827,3140.8151478873497,-31.32965564119513,1919.2712571087297,0.0,0.0,0.0,0.025660131173150993,0.871581217081111,-0.05374507341810811,-0.4866201873975926,0.5206245206008282,-0.06871291732348564,-0.8510162416441027,-0.1186598686839877,-0.9929060495029177,0.007577098680122574,-0.8454998191088257,0.09703665211354617,-0.5250847017706174
2021-06-10T13:32:00,676603989.1846827,3240.6077246309833,-56.03262790194776,1741.6287982244671,0.0,0.0,0.0,0.025171098011596546,0.8574771241491875,-0.05623800263877935,-0.5108196202623094,0.471801205228541,-0.07072982008545173,-0.8788634224358046,-0.12216138299692803,-0.9924074057681825,0.014287668835181733,-0.8732011333302161,0.10062223177382629,-0.47685946275992097
2021-06-10T13:33:00,676604049.1846827,3330.223031719949,-81.36651336891214,1558.5732105303482,0.0,0.0,0.0,0.02454619962402734,0.8426809353757346,-0.058494244379558774,-0.5346632104537946,0.42142734952341177,-0.07233606934488246,-0.9039726113911889,-0.12483186892657122,-0.9919518149169639,0.021180212067897775,-0.8982293657935995,0.10391866990427728,-0.4270654709425175
2021-06-10T13:34:00,676604109.1846827,3409.36173495644,-107.16510949477913,1370.6644321223866,0.0,0.0,0.0,0.023793330578659275,0.8272076470536918,-0.06051392422946756,-0.5581213587117231,0.3696772278482612,-0.07355602977000963,-0.9262441674282752,-0.12667429373336336,-0.99154388478865,0.028184177216770523,-0.9204848562130606,0.1069122772309441,-0.37586885273950965
2021-06-10T13:35:00,676604169.1846827,3477.757185396651,-133.2580746350668,1178.4796556809367,0.0,0.0,0.0,0.022874430057683234,0.8110511560242143,-0.062297390372642904,-0.5811986045355584,0.3166544344773561,-0.07446356729990408,-0.9456136347741595,-0.127641914616191,-0.9911915912045894,0.035309646818215856,-0.939913565578739,0.10951897858493193,-0.3233698850709114
2021-06-10T13:36:00,676604229.1846827,3535.1766116700055,-159.47174963040482,982.6116843646955,0.0,0.0,0.0,0.021690591026743103,0.7942671903962873,-0.06346054544797804,-0.6038558666539091,0.26266170295820274,-0.07461327698258388,-0.9619987986983233,-0.1270052395533417,-0.9910045548647113,0.042185795753944766,-0.9564928117477385,0.11109829492532941,-0.2697752211371338
2021-06-10T13:37:00,676604289.1846827,3581.42215513615,-185.62999132311916,783.6671023141973,0.0,0.0,0.0,0.020433142395908224,0.7767987416650133,-0.06474989100359908,-0.6260779929485644,0.20766759672103946,-0.07500978614736026,-0.9753192816991958,-0.12618074927080986,-0.9907798766137008,0.049332085003536086,-0.9700271067272115,0.11282184220915026,-0.2152176668746524
2021-06-10T13:38:00,676604349.1846827,3616.331743282604,-211.55500370785774,582.2644471552923,0.0,0.0,0.0,0.01954256821530471,0.7585994722698197,-0.06694497114685437,-0.6478142477112157,0.1517101426009972,-0.0762489313127587,-0.9854796462158146,-0.12688874781972936,-0.9902729177313939,0.05708584837324274,-0.9802465395545785,0.11638577611295114,-0.15990957697980376
2021-06-10T13:39:00,676604409.1846827,3639.7799322914307,-237.06822024231712,379.0323209032274,0.0,0.0,0.0,0.01781045018056328,0.7398645568350198,-0.06747946257883868,-0.6691261073473047,0.09543354919262875,-0.07601645095386869,-0.9925290609714539,-0.12368619975156236,-0.9902586199888737,0.0639498985827836,-0.9877217025455675,0.1166591819022822,-0.1039060806612179
2021-06-10T13:40:00,676604469.1846827,3651.678643619618,-261.99121371876595,174.60734926287114,0.0,0.0,0.0,0.015962999755466882,0.7205440854034479,-0.06792119373458864,-0.6898899296776148,0.038877192742168803,-0.0758550032805135,-0.9963606688151644,-0.11990585439548479,-0.9902637881609511,0.07071220502015321,-0.9920237648192594,0.1167203852565466,-0.04759413513644578
2021-06-10T13:41:00,676604529.1846827,3651.977690008034,-286.1465815434332,-30.36794717084797,0.0,0.0,0.0,0.014004420280469368,0.7006211543849594,-0.06823512232935365,-0.7101252300274882,-0.017867748481789764,-0.07572415600584137,-0.9969687035014662,-0.11550372469812109,-0.9902956885866121,0.0772873776733829,-0.9931463301775083,0.11653455008696134,0.00894793221797005
2021-06-10T13:42:00,676604589.1846827,3640.6650993815797,-309.3588455368599,-235.24724340146474,0.0,0.0,0.0,0.011930065595440057,0.6801217230213684,-0.06842004792770827,-0.729801899456903,-0.07458423081866672,-0.07565475270719993,-0.9943407619654341,-0.11048109083599034,-0.9903527411529172,0.08363836834009053,-0.9910757393261513,0.11609395541420481,0.06550627783202992
2021-06-10T13:43:00,676604649.1846827,3617.7673515916345,-331.455346810068,-439.3825063254624,0.0,0.0,0.0,0.009638531205572032,0.6590733723288175,-0.06833360579066185,-0.7489058064422826,-0.131058777206638,-0.07563701605282286,-0.9884850220007007,-0.10451042399453497,-0.9904752340716914,0.08964586977162346,-0.9858504796334906,0.11505586683543506,0.12190561641353256
2021-06-10T13:44:00,676604709.1846827,3583.349481872869,-352.2671454967585,-642.1261364774954,0.0,0.0,0.0,0.007185064619716965,0.6374779450050156,-0.06810157585351406,-0.767419324649087,-0.18714048895718544,-0.07579859037735626,-0.979404416515298,-0.09785442012944923,-0.9906211004253571,0.09536429024107389,-0.9774471596224499,0.11368557115509542,0.17796808999690059
2021-06-10T13:45:00,676604769.1846827,3537.5150779092482,-371.6299191072862,-842.8331660981615,0.0,0.0,0.0,0.004575450747431212,0.6153523511185346,-0.06768944919772504,-0.7853271214536387,-0.2426410984466994,-0.07611927228981127,-0.9671252006491451,-0.09049217454914349,-0.9907944074355328,0.10068569183274573,-0.965886361685445,0.11194774933218116,0.2335192448804008
2021-06-10T13:46:00,676604829.1846827,3480.4060618756853,-389.3848139236739,-1040.8634920314316,0.0,0.0,0.0,0.0017326508359603097,0.5927498305578461,-0.06703777640276541,-0.8025899157288846,-0.2972892725894505,-0.07669204503058602,-0.951702379230115,-0.08225447738426989,-0.9910058689121068,0.10555362964863182,-0.9512377669928143,0.10966174360635739,0.28830714981723493
2021-06-10T13:47:00,676604889.1846827,3412.2023341174636,-405.37930082240393,-1235.5840534074714,0.0,0.0,0.0,0.0012759923461864507,-0.5696827402116853,0.06622277985068065,0.8191913639542877,-0.35091989469687596,-0.07754251320047723,-0.933189362429988,-0.07336138555860638,-0.9912258305447617,0.10995208033397649,-0.9335273614709186,0.10704443706891792,0.34215223786750754
2021-06-10T13:48:00,676604949.1846827,3333.121263128407,-419.46804646882026,-1426.3710416133038,0.0,0.0,0.0,0.00448386719133579,-0.5461435131927884,0.06518875942384207,0.83513925999035,-0.40341431586489795,-0.07869414324096766,-0.9116271834334617,-0.06371552912869893,-0.9914606411595817,0.11378105457096467,-0.9127963743919594,0.10398571464870104,0.394955377284438
2021-06-10T13:49:00,676605009.1846827,3243.4169618009055,-431.5137651648418,-1612.6120406326386,0.0,0.0,0.0,0.007855398144127265,-0.5221741374497165,0.06402187100750999,0.8503961799839764,-0.45454492579728367,-0.08022153169056531,-0.8871039489739415,-0.05350072939448913,-0.99167898550539,0.11709168058089445,-0.8891156181207255,0.10068413757995909,0.44647074042268475
2021-06-10T13:50:00,676605069.1846827,3143.379501930918,-441.3879862219126,-1793.7080621199996,0.0,0.0,0.0,0.011897645575727063,-0.49861306951738793,0.06284242224121402,0.8644618458341928,-0.5024869058724055,-0.08323822741014703,-0.8605685951302154,-0.042097984788250886,-0.9918185519932226,0.12051439581574969,-0.863559302598,0.09678510949357672,0.49487167374661073
2021-06-10T13:51:00,676605129.1846827,3033.3341271884105,-448.9717771863592,-1969.075640921436,0.0,0.0,0.0,0.014953842713389136,-0.47277295852736106,0.06129273074851065,0.8789228142623106,-0.5525242245467786,-0.08424163834776455,-0.8292287547217989,-0.03166854426101284,-0.9920391674909876,0.12188270372852969,-0.8328950021421484,0.09360361388468247,0.5454578616853534
2021-06-10T13:52:00,676605189.1846827,2913.6401957491335,-454.15645714991206,-2138.149033836262,0.0,0.0,0.0,0.01883851659511341,-0.4476830428026161,0.059456674872589016,0.8920145219067804,-0.5984500069589734,-0.0868439509918191,-0.7964393996701414,-0.019627029495726978,-0.9922200282111816,0.12293980368365465,-0.8009197018952514,0.08920506595890282,0.5920895940001727
2021-06-10T13:53:00,676605249.1846827,2784.689876835957,-456.84422153393484,-2300.382252398561,0.0,0.0,0.0,0.02296291933378647,-0.4223349915264866,0.0575647228408575,0.9043186174973109,-0.642211718535985,-0.0901547843977003,-0.7612070831418091,-0.0070916025351721035,-0.9923180140398503,0.12350978983663657,-0.7664944994900744,0.08471761246760395,0.6366389152331553
2021-06-10T13:54:00,676605309.1846827,2646.906709736722,-456.948702874716,-2455.2510140201193,0.0,0.0,0.0,0.027248746115750525,-0.3966609206164999,0.055656615984085306,0.9158711486819476,-0.6838352397815803,-0.09406628987964288,-0.7235474400073209,0.005759071741057886,-0.992319693864639,0.12356560306602624,-0.7296137320017696,0.0803315521863508,0.679124910305742
2021-06-10T13:55:00,676605369.1846827,2500.744006637223,-454.39546919657596,-2602.2544912840904,0.0,0.0,0.0,0.03173467004320624,-0.3706929799509874,0.05368621146306523,0.9266592772055157,-0.7231592506646114,-0.09861665622823103,-0.683604749319781,0.019012249390141067,-0.9922214028319838,0.12302529063268802,-0.6904196061463815,0.07597001300837797,0.7194090106276001
2021-06-10T13:56:00,676605429.1846827,2346.683295087776,-449.12256444041986,-2740.9169340501076,0.0,0.0,0.0,0.03624028279080427,-0.3443686991542806,0.05171787562648579,0.9367081201135786,-0.7601936818920622,-0.103513169435749,-0.6413973727454424,0.03227309922568594,-0.9920238064878517,0.1218491461920117,-0.6488944544976163,0.07192907002540178,0.7574709207669438
2021-06-10T13:57:00,676605489.1846827,2185.232699131022,-441.08098537291505,-2870.789358018612,0.0,0.0,0.0,0.0407582278166253,-0.31769190070723563,0.0496749731790854,0.9460142811448087,-0.7948212461805441,-0.10867840447105152,-0.5970328223989312,0.045553057883672976,-0.9917423278098106,0.11988358581484465,-0.6051314778934027,0.06808935035675584,0.7932085065293621
2021-06-10T13:58:00,676605549.1846827,2016.9250422182265,-430.23501985333303,-2991.4511655715587,0.0,0.0,0.0,0.04538097223046715,-0.2907466894749117,0.047467716134718056,0.954543736998861,-0.8268138598375938,-0.11423840828923149,-0.5507526007673526,0.05903408299681512,-0.9913747665687427,0.11700875717439219,-0.559369125198366,0.06423128740974743,0.8264263569686663
2021-06-10T13:59:00,676605609.1846827,1842.3158637746048,-416.56254249294625,-3102.511378779054,0.0,0.0,0.0,0.049615612896180036,-0.26250145032660477,0.04524615528908475,0.9625923669783184,-0.8572625590667309,-0.11927358328380286,-0.5008739533585285,0.07176485774345281,-0.9909821527769849,0.11315554812095852,-0.5098536162619832,0.061058866744596096,0.8580915480159703
2021-06-10T14:00:00,676605669.1846827,1661.9816391819684,-400.0553781016922,-3203.6099237138305,0.0,0.0,0.0,0.05489968482388821,-0.23639702638871143,0.04237316320875458,0.9691785106782429,-0.8822049410416252,-0.12644896911110803,-0.4535692893180495,0.08638140998617555,-0.9903810792918438,0.10809056290686297,-0.46287438253865676,0.056178073938684514,0.8846419219085184
2021-06-10T14:01:00,676605729.1846827,1476.517783401579,-380.71948345779583,-3294.418987394558,0.0,0.0,0.0,0.05984823304533294,-0.2090139678708889,0.03988321650293784,0.9752644150575772,-0.9054627004724369,-0.133408002651838,-0.40291389015720086,0.10006340532090677,-0.9896550360854626,0.10281159694443809,-0.41246165030066206,0.05277513030897146,0.9094449805524936
2021-06-10T14:02:00,676605789.1846827,1286.5364904053567,-358.57499879185457,-3374.644159042561,0.0,0.0,0.0,0.06480668086510738,-0.18141668250618181,0.037363447795628654,0.9805570122091437,-0.9257761628473986,-0.14064999621271412,-0.35093599825169003,0.11353658522841056,-0.9888081337681431,0.09678800756619715,-0.3606216024009359,0.04975995537905864,0.9313839201545493
2021-06-10T14:03:00,676605849.1846827,1092.6645576670337,-333.65632896023726,-3444.0253812162027,0.0,0.0,0.0,0.06973893797505466,-0.15367571603708186,0.03481184142860315,0.9850423293071986,-0.9430405096612033,-0.14809108112893604,-0.29789868886586385,0.12669214249649635,-0.9878492324529227,0.09001663719457254,-0.307609652266611,0.04714791227864379,0.9503438199936798
2021-06-10T14:04:00,676605909.1846827,895.541174041182,-306.0121553210731,-3502.337807829837,0.0,0.0,0.0,0.07467454230470537,-0.12570771586961832,0.03248001900341252,0.9887195412592815,-0.9572425658048523,-0.1558303364231518,-0.24372848922846646,0.13949838042186863,-0.9867375221942416,0.08300159127176099,-0.2534302114409781,0.04545292668482609,0.9662852370727628
2021-06-10T14:05:00,676605969.1846827,695.8156402869562,-275.7053199722304,-3549.392513586036,0.0,0.0,0.0,0.08006140083162444,-0.0980103190325986,0.029339375147772923,0.9915257689671734,-0.9679682989200119,-0.16451700708523154,-0.18966161094332007,0.15301476101143047,-0.9854587463256324,0.07387517988423231,-0.19905741683874112,0.04248780613341535,0.9790663568581329
2021-06-10T14:06:00,676606029.1846827,494.1450898326304,-242.81271052770057,-3585.0370011411246,0.0,0.0,0.0,0.08491329119379039,-0.07002196083008191,0.026742553375258098,0.9935650425710038,-0.975773315960298,-0.17247888760948205,-0.1346011485420535,0.16498862350972748,-0.9841491376352202,0.06503252266534115,-0.1436843414301285,0.04124934206564146,0.988763521680964
2021-06-10T14:07:00,676606089.1846827,291.1922732145623,-207.42510138273838,-3609.15557004769,0.0,0.0,0.0,0.08970677304334321,-0.04195206182734093,0.024100148130798353,0.9947923915263218,-0.98038543875717,-0.18050133239265545,-0.07914329079200022,0.17645712877492994,-0.9827437554604475,0.055476056168442145,-0.08779107686672213,0.04042251981225986,0.995318414737017
2021-06-10T14:08:00,676606149.1846827,87.62345816090345,-169.64689260196315,-3621.669632840832,0.0,0.0,0.0,0.09458555264232123,-0.013912954104096452,0.021394846476009245,0.995189561582974,-0.981720005878888,-0.1888564403665597,-0.023644766635097653,0.18766577829822015,-0.9811916675512296,0.045215784674835835,-0.03173934014562149,0.039951926863542875,0.9986973805047304
2021-06-10T14:09:00,676606209.1846827,-115.89360408660951,-129.59585499989635,-3622.5382045669053,0.0,0.0,0.0,0.09942527409055736,0.014155536335267168,0.01865517211124995,0.9947694306805865,-0.9798284713261571,-0.19728229867132702,0.031872580843159276,0.198338594537973,-0.9795331988510345,0.03430035372064749,0.024453398441689034,0.03993002604077839,0.998903210689121
2021-06-10T14:10:00,676606269.1846827,-318.6921994423827,-87.4027901744887,-3611.7584321359936,0.0,0.0,0.0,0.10427206361006298,0.04218234511744202,0.01587738582732976,0.99352699768561,-0.9746959730217839,-0.2058547298649151,0.0871297329696385,0.20853371133904017,-0.9777504907395782,0.02275234259763087,0.08050746182984314,0.04034610329086108,0.9959371167593664
2021-06-10T14:11:00,676606329.1846827,-520.1092288233073,-43.210993003611975,-3589.365415907299,0.0,0.0,0.0,0.10880853656874581,0.07021084618432939,0.013123032794870005,0.9914932805915092,-0.9664622788956966,-0.21392310728374875,0.14208296042032012,0.21760862423187916,-0.9759769767600655,0.010743718825050819,0.13637136844530626,0.04130187652333167,0.9897964461766905
2021-06-10T14:12:00,676606389.1846827,-719.4873370916501,2.824289734375043,-3555.4319918638926,0.0,0.0,0.0,0.11321184226959526,0.0982036095753647,0.010358381070166567,0.9886515229229654,-0.9550782596725873,-0.22181965972460488,0.1965236791342014,0.22588858136639475,-0.9741515654230591,-0.001753964675029085,0.19183291351866505,0.04271728155517546,0.9804975100159491
2021-06-10T14:13:00,676606449.1846827,-916.1772029768686,50.53645998445859,-3510.0686350699402,0.0,0.0,0.0,0.11770880732102874,0.12607543235255939,0.0075421145968262585,0.984983623490048,-0.9404992440723522,-0.22998074438622268,0.2501400190111386,0.23378424582081228,-0.9721755063729385,-0.01482265882068734,0.24658892575565475,0.04453809627812377,0.968096203729047
2021-06-10T14:14:00,676606509.1846827,-1109.5399235789118,99.74818954260536,-3453.423032238009,0.0,0.0,0.0,0.12179156133178196,0.1538845408640915,0.004699713029878312,0.9805428477985302,-0.9229727273428293,-0.23739726240859793,0.3029255426375316,0.24029011513578136,-0.9702894565716074,-0.028267136997018716,0.30063600108665084,0.04670021698962967,0.9525949215609691
2021-06-10T14:15:00,676606569.1846827,-1298.9492786420972,150.27206937263622,-3385.6794041674007,0.0,0.0,0.0,0.12601455638085787,0.18154067514996536,0.001896127912083579,0.9752741766012116,-0.9023266296924607,-0.24510903674555543,0.3545817443883861,0.24648593411087708,-0.9682334725581531,-0.04205504611183286,0.3536259855176559,0.04945202446458441,0.9340787759300715
2021-06-10T14:16:00,676606629.1846827,-1483.7936730658255,201.91132587223547,-3307.057658616971,0.0,0.0,0.0,0.12989415463973794,0.2091160338326539,-0.0009581466355677276,0.969224986749492,-0.8787959859690564,-0.2521940482675929,0.4051120549466245,0.251392592970553,-0.9662531810909051,-0.056183220192939254,0.4056098855356166,0.05246858155229045,0.9125391326982502
2021-06-10T14:17:00,676606689.1846827,-1663.4779395132161,254.46058773783534,-3217.8128196317703,0.0,0.0,0.0,0.13361105444359647,0.2365228829304387,-0.0038140571719654194,0.9623878973411051,-0.8524100239614885,-0.25897554709095094,0.45423431955205346,0.25536709989905176,-0.9642670781967184,-0.07054534850088373,0.4562727203538713,0.05586293865261749,0.8880847576363259
2021-06-10T14:18:00,676606749.1846827,-1837.4254250754977,307.7067503720882,-3118.234408205369,0.0,0.0,0.0,0.1370049314581046,0.2637627041843563,-0.0067030651936587525,0.9547847681831363,-0.8233177692750314,-0.2651564806479526,0.5018365187652027,0.2580844062407389,-0.9623694353463392,-0.08507355151005191,0.5055099307148685,0.05947361332187623,0.8607686095967306
2021-06-10T14:19:00,676606809.1846827,-2005.080078728443,361.42980631526075,-3008.6454951618803,0.0,0.0,0.0,0.1402205562060734,0.29078724618164276,-0.00963816748173121,0.946407987499551,-0.7915619461507124,-0.2710170211706153,0.5477038064884187,0.2598063964496149,-0.9604906026897069,-0.09979197617358243,0.5531096833088012,0.06330542141530704,0.8306997663713818
2021-06-10T14:20:00,676606869.1846827,-2165.9084131838863,415.40368479385165,-2889.4016319636617,0.0,0.0,0.0,0.1431182034582285,0.3176202603640827,-0.012596419219721313,0.9372704413711032,-0.7572691000902828,-0.2762826793515123,0.5917866094622304,0.26027916754262026,-0.95871702012346,-0.11452698489401192,0.5989977170171633,0.06730197928695736,0.7979174008581866
2021-06-10T14:21:00,676606929.1846827,-2319.4014423915114,469.39721019727995,-2760.889638493959,0.0,0.0,0.0,0.1459053525172815,0.3441751633476823,-0.015573991652339515,0.9273686083890359,-0.720510170082808,-0.28133644968276494,0.6338098270673468,0.2598957251990873,-0.9569381577816414,-0.1293196590032582,0.64289914203589,0.07154833514048797,0.7626018154372181
2021-06-10T14:22:00,676606989.1846827,-2465.0764039174173,523.1751120683,-2623.526204981754,0.0,0.0,0.0,0.14830954231150012,0.3705145695424717,-0.018621786181524852,0.916720493114188,-0.6814464668322208,-0.2857160797049949,0.6737930206227222,0.25811750734035666,-0.9553150174775259,-0.1440436384791618,0.6848401749651406,0.07575974643518407,0.7247443656723329
2021-06-10T14:23:00,676607049.1846827,-2602.4783224151483,576.4991494456369,-2477.7564720304886,0.0,0.0,0.0,0.1505470155737562,0.3965098608357974,-0.021699485010121027,0.9053422881496851,-0.6402310527236235,-0.28980127867044436,0.7114207039504654,0.2553850395441583,-0.9537294569042616,-0.15867767521025483,0.7244878747815104,0.0800958295673238,0.6846181252205441
2021-06-10T14:24:00,676607109.1846827,-2731.18148998485,629.1291806980122,-2324.052522122206,0.0,0.0,0.0,0.15240894579814607,0.4222273931890217,-0.024837710007075846,0.893240521832225,-0.5969910833630021,-0.2932500156514155,0.7467302556516064,0.2513013694551255,-0.9523092028046046,-0.1730745618617519,0.7618722124444803,0.08433036567040031,0.6422142332048154
2021-06-10T14:25:00,676607169.1846827,-2850.790980654738,680.824150226487,-2162.9117936099037,0.0,0.0,0.0,0.15408053269777444,0.447582732530564,-0.02800663158011859,0.8804229185860505,-0.5518577739680873,-0.29638263397334846,0.7794936379406874,0.24624149520692323,-0.950949636062211,-0.18724293234033407,0.7967547447924272,0.08861221107820505,0.5977706522560182
2021-06-10T14:26:00,676607229.1846827,-2960.9440193368496,731.3431289448466,-1994.8552055134005,0.0,0.0,0.0,0.15540993020771043,0.4725894763947968,-0.031252088567367775,0.866908442313203,-0.5050138807874528,-0.29899117737733205,0.8096698438638512,0.23991354468814724,-0.9497421211060239,-0.20107559392476954,0.8290973834762505,0.09270479624888533,0.5513649875221385
2021-06-10T14:27:00,676607289.1846827,-3061.3109618924527,780.4463556374318,-1820.4252430763092,0.0,0.0,0.0,0.1563944133414179,0.49722883178472194,-0.034571813561800134,0.8527069051113886,-0.4566085526351887,-0.30109739729416957,0.8371672395663096,0.23233698741411718,-0.9486911543652838,-0.21448687117956136,0.8587945935668961,0.0965683745940793,0.5031365570980976
2021-06-10T14:28:00,676607349.1846827,-3151.5962058398422,827.8962683718378,-1640.1842202792645,0.0,0.0,0.0,0.15709735859601046,0.5214687122631807,-0.03797676226813265,0.8378237091300093,-0.4067816041054734,-0.30284716997864947,0.8618656033264708,0.2236323967150971,-0.9477563708995724,-0.22747837822248815,0.8857297994878797,0.10020705092554621,0.45325629531641964
2021-06-10T14:29:00,676607409.1846827,-3231.5391903283944,873.45861644179,-1454.7124678337277,0.0,0.0,0.0,0.15756848459137163,0.5452280126425696,-0.04144205715816684,0.8223023426890574,-0.3557971737868254,-0.30432860895523317,0.8836246199018453,0.21394712709856495,-0.9469094571241559,-0.2399773047917385,0.9097444684808906,0.10366570204368086,0.40201794025666643
2021-06-10T14:30:00,676607469.1846827,-3300.915279619659,916.9036100027049,-1264.6062908977005,0.0,0.0,0.0,0.15757746701635075,0.5685968748401614,-0.04501245769270805,0.8061270461057456,-0.3037338716214256,-0.3052428015833302,0.9025367401449201,0.20286703049153537,-0.9462864410823462,-0.2517676296970166,0.9309085364145107,0.10662459146588626,0.34934294514892816
2021-06-10T14:31:00,676607529.1846827,-3359.5363886801683,958.0069615074503,-1070.4757980762834,0.0,0.0,0.0,0.157382616031259,0.5914605046124642,-0.04864994937495137,0.7893277938097335,-0.2508103673094531,-0.30600199340527534,0.9183991178578599,0.19090389897855692,-0.945727789193944,-0.26297271740832745,0.9490257430675324,0.10936968857198509,0.2956153078187678
2021-06-10T14:32:00,676607589.1846827,-3407.251392046024,996.5508281258627,-872.9427252801268,0.0,0.0,0.0,0.15680089306224312,0.613826065473788,-0.05243831702357669,0.7719334583936538,-0.19726208255970384,-0.3064557229588,0.9312210052667456,0.17770369968420324,-0.9453274056852358,-0.2734547333270504,0.9641105050266567,0.11153916767764094,0.24093556850540754
2021-06-10T14:33:00,676607649.1846827,-3443.9463574330002,1032.3247514877212,-672.63833853743,0.0,0.0,0.0,0.14505300800302479,0.638297978136409,-0.043201374169755745,0.7547641732661213,-0.1430706319524937,-0.27411232690087334,0.9509959129847525,0.163810927759795,-0.9541865322782384,-0.25038778238026216,0.9760618700775016,0.1199603845434779,0.18141866475363427
2021-06-10T14:34:00,676607709.1846827,-3469.5447724482524,1065.1266665546095,-470.2013878502397,0.0,0.0,0.0,0.1286259659186081,0.662630697278139,-0.030843307415553786,0.7371733922923848,-0.0887518398323852,-0.23051472386447475,0.9690129374822876,0.14876383466794524,-0.9650081025583495,-0.21593675808352406,0.9848819383160883,0.12498929585536145,0.11993849882471438
2021-06-10T14:35:00,676607769.1846827,-3484.007716459345,1094.7638743808939,-266.2759099514785,0.0,0.0,0.0,0.11306513251186479,0.6858342351490528,-0.02148489998524858,0.7186000812553616,-0.0336953554151765,-0.19196738671762217,0.9808226880839636,0.13302706692307487,-0.9735093497653968,-0.1859659791069281,0.9905394603393088,0.12420977560627633,0.058339601940275376
2021-06-10T14:36:00,676607829.1846827,-3487.3338129035433,1121.0539482708296,-61.50895217209256,0.0,0.0,0.0,0.10639780550948535,0.7062456587207956,-0.022910553770036975,0.6995510582128696,0.020206846958409075,-0.1812223531493311,0.9832345305444772,0.11650043659341924,-0.9763092270174321,-0.1823401807451314,0.9929850611210329,0.11823177220884284,0.0013843521279599258
2021-06-10T14:37:00,676607889.1846827,-3479.5589463424603,1143.8255969313036,143.45173976674278,0.0,0.0,0.0,0.09924717499477254,0.7261184529654263,-0.02524622453419679,0.6799004476137828,0.07419601896269387,-0.17161989641067601,0.982365289455036,0.09829289840272099,-0.9790252528046519,-0.1784602490595033,0.9923877553122468,0.10980057161406931,-0.05577075918027011
2021-06-10T14:38:00,676607949.1846827,-3460.7557392029407,1162.9195099487665,347.96001887214675,0.0,0.0,0.0,0.09326158738642867,0.7451432291887327,-0.028871845093595704,0.6597198351370397,0.12787231137529698,-0.1660803578817442,0.9777862684193366,0.0800257183390291,-0.9809373857581101,-0.1770811385392796,0.9885568048361517,0.10089182299828298,-0.11214403088984139
2021-06-10T14:39:00,676608009.1846827,-3431.0327859404515,1178.1890796427324,551.3735066956847,0.0,0.0,0.0,0.08902671414421354,0.7632546613531843,-0.03459998291126086,0.6389987537342002,0.18096686781735916,-0.16659311525392745,0.9692769091969364,0.06095872229488597,-0.98175417070245,-0.18011880103009753,0.9815982003490789,0.09168141719201628,-0.1675096737896472
2021-06-10T14:40:00,676608069.1846827,-3390.533873315783,1189.5010344050681,753.0555629313023,0.0,0.0,0.0,0.08847069886238244,0.7803177094937422,-0.04339415702400947,0.6175711738977274,0.23344558461351705,-0.17699636513276149,0.9561252249335562,0.041551448275214065,-0.9805797651579544,-0.19166846717444944,0.9714816705273885,0.08447254519997016,-0.22155756122676917
2021-06-10T14:41:00,676608129.1846827,-3339.437135487034,1196.7359876895823,952.3771985551091,0.0,0.0,0.0,0.10716515999583971,0.7941641058125862,-0.0665712670054365,0.594463849137399,0.28436199695607733,-0.2331486484774711,0.9299354614166946,0.021674605540737468,-0.9681677897847139,-0.24936187017672817,0.9584719433357479,0.09106502367270697,-0.27025672110362753
2021-06-10T14:42:00,676608189.1846827,-3277.954209555407,1199.78897809425,1148.7188781917177,0.0,0.0,0.0,0.12728940549824913,0.8069009006323796,-0.08938150754131045,0.5698414603345386,0.33458331238688654,-0.28931359929840156,0.896856537208278,0.0008255235585485909,-0.9516167067150898,-0.30728644944348066,0.9423658130381607,0.10355329430650889,-0.3181562346634058
2021-06-10T14:43:00,676608249.1846827,-3206.329419513094,1198.5700616039683,1341.4724012681856,0.0,0.0,0.0,0.1321069008382621,0.8211628951063911,-0.1002904544465774,0.5460596040711113,0.38352146709720025,-0.30898608378338016,0.8703096485181703,-0.020433115916168365,-0.9449791829956172,-0.32649170200618033,0.9233058930005634,0.10743343861734062,-0.3687333511052214
2021-06-10T14:44:00,676608309.1846827,-3124.838768103124,1193.0048360618975,1530.0428790462115,0.0,0.0,0.0,0.12826946652357046,0.8360436123682021,-0.10521904635677122,0.522978942654346,0.4308439556478276,-0.3100998831667723,0.8474736269298805,-0.041770963257436955,-0.9449517924830606,-0.3245324275193416,0.9014591907070879,0.10442304507629036,-0.4200799389958018
2021-06-10T14:45:00,676608369.1846827,-3033.7886881604686,1183.0348081990612,1713.8506498028853,0.0,0.0,0.0,0.12427588789736295,0.8502070351132163,-0.11036284049217851,0.4995233173434593,0.4765929977373673,-0.31181993437964506,0.8219655972309206,-0.06350511922646657,-0.9447510942516401,-0.3215780927587588,0.8768273572030825,0.10106284398235876,-0.4700639182350156
2021-06-10T14:46:00,676608429.1846827,-2933.5146606041963,1168.6176486664108,1892.3330886903238,0.0,0.0,0.0,0.12014068739917251,0.8636480372268941,-0.11548386250296269,0.4757538865072828,0.5206434339492247,-0.3137896202797541,0.7940191993209276,-0.08516002444850285,-0.944459385465302,-0.31740233055608474,0.8495164418193976,0.097634744897456,-0.5184489094089395
2021-06-10T14:47:00,676608489.1846827,-2824.3797228099843,1149.727395703884,2064.946317098337,0.0,0.0,0.0,0.11579156874087164,0.8763657276914294,-0.12069961129860515,0.4516713714292342,0.562849152127201,-0.3161534786818135,0.7637066255225756,-0.10695453206928562,-0.9440478328817872,-0.3119846427326853,0.8196106148772913,0.09391840686781927,-0.5651705696795257
2021-06-10T14:48:00,676608549.1846827,-2706.772829748595,1126.3546660193108,2231.1667365710496,0.0,0.0,0.0,0.11129459841796603,0.8883392395443297,-0.12595913792210162,0.4273186204961196,0.6030661843024286,-0.3189053981200279,0.7311706534050829,-0.12867238106148848,-0.9434956158738095,-0.3053840879595209,0.7872449400935368,0.09008534773650911,-0.6100246178805538
2021-06-10T14:49:00,676608609.1846827,-2581.1071753220426,1098.5068633772958,2390.4923167446746,0.0,0.0,0.0,0.10657173270032924,0.899566534990264,-0.13136412733388494,0.4026983746734854,0.6411549701702801,-0.3221740727846448,0.6965085577731992,-0.15050901860640598,-0.942771863678113,-0.29753696976180016,0.7525073684317541,0.08593648749077498,-0.6529529696491657
2021-06-10T14:50:00,676608669.1846827,-2447.8186181607225,1066.2083161001547,2542.4437625786813,0.0,0.0,0.0,0.10176334878248668,0.9100405161272035,-0.1367492838146658,0.3778493260913442,0.6770590402969862,-0.32579720316196975,0.6598842613397915,-0.17199235212892583,-0.9418877084414998,-0.2885587903633845,0.7155485215981401,0.0818762914320027,-0.6937482152337822
2021-06-10T14:51:00,676608729.1846827,-2307.364159854994,1029.5002730931424,2686.56567396829,0.0,0.0,0.0,0.09679006614946721,0.919763100419779,-0.14220632811203054,0.35276746228340106,0.7106649555980454,-0.3298810385068474,0.6213966698643242,-0.193303494467687,-0.9408180866793507,-0.2783793936403824,0.6764533094836696,0.07771633168549547,-0.7323736012978217
2021-06-10T14:52:00,676608789.1846827,-2160.2204002816575,988.4408281292771,2822.4277062649444,0.0,0.0,0.0,0.09168612189687353,0.9287258369924045,-0.14771168113030858,0.3274801276595688,0.7418760504914614,-0.33441807518939987,0.5811922889146139,-0.21431654357580418,-0.9395498286183392,-0.26704782098524904,0.6353647337214361,0.07355726021179693,-0.7687008420791683
2021-06-10T14:53:00,676608849.1846827,-2006.8818842477872,943.1048126964637,2949.625710667163,0.0,0.0,0.0,0.08645167818087145,0.9369238250705795,-0.15328527619175317,0.30199913486240854,0.7706002932903496,-0.33944991862920826,0.5393968304721963,-0.23501659055710217,-0.938059462885058,-0.25458131560409525,0.5924039079409781,0.0694132324158761,-0.8026452597641354
2021-06-10T14:54:00,676608909.1846827,-1847.8593247682275,893.5836174229084,3067.78271370628,0.0,0.0,0.0,0.08120183016750754,0.9443707191415336,-0.15872661993545237,0.27636220387277377,0.7968595847888997,-0.34467577791788606,0.4961989623596185,-0.25491131094350594,-0.9364242458026273,-0.24110133849907084,0.547754530499863,0.06563718450452016,-0.8340603900960613
2021-06-10T14:55:00,676608969.1846827,-1683.6778506083465,839.9849811097893,3176.549707812848,0.0,0.0,0.0,0.07580380479830502,0.9510467192664159,-0.16426478673872758,0.25056137130126005,0.820472158098625,-0.3504339835979614,0.4516873486435598,-0.27445996247749593,-0.9345417260315616,-0.2265027401662088,0.5014949319602707,0.06186909927915035,-0.862945564779465
2021-06-10T14:56:00,676609029.1846827,-1514.8753090761031,782.4327472015805,3275.6063404285487,0.0,0.0,0.0,0.07031167897819819,0.9569950215676949,-0.16959338841319344,0.22462163542376304,0.8415664070121714,-0.35618710544739185,0.40607478190800317,-0.2930130081614979,-0.932588700811597,-0.21076454200526096,0.4537723654397365,0.05838716495554541,-0.8892027773976416
2021-06-10T14:57:00,676609089.1846827,-1342.0006778296813,721.0665828655581,3364.661540371326,0.0,0.0,0.0,0.06479632178457458,0.9621072936123051,-0.17527834296180192,0.1985660966775564,0.8596980154776087,-0.3630058497433092,0.3593689959303664,-0.3115404389600055,-0.9301578783435096,-0.19429070036444823,0.40479856358004596,0.055073354788308104,-0.9127458838668584
2021-06-10T14:58:00,676609149.1846827,-1165.6124971206514,656.0416905305026,3443.454255517895,0.0,0.0,0.0,0.05914514249063745,0.9664842354555965,-0.1808210105147515,0.1723770196168783,0.8751798505288533,-0.3699118389780192,0.31180997516467396,-0.3291307854286126,-0.9276112285523728,-0.17666446939524216,0.35458871289345795,0.05198692188866205,-0.9335760304555294
2021-06-10T14:59:00,676609209.1846827,-986.2770417546429,587.5284546679736,3511.7541520209825,0.0,0.0,0.0,0.05350427057916834,0.9701182591892132,-0.18616491167913435,0.1461180409018062,0.8879842875650366,-0.3768398384743673,0.2635823233379421,-0.3455680816867344,-0.9249598373785826,-0.1582150440253286,0.30342479456525173,0.049406835308477115,-0.9515736223056189
2021-06-10T15:00:00,676609269.1846827,-804.5664676092061,515.7120324058076,3569.3620042164057,0.0,0.0,0.0,0.04783889939926913,0.973001228681883,-0.19139590718000543,0.11978169894669027,0.8980399026243748,-0.3839173549932264,0.21478314139943383,-0.3609964564100893,-0.9221580928380189,-0.13894606965548378,0.25140781959549835,0.04724316192162764,-0.9667275686034223
2021-06-10T15:01:00,676609329.1846827,-621.0571132638639,440.791990919972,3616.1100190978523,0.0,0.0,0.0,0.04208391363331489,0.975108645448918,-0.1966515297507848,0.0933822768557094,0.9052158524318397,-0.3913729969496467,0.16556399899963076,-0.37565343025333464,-0.9191142401199599,-0.11880031122691509,0.19866746297519583,0.04534524084576863,-0.9790173891650947
2021-06-10T15:02:00,676609389.1846827,-436.3278453847877,362.98179704691574,3651.8621476692697,0.0,0.0,0.0,0.03629747419358062,0.9764645529549959,-0.20179749711182404,0.066912183860413,0.9096010596208671,-0.39895369214328746,0.11602527251351015,-0.3892387190756496,-0.9159205270531394,-0.09789181628229537,0.1453242302884925,0.04388097136502539,-0.9884105060363929
2021-06-10T15:03:00,676609449.1846827,-250.95858340175783,282.5081262194949,3676.514381381087,0.0,0.0,0.0,0.03052202125424486,0.97707945121331,-0.20675979456616841,0.04042943959800224,0.9112316955294948,-0.40650946964479195,0.06638409562201154,-0.4015735167859622,-0.9126375871390225,-0.07636324480545359,0.09162700299909923,0.04292651430262062,-0.9948677332646942
2021-06-10T15:04:00,676609509.1846827,-65.52869854223867,199.6101527798578,3689.995034530686,0.0,0.0,0.0,0.02470199927339209,0.976934455296666,-0.2116483725953106,0.01392291865452164,0.9100222374277925,-0.4142210230446261,0.016747282011661858,-0.41284532733867624,-0.9091895552193077,-0.054157994559792755,0.0376598337959177,0.04237094225976701,-0.9983919271360739
2021-06-10T15:05:00,676609569.1846827,119.384626632117,114.53896901989879,3692.264798184584,0.0,0.0,0.0,0.018856324759906836,0.9760431046898658,-0.21639189201450645,-0.012603407249583823,0.9060314063921668,-0.4219403203427471,-0.0327636490655816,-0.42289093610346506,-0.905637976173862,-0.03135462124226612,-0.016442225900636626,0.042263721804533305,-0.9989711862845003
2021-06-10T15:06:00,676609629.1846827,303.2080097449043,27.55703976892869,3683.3169174689033,0.0,0.0,0.0,0.013004717919235602,0.9744196684956637,-0.22092168702488021,-0.03912537747706454,0.8993256260787159,-0.42952324507342726,-0.0819951231459383,-0.4315585030637187,-0.9020489710278441,-0.00805681705204564,-0.07050302625793739,0.04263139464291904,-0.9966001642982366
2021-06-10T15:07:00,676609689.1846827,485.3735725331978,-61.06258077037069,3663.177254311373,0.0,0.0,0.0,0.0071430146213656235,0.9720531872761686,-0.22529459330547205,-0.06560430378933044,0.8898768431032783,-0.4370594299949611,-0.13076031034309654,-0.43893387999972794,-0.8983826471388818,0.01567380962369419,-0.1243231800467142,0.04344737014152911,-0.9912901053328722
2021-06-10T15:08:00,676609749.1846827,665.3205052860815,-151.03710080412225,3631.9040962924482,0.0,0.0,0.0,0.0012713026411336162,0.9689527088095635,-0.2294618526096604,-0.09206676966824917,0.877741936239592,-0.44444127785430254,-0.1790001226413165,-0.44490945676406224,-0.8946912839730741,0.03978795878804031,-0.17783326080426815,0.04471528733941299,-0.9830441874248962
2021-06-10T15:09:00,676609809.1846827,842.4965373638366,-242.0747384769354,3589.588006729152,0.0,0.0,0.0,0.004605077406187425,-0.9651328860025026,0.23337334167565152,0.11846598251693614,0.8630053887628732,-0.4515636635739204,-0.2265214265934712,-0.4493814834959582,-0.8910313533144452,0.06418262772433059,-0.2308202358052992,0.046404581135136236,-0.9718892084967599
2021-06-10T15:10:00,676609869.1846827,1016.3595082619804,-333.8754904998045,3536.351628052076,0.0,0.0,0.0,0.010497436451950917,-0.9605869412159591,0.23705978943834166,0.14479360629790877,0.8456749356133902,-0.4584729994052742,-0.27319665461278836,-0.45239315268222957,-0.8873849201187729,0.08881688438597768,-0.2831507349125557,0.048482082898023915,-0.9578492308063664
2021-06-10T15:11:00,676609929.1846827,1186.3787344204952,-426.13196947240317,3472.349384999384,0.0,0.0,0.0,0.01638839622344418,-0.9553125122791218,0.24053200665762914,0.1710373588589064,0.8257811512956476,-0.46517252713925855,-0.31890439031112444,-0.45396041511529384,-0.8837515484849554,0.11359199821639587,-0.33467212562922577,0.050967838342619365,-0.9409552846875858
2021-06-10T15:12:00,676609989.1846827,1352.0363477808241,-518.5303183048873,3397.767467922121,0.0,0.0,0.0,0.022289070763694845,-0.9493154966122794,0.2437554953739203,0.1971967131858112,0.8033934295674552,-0.4715924012748638,-0.3635376244457375,-0.4540110752965974,-0.8801729115990116,0.13845428557955902,-0.3852699583874527,0.05381684445530621,-0.9212333072664078
2021-06-10T15:13:00,676610049.1846827,1512.8290062807898,-610.7512278346453,3312.8236962381525,0.0,0.0,0.0,0.028208937071619065,-0.9426052680462432,0.24670939372807454,0.22323539048969251,0.778600870958481,-0.47769361457411963,-0.40692689065458354,-0.4525046822441914,-0.8766774618312307,0.16332832107211015,-0.43476452970519364,0.05696875031333781,-0.8987404326044077
2021-06-10T15:14:00,676610109.1846827,1668.269562846563,-702.4710144121327,3217.7669096650225,0.0,0.0,0.0,0.03412359285676216,-0.9352305780758193,0.24924356986389654,0.24911240258970566,0.7516413075149704,-0.4832016362540676,-0.44894490035925005,-0.4491991954479037,-0.8734264465840936,0.18800618398456803,-0.4829652447600565,0.06035247409075373,-0.8735571825730606
2021-06-10T15:15:00,676610169.1846827,1817.888456021971,-793.3626753018359,3112.8762505782743,0.0,0.0,0.0,0.040063068973408264,-0.9271080836597368,0.2516229214578424,0.27486625313818164,0.7222688965655951,-0.48858726035116384,-0.4894998775040312,-0.4445393177194147,-0.8701617118029048,0.21261088945252893,-0.5298230233346554,0.06403970904667139,-0.845686986780418
2021-06-10T15:16:00,676610229.1846827,1961.2349973743985,-883.0969816860788,2998.4605067842463,0.0,0.0,0.0,0.04601552953890637,-0.9182903775293473,0.25367764173147545,0.300454668234361,0.6907492928434743,-0.49355063611518346,-0.5284630394138626,-0.43824831347022103,-0.8670604502536223,0.2369484993548015,-0.575155483479682,0.06792602738482084,-0.8152191267548681
2021-06-10T15:17:00,676610289.1846827,2097.8786527351567,-971.3436028912301,2874.8573778088366,0.0,0.0,0.0,0.05197128711638997,-0.9088009821580579,0.2553714783021447,0.3258299682561325,0.65724047971197,-0.4980313062550159,-0.5656852214950485,-0.4302960949295612,-0.8641687867704859,0.2608784748882063,-0.6187731591757597,0.07195224778663178,-0.7822676342033472
2021-06-10T15:18:00,676610349.1846827,2227.410274194383,-1057.7721821974092,2742.4325877948086,0.0,0.0,0.0,0.05797404076014414,-0.8986023895401652,0.2567764954529328,0.35102505251556665,0.6216944877787073,-0.5021806261882479,-0.6010911599306294,-0.420779263378771,-0.8614096839617023,0.2844611887189865,-0.660636643985171,0.0760787424855287,-0.7468408462087696
2021-06-10T15:19:00,676610409.1846827,2349.4431459859074,-1142.0533477877568,2601.5790109417526,0.0,0.0,0.0,0.06399314253548359,-0.8877660985485998,0.2577326549078517,0.37596557099072436,0.5844475360475377,-0.50573106377792,-0.6345527312509305,-0.4094941902865445,-0.858957512605167,0.307419094495953,-0.7005252213371975,0.08017532456559012,-0.7091095342761037
2021-06-10T15:20:00,676610469.1846827,2463.6140001545145,-1223.8598039653439,2452.7160551451816,0.0,0.0,0.0,0.0700456941659381,-0.8762334883941949,0.25840337802610797,0.4006696504229495,0.5453830509092956,-0.5089737542715193,-0.6659602429902431,-0.39671301909112244,-0.8566425899070164,0.32982154817568565,-0.7383604189448914,0.08431601639163427,-0.6691148639175266
2021-06-10T15:21:00,676610529.1846827,2569.5843338557065,-1302.8676830275995,2296.2890715608337,0.0,0.0,0.0,0.07609704163517386,-0.8640089901944189,0.25879292734298814,0.4251163674511277,0.5046045897648094,-0.5118990274735903,-0.6952219743793209,-0.382498635818701,-0.8544709220232429,0.3515312745881679,-0.7739954790469524,0.088537162188211,-0.6269706287590648
2021-06-10T15:22:00,676610589.1846827,2667.041919889815,-1378.757942351096,2132.768287346798,0.0,0.0,0.0,0.08221470809063917,-0.8512032309591636,0.2586367523494643,0.4492224746296358,0.4626123972434962,-0.5141702677281581,-0.7222317534565893,-0.36643948925043784,-0.8526955442153858,0.3723337341594302,-0.807286733840278,0.09240803352296406,-0.5828798201223944
2021-06-10T15:23:00,676610649.1846827,2755.702062655997,-1451.21761526124,1962.6473384924725,0.0,0.0,0.0,0.08835959583319788,-0.8377082796461987,0.2582017725441878,0.4730425611839168,0.41912515992720006,-0.5161912243954047,-0.7469141317267818,-0.348999826322958,-0.8510488529584667,0.3923199856043827,-0.8381725487884606,0.09624172554173621,-0.5368466342655087
2021-06-10T15:24:00,676610709.1846827,2835.308444855936,-1519.9409933880872,1786.4417882305445,0.0,0.0,0.0,0.09453732520119149,-0.8235812423219596,0.2573817723105195,0.4965191383235071,0.3744467371215561,-0.5178287820776601,-0.7691833289346486,-0.3300704170844415,-0.8496346348522004,0.4113082870855772,-0.866512066173763,0.09987161614560769,-0.4890628788445728
2021-06-10T15:25:00,676610769.1846827,2905.6339209804655,-1584.630846245561,1604.6878052828406,0.0,0.0,0.0,0.10075200361429401,-0.8088161126698267,0.25618887315549144,0.5196467943947072,0.32866894069324876,-0.5191302884037995,-0.7889743158591195,-0.3097084655757521,-0.8484325900780496,0.4292351412037061,-0.8922204849555355,0.10327576557566764,-0.4396324856860206
2021-06-10T15:26:00,676610829.1846827,2966.4813851255667,-1644.9996773080197,1417.9407202877483,0.0,0.0,0.0,0.1070176689540977,-0.793435404167955,0.25461905640535953,0.5423805067106575,0.2819850441110696,-0.5201361428843332,-0.8061903173339944,-0.2879589528270657,-0.847432709293751,0.4460240405020704,-0.915185268885168,0.10637761082324282,-0.38874120894384323
2021-06-10T15:27:00,676610889.1846827,3017.6845019809803,-1700.7709233253709,1226.7734303197558,0.0,0.0,0.0,0.11336113983518527,-0.7774883761543091,0.2525873314026397,0.5646775335845198,0.234677846159593,-0.5207924059517017,-0.8207932616834351,-0.26474245056585277,-0.8466977839803216,0.46153471968119614,-0.935327612866359,0.1089868455633572,-0.3365770700803422
2021-06-10T15:28:00,676610949.1846827,3059.108324185942,-1751.6801700444698,1031.7748135706943,0.0,0.0,0.0,0.11985689800806314,-0.7610477227436857,0.249837106380703,0.5865339785399071,0.18711862458693057,-0.5208762082240542,-0.8328712962029771,-0.23967563524756968,-0.8464314885504041,0.47550954255306066,-0.9526500985153832,0.11064226541642608,-0.28322443203606534
2021-06-10T15:29:00,676611009.1846827,3090.649900438149,-1797.476444800007,833.5480738675376,0.0,0.0,0.0,0.12628509378532438,-0.7438874866366858,0.24714113978793556,0.6079512639490986,0.13863303537402694,-0.5212407674121833,-0.8420741914407199,-0.2141400378733096,-0.8459466642239039,0.4883833386470789,-0.9669151595060455,0.11261573458450647,-0.22889467150065043
2021-06-10T15:30:00,676611069.1846827,3112.238808842962,-1837.923491266346,632.7088866364805,0.0,0.0,0.0,0.1322204873852363,-0.7258227771889098,0.24512595226834613,0.6289771906467876,0.08860192234122213,-0.5221633402760042,-0.8482305968480776,-0.18950865746994422,-0.8448620204802939,0.5002945483351726,-0.9778732883668414,0.11641998291427891,-0.1738108727233703
2021-06-10T15:31:00,676611129.1846827,3123.8375220791836,-1872.8009752331918,429.8834209353904,0.0,0.0,0.0,0.13893711570072198,-0.7076303560251813,0.24129486986391369,0.6494093800445112,0.04008848577512138,-0.5219492816824589,-0.8520339551094331,-0.16104101699294526,-0.8449465273162424,0.5100305449893179,-0.9861332081185258,0.11676606239566306,-0.1179278699819356
2021-06-10T15:32:00,676611189.1846827,3125.4415766461584,-1901.9056328364359,225.7062974092978,0.0,0.0,0.0,0.145620130928814,-0.6888774540944618,0.23724118366810157,0.6692975806622686,-0.008485261417215933,-0.5217866078760329,-0.8530338423415005,-0.1319338025705205,-0.8450227964800665,0.5181987506433137,-0.991222211251324,0.11694105040673947,-0.061671051975817875
2021-06-10T15:33:00,676611249.1846827,3117.079611650423,-1925.0522132786423,20.818519338394708,0.0,0.0,0.0,0.1523082798766439,-0.6695853035792748,0.2329223266683857,0.6886253690150068,-0.0569154182233368,-0.5216894244934737,-0.8512348556891518,-0.10215604275709445,-0.8450987552408074,0.5247592179453815,-0.9931388513680617,0.11682567467002258,-0.005194578059927318
2021-06-10T15:34:00,676611309.1846827,3098.8133285960002,-1942.0743904480341,-184.1345669951312,0.0,0.0,0.0,0.15897344755750906,-0.6497499771469476,0.22831219953756968,0.7074079089970213,-0.10510482033844205,-0.5216098411092206,-0.8466853904489186,-0.07177354461840013,-0.8452019650279938,0.5296056991816916,-0.9918677003686199,0.11643372351183978,0.05139701347971623
2021-06-10T15:35:00,676611369.1846827,3070.737367716217,-1952.8257458909766,-388.5053169222123,0.0,0.0,0.0,0.16570044180994933,-0.6294299801667143,0.22336594579349348,0.7255817789271555,-0.1527225273026348,-0.5216448883363932,-0.8393821776323392,-0.04072800298647866,-0.8453020356875316,0.5327341722052836,-0.9874295212454557,0.11554686899707473,0.10785110865421593
2021-06-10T15:36:00,676611429.1846827,3032.9792784242977,-1957.1806495311992,-591.6461917716892,0.0,0.0,0.0,0.17243060060866996,-0.6086143547454179,0.21812738400128057,0.74315321402811,-0.1997125103431038,-0.5217956242107515,-0.8293637560003256,-0.009226204054229747,-0.8453762646449823,0.5340916104318117,-0.9798110993304808,0.1143166555205698,0.1640180230931529
2021-06-10T15:37:00,676611489.1846827,2985.698464726917,-1955.0347898890877,-792.9122875297988,0.0,0.0,0.0,0.17921698730484031,-0.5873400149158206,0.2125657032923319,0.760084732200231,-0.24582595668012097,-0.5221368782872836,-0.8166655859987695,0.022743504918043278,-0.845394186490426,0.5336585073173981,-0.9690471257923147,0.11261327533022508,0.21969505732504013
2021-06-10T15:38:00,676611549.1846827,2929.085217825855,-1946.305868035757,-991.6624898904727,0.0,0.0,0.0,0.18602246729992294,-0.5656258594549088,0.20669083238362038,0.7763645590726762,-0.2909260575510897,-0.5226618610227035,-0.8013654647350759,0.05502314218896048,-0.8453490829364304,0.5313731097846308,-0.9551620191681793,0.11049663800686454,0.27469257384892365
2021-06-10T15:39:00,676611609.1846827,2863.3610047100883,-1930.934757768906,-1187.261400232737,0.0,0.0,0.0,0.19287463636142177,-0.5434928968774665,0.2005195649587695,0.7919638563475828,-0.334829691384378,-0.5234614000889605,-0.7835031846676489,0.08753756312875671,-0.8451825574343903,0.5272604855762875,-0.9382037373667411,0.10795650617525937,0.3288147502249709
2021-06-10T15:40:00,676611669.1846827,2788.778016366366,-1908.8861123197794,-1379.0822092587782,0.0,0.0,0.0,0.19973384146275253,-0.5209561470824394,0.19405863863713885,0.8068781383591033,-0.3774221707831034,-0.5245138217184906,-0.7631760975211642,0.12012965894862149,-0.8448952746896649,0.5212684911328939,-0.9182164069772756,0.10505820117125231,0.3818918751746402
2021-06-10T15:41:00,676611729.1846827,2705.618093131795,-1880.1486200450536,-1566.5091670060697,0.0,0.0,0.0,0.2066055656398463,-0.4980323299553619,0.18733757824660938,0.8210862137087482,-0.41855587713174536,-0.5258823044094588,-0.740444987576709,0.15268162208004377,-0.8444375440466694,0.5134331080904659,-0.8952649328536675,0.10184810314103343,0.43373686019185786
2021-06-10T15:42:00,676611789.1846827,2614.191472969655,-1844.7351958423153,-1748.93984786549,0.0,0.0,0.0,0.21349068399005391,-0.4747553580546091,0.1803347896297907,0.834570812751727,-0.4580581556957978,-0.5275760025457904,-0.7154343348892115,0.18511637206421516,-0.8438021829972762,0.5037159961355351,-0.8694335252302774,0.09829261165944936,0.4841734272952382
2021-06-10T15:43:00,676611849.1846827,2514.8353585970976,-1802.6830306272734,-1925.7870676789871,0.0,0.0,0.0,0.22024785705258237,-0.4507658151820535,0.17324148976599815,0.8475189953922341,-0.4966021226540083,-0.5295111678084411,-0.687753047933395,0.21714580237754685,-0.8429565353748055,0.49221131638628074,-0.8403773154276266,0.0950904970806502,0.5335951321738329
2021-06-10T15:44:00,676611909.1846827,2407.9127507725993,-1754.0538744917355,-2096.4806526880966,0.0,0.0,0.0,0.22710039213459624,-0.4269294477859937,0.16554979951775228,0.8595056267326533,-0.5323133170109182,-0.5317442987241467,-0.6587036764032813,0.24903196076736314,-0.8420373515438895,0.4784936583919531,-0.8090893739564229,0.09067027836793001,0.5806490209855572
2021-06-10T15:45:00,676611969.1846827,2293.811253117753,-1698.9342479477816,-2260.4695975703785,0.0,0.0,0.0,0.23401726930746233,-0.402819254283183,0.15774595882843054,0.8706829379963283,-0.5659451320892382,-0.5345959061679065,-0.6276251465429102,0.28042346816209063,-0.8407042602783557,0.463226753603209,-0.7752862606601771,0.08616010595593404,0.6257057217040791
2021-06-10T15:46:00,676612029.1846827,2172.941468011573,-1637.4352794048332,-2417.2241553899207,0.0,0.0,0.0,0.24089155550304275,-0.3783846755872728,0.1498569377383983,0.8811011258531615,-0.5975925915360776,-0.5379067790657925,-0.5945917856616079,0.3110925039832087,-0.8390283133979886,0.4463775792778845,-0.7389888690005093,0.08177888695495505,0.6687358709847684
2021-06-10T15:47:00,676612089.1846827,2045.7353397199622,-1569.6925131065368,-2566.2376069785723,0.0,0.0,0.0,0.2477469533166583,-0.3536662113862002,0.14186635178944498,0.8907387923942679,-0.6270833160920903,-0.5417023143543883,-0.5597545152136312,0.34100897371216876,-0.8369907707045341,0.42797117847257377,-0.7003423409495682,0.07749227302466871,0.7095882983073702
2021-06-10T15:48:00,676612149.1846827,1912.6443832593645,-1495.8656276762156,-2707.0279440896065,0.0,0.0,0.0,0.25457561657406025,-0.3286618576767944,0.13374123388784348,0.8996032020355046,-0.6543452775087512,-0.5459453644155055,-0.5232360049492163,0.37012279490524436,-0.8346090756081885,0.4079666746242586,-0.6594250332627096,0.07328949437447468,0.7481893313331914
2021-06-10T15:49:00,676612209.1846827,1774.1380624928918,-1416.1381210217971,-2839.1392232091757,0.0,0.0,0.0,0.2612472880675544,-0.3033269967175154,0.1255028303780475,0.9077398454991275,-0.6794851750793613,-0.5504259390512576,-0.48510945411000905,0.3981523525787738,-0.8319977880888947,0.3863345502943978,-0.6162585504342779,0.06936112913389031,0.784483545258863
2021-06-10T15:50:00,676612269.1846827,1630.7025578783555,-1330.716855917098,-2962.143344121745,0.0,0.0,0.0,0.2677884216330761,-0.2777264729740282,0.11704503629622344,0.9151272189849279,-0.7023147348973446,-0.5551339573502148,-0.44562349864292666,0.42510793691154575,-0.8291796414353632,0.36296606481037796,-0.5709967207619336,0.06547832943663351,0.8183369313756443
2021-06-10T15:51:00,676612329.1846827,1482.8388807653394,-1239.8312621485513,-3075.641990880111,0.0,0.0,0.0,0.2742021649458686,-0.25192964499399895,0.10839182471251287,0.921735232617094,-0.7226892534243926,-0.5600978204211321,-0.4049823138661627,0.4508693647408315,-0.826128770148981,0.33797643567315583,-0.5238674058605792,0.061657819387561374,0.8495653326173789
2021-06-10T15:52:00,676612389.1846827,1331.0604566279078,-1143.7327368532074,-3179.267719497392,0.0,0.0,0.0,0.28045531550350133,-0.22608742571623272,0.09937383453196108,0.9275527655876257,-0.7404585838776769,-0.5652085559038094,-0.3636761937424493,0.47533985817228164,-0.8229393140324919,0.3111637907155761,-0.47515587420826494,0.057534109473094286,0.878018633886843
2021-06-10T15:53:00,676612449.1846827,1175.8912412113893,-1042.694101834899,-3272.684930371386,0.0,0.0,0.0,0.28675302518227785,-0.2001535371863637,0.09050924660800888,0.9324802091085095,-0.7554225282011976,-0.5710145334822678,-0.3213708238750657,0.49855155005560436,-0.8191615576545251,0.2835854269848261,-0.42518602496232716,0.0540068978283329,0.9034932756604748
2021-06-10T15:54:00,676612509.1846827,1017.8639322554212,-937.0086848673111,-3355.5910102809207,0.0,0.0,0.0,0.29290081879721586,-0.17398277765556153,0.08155732683860324,0.9366362719146196,-0.7678782068543518,-0.5770622024410129,-0.2781407448614326,0.5203039213948422,-0.8151150255737234,0.2546984971787188,-0.37369357610118853,0.050859705051007065,0.9261567910363933
2021-06-10T15:55:00,676612569.1846827,857.5180564962014,-826.9894360539338,-3427.7171946280732,0.0,0.0,0.0,0.29884576311864025,-0.1476877649062349,0.07253453129353689,0.9400097210843434,-0.7777590679260763,-0.5832607704833094,-0.23430259468041997,0.5404109192622539,-0.8108599032721291,0.22463805467382258,-0.3210091441078998,0.04809460344706218,0.9458541317340552
2021-06-10T15:56:00,676612629.1846827,695.3981891377541,-712.9680937883218,-3488.82952917253,0.0,0.0,0.0,0.30460289174027644,-0.12118323859921065,0.06377051028957019,0.9425842259678846,-0.7850634020521366,-0.5896835958052044,-0.1896014546267246,0.5587719279491468,-0.8063008007217387,0.19404368397728594,-0.26730018199454925,0.04639262434620023,0.9624958894000292
2021-06-10T15:57:00,676612689.1846827,532.051930802329,-595.2940171608227,-3538.7298559795845,0.0,0.0,0.0,0.3103444991259359,-0.09487790912533123,0.05414911587614255,0.9443263988008116,-0.7893689484445547,-0.5964081162851007,-0.14558166801076194,0.5758578967038461,-0.8015083302242081,0.161158553558365,-0.2128011889895369,0.04337920481589719,0.976132111219675
2021-06-10T15:58:00,676612749.1846827,368.0278719427657,-474.3329503023683,-3577.2563245141314,0.0,0.0,0.0,0.3156914574609773,-0.06830365441030713,0.045003624873559515,0.945329671717016,-0.7913470289607225,-0.6030128277720533,-0.10072442254681412,0.5907171796097547,-0.7966271548688078,0.1282122842769971,-0.15755346225625844,0.041960763434193915,0.9866185690848747
2021-06-10T15:59:00,676612809.1846827,203.87375571518788,-350.4658480467401,-3604.283768285298,0.0,0.0,0.0,0.3207738344951667,-0.041721620088478004,0.03581400416067637,0.9455584649435693,-0.7907269070409202,-0.6096092656295027,-0.05592407120514803,0.6036323925277469,-0.7916430084184931,0.09449487770956688,-0.10187685297813215,0.040962061481040146,0.9939533270463436
2021-06-10T16:00:00,676612869.1846827,40.13473037463427,-224.08768474682597,-3619.724125838906,0.0,0.0,0.0,0.3255851865777444,-0.01506260135102607,0.02657869521916088,0.9450190354072888,-0.7875348086433509,-0.6161690865062376,-0.011161631115095397,0.614567709344171,-0.7865757184831648,0.0600430655792315,-0.04577614888278933,0.04042642609435143,0.9981333820019741
2021-06-10T16:01:00,676612929.1846827,-122.64844043386978,-95.60622935699416,-3623.526911673316,0.0,0.0,0.0,0.33028084204354036,0.011539152967916704,0.017296446523584533,0.9436536686017014,-0.7815628266555861,-0.6229422838420178,0.03320329790580273,0.623740629210966,-0.7812307966333334,0.02502138811408189,0.0103525582171205,0.04026603274893287,0.9991353617728795
2021-06-10T16:02:00,676612989.1846827,-283.9414350404748,34.5592789121888,-3615.6796265274575,0.0,0.0,0.0,0.33477796202916865,0.03812845052142032,0.007934712342979586,0.9414918893652066,-0.7729398748008641,-0.6297763954034086,0.07710798749490033,0.6309865485512927,-0.7757215129592612,-0.010588195291059588,0.06648252018501888,0.04047006455250468,0.9969665232017395
2021-06-10T16:03:00,676613049.1846827,-443.218404303711,165.97965797510892,-3596.207726379172,0.0,0.0,0.0,0.338762215373989,0.064730785093848,-0.0012816138787064967,0.9386418083389996,-0.7621001737920821,-0.636118676616245,0.12064971763777589,0.6357868371260215,-0.7704770378015462,-0.04626264105998196,0.12238636706499462,0.04145073558517626,0.991616565854
2021-06-10T16:04:00,676613109.1846827,-599.9637066294115,298.2173257880345,-3565.1744815379566,0.0,0.0,0.0,0.34249846516989485,0.09125822858019206,-0.01060462591621056,0.9350156570784519,-0.7487334741453437,-0.6424183736701189,0.16339160891944168,0.638547336166643,-0.7651646865308872,-0.08234258898391195,0.17791988131945366,0.04268062390744476,0.9831189552511654
2021-06-10T16:05:00,676613169.1846827,-753.6736730263235,430.82792564941155,-3522.680779807086,0.0,0.0,0.0,0.34603273541479335,0.1177209674135301,-0.019921203369153068,0.9305945763375709,-0.7328062397051565,-0.6487226602898372,0.20531421060332117,0.6393420869592039,-0.7597289833553609,-0.11854774435846233,0.23288776458165084,0.04439348912065599,0.9714898389750948
2021-06-10T16:06:00,676613229.1846827,-903.8583007749365,563.3618939609105,-3468.8647382750005,0.0,0.0,0.0,0.3490984588397225,0.1440619247361092,-0.029260020154591535,0.925483808122871,-0.7147528557541165,-0.654600451836199,0.2462247015373953,0.6377394325510479,-0.754548234512567,-0.15474294156256624,0.28708321330374387,0.04642424204887291,0.9567800261237611
2021-06-10T16:07:00,676613289.1846827,-1050.0429851898946,695.3660358799737,-3403.9012546589147,0.0,0.0,0.0,0.3520372364932459,0.17032622276281745,-0.03850045683122702,0.919552324115021,-0.6941175239230991,-0.6605485927581987,0.28614055914537767,0.6343180432113753,-0.7491749978919704,-0.19072871464480018,0.3403549368517484,0.04911597641022086,0.9390133853262758
2021-06-10T16:08:00,676613349.1846827,-1191.7701450578768,826.385220465396,-3328.001195075589,0.0,0.0,0.0,0.3545187781034089,0.19648090470810317,-0.047764929839681995,0.9129239845324262,-0.6714233801143024,-0.6660671842519018,0.32487713169539656,0.6285275977390228,-0.7440698948989524,-0.2265238406558467,0.39261138994723327,0.05210084037522961,0.9182275311249911
2021-06-10T16:09:00,676613409.1846827,-1328.600413193788,955.9638386431334,-3241.4105034952763,0.0,0.0,0.0,0.3565923814850149,0.22248058363364157,-0.05703615518196594,0.9055888362689432,-0.6466885267457597,-0.6712310337289767,0.3622745488362773,0.6204732853565659,-0.7391775009378088,-0.2619723730971753,0.44362918246462163,0.055367151511209745,0.8944985338161862
2021-06-10T16:10:00,676613469.1846827,-1460.1139538836383,1083.6472539808333,-3144.4097440490686,0.0,0.0,0.0,0.3581503682173645,0.24831345874497512,-0.06627642492100427,0.8975946609976936,-0.6201374799037476,-0.6758623733033011,0.39829581766754496,0.6100330600817563,-0.7346714984909133,-0.29684584368389605,0.4932435216258977,0.058888383047464465,0.8678957234115959
2021-06-10T16:11:00,676613529.1846827,-1585.912012941071,1208.9836552094584,-3037.313456297345,0.0,0.0,0.0,0.35935626529508163,0.2739410580407399,-0.0755013208407862,0.8888863379892773,-0.5916387426253819,-0.6802195728124933,0.4327411824491014,0.5974879259540999,-0.7303252502889355,-0.3311090562480468,0.5412686731778641,0.06266068586596701,0.8385116945416333
2021-06-10T16:12:00,676613589.1846827,-1705.6183406664509,1331.525951237642,-2920.46902965114,0.0,0.0,0.0,0.3602534146198756,0.2993518107355272,-0.08472727742648745,0.879447132648675,-0.5612119413281623,-0.6843741928613083,0.46548160120042126,0.5829211371960671,-0.72607753142923,-0.3647113463599392,0.5875747652177716,0.0666587016005264,0.8064195637385124
2021-06-10T16:13:00,676613649.1846827,-1818.880429339004,1450.8334785898717,-2794.255334960525,0.0,0.0,0.0,0.36071254246558976,0.32451632789557944,-0.09389391280041694,0.8693443206096229,-0.5291512292743578,-0.6881070159177136,0.4964954291856626,0.5662265847427576,-0.7221407896940755,-0.3973664990793382,0.6319702772187855,0.07086193974790772,0.771746172136393
2021-06-10T16:14:00,676613709.1846827,-1925.3705269557759,1566.473592657103,-2659.081327495353,0.0,0.0,0.0,0.3606408052777298,0.3494561753618548,-0.10306921872953022,0.8586007961914428,-0.4956371821401905,-0.6913293150506756,0.5257447687154814,0.5472566151516516,-0.7186298914382296,-0.4290469395115588,0.6744286328833383,0.07506568645554046,0.7345142353038977
2021-06-10T16:15:00,676613769.1846827,-2024.7865796170643,1678.023156901636,-2515.384712218861,0.0,0.0,0.0,0.3602388079610578,0.37408443157390103,-0.11220139911310473,0.8471715796282884,-0.46057767858565496,-0.6943137531856063,0.5529888010854886,0.5264225667495175,-0.7152776945517159,-0.45962713246025,0.7146659941577598,0.07941178636763813,0.6949433681821864
2021-06-10T16:16:00,676613829.1846827,-2116.8532325369742,1785.0700464412762,-2363.630676688163,0.0,0.0,0.0,0.35932844630255817,0.39840462504624813,-0.12132524769870434,0.8351269404649787,-0.4243136448390961,-0.6968428116014703,0.5782456456582432,0.5034966523292885,-0.7123265038972751,-0.48896019565879223,0.7526280966696373,0.0836722640116937,0.653107878025213
2021-06-10T16:17:00,676613889.1846827,-2201.322902591153,1887.214997973517,-2204.3103817312344,0.0,0.0,0.0,0.35803808557681116,0.42237509315287486,-0.13040217184395592,0.8224374040247512,-0.38681601992118464,-0.6990850862474246,0.6013762623505889,0.47877056832771236,-0.7096080057097429,-0.5169479868766302,0.7881320381988621,0.08795749211449994,0.6091891085249597
2021-06-10T16:18:00,676613949.1846827,-2277.976404271656,1984.073258709949,-2037.9388933977707,0.0,0.0,0.0,0.3561712207091025,0.4460327140157875,-0.13950779619109557,0.8091566315418803,-0.34839375913259696,-0.7008466923252255,0.6224433327253566,0.45194652847932254,-0.7073592726809829,-0.5434953493340302,0.8211979809966332,0.09196071557475799,0.5631847856592289
2021-06-10T16:19:00,676614009.1846827,-2346.6232743798096,2075.275920860822,-1865.0533416330065,0.0,0.0,0.0,0.35392130371437786,0.46928023192808227,-0.14856271110520614,0.7952640414149955,-0.3090315493972815,-0.7023568597161519,0.6412443708031922,0.4234866856228888,-0.7053376632923727,-0.568469707056934,0.8515624043939802,0.09588337890855536,0.5154103695811931
2021-06-10T16:20:00,676614069.1846827,-2407.1022312529653,2160.4712722799513,-1686.2112532220465,0.0,0.0,0.0,0.3512814111495694,0.4921085943336944,-0.1575536127291567,0.7807735655615355,-0.268861003127365,-0.7036094535821553,0.6577594528603659,0.3934755060127929,-0.7035564585935161,-0.5917645948680323,0.8791420745052095,0.09970981095745235,0.46601198099781255
2021-06-10T16:21:00,676614129.1846827,-2459.2816412972015,2239.3262553267828,-1501.9886781759678,0.0,0.0,0.0,0.3481683499384242,0.5145147821890794,-0.16653717858474756,0.7657145076065304,-0.2281066780201585,-0.7045667936063875,0.6719769168578797,0.36182343294272673,-0.7020883365003736,-0.6133153928638003,0.9039088155428885,0.10323565807099727,0.4150798141159123
2021-06-10T16:22:00,676614189.1846827,-2503.059743676149,2311.5278253584893,-1312.9781537908602,0.0,0.0,0.0,0.3445141477171445,0.5364956512364981,-0.17552824568811962,0.7501148266716946,-0.1869648364541108,-0.7051906213632804,0.6839227569477112,0.32851005943988926,-0.7009996739767614,-0.632993363260054,0.9258106128018235,0.10632800489873212,0.3627245023399537
2021-06-10T16:23:00,676614249.1846827,-2538.364756009943,2376.7842485448973,-1119.7866202698724,0.0,0.0,0.0,0.3404627947283128,0.5579571530005354,-0.18448011614088752,0.7339863674278758,-0.14553780164264815,-0.705654100668309,0.6934486559962645,0.2939260991195984,-0.7001043443088628,-0.6507390839162754,0.9446831196487855,0.10911552268058478,0.3093018043283642
2021-06-10T16:24:00,676614309.1846827,-2565.1548122805116,2434.8262141908413,-923.0332491390155,0.0,0.0,0.0,0.3339813777423251,0.5800125161350146,-0.19113731170185988,0.7179891701992822,-0.1040838408961353,-0.7013140907094066,0.7052128049296511,0.25786595835949344,-0.7038459347934489,-0.6618957981390095,0.9605580157302568,0.11295771884724976,0.2541040184042307
2021-06-10T16:25:00,676614369.1846827,-2583.4177897047234,2485.407844286984,-723.3473875036512,0.0,0.0,0.0,0.3265740087439038,0.6018449276930793,-0.19708105012953334,0.7016346339106198,-0.06226419964609804,-0.6954957308692751,0.7158273938492742,0.22104680940973487,-0.7090169529855539,-0.6696516022745388,0.973273588202314,0.11653604044111637,0.19788348537990552
2021-06-10T16:26:00,676614429.1846827,-2593.171152475956,2528.3077794796636,-521.366462903022,0.0,0.0,0.0,0.31846865385444273,0.6230611563711289,-0.20321443247625975,0.6848915289058278,-0.02074502386722156,-0.6894630050738224,0.7240237624686935,0.18300292791397815,-0.7145632218909816,-0.6752105821858031,0.9828934694867288,0.1184912087682205,0.14099737970964657
2021-06-10T16:27:00,676614489.1846827,-2594.461669759035,2563.3301388187942,-317.7335808721257,0.0,0.0,0.0,0.3118953794405682,0.6425782006614175,-0.21173249819212184,0.6670711187929531,0.02037094336328188,-0.6882221748392259,0.7252139427272865,0.144003423999864,-0.7157812429858942,-0.6833156123387522,0.9893674941814117,0.11835307452336963,0.08452521048811626
2021-06-10T16:28:00,676614549.1846827,-2587.3647600296767,2590.3049888363425,-113.09512139958872,0.0,0.0,0.0,0.3050791723070978,0.6614507395768467,-0.2203674500046654,0.6487278356260812,0.06118076452468277,-0.6873511278592592,0.7237439748162187,0.10430227672226033,-0.716729771205715,-0.6895066860719746,0.9926620518196152,0.11767269053611373,0.02784221218336763
2021-06-10T16:29:00,676614609.1846827,-2571.9837581971583,2609.0888095227892,91.90101962911115,0.0,0.0,0.0,0.29786395261291676,0.6796743117463528,-0.22899402209890857,0.6299854232669962,0.1013602086281363,-0.6865826052538673,0.7199516888442395,0.06401718779744825,-0.7176776071535494,-0.6934267458476504,0.9927879470326817,0.11637516209727916,-0.028790864409827505
2021-06-10T16:30:00,676614669.1846827,-2548.449471412433,2619.5655620154703,296.6074638375651,0.0,0.0,0.0,0.29045587212373875,0.697176511794494,-0.23787973163140216,0.6107319633275076,0.14083940449820054,-0.6864696931350515,0.7133888298450296,0.02309304703348586,-0.7180972392556205,-0.6955595345850455,0.989763089491269,0.1144365124447781,-0.08528371063793294
2021-06-10T16:31:00,676614729.1846827,-2516.919394394195,2621.647239887626,500.37997236761487,0.0,0.0,0.0,0.2835213041255593,0.7137577925185573,-0.2473392633757788,0.5907527168948995,0.1796690325480434,-0.6880626146800425,0.7030568092429753,-0.018098691841005266,-0.7168779177993385,-0.6969637639973324,0.9835606112979994,0.11249839666123462,-0.14125379517647368
2021-06-10T16:32:00,676614789.1846827,-2477.5766178049225,2615.2738663389523,702.579617364328,0.0,0.0,0.0,0.27899429194570735,0.7285152621437978,-0.25896499520442273,0.569530358404221,0.21714460422946572,-0.6951113409039755,0.6853236057518411,-0.059528464565693606,-0.7101986326409737,-0.7014800525327445,0.9743226276549669,0.11152634640105619,-0.19559471183534605
2021-06-10T16:33:00,676614849.1846827,-2430.6288350896357,2600.413609779225,902.5746268537686,0.0,0.0,0.0,0.2742203117780972,0.7427570631768806,-0.27019456361506566,0.5478230220628219,0.2537696685816424,-0.7018262409327427,0.6656131630655896,-0.10092944129559711,-0.703596236802375,-0.7033957516485972,0.9619845129666702,0.1113205421103946,-0.2493863142125603
2021-06-10T16:34:00,676614909.1846827,-2376.3073435000783,2577.0630022609116,1099.742331769268,0.0,0.0,0.0,0.2683903621720215,0.7565971805865772,-0.28071444143024266,0.526048212803846,0.288945360356773,-0.7071480505808525,0.6453310881152363,-0.14240296916337725,-0.6983320317313562,-0.7014654430771416,0.9466952905247543,0.11078812218670553,-0.3024797825981016
2021-06-10T16:35:00,676614969.1846827,-2314.8658660891347,2545.247041869264,1293.471236928907,0.0,0.0,0.0,0.25965338912848657,0.7708550683581108,-0.2890743483936502,0.5047757939932241,0.3232748377985938,-0.7078023445038538,0.6280996898272927,-0.1835353618624005,-0.6980322772297546,-0.6921457295190666,0.9283362269093729,0.10847479458515191,-0.35556303062520206
2021-06-10T16:36:00,676615029.1846827,-2246.5790868360596,2505.0190396775156,1483.1629824252395,0.0,0.0,0.0,0.2505828727455486,0.7843346568648424,-0.2974571458067988,0.4832666099947017,0.3559452601454036,-0.7088085676456917,0.6090101692189418,-0.22441522590779195,-0.6974549405901225,-0.6805838759676753,0.9071608336787782,0.10557945007666986,-0.4073232151016345
2021-06-10T16:37:00,676615089.1846827,-2171.7411056070614,2456.4602571387004,1668.2339817389138,0.0,0.0,0.0,0.2413056665699297,0.797102645667367,-0.3057130578069967,0.46145256943441315,0.3872021048973479,-0.710071614101591,0.5881095415058524,-0.26466713467047975,-0.6966222031350755,-0.6668349225442166,0.8831907142788475,0.10254661840545709,-0.4576662028872401
2021-06-10T16:38:00,676615149.1846827,-2090.6642161701416,2399.6795195121376,1848.1167565043584,0.0,0.0,0.0,0.2316556252053581,0.809130368459857,-0.3139514099109382,0.4394066799238092,0.4167125637065384,-0.7116372982737795,0.5656173573669044,-0.3044731816451365,-0.6955403670512975,-0.6507838961291483,0.8565317979549925,0.0989745093836914,-0.5065148818980996
2021-06-10T16:39:00,676615209.1846827,-2003.6780267558404,2334.8130062652845,2022.2614782804185,0.0,0.0,0.0,0.22181139350413187,0.8204442089731588,-0.32205380522626115,0.4170759549691739,0.444657988651674,-0.713478756488869,0.5415046972717269,-0.3434299614137529,-0.6941621045020814,-0.6326095433018613,0.8272455105539076,0.09532594983706466,-0.5536947069966133
2021-06-10T16:40:00,676615269.1846827,-1911.1283195615893,2262.0239429882395,2190.1377856882923,0.0,0.0,0.0,0.21168226163740225,0.831013847066309,-0.33009361775450974,0.39451845281287795,0.47078678781574557,-0.7156498510626594,0.5159506673046623,-0.38159961766618417,-0.6924576472516281,-0.6122778279178189,0.7954505215380496,0.09136573447815988,-0.599091620996415
2021-06-10T16:41:00,676615329.1846827,-1813.3756062677044,2181.502078441298,2351.2364560322258,0.0,0.0,0.0,0.2013682536346108,0.8408488407004246,-0.33797633300057917,0.37174729568939807,0.4951518929582015,-0.7180902230281618,0.4890511573355839,-0.41865780812270825,-0.6904456495192577,-0.5899241008450323,0.761281973120209,0.0873569496450935,-0.6425095491515324
2021-06-10T16:42:00,676615389.1846827,-1710.7936023052785,2093.4630156585386,2505.070884202523,0.0,0.0,0.0,0.19085037861215423,0.8499366654503393,-0.3457511876452674,0.34876914133656184,0.5176324045864887,-0.7208586683500636,0.4608898718637483,-0.45460777766078847,-0.688064498450969,-0.5655961584573709,0.7248368521345532,0.08324677913282547,-0.683872438069909
2021-06-10T16:43:00,676615449.1846827,-1603.767669290779,1998.1474351349902,2651.1783687106804,0.0,0.0,0.0,0.1801492849896976,0.8582906143479991,-0.35336651140882697,0.3256003148871183,0.5382330871203298,-0.7238956481728519,0.4316019398535255,-0.48926899249551303,-0.6853566874649124,-0.5393533757468736,0.6862368373319413,0.07912838620576756,-0.72306134012622
2021-06-10T16:44:00,676615509.1846827,-1492.6932966929558,1895.8203018741674,2789.1212502661383,0.0,0.0,0.0,0.1692791795652608,0.8658870573440185,-0.360863290213046,0.3022612265350016,0.556831673420343,-0.7272667698165789,0.40127488458220245,-0.5226006400476408,-0.6822444902846543,-0.5113032627492499,0.6456214513921426,0.07500333990424374,-0.7599654205985373
2021-06-10T16:45:00,676615569.1846827,-1377.9746233465892,1786.7700038408548,2918.487991537264,0.0,0.0,0.0,0.1582429221978403,0.8727418420971176,-0.3682104509938862,0.2787506383958557,0.5734382907455635,-0.7309259657281768,0.37002129578057863,-0.5544847033910819,-0.6787604827063343,-0.4814882353926916,0.6030880867768077,0.07093264227840446,-0.7945145183363824
2021-06-10T16:46:00,676615629.1846827,-1260.0230036005337,1671.307383025271,3038.894154150511,0.0,0.0,0.0,0.14705052110518368,0.8788521489229665,-0.3753900081118806,0.2551026977237601,0.5880099108476444,-0.7348505998979062,0.3379925155600827,-0.584798661355438,-0.6749169721049123,-0.44999734048283535,0.5587977008022073,0.0669453254112955,-0.8265975157135077
2021-06-10T16:47:00,676615689.1846827,-1139.2556093263129,1549.7647415777535,3149.983298581788,0.0,0.0,0.0,0.13576584782067364,0.884222366806163,-0.3823738157160182,0.23131948828409124,0.6005631187895175,-0.7390175335629103,0.30524912028767676,-0.6133963877855744,-0.6707157992406125,-0.41699542935221223,0.5129023413881217,0.06319336781355328,-0.85611785781104
2021-06-10T16:48:00,676615749.1846827,-1016.0939442900874,1422.4947850526526,3251.427818166979,0.0,0.0,0.0,0.12431583702631196,0.8888925656099804,-0.3890949128391492,0.20741438780964327,0.6111688410644919,-0.7432969371424778,0.271996895104517,-0.6401573642150543,-0.6663014429342848,-0.3824146129332986,0.46547953419363197,0.059599080347783995,-0.883049688787997
2021-06-10T16:49:00,676615809.1846827,-890.9623272889786,1289.869564551444,3342.9295312319928,0.0,0.0,0.0,0.11283410116805512,0.8927380759306366,-0.3957849636107119,0.18341607338761148,0.6194256132054756,-0.7480557893531382,0.23816894365192529,-0.6652734382312775,-0.6612454563865293,-0.3466492446149356,0.4168011061513095,0.05627594888959364,-0.9072540192733347
2021-06-10T16:50:00,676615869.1846827,-764.286512442988,1152.279525465549,3424.2202416069676,0.0,0.0,0.0,0.10121990499472798,0.8958884847334988,-0.4021909095943839,0.1593136089429148,0.6257232924904522,-0.7528878258633385,0.20403500410881265,-0.688384992417062,-0.6559940061450009,-0.30951246520422077,0.36687390674435966,0.05321452403816135,-0.9287474096768844
2021-06-10T16:51:00,676615929.1846827,-636.4923233664447,1010.1324134596086,3495.062406780754,0.0,0.0,0.0,0.0895217312967122,0.8983127511989377,-0.4083634949146249,0.13512703904159173,0.6299598786819306,-0.7578698821719436,0.1696578702793703,-0.709482656251937,-0.6504502312935045,-0.27119892530746187,0.3158874985319039,0.05047512562550449,-0.947453085890983
2021-06-10T16:52:00,676615989.1846827,-508.0042190674154,863.8519471482248,3555.24957514603,0.0,0.0,0.0,0.07777568065370682,0.9000295044254277,-0.4142540184077961,0.11086677994586625,0.6322043306748566,-0.7629271563319704,0.1351289695334428,-0.7284361992432724,-0.644689103463692,-0.23185483283122815,0.264004522514241,0.04814679642919617,-0.9633190012065753
2021-06-10T16:53:00,676616049.1846827,-379.2440183008812,713.8766100402431,3604.606456099331,0.0,0.0,0.0,0.0659770049133118,0.9010300638906698,-0.4198795868785734,0.08656206623298103,0.6324162824243111,-0.7680704737214977,0.10058525300384863,-0.7452260502448584,-0.6386963346906949,-0.19158581912323225,0.21139484326979652,0.04620324068619319,-0.9763080870242918
2021-06-10T16:54:00,676616109.1846827,-250.62986708699134,560.658742048869,3642.989125735555,0.0,0.0,0.0,0.054119279930205044,0.901301669314865,-0.4252730866759869,0.06220294349267127,0.6305471911398522,-0.7733314428942296,0.06609628716328544,-0.7598659288487792,-0.6324278105778292,-0.15046207024534508,0.15815818006168583,0.04464911912750397,-0.9864037947213672
2021-06-10T16:55:00,676616169.1846827,-122.57518103317955,404.6635180525084,3670.2856731128377,0.0,0.0,0.0,0.04222346354754097,0.900862860937154,-0.4303875102266434,0.037813700573820705,0.6266734301796492,-0.7786334983643378,0.03178501426436289,-0.7722469967332325,-0.6259675403339209,-0.10862418922507178,0.10447481966184918,0.04352601145538176,-0.9935746063499262
2021-06-10T16:56:00,676616229.1846827,4.512659346513487,246.3674183114781,3686.4167335682528,0.0,0.0,0.0,0.030315818923690088,0.8997341279967913,-0.4351775497140152,0.013414554250721663,0.6208810999183205,-0.7839015328266532,-0.0022464630510930783,-0.7822748400362258,-0.6194029026957837,-0.06622777950629943,0.0505245921360479,0.042876928108960266,-0.9978020017144811
2021-06-10T16:57:00,676616289.1846827,130.2335331237564,86.25670848795494,3691.335402926501,0.0,0.0,0.0,0.018380326340882484,0.8979326592905332,-0.4396113242914932,-0.01099938806086028,0.6132417940339321,-0.7890783862663698,-0.0359138187513639,-0.7898870756348042,-0.6128080943165646,-0.02333767951613125,-0.003593020336863345,0.04267950172345453,-0.9990823541317786
2021-06-10T16:58:00,676616349.1846827,254.19565219596825,-75.1737164134538,3685.0272388426406,0.0,0.0,0.0,0.006445264568528556,0.8954496717426007,-0.44370759489927447,-0.035382399147201295,0.6037433121185789,-0.7941795425573622,-0.06908594108403679,-0.7950917382516541,-0.606164057586686,0.019856058370375407,-0.05764668972327147,0.04294169853910784,-0.9974130887904596
2021-06-10T16:59:00,676616409.1846827,376.01675010458985,-237.42169713389626,3667.5104198488107,0.0,0.0,0.0,0.005523679474732488,-0.892274714569785,0.4474833648642608,0.059782613477733566,0.5923693545910617,-0.799216623307996,-0.10174151939859111,-0.7978957433279451,-0.5994562542696384,0.06336072913217533,-0.11162853810973089,0.04364617102540769,-0.9927910561816651
2021-06-10T17:00:00,676616469.1846827,495.32515705833055,-399.9792895314765,3638.8355819936683,0.0,0.0,0.0,0.01748368622704122,-0.8884293888855008,0.4508987617148401,0.08412994927178931,0.5792249166390999,-0.8041252259098186,-0.13372029389704054,-0.7982416193683592,-0.5927692547998764,0.10693422123987639,-0.16525378377697528,0.04480213855925208,-0.9852329447028809
2021-06-10T17:01:00,676616529.1846827,611.7606684221128,-562.3340615189618,3599.085678125342,0.0,0.0,0.0,0.029427014988538332,-0.8839388177880981,0.4539080060257005,0.10841466350091487,0.5644275656075125,-0.8088344523174585,-0.1649495435783147,-0.7960731726061838,-0.5862031457092741,0.1504439291472976,-0.218378174365258,0.04639720578729273,-0.9747606230536957
2021-06-10T17:02:00,676616589.1846827,724.9755114926378,-723.9704799364633,3548.376010495611,0.0,0.0,0.0,0.04138133017463229,-0.8787735705531399,0.4565580765024682,0.13266242870771816,0.5479108055794725,-0.8134018376341404,-0.1953745112921784,-0.7914428465776497,-0.5796846165866891,0.1938658450934833,-0.2709464333227531,0.04840656800628329,-0.9613765310446959
2021-06-10T17:03:00,676616649.1846827,834.6354024576463,-884.3714695010935,3486.8540631234655,0.0,0.0,0.0,0.05331540254165732,-0.8729947036199224,0.4587476227961414,0.15680667677836352,0.5299245693932301,-0.8176889121858388,-0.22486616829069547,-0.7842480678112067,-0.5734161728614204,0.23695750850173627,-0.32269942498831417,0.05078125234081232,-0.9451382679390935
2021-06-10T17:04:00,676616709.1846827,940.4204266794902,-1043.0199773873555,3414.699080143731,0.0,0.0,0.0,0.06522901321286706,-0.8665486765791366,0.46056919142521785,0.18087174147484647,0.510322866091555,-0.8218074170342851,-0.2533833886653538,-0.774615076176297,-0.5672423914903937,0.279656133593828,-0.37355328415701394,0.05355967329713618,-0.9260611779422638
2021-06-10T17:05:00,676616769.1846827,1042.0257539680752,-1199.4005009215427,3332.1216382589428,0.0,0.0,0.0,0.07713865772692488,-0.8594880061254153,0.46192991981172926,0.20481880771397892,0.4893400103787071,-0.825645347305883,-0.2808133093617794,-0.7624475556887412,-0.5613407533336354,0.32182337309631553,-0.42334392527451076,0.05662436859669351,-0.9041977669814247
2021-06-10T17:06:00,676616829.1846827,1139.1624052675459,-1353.0005126393344,3239.3633251604624,0.0,0.0,0.0,0.08902301610967678,-0.8517762601803138,0.46289621127954667,0.22864645805044975,0.4668957896080509,-0.8292776020275487,-0.30709441613567934,-0.7478584127537661,-0.5556040003715549,0.3633345417718267,-0.4719280836310691,0.06002377484433746,-0.8795913996474408
2021-06-10T17:07:00,676616889.1846827,1231.5582184431835,-1503.3120221504457,3136.6965208776246,0.0,0.0,0.0,0.10088878485496927,-0.8434883117712827,0.4633425382824554,0.25231451249123676,0.44330215800856176,-0.8325594399084081,-0.33215655303538705,-0.7307366216423489,-0.550270290616918,0.40401311495432823,-0.519140815671123,0.0636190716984315,-0.8523176797535945
2021-06-10T17:08:00,676616949.1846827,1318.9588051801172,-1649.8333872241658,3024.423831978475,0.0,0.0,0.0,0.11272462610359223,-0.8345790839416045,0.46335008191887705,0.27582170491599745,0.41845817736600455,-0.8355883709400698,-0.3559281221612607,-0.7112207767084252,-0.5451997205111505,0.4437592495180551,-0.5648519811187578,0.0674487887532717,-0.8224310915340755
2021-06-10T17:09:00,676617009.1846827,1401.128281398745,-1792.0710377138848,2902.877151323962,0.0,0.0,0.0,0.12451687221934263,-0.8250724383315148,0.4628950593167696,0.2991307140674877,0.39249795992319847,-0.8383375523650407,-0.3783325253671959,-0.6893502687633519,-0.5404474251856725,0.48240313801432794,-0.6088855051748407,0.07146138051262135,-0.7900327288683732
2021-06-10T17:10:00,676617069.1846827,1477.849805157392,-1929.540994112156,2772.416596963745,0.0,0.0,0.0,0.13631725747048204,-0.8149926735974975,0.4618973389862943,0.32226603223968514,0.3655909054037412,-0.8407467378376348,-0.39935975348230607,-0.6650250510744035,-0.5361369071062132,0.5199027777210569,-0.6512180674164068,0.07551251322767061,-0.7551244195604331
2021-06-10T17:11:00,676617129.1846827,1548.9259726022128,-2061.7702033541836,2633.429575227556,0.0,0.0,0.0,0.14806364054021537,-0.8042678710705023,0.4605259936251369,0.3451755482494091,0.3375393001726006,-0.8429884175295779,-0.41885289631321587,-0.6385566243324886,-0.5319859350911165,0.5560902825857752,-0.691601517031367,0.07975896674486666,-0.7178619984813956
2021-06-10T17:12:00,676617189.1846827,1614.1792907281902,-2188.297913920538,2486.330097050013,0.0,0.0,0.0,0.15977845891887787,-0.7930646142210586,0.4585176556888597,0.3678055480243662,0.3089612765281762,-0.8448030627351524,-0.4368646412784928,-0.6097334481545664,-0.5284648069742017,0.5907199590256477,-0.7299096189307432,0.08386139149230709,-0.6783798458160084
2021-06-10T17:13:00,676617249.1846827,1673.4527488447964,-2308.6772872257907,2331.5580613642733,0.0,0.0,0.0,0.1714379967071224,-0.7812404872811989,0.4560913477521822,0.3901961004716495,0.27945537136463294,-0.8464229291008885,-0.4532912093872189,-0.5788451779497258,-0.5251793915812935,0.6237987388754906,-0.7660567572835613,0.0880615225315512,-0.6367120329235343
2021-06-10T17:14:00,676617309.1846827,1726.6103589616514,-2422.477127820229,2169.5783178847614,0.0,0.0,0.0,0.1830965406870047,-0.7688839555373335,0.4531130840560351,0.4122883126683851,0.2494137605885688,-0.8477598883799764,-0.46807686087120204,-0.5458056331189226,-0.5223283796913608,0.6551864426441151,-0.7999306137939222,0.09206647284960884,-0.5929880080510163
2021-06-10T17:15:00,676617369.1846827,1773.5375758563232,-2529.2835941050794,2000.879527878391,0.0,0.0,0.0,0.19471311828812715,-0.7560102175082318,0.4495887233201997,0.4340568309023403,0.21892929482066054,-0.8488204551316186,-0.481221153753116,-0.5107542188945912,-0.5199135628596534,0.684704326725016,-0.8313844428125323,0.09588389909016376,-0.5473629382270622
2021-06-10T17:16:00,676617429.1846827,1814.141657149451,-2628.701885416319,1825.9729352355866,0.0,0.0,0.0,0.2062685473664075,-0.7425651377635847,0.44559990394009374,0.45551183097048076,0.1878993949089985,-0.8496894354784189,-0.4926679212504078,-0.4738583807484443,-0.5177880239518629,0.7122877208309066,-0.860320900819743,0.0996163916651831,-0.49992451642654445
2021-06-10T17:17:00,676617489.1846827,1848.3520232801843,-2720.3579434525245,1645.3909218481895,0.0,0.0,0.0,0.2177898459005535,-0.7286175508739567,0.4410661973744973,0.476596954579707,0.15663190483789935,-0.8503330995977658,-0.5023943332834353,-0.43514119041941607,-0.5160563851124285,0.7377926211240303,-0.8866332899159748,0.10305060462291937,-0.45084585181592407
2021-06-10T17:18:00,676617549.1846827,1876.1204082889326,-2803.8999597234015,1459.6853286227802,0.0,0.0,0.0,0.22925713573770667,-0.7141454791013402,0.436025623711517,0.49731182959933967,0.12512519921507978,-0.8507960271366899,-0.5103820184232698,-0.39474688464699775,-0.5146456423606502,0.7611272954379464,-0.9102299608246678,0.10623550728272457,-0.4002442197078001
2021-06-10T17:19:00,676617609.1846827,1897.4208110050995,-2878.9996628088493,1269.425933065885,0.0,0.0,0.0,0.24067708390787818,-0.6991789400316348,0.4304664985954902,0.5176117702340034,0.09355329780432034,-0.851100803326877,-0.5165996545162226,-0.3527916375016187,-0.5135462697370782,0.7821817495621195,-0.9310133409242114,0.10907635589565928,-0.3483051931936428
2021-06-10T17:20:00,676617669.1846827,1912.2495723013853,-2945.353798943083,1075.1990176639745,0.0,0.0,0.0,0.25220528175783163,-0.6839836742716282,0.42396767987130013,0.5374106768644281,0.06288234163332809,-0.8510495652580986,-0.5213064823927577,-0.30889832054505845,-0.513287804555999,0.8006981061914189,-0.9490140350253792,0.11068092504168725,-0.29516452049114017
2021-06-10T17:21:00,676617729.1846827,1920.625471355479,-3002.6855565501855,877.6055552538298,0.0,0.0,0.0,0.2635055308929125,-0.6679969693996956,0.41747158690725744,0.556832432772017,0.031310231876666705,-0.8511963613610238,-0.523912610828927,-0.26428265809709445,-0.512564618627961,0.8169652308145722,-0.963936899391741,0.11288164658847855,-0.24100495400408323
2021-06-10T17:22:00,676617789.1846827,1922.589618894649,-3050.7458043913657,677.2593758584662,0.0,0.0,0.0,0.2742858245642917,-0.6510911929873814,0.41127272828365163,0.5759360101847053,-0.001695089714710496,-0.851494269502316,-0.5243611691149298,-0.21960993570319537,-0.5112440588264163,0.8309037179211138,-0.9755862867072792,0.11656337898074509,-0.1861299972312196
2021-06-10T17:23:00,676617849.1846827,1918.2052403566422,-3089.3143624947706,474.78529816715024,0.0,0.0,0.0,0.2855908708677235,-0.6343030445075265,0.40351374072390733,0.5943687098531497,-0.0321950044109961,-0.8513925434105628,-0.5235400831988603,-0.1724074335566177,-0.5112290310480291,0.8419742007140798,-0.9844994456805938,0.11736956521426828,-0.13032738244903577
2021-06-10T17:24:00,676617909.1846827,1907.5573222129892,-3118.2011484988343,270.8171108089251,0.0,0.0,0.0,0.29685654175479986,-0.6171478374446635,0.3952135203710684,0.6122181095579118,-0.06200948070951226,-0.8512922404578402,-0.5210147268920593,-0.12432843724574877,-0.5113649338665758,0.8503224941771576,-0.9903016025404414,0.1175050030760531,-0.074130359893435
2021-06-10T17:25:00,676617969.1846827,1890.7522018597926,-3137.2471872604046,65.99556455450829,0.0,0.0,0.0,0.30789951220934014,-0.5994705080769442,0.3865932542083961,0.6295860990585666,-0.09166600065444147,-0.8512010146266806,-0.5167728485732671,-0.07580400345102489,-0.5114870923636257,0.8559408317203946,-0.9929003461500137,0.11763412363728881,-0.01763846850693432
2021-06-10T17:26:00,676618029.1846827,1867.9172155856481,-3146.3255589852497,-139.03371649704115,0.0,0.0,0.0,0.31887072742350514,-0.5814147640141938,0.37748104597603593,0.6463639774210518,-0.12055666275744764,-0.8511592098531775,-0.5108758073611444,-0.026733003210774486,-0.5116590382424853,0.8587725980282019,-0.9923464302370011,0.1171880030843156,0.03892986423031408
2021-06-10T17:27:00,676618089.1846827,1839.2001980355203,-3145.3421645249027,-343.6225941196943,0.0,0.0,0.0,0.32968418800924554,-0.5628671789650748,0.3680390099516814,0.662598039669881,-0.14897775004116587,-0.8512103519313692,-0.5032360944502554,0.022582034808961038,-0.5117112466609413,0.8588606707403665,-0.9885826630568427,0.11658703532374509,0.09545565199536912
2021-06-10T17:28:00,676618149.1846827,1804.7684702268896,-3134.236160824195,-547.122610902476,0.0,0.0,0.0,0.3404224646941854,-0.5439546633513233,0.35812201965433843,0.6782141909371865,-0.17645173949976947,-0.851362978218363,-0.4940099826386759,0.07215440765927655,-0.5117223291404672,0.8561156459932234,-0.9816611050066334,0.11541809727340996,0.15172388651409258
2021-06-10T17:29:00,676618209.1846827,1764.8081116169087,-3112.98072737225,-748.886707342062,0.0,0.0,0.0,0.3510335096348166,-0.5246641950901987,0.3477908025555281,0.6932131816126975,-0.203005915007634,-0.8516288750983861,-0.4832358198339301,0.1217353491681048,-0.5116340655424897,0.8505357651147795,-0.9715807239930366,0.11383690998582496,0.20753808009627112
2021-06-10T17:30:00,676618269.1846827,1719.5234433081266,-3081.5839155194685,-948.272116218229,0.0,0.0,0.0,0.3615497280700534,-0.5050377647859462,0.3370292185114983,0.7075520872289294,-0.22843730054497158,-0.8520554958352388,-0.47097540459846926,0.17120556309683369,-0.5113862000039984,0.8421239870768239,-0.9583866938164481,0.11173892098295823,0.26269632401908827
2021-06-10T17:31:00,676618329.1846827,1669.1354447229464,-3040.087643875844,-1144.6427637322683,0.0,0.0,0.0,0.3719066393668779,-0.48503961485509295,0.32591073833553125,0.7212518383017454,-0.25284404723211645,-0.8526359326387799,-0.45725469287092224,0.22031745664115987,-0.5109352844648481,0.8309063445346867,-0.9420881625827033,0.10934853205243744,0.31703752531762397
2021-06-10T17:32:00,676618389.1846827,1613.8813897399634,-2988.5679166037476,-1337.3696543386527,0.0,0.0,0.0,0.3821406326924846,-0.464734650558589,0.31439717157856933,0.7342647069817324,-0.27598048283114734,-0.8534072787198724,-0.4421886359057958,0.26896224003917163,-0.5102459106975661,0.8168894809272073,-0.9227643721608447,0.10651350733288745,0.3703522461471635
2021-06-10T17:33:00,676618449.1846827,1554.0145369787713,-2927.1361157572537,-1525.833697908166,0.0,0.0,0.0,0.3921788615306944,-0.4440703052677934,0.3025630224148807,0.7466276997373119,-0.2979946090957144,-0.8543417099935648,-0.4257927377435691,0.3169046950874756,-0.5093027160713217,0.8001138404214045,-0.9004280244313848,0.10349389338336007,0.4225143628930823
2021-06-10T17:34:00,676618509.1846827,1489.8026657281164,-2855.938749563584,-1709.4287096969845,0.0,0.0,0.0,0.40211754787053716,-0.4231745949158854,0.29032877936110435,0.7582439843395092,-0.31844947982472505,-0.8555259505374961,-0.40824658817469045,0.36408689614326123,-0.5080213551385548,0.7806119617197471,-0.8752317755064243,0.09994824000501262,0.47326492418493515
2021-06-10T17:35:00,676618569.1846827,1421.5267264186737,-2775.156846192914,-1887.5636763267053,0.0,0.0,0.0,0.4118805357890154,-0.40192584564378925,0.2781001129992759,0.769071105939801,-0.337620077683357,-0.8570820845304064,-0.38913106213986237,0.40997959216693725,-0.5060295027758873,0.7588483882351074,-0.8473071563203725,0.09666665763023946,0.5222318835066302
2021-06-10T17:36:00,676618629.1846827,1349.4796460228067,-2685.005079243352,-2059.664812147326,0.0,0.0,0.0,0.421306501840744,-0.38026008015429175,0.2648467304697838,0.7795891945808591,-0.35580620589553386,-0.8583132707974939,-0.3697300001611088,0.4554707149693253,-0.5047140817323622,0.7333553869075964,-0.8160565983138401,0.09253121026965411,0.5705169616010345
2021-06-10T17:37:00,676618689.1846827,1273.9650016817905,-2585.731027115352,-2225.177150029513,0.0,0.0,0.0,0.4306398255066035,-0.35866286997512853,0.2516625487797149,0.78903501058606,-0.37182057277769226,-0.8601038225759405,-0.34924329062921716,0.49905577453358707,-0.5024306044586793,0.7060501551646083,-0.7827469550013917,0.08823209219746048,0.616053814485803
2021-06-10T17:38:00,676618749.1846827,1195.2956801990001,-2477.6148811864196,-2383.5663467675504,0.0,0.0,0.0,0.4398905358648253,-0.3368983114693828,0.23823394152654512,0.797646809866599,-0.3859916883712711,-0.8622757905161508,-0.3278580143873915,0.5412333399761958,-0.4994818111225671,0.6764498444496325,-0.7470454391845966,0.08365632939274581,0.6594882336676108
2021-06-10T17:39:00,676618809.1846827,1113.7925706138255,-2360.968663250034,-2534.3207427846314,0.0,0.0,0.0,0.4488985921259598,-0.31482188106083825,0.22467379285746733,0.8055426270506649,-0.39875447438529327,-0.8646783545459029,-0.305493391642926,0.5817494501760591,-0.4960234815807422,0.6446148330129955,-0.7089163888481922,0.07932243629836894,0.7008177400167106
2021-06-10T17:40:00,676618869.1846827,1029.7832911289197,-2236.1351007510116,-2676.95312641746,0.0,0.0,0.0,0.4576639414728476,-0.2924821170760461,0.21094209037156395,0.8127123490977155,-0.40999585573250374,-0.8672918522880779,-0.2823264798719497,0.6205046955987913,-0.4920943023704255,0.6105875206016047,-0.6684888338798358,0.07515344655622047,0.739915291400778
2021-06-10T17:41:00,676618929.1846827,943.600910861799,-2103.486525962784,-2811.002383142345,0.0,0.0,0.0,0.4661315224082036,-0.26985574982972693,0.19700468258922765,0.8191998737421557,-0.41979855620249223,-0.8700354612882453,-0.258471407144491,0.6573840759279117,-0.48782111771065617,0.5743489652048935,-0.6257917776119373,0.07119587920994153,0.7767340586435072
2021-06-10T17:42:00,676618989.1846827,855.5825900596424,-1963.4236393341178,-2936.035129829086,0.0,0.0,0.0,0.4743293627761389,-0.2470281429292678,0.18281087708866045,0.8249660207713855,-0.42797750441859855,-0.8729300768378814,-0.23415451450578356,0.6922923509399516,-0.48318367765291337,0.5359709268979433,-0.581004781857829,0.06728012040429288,0.8111145596379838
2021-06-10T17:43:00,676619049.1846827,766.068133718263,-1816.3741190798241,-3051.647072072878,0.0,0.0,0.0,0.4821857798639725,-0.22401540612510706,0.16837015622093376,0.8300394340088393,-0.4346279430311519,-0.8759014414611656,-0.20951185165226865,0.7250314057604446,-0.4782967283822216,0.4955418249551661,-0.5342546319851079,0.06347365173924885,0.8429371766254834
2021-06-10T17:44:00,676619109.1846827,675.3986162587413,-1662.791319576204,-3157.4643891236356,0.0,0.0,0.0,0.4897070713844091,-0.2009710956787084,0.1535074528677171,0.8344058154470583,-0.4395952058756093,-0.8789299784527427,-0.185035531583103,0.7555277344620519,-0.4732448923003416,0.45300895617004905,-0.4857302723012228,0.05934108937910432,0.8720921612315302
2021-06-10T17:45:00,676619169.1846827,583.9149372838289,-1503.1526238618221,-3253.1449317535635,0.0,0.0,0.0,0.49707989892221727,-0.1779925065786182,0.13883156604810365,0.8378281673218978,-0.44246048337867777,-0.8823570383193848,-0.16023350953078003,0.7835131245868372,-0.46727474071221853,0.4095869874550467,-0.43627503280439806,0.05568099873900012,0.8980889277409834
2021-06-10T17:46:00,676619229.1846827,491.9565681755174,-1337.9578850313694,-3338.379037538519,0.0,0.0,0.0,0.5040441795055602,-0.15465729247458024,0.12400013201392851,0.8406215285439262,-0.4440411739819975,-0.8857758266267957,-0.13501340960181,0.8090657278917366,-0.4611268647341901,0.3643825772061968,-0.3850195887999769,0.052566144846591945,0.9214101782899207
2021-06-10T17:47:00,676619289.1846827,399.8604357421463,-1167.7280500164693,-3412.8906218979546,0.0,0.0,0.0,0.5107402536705646,-0.13127794295591533,0.10903825493990858,0.8426275297742475,-0.4438209899475817,-0.8893562322374282,-0.10985636559796577,0.8320989609893726,-0.454510104480374,0.3178551305951278,-0.33261726954918414,0.049659411048511515,0.9417535213058459
2021-06-10T17:48:00,676619349.1846827,307.9596247125993,-993.0033838944883,-3476.438381365342,0.0,0.0,0.0,0.5170892403221724,-0.10775182035557879,0.09405786619883691,0.8438965461235278,-0.4420165255061953,-0.8930094604944125,-0.08459015691502908,0.8524698352876681,-0.4475436706983207,0.27018483070388954,-0.27913539923135355,0.04731560297989984,0.9590853260323615
2021-06-10T17:49:00,676619409.1846827,216.58201024334983,-814.3414473544794,-3528.8164723497966,0.0,0.0,0.0,0.5229993939334185,-0.08438283360113095,0.07892602045436814,0.8444654253632635,-0.4387023426774415,-0.8966298138270272,-0.059960249214250944,0.8699898088238253,-0.4404846344810273,0.2215649325340071,-0.22507329266709541,0.04503624920690319,0.9733004413773608
2021-06-10T17:50:00,676619469.1846827,126.0490696786951,-632.3153656155519,-3569.855007095303,0.0,0.0,0.0,0.5286986839707869,-0.060718086998523525,0.06360142966319814,0.8442427812090519,-0.4335820309575953,-0.9004236090331665,-0.0352696289514664,0.8849765804750844,-0.43286511942471034,0.17159324111414687,-0.16977359759784008,0.043186950356774334,0.9845363441120738
2021-06-10T17:51:00,676619529.1846827,36.67480343466116,-447.5119425781538,-3599.420727228465,0.0,0.0,0.0,0.5337548705941272,-0.03702541934146861,0.04841218457152538,0.8434400493364348,-0.42746971287927016,-0.9039654316449401,-0.010776964409834111,0.8967955059049512,-0.4255239970041186,0.12119054650558164,-0.1141379216544482,0.04214055486838619,0.992570757415202
2021-06-10T17:52:00,676619589.1846827,-51.23535342780076,-260.5296920377225,-3617.417464343376,0.0,0.0,0.0,0.5384181464778477,-0.01334070635002956,0.03316709505266338,0.8419191581756582,-0.4198558501948827,-0.9074940502094174,0.013251939165248194,0.9057241603070931,-0.4180116866982535,0.0702137822631172,-0.05817912420399021,0.041482268720364535,0.9974439387196998
2021-06-10T17:53:00,676619649.1846827,-137.3856271222828,-71.97686212025155,-3623.78652252676,0.0,0.0,0.0,0.5427529366173744,0.010323822420030552,0.017881625063172854,0.8396385626976385,-0.4106253369677121,-0.911063377759202,0.036747167865655905,0.9118018046461369,-0.4101989945566328,0.01882163406230536,-0.0020740501924557397,0.041234773804656843,0.9991473323514796
2021-06-10T17:54:00,676619709.1846827,-221.4910291066019,117.53057414290583,-3618.5069345306056,0.0,0.0,0.0,0.5465763260038302,0.03397998249058638,0.002526996301548678,0.8367157790622728,-0.40019936128418837,-0.9144863382784182,0.05962556775291833,0.9148298074387401,-0.40249586828369344,-0.0329165526164828,0.054100782335615355,0.04137406333303395,0.9976779501592629
2021-06-10T17:55:00,676619769.1846827,-303.2784223343151,307.3710383564551,-3601.5956217510798,0.0,0.0,0.0,0.5500295429871629,0.057636545262349945,-0.012735164535076084,0.8330566283727766,-0.38829106098310756,-0.9178795349469091,0.08201957867642784,0.9149434913983114,-0.3946106348511944,-0.08462183175874455,0.11003844559280473,0.04218537884129253,0.9930316884689712
2021-06-10T17:56:00,676619829.1846827,-382.48744947422597,496.91962566706104,-3573.1074767242812,0.0,0.0,0.0,0.5529457063809763,0.08123466855754052,-0.028044766985036742,0.8287734705357941,-0.3753039488383795,-0.9210898788920616,0.10363580939485345,0.91197704948885,-0.3869290736791963,-0.13632224010546062,0.16566474335817755,0.0433512046472343,0.985228839338203
2021-06-10T17:57:00,676619889.1846827,-458.8713895670246,685.5505048900488,-3533.135086944484,0.0,0.0,0.0,0.5554502627748654,0.1047506428855229,-0.04335392851536819,0.8237856185201871,-0.36100461679680557,-0.9242265803215812,0.12442224430730736,0.90606117278719,-0.3791908849312349,-0.18779622986782454,0.2207460482520433,0.044938858598574494,0.9742954793947081
2021-06-10T17:58:00,676619949.1846827,-532.1978721455466,872.6390487327346,-3481.808217139174,0.0,0.0,0.0,0.5572948507187633,0.12815080462314637,-0.05866051432459643,0.8182657054380108,-0.34599964127358324,-0.9270653125413282,0.14434041194759156,0.8969957441001098,-0.3719627868430508,-0.23883534133423623,0.27510522224203887,0.046835792793546716,0.9602726306672278
2021-06-10T17:59:00,676620009.1846827,-602.2496169733599,1057.5639699884073,-3419.2933270118147,0.0,0.0,0.0,0.5588728128405341,0.15155182714848606,-0.07383520620016885,0.8119369341771829,-0.3293864455113295,-0.9299186773204853,0.16357207305628585,0.8851592356904022,-0.36441908278617563,-0.2892954537722042,0.3286300305592827,0.04949732994618311,0.9431608120266679
2021-06-10T18:00:00,676620069.1846827,-668.8251991474906,1239.7093907190929,-3345.7928717786926,0.0,0.0,0.0,0.5597853268806293,0.17479369908681947,-0.08901504858727008,0.8050862510897199,-0.312175101137387,-0.932469479700642,0.1817893716823838,0.8702324012327944,-0.35743341786830596,-0.3390234794753681,0.38110664396526406,0.05236431244459011,0.9230469677691049
2021-06-10T18:01:00,676620129.1846827,-731.7395968662968,1418.4667484357055,-3261.544604155567,0.0,0.0,0.0,0.5602855042578424,0.19788497802479432,-0.10416113169601608,0.7975413141865862,-0.29384337838132396,-0.9349255212843954,0.19892294647061654,0.8524778282575799,-0.350461224724681,-0.3878897811153535,0.43236283525609615,0.05559855767534233,0.8999839882318638
2021-06-10T18:02:00,676620189.1846827,-790.824639399515,1593.236818691937,-3166.8210630757126,0.0,0.0,0.0,0.5600828114844177,0.22083856441522456,-0.11925510768081657,0.7895035098330911,-0.27507514549346573,-0.9370469444870958,0.21512017143714462,0.8317024373694376,-0.3441709271434941,-0.4356804202427791,0.48229111541213954,0.05907111592466757,0.8740170955181193
2021-06-10T18:03:00,676620249.1846827,-845.9294959835934,1763.4320019022816,-3061.928928589826,0.0,0.0,0.0,0.5593213157804151,0.2436199314883998,-0.1342860707254418,0.7808817105710533,-0.25561798939050534,-0.9389570983508827,0.23025857412145678,0.8080980449509686,-0.3382538338455736,-0.4822467144887497,0.5306948211980007,0.0628005680329557,0.845233160381418
2021-06-10T18:04:00,676620309.1846827,-896.9211389542393,1928.4786348503858,-2947.208022286726,0.0,0.0,0.0,0.5580375270174109,0.2661743467180015,-0.14926152995279526,0.7716646494855705,-0.23549067117907502,-0.9406948458219992,0.2442075978170083,0.7817764849207407,-0.3326302282328863,-0.5274302407813845,0.5773817380317806,0.06671085601056936,0.8137444256507919
2021-06-10T18:05:00,676620369.1846827,-943.6847417227482,2087.8191576714944,-2823.0300256834917,0.0,0.0,0.0,0.5562018441506635,0.28853717186397965,-0.16416418978525069,0.7618634574569708,-0.21477161803227496,-0.9422346621410909,0.2570350045181836,0.7527647779731795,-0.3273792547111066,-0.5711112086343515,0.6222687049264073,0.07082841975269794,0.7795928384897771
2021-06-10T18:06:00,676620429.1846827,-986.1238771159594,2240.9139885002432,-2689.7969934580165,0.0,0.0,0.0,0.5538406627639116,0.3106193389377514,-0.17894996664457807,0.7515005362506468,-0.19355229309421093,-0.9435937508131296,0.2686416633070572,0.7212524694448436,-0.3224748594142712,-0.6130292328800162,0.6650807358191092,0.07510524929827311,0.7429850714315575
2021-06-10T18:07:00,676620489.1846827,-1024.1606173997584,2387.243270054563,-2547.9401719247703,0.0,0.0,0.0,0.5508470212658514,0.33246053706479695,-0.1936671915053633,0.7406284962054528,-0.17207510091425082,-0.9447193989981693,0.27909750411261025,0.6871726049993532,-0.3181211561939272,-0.6531406746790784,0.7058214863432205,0.07939891144327593,0.7039260204580234
2021-06-10T18:08:00,676620549.1846827,-1057.7356631157452,2526.309008502417,-2397.918627737373,0.0,0.0,0.0,0.5472826396977535,0.35400228078449175,-0.2082986754724874,0.7292295655561727,-0.1503281949696737,-0.9456657755697547,0.28830136092848124,0.6507129507631578,-0.31418674816373254,-0.6912737106149803,0.7442943567609956,0.08368350013206749,0.6625880939915703
2021-06-10T18:09:00,676620609.1846827,-1086.8082787386898,2657.636899149863,-2240.217469302502,0.0,0.0,0.0,0.5431195885194459,0.3752392142944799,-0.22282860314815722,0.7173312054003856,-0.1284332892442585,-0.9464213181537331,0.29629643730232563,0.6119651982831291,-0.3107370523710176,-0.7272833563158598,0.7803867543110858,0.08791571434005252,0.6190858913494048
2021-06-10T18:10:00,676620669.1846827,-1111.3561838205217,2780.777885195716,-2075.346192378305,0.0,0.0,0.0,0.5383832063743551,0.3961432720580351,-0.23724591866880237,0.7049314897011044,-0.10642806219444437,-0.9470133004068102,0.30304929702960254,0.5710798023913147,-0.30771579433812896,-0.7610380077338788,0.8139661705981598,0.09206953224305486,0.573569764156299
2021-06-10T18:11:00,676620729.1846827,-1131.3754478247056,2895.309736293743,-1903.8370354752692,0.0,0.0,0.0,0.5330036655139965,0.4166895148104783,-0.25158864396554054,0.6920838786037663,-0.08455388159130432,-0.9474351882495566,0.30857285229645676,0.5280977883062477,-0.30522049355244885,-0.7924349666071339,0.8449635300377722,0.09595318849380041,0.5261460049491776
2021-06-10T18:12:00,676620789.1846827,-1146.8803155427986,3000.8386694195146,-1726.243175339597,0.0,0.0,0.0,0.527176523881584,0.4368388426307764,-0.2657430313340288,0.678702718083945,-0.06251347647426705,-0.9477660358272562,0.31278044470744915,0.4834185228466509,-0.30293110793106226,-0.8213034004656388,0.8731543947251618,0.09986132975254924,0.4771049337328104
2021-06-10T18:13:00,676620849.1846827,-1157.9028021370484,3097.0007858978142,-1543.1366597945107,0.0,0.0,0.0,0.5207163237577643,0.4565714195619612,-0.27980694236888204,0.6649098615703877,-0.04079409802274983,-0.947962543255737,0.31575759397142833,0.4369551317331276,-0.3011251703487526,-0.8475811728881901,0.8985577635403277,0.10339559162048245,0.4265012276827054
2021-06-10T18:14:00,676620909.1846827,-1164.4922214524581,3183.463132773185,-1355.1065720798767,0.0,0.0,0.0,0.5136122906851917,0.4758926321696517,-0.29378042983601316,0.6507085957240138,-0.01945723500750199,-0.948039748905894,0.3175563737359278,0.3888079807675258,-0.2997909478049553,-0.8711795117572989,0.9211133318421474,0.10651770795814114,0.37443852338401573
2021-06-10T18:15:00,676620969.1846827,-1166.7149991249744,3259.9251707217363,-1162.7573745438735,0.0,0.0,0.0,0.5042986707095929,0.4964859134541626,-0.30538465744792376,0.637122279831382,0.001630823075752852,-0.9458381988127005,0.32463432055598007,0.33936147638102404,-0.30484612343190376,-0.8898891107194381,0.9406546277803491,0.11161963400445035,0.32048389747399986
2021-06-10T18:16:00,676621029.1846827,-1164.6543315620547,3326.120228124089,-966.7063926456689,0.0,0.0,0.0,0.4917212717382374,0.5189887021458005,-0.3139204692322811,0.624751836301529,0.022278164069704065,-0.9402498887416986,0.33975554465954916,0.2885651811262491,-0.31932825983422986,-0.9026403484848312,0.9572010340817955,0.11815079006281015,0.2642093320840039
2021-06-10T18:17:00,676621089.1846827,-1158.4093717703795,3381.8160724361856,-767.5813267783236,0.0,0.0,0.0,0.47841260188816603,0.5407938066694317,-0.322486872672029,0.612099385702024,0.04267311795483886,-0.9344699264021603,0.35347554604803016,0.2368743125092529,-0.3342471986176195,-0.9122331775864887,0.9706026813672424,0.12265711094842574,0.20708855124439984
2021-06-10T18:18:00,676621149.1846827,-1148.0944422398238,3426.815496594018,-566.0183355423227,0.0,0.0,0.0,0.4664765435722023,0.5598746871590172,-0.3336850062765186,0.5979918775048402,0.06212006204895204,-0.9315419452028602,0.3582885739438335,0.18425479120797827,-0.34210790176634204,-0.9214186645960323,0.9809134874227894,0.12325497100199334,0.15038930252966504
2021-06-10T18:19:00,676621209.1846827,-1133.838341376043,3460.9571034032733,-362.65997340109436,0.0,0.0,0.0,0.4555866770557252,0.5773293618697231,-0.3461731072802181,0.5824910019977815,0.08173682477515837,-0.9304620782751529,0.35715460569277047,0.13103848178496325,-0.34520991897056247,-0.9293325713305383,0.9880020282201686,0.12276169083317934,0.0937099754381141
2021-06-10T18:20:00,676621269.1846827,-1115.78361537302,3484.1159009520566,-158.15287997905466,0.0,0.0,0.0,0.4437361677782263,0.593887358050017,-0.35894968966231056,0.5670547942176274,0.09920796129227066,-0.9295968083456476,0.354975427783131,0.07689407687995514,-0.34850666739364944,-0.9341468855179851,0.9920912666468802,0.11997031589421459,0.03690585247940403
2021-06-10T18:21:00,676621329.1846827,-1094.0857530008132,3496.2035585465446,46.85452140407733,0.0,0.0,0.0,0.43167796293190497,0.6098493258683759,-0.3715610462104517,0.5510719780535416,0.11652412788630329,-0.9289637649308014,0.35135231757585905,0.022578750729231878,-0.3511930505159109,-0.9360307907781857,0.9929311797077596,0.11700326796683808,-0.019947622646235647
2021-06-10T18:22:00,676621389.1846827,-1068.9123281421769,3497.168487375745,251.71417791182546,0.0,0.0,0.0,0.41972098920245227,0.6247931251648816,-0.3845321087642085,0.5344182812170319,0.13306431606076868,-0.9291191752026379,0.3450093419924305,-0.031892896641489865,-0.3519386971045314,-0.9354795543592496,0.9905941302749048,0.11347559980513294,-0.07646278384789659
2021-06-10T18:23:00,676621449.1846827,-1040.4420303504776,3486.99589450758,455.78048583744635,0.0,0.0,0.0,0.4079533015895169,0.6383109442542847,-0.3982876360702738,0.5172042160703731,0.14773351566516751,-0.9304530492134998,0.33530871083004943,-0.08647237904579316,-0.3498821253515314,-0.9327942034670108,0.985239735298658,0.10881002513001892,-0.13214780520248653
2021-06-10T18:24:00,676621509.1846827,-1008.8636388215624,3465.7077910974726,658.4123539174782,0.0,0.0,0.0,0.3991810136243343,0.6500671967436209,-0.4132070653754571,0.4973198962474176,0.16386568384052125,-0.934266037885749,0.3166938712901512,-0.14018339676737696,-0.3398288789713036,-0.9299811548025405,0.9764715320633974,0.10799677527765217,-0.1866548783166135
2021-06-10T18:25:00,676621569.1846827,-974.3750590758488,3433.3629435297494,858.9753437473354,0.0,0.0,0.0,0.39249568039191063,0.6593119290022426,-0.430270871440623,0.47552276321829223,0.17749015770193355,-0.9406466974683958,0.2892767437260424,-0.19408417550357604,-0.3216282361268361,-0.9267613557680515,0.9647945774816729,0.1083469808889011,-0.2396504850698624
2021-06-10T18:26:00,676621629.1846827,-937.182307299023,3390.056417575133,1056.8439731964913,0.0,0.0,0.0,0.3855951253488479,0.6680129118400443,-0.4468351061514016,0.4532257018670248,0.18984970215561686,-0.9465064833905761,0.26092636411644704,-0.24745999809963615,-0.30330957443574386,-0.9201993541598126,0.9501161191833091,0.11013073574263044,-0.2918057249486984
2021-06-10T18:27:00,676621689.1846827,-897.498440383614,3335.9186803326975,1251.4036163794055,0.0,0.0,0.0,0.37464603288996967,0.6785178742985138,-0.4601387116728833,0.43304296590206065,0.20149231140553187,-0.9489003395457098,0.24287649959288551,-0.29994902256125633,-0.29582543211965395,-0.9069277245601041,0.9324330712222745,0.1098883948433893,-0.34422827944510936
2021-06-10T18:28:00,676621749.1846827,-855.5425986890763,3271.1148972826863,1442.052036845564,0.0,0.0,0.0,0.3608426732330341,0.6897790054259747,-0.4715037332800932,0.4143449267826576,0.2120050223048176,-0.9494934144347531,0.231335527886591,-0.3514400903515536,-0.29495358935394506,-0.8885337602032443,0.9118901981111682,0.10707304082848446,-0.396221693647024
2021-06-10T18:29:00,676621809.1846827,-811.5390951426382,3195.844541520646,1628.2010679047405,0.0,0.0,0.0,0.34669139164619983,0.7003681404334754,-0.4826551010564372,0.3953904402592169,0.2214209063516459,-0.9502294351493994,0.21917299743825494,-0.40191558724111287,-0.2936982647652434,-0.8672976363432084,0.8885024721198285,0.10394878474296232,-0.4469429574200877
2021-06-10T18:30:00,676621869.1846827,-765.7163744325123,3110.3406409503787,1809.278594993321,0.0,0.0,0.0,0.3322223733650895,0.7102780001919926,-0.4935356232087313,0.37623934629820405,0.2297330858421382,-0.9510852481134513,0.20654190879921538,-0.4511047337913744,-0.2921017665192722,-0.8433155264474461,0.8623962131297084,0.10056544544372692,-0.49614449786553405
2021-06-10T18:31:00,676621929.1846827,-718.3058584453416,3014.868675966086,1984.7301240555396,0.0,0.0,0.0,0.3174204778648569,0.7194984012670608,-0.5041709927700784,0.3569004074744427,0.2368674183876207,-0.9520754423079958,0.1935101502774927,-0.4989254507451968,-0.29011170056255886,-0.8166447182192524,0.8336469400802031,0.09688938719351131,-0.5437326787532453
2021-06-10T18:32:00,676621989.1846827,-669.540881021686,2909.7257081193466,2154.0202162897035,0.0,0.0,0.0,0.30231375595302107,0.7280217027432928,-0.5145434265395986,0.33739569573606404,0.2428184134073324,-0.9531962830901582,0.18015566605980765,-0.5451988430087497,-0.2877029103329322,-0.7873914255107697,0.8023698895723014,0.09297247597578501,-0.5895410749207093
2021-06-10T18:33:00,676622049.1846827,-619.6556728539118,2795.2394371904848,2316.6340927228825,0.0,0.0,0.0,0.28699666131990176,0.7358804249845403,-0.5245737265949008,0.3177031977839384,0.2477741669683961,-0.9544065878340526,0.16648131211063305,-0.5896875596154658,-0.2849106435151356,-0.7557079510277419,0.7686849447061352,0.08907294937719207,-0.6333951890181788
2021-06-10T18:34:00,676622109.1846827,-568.8843865260111,2671.7670196646454,2472.07916374906,0.0,0.0,0.0,0.2713831098325378,0.7430034042285714,-0.5343870757422255,0.2978717883285492,0.2514057019952497,-0.955777577400412,0.15259225256504663,-0.6324280884084875,-0.2815633219545874,-0.7216348167334248,0.7326867584420111,0.08491948108942243,-0.6752472108311455
2021-06-10T18:35:00,676622169.1846827,-517.460176680398,2539.693714770175,2619.8864416091174,0.0,0.0,0.0,0.25555161967195456,0.7494586229653195,-0.54385445554296,0.2778983147340741,0.2539897157080641,-0.957227551558359,0.13858080261033942,-0.673158093820762,-0.2778314017382224,-0.685323203263812,0.6945123505295889,0.08077825663978816,-0.714931792702004
2021-06-10T18:36:00,676622229.1846827,-465.6142447649787,2399.4313953155497,2759.611724175955,0.0,0.0,0.0,0.23949536132922486,0.7552029431380547,-0.5530377016670147,0.2577979579288211,0.25537902684519165,-0.9587942300986687,0.12447962474680077,-0.711828569762271,-0.27358254487330047,-0.6468791837822948,0.6542794815045037,0.07659122319267508,-0.7523643695790279
2021-06-10T18:37:00,676622289.1846827,-413.57494006559835,2251.417242373829,2890.836569459737,0.0,0.0,0.0,0.22326707219371603,0.760294685005921,-0.5618440259605282,0.2375607225916327,0.2557923871484133,-0.9604130274827513,0.11034976809369405,-0.7482550794777221,-0.26896620993302256,-0.6064416822333814,0.6121148509166434,0.07255339106948089,-0.7874334351115747
2021-06-10T18:38:00,676622349.1846827,-361.5668895688555,2096.112553862904,3013.169512633161,0.0,0.0,0.0,0.20682660874552591,0.7646669337743535,-0.5703674979708998,0.21722833969206082,0.25498553138609237,-0.9621395332397755,0.09628030619446018,-0.7824251299520555,-0.26380734234648173,-0.5641069066618454,0.5681490075704272,0.06850696826771124,-0.8200692046989115
2021-06-10T18:39:00,676622409.1846827,-309.81004364623357,1934.0011288378103,3126.2474048960485,0.0,0.0,0.0,0.19021898729585035,0.768335519012439,-0.5785750515225886,0.1967947581915258,0.2530454658079456,-0.9639477242151611,0.08229688459748427,-0.814211325781866,-0.25813529325554996,-0.5200250833800304,0.5225207260985694,0.06458293393988052,-0.85017712004096
2021-06-10T18:40:00,676622469.1846827,-258.5187573680381,1765.5872464585814,3229.736295799042,0.0,0.0,0.0,0.17351182218191927,0.7713671525790937,-0.5863604756816426,0.176260477826225,0.2502272730297371,-0.9657649743955111,0.06844213660413365,-0.8434318676503749,-0.25215008024301544,-0.47438699567467185,0.47540403496804884,0.06097828518643639,-0.877651783039162
2021-06-10T18:41:00,676622529.1846827,-207.90099118245143,1591.3937805222427,3323.3318079892106,0.0,0.0,0.0,0.15665001307074972,0.7736841384006391,-0.5938413361554494,0.15564734133709232,0.24625274521561036,-0.967655561129992,0.054793252212071514,-0.8701269289104603,-0.24562648175608884,-0.4272549110835079,0.42689426449488216,0.05753561048885936,-0.9024693570792574
2021-06-10T18:42:00,676622589.1846827,-158.15759715533204,1411.96071144096,3406.759474596964,0.0,0.0,0.0,0.13974415864573733,0.7754424646386018,-0.6007902252477565,0.1349505813487137,0.24167889168078852,-0.9694736168924603,0.04137897371125582,-0.8940393950951437,-0.23904535074229002,-0.37888108992981545,0.3772066719105789,0.05457312926657787,-0.9245198214360782
2021-06-10T18:43:00,676622649.1846827,-109.48162053150713,1227.843651128505,3479.7753020314367,0.0,0.0,0.0,0.12266491306355949,0.776450858462136,-0.607482507423548,0.11420326909033937,0.2358452330069574,-0.9713780969285709,0.0283128747272674,-0.9153431606304083,-0.23183664455501676,-0.32923953062869926,0.3263800305702379,0.05173357757683694,-0.9438218648643781
2021-06-10T18:44:00,676622709.1846827,-62.057655132243326,1039.6121583163144,3542.166201247516,0.0,0.0,0.0,0.10554446871518493,0.7768717137161106,-0.6136844517072069,0.09339217999515619,0.2293385888971541,-0.9732222393969026,0.015565487012627333,-0.9337941273179357,-0.22450351771290822,-0.27861568211618065,0.2746494846694545,0.04936236701990793,-0.9602765316787636
2021-06-10T18:45:00,676622769.1846827,-16.06138307968581,847.8481736423813,3593.750171549279,0.0,0.0,0.0,0.08832943106581193,0.7766212282851654,-0.6195112803291017,0.07254759078996442,0.22188524123113781,-0.9750673977707507,0.0032418402762189324,-0.9494350480920587,-0.2168073703051741,-0.22708512420628657,0.2221261559975079,0.047308920785956166,-0.9738695173563237
2021-06-10T18:46:00,676622829.1846827,28.340812535828036,653.1446515984061,3634.376699213028,0.0,0.0,0.0,0.07105851461130334,0.775742457827275,-0.6249042277387892,0.051662682658969374,0.21365134674933275,-0.9768716300466499,-0.008655659547245065,-0.9621873360843235,-0.2088907873108459,-0.17481467116809024,0.1689634052425228,0.04567775592842083,-0.9845633094434274
2021-06-10T18:47:00,676622889.1846827,70.99243004452273,456.1039801715574,3663.927352425249,0.0,0.0,0.0,0.053754982755652755,0.7742386735914936,-0.6298558013358865,0.03076601481753442,0.20467024371155118,-0.978625093552361,-0.020075298470668634,-0.9720097871684541,-0.20078414270493558,-0.12199467892895999,0.11535625248676493,0.044482067261720715,-0.9923277083223733
2021-06-10T18:48:00,676622949.1846827,111.74752572767534,257.3361389425668,3682.3161943721825,0.0,0.0,0.0,0.0363920482567192,0.7721011987013674,-0.6343803689433792,0.009844048296014464,0.1949292844248156,-0.9803281767488576,-0.030971599020551688,-0.9788951964263378,-0.19247433264588526,-0.06868643014426601,0.06137400497825937,0.0437069461845776,-0.9971574270736527
2021-06-10T18:49:00,676623009.1846827,150.47117208266263,57.456829369356,3689.489835611345,0.0,0.0,0.0,0.019031153733300568,0.769433127101303,-0.6383476825193237,-0.01107764997183556,0.1847790437866205,-0.9819100661581903,-0.041344007480168976,-0.982753347996661,-0.1843001028195763,-0.015143615884155137,0.0072499640451166025,0.043429184633281215,-0.9990302017173618
2021-06-10T18:50:00,676623069.1846827,187.03979897940212,-142.9141152982163,3685.427417235139,0.0,0.0,0.0,0.0016141399901136368,0.7661059995659608,-0.6419145976380415,-0.0320100190615973,0.1738420160377352,-0.9834459116152434,-0.05111841534319145,-0.9836525862226497,-0.17588608778256742,0.038622192351491724,-0.04697385525405037,0.043568601673753315,-0.9979455064635372
2021-06-10T18:51:00,676623129.1846827,221.34164176439458,-343.15437838865205,3670.1407393109844,0.0,0.0,0.0,0.015732118685294887,-0.7622853666449186,0.6448853535964975,0.05288100753025064,0.16265295951861236,-0.9848371969938159,-0.06033001058512272,-0.9815094758471599,-0.16775076231678468,0.09218910219961218,-0.1009116622698765,0.04421964675912665,-0.9939121989685146
2021-06-10T18:52:00,676623189.1846827,253.2770823728972,-542.6409683230406,3643.6742225777243,0.0,0.0,0.0,0.03313185353120928,-0.7578238514438012,0.647429867099289,0.07375539066581681,0.1507894190710594,-0.9861628964512168,-0.06888608538129504,-0.976388285248509,-0.1594736949387672,0.14571910325023768,-0.15468829149515087,0.045286667856266005,-0.9869248452586388
2021-06-10T18:53:00,676623249.1846827,282.7587681489074,-740.751944851899,3606.104795969588,0.0,0.0,0.0,0.05049190472635348,-0.7528757802986406,0.6493734610126759,0.09456603581221326,0.13874274600636394,-0.9873447408714524,-0.07681675015318945,-0.9682454637891358,-0.15152935137904747,0.1988456122784871,-0.20796916185428743,0.04678908360001516,-0.9770156648557358
2021-06-10T18:54:00,676623309.1846827,309.7117133582012,-936.8681975228874,3557.5417984931437,0.0,0.0,0.0,0.06783917120210167,-0.7473535590243517,0.6508151929856808,0.11532601286465277,0.12627899067150633,-0.9884253437514996,-0.08407708572920397,-0.9571308592283759,-0.14367486285924636,0.2515115347158622,-0.2606801389207417,0.04871215055925021,-0.964195515214708
2021-06-10T18:55:00,676623369.1846827,334.0734663620001,-1130.375233259619,3498.1266861224153,0.0,0.0,0.0,0.08516763401508434,-0.7412453480682326,0.6517672018021831,0.13601956748361507,0.11339638383304529,-0.9894077422033034,-0.09062880227471748,-0.9430698832339649,-0.13589197754244992,0.303566410817596,-0.31266668429921324,0.051045960738959895,-0.9484903027556859
2021-06-10T18:56:00,676623429.1846827,355.79423908946205,-1320.6648608556316,3428.032718859996,0.0,0.0,0.0,0.10244178608955654,-0.7346690157717379,0.6521045025015434,0.15661045796811268,0.10046576454446543,-0.9902488561353692,-0.09650820212338945,-0.9260750359971417,-0.12853079655999225,0.35477438188029675,-0.36371920193658847,0.05373115723904309,-0.9299576898355991
2021-06-10T18:57:00,676623489.1846827,374.8369801622996,-1507.136948869552,3347.4645957939338,0.0,0.0,0.0,0.11969116293181385,-0.7275984266553486,0.6518500513098169,0.1771046742807215,0.08745088991061764,-0.9909658723471013,-0.10168078332305297,-0.9061744146458225,-0.12153107224683835,0.40506558570166673,-0.4137635461167908,0.0567171783667198,-0.908615919727899
2021-06-10T18:58:00,676623549.1846827,391.17745677525545,-1689.20104868174,3256.657929605618,0.0,0.0,0.0,0.13687535309264043,-0.7199867085091587,0.6510654989742889,0.19747909593491933,0.07423144542817418,-0.9915770532297573,-0.10613500844600993,-0.8834569692917271,-0.11475770752225053,0.4542405221621175,-0.46259428868017766,0.06004678236532135,-0.8845342887689835
2021-06-10T18:59:00,676623609.1846827,404.8043442207427,-1866.2780696218458,3155.8788316643763,0.0,0.0,0.0,0.15402266290166824,-0.7118317241039605,0.6497403095692877,0.21773871036788178,0.060854768256275796,-0.9920849215363666,-0.10983717786185243,-0.8579381375858217,-0.10822909886697038,0.5022236695280451,-0.5101361085595163,0.06367079879053467,-0.8577337466400214
2021-06-10T19:00:00,676623669.1846827,415.7191753336656,-2037.8019816671429,3045.423315780953,0.0,0.0,0.0,0.17109866419613023,-0.7032805511799604,0.6477325425382777,0.23783243424564546,0.04775657311537782,-0.9924610226709221,-0.11287350532017348,-0.8296897754631462,-0.10233560089439644,0.548764340388018,-0.5561781964588234,0.06744288893998035,-0.8283219606621811
2021-06-10T19:01:00,676623729.1846827,423.9361463686864,-2203.2213754133923,2925.616802358443,0.0,0.0,0.0,0.18810183890351914,-0.6942505923103011,0.6451332456006155,0.25775358134995263,0.034732373444178816,-0.9927361210263763,-0.115189653374069,-0.7988004304828005,-0.09684158724386124,0.5937504351498044,-0.6005926527151549,0.07139118285610441,-0.7963615790047756
2021-06-10T19:02:00,676623789.1846827,429.4820146537427,-2362.00131482876,2796.813652076935,0.0,0.0,0.0,0.2050282819725511,-0.6846914141747292,0.6419933901821943,0.2774987529866877,0.02167785810641304,-0.9929249095781223,-0.11674842357478032,-0.765344539280579,-0.09161578110751475,0.6370669390617121,-0.6432556308819359,0.07554252174330739,-0.7619156913644349
2021-06-10T19:03:00,676623849.1846827,432.39601555826835,-2513.625245464489,2659.396274265645,0.0,0.0,0.0,0.22188464625316123,-0.6747528235039644,0.638163997113327,0.2970227999983823,0.009048338138925194,-0.9930155156351154,-0.11763636038593561,-0.7293963200080574,-0.08702783309090216,0.6785330976645176,-0.6840315313899115,0.07966393145852207,-0.7250893200764609
2021-06-10T19:04:00,676623909.1846827,432.7296137524986,-2657.596474097135,2513.774184678607,0.0,0.0,0.0,0.238650160287407,-0.6643482436337472,0.63373803868649,0.3163283270548989,-0.0033750243511002642,-0.9930291177607287,-0.11782096795553165,-0.691061893940333,-0.08284439863319153,0.7180322167972024,-0.722787706006563,0.08384495747779808,-0.685964980994888
2021-06-10T19:05:00,676623969.1846827,430.54622418266104,-2793.4398650120647,2360.3834702852014,0.0,0.0,0.0,0.2553125153846265,-0.6535574320381068,0.6286525423043501,0.33537170955524526,-0.01535640503146024,-0.9929702718961009,-0.11736362279298396,-0.650471892874533,-0.07922300108450478,0.7553873395016543,-0.7593750703076398,0.08794177181378943,-0.6446826718359345
2021-06-10T19:06:00,676624029.1846827,425.92097019200446,-2920.7039793028684,2199.6857922286003,0.0,0.0,0.0,0.2718744606341004,-0.6422892650906635,0.6229887875595832,0.35416627193911765,-0.027097555208424884,-0.9928555493592115,-0.11620490784964421,-0.6077004927262608,-0.07593849645991507,0.7905273277348908,-0.7937038702450594,0.09203913766450345,-0.6013010589513279
2021-06-10T19:07:00,676624089.1846827,418.94034855894915,-3038.9628300031536,2032.1667984555854,0.0,0.0,0.0,0.28833244290394244,-0.6306320081414812,0.6166770407210118,0.37266217962662007,-0.038335345352975336,-0.9926937543885774,-0.11440940212490697,-0.5628913678699728,-0.07314765963324066,0.8232877552032768,-0.8256413926603601,0.09596108527986824,-0.555974604489963
2021-06-10T19:08:00,676624149.1846827,409.7017032600779,-3147.8171613647737,1858.3346873136952,0.0,0.0,0.0,0.3046639025640711,-0.6185934735236541,0.6097284931578996,0.3908365203250175,-0.0490440419767412,-0.9924956920713408,-0.11201331691550903,-0.5162005738842134,-0.070822142211655,0.8535345287064608,-0.855062365835494,0.0996821217289377,-0.5088534417093247
2021-06-10T19:09:00,676624209.1846827,398.31264963321973,-3246.895916707094,1678.7190809438812,0.0,0.0,0.0,0.3208920192957714,-0.6061910579580134,0.6021279259655195,0.40865960648991095,-0.059121426408053845,-0.9922803415965306,-0.10901550633074847,-0.46773791627187933,-0.06894054544948852,0.8811744678976846,-0.8818876904805495,0.10308697722893717,-0.4600512759515868
2021-06-10T19:10:00,676624269.1846827,384.8905095077637,-3335.857901162061,1493.8696318476846,0.0,0.0,0.0,0.33695181446692274,-0.5933649390294294,0.5939430669939463,0.4261609520215042,-0.06876304771610026,-0.9920413955448244,-0.10547754639860835,-0.41765857139043605,-0.06739021579454663,0.9061014714474666,-0.9059983228532451,0.10635990005938195,-0.40970063539914736
2021-06-10T19:11:00,676624329.1846827,369.5617798337589,-3414.3932128666156,1304.354248684747,0.0,0.0,0.0,0.35288482605537297,-0.5801758198738365,0.5851266305194871,0.4432777276499491,-0.07773663514718143,-0.991804612815264,-0.10139341967976945,-0.3661006775513712,-0.06619825159356141,0.9282176928837237,-0.9273226566047122,0.10927671977287456,-0.3579543114187336
2021-06-10T19:12:00,676624389.1846827,352.46153280716123,-3482.224314815969,1110.7573715804897,0.0,0.0,0.0,0.3687676925148392,-0.5668528108730096,0.5754516568510428,0.45993876808770845,-0.08537655952529827,-0.9916138948267322,-0.09701920773837341,-0.31317166200344465,-0.06573155916934151,0.9474190584145792,-0.9458511263415739,0.11127104616981837,-0.30493343713448484
2021-06-10T19:13:00,676624449.1846827,333.7327091347107,-3539.107167293737,913.6784122846955,0.0,0.0,0.0,0.3844078663974806,-0.5530012195085862,0.5653797727650581,0.4761994918328709,-0.0928404869475064,-0.9914210689192058,-0.09200493512007654,-0.25920174637905213,-0.06515260959973582,0.9636231587796105,-0.9613506637317102,0.1133110831536085,-0.2509292724597044
2021-06-10T19:14:00,676624509.1846827,313.525396304968,-3584.832423287122,713.7300719146309,0.0,0.0,0.0,0.39962921908927934,-0.5384822635809584,0.555077776807208,0.4921605436781655,-0.10066667811763985,-0.9911625429105835,-0.0863888502515518,-0.2044356079639423,-0.06437029788972023,0.9767612538107776,-0.9736900441686632,0.115988267857634,-0.1961489729930111
2021-06-10T19:15:00,676624569.1846827,291.99614290916645,-3619.226495458962,511.5364507432978,0.0,0.0,0.0,0.414784608973906,-0.5236184702204025,0.544119821384067,0.5076524852488957,-0.10755485160481848,-0.9909552521566375,-0.08024738076374077,-0.14868950180225798,-0.06377469627066984,0.9868253240413828,-0.9830174901547081,0.11806979435384463,-0.14048536475796713
2021-06-10T19:16:00,676624629.1846827,269.30722545769333,-3642.1524216502658,307.7310124027266,0.0,0.0,0.0,0.43000421096172065,-0.5089273847835964,0.5321194048532316,0.5224349093917441,-0.1121785911450347,-0.9909186961928276,-0.07413569467012232,-0.09232185222540801,-0.06389063506766124,0.9936773431815382,-0.9893900339554593,0.11831366905880913,-0.08431628800805635
2021-06-10T19:17:00,676624689.1846827,245.62581962886748,-3653.5106115906183,102.95458871360529,0.0,0.0,0.0,0.44491158703680506,-0.4939044161199859,0.5196093690774655,0.5367664399200882,-0.11622421491513435,-0.9909019413952443,-0.0678621721321731,-0.03564750678347503,-0.06411956657461984,0.9973053376185278,-0.9925830882739657,0.1183301471368094,-0.02787093739181168
2021-06-10T19:18:00,676624749.1846827,221.1231965203972,-3653.239521547429,-102.14662649180696,0.0,0.0,0.0,0.45954731451449526,-0.4784516521255945,0.5066600842799776,0.5506322196332238,-0.1198005646016097,-0.9909078244149037,-0.06123322818909502,0.02125840685551081,-0.06422364943984327,0.997709077331961,-0.9925703525993012,0.11822438989459988,0.028759151151390133
2021-06-10T19:19:00,676624809.1846827,195.9739992311424,-3641.316394048327,-306.923243781829,0.0,0.0,0.0,0.4739873486453183,-0.4627835409877955,0.493125888169369,0.5639097852778847,-0.12233477502995793,-0.990993297357575,-0.054465469893600155,0.0781511186384862,-0.06432570348270514,0.9948641146041045,-0.9894071990206674,0.11744994024611571,0.08531650521593714
2021-06-10T19:20:00,676624869.1846827,170.35533931553113,-3617.757563005687,-510.7254857832563,0.0,0.0,0.0,0.4881361565484876,-0.4467343044066968,0.4791524288067422,0.5766840590001905,-0.12430310787267046,-0.9911083341817868,-0.04746585392256959,0.1348930262307502,-0.06427208527734093,0.9887734677510377,-0.9830323539169529,0.11650480234524979,0.14168282246972955
2021-06-10T19:21:00,676624929.1846827,144.44574406731184,-3582.617607157305,-712.9052897183001,0.0,0.0,0.0,0.5020478119202467,-0.43046183438055097,0.464644124516158,0.5888602900862284,-0.1253012073756477,-0.9912951646757663,-0.040416629258890696,0.19124891598228458,-0.06410766419741148,0.9794457920307552,-0.9735108933986338,0.11499610376703018,0.19761689338868882
2021-06-10T19:22:00,676624989.1846827,118.4243249830433,-3535.9897594302183,-912.8173252517292,0.0,0.0,0.0,0.5157088766758597,-0.41392137265803647,0.44966445131958704,0.6004292905863807,-0.12542690354921943,-0.9915448837946241,-0.03326913414502951,0.24704197609171893,-0.06369247147435528,0.9669092672666794,-0.9608529304293937,0.11305756276425577,0.2529419569526832
2021-06-10T19:23:00,676625049.1846827,92.46988991741955,-3478.006869957784,-1109.821515936523,0.0,0.0,0.0,0.5290611580656456,-0.3971514675152124,0.43421316091224305,0.6114114275734057,-0.12473000575350257,-0.9918448639945436,-0.02619525591354669,0.3020512877116783,-0.06310644383367334,0.9512006078311684,-0.9450965269518496,0.11073094650689319,0.3074592854822235
2021-06-10T19:24:00,676625109.1846827,66.76014033376615,-3408.841025916551,-1303.2862297357606,0.0,0.0,0.0,0.5421320020299659,-0.38017226111167135,0.4183133297097713,0.6217522838264001,-0.1231238885124406,-0.9922058696128515,-0.019183857364496973,0.356081371977188,-0.062213701124210014,0.9323816342696113,-0.9263080290100152,0.10796743813869392,0.3609660201367265
2021-06-10T19:25:00,676625169.1846827,41.47066241601664,-3328.7022675743015,-1492.590614380458,0.0,0.0,0.0,0.5549170975430383,-0.36296996450776436,0.4019677519735636,0.6314600114757563,-0.1206396394392848,-0.9926203548994609,-0.01228447944471573,0.4090114722310204,-0.06097788245545982,0.910489600948117,-0.904519592368995,0.10481664414832415,0.41334946247710425
2021-06-10T19:26:00,676625229.1846827,16.77391290751217,-3237.8377855727044,-1677.1262602469858,0.0,0.0,0.0,0.5673580973574999,-0.3455181884164516,0.3852440887855424,0.6405536377947505,-0.11744394167258215,-0.993064265699964,-0.005503158565642187,0.4606289070786551,-0.059383562837349635,0.8856040889857422,-0.8797885714919985,0.10147392105626957,0.4644083470584212
2021-06-10T19:27:00,676625289.1846827,-7.161681305751188,-3136.5314130597417,-1856.2992340528413,0.0,0.0,0.0,0.5795144203460537,-0.328218421552817,0.3689527619618972,0.648312859509236,-0.11287140872870954,-0.9936074882801471,0.002050445125819478,0.5092191156454027,-0.056073792103330106,0.8588082568888511,-0.8532033388078781,0.09797902363654132,0.5122930543881299
2021-06-10T19:28:00,676625349.1846827,-30.172604463623884,-3025.102672797147,-2029.5322020993785,0.0,0.0,0.0,0.591204323543966,-0.30986226454056637,0.3504998658049873,0.6569723501848457,-0.10892564967342716,-0.9940231520352385,0.00729219179334803,0.5595964234772465,-0.05525458378721501,0.8269212621537648,-0.8215759524686055,0.09415362015573692,0.562270442168956
2021-06-10T19:29:00,676625409.1846827,-52.10102331587217,-2903.9056751428807,-2196.2662867350955,0.0,0.0,0.0,0.6026106125636749,-0.2920449239766944,0.33260196257200214,0.6640377598437696,-0.1031404240101586,-0.9945818321974081,0.01300123062833286,0.6060429727020493,-0.052472768237770334,0.7936992653593224,-0.7887166589932457,0.08974178322449178,0.6081713937453985
2021-06-10T19:30:00,676625469.1846827,-72.79557299394389,-2773.328208587352,-2355.9629596923533,0.0,0.0,0.0,0.6136589419416792,-0.27402610429088087,0.3144811518500627,0.6703983907149836,-0.09666479428436392,-0.9951440240798861,0.018555023148814687,0.6504398444223595,-0.04904861621215287,0.7579724546680371,-0.7533816604708256,0.08533817777386832,0.6520225985964422
2021-06-10T19:31:00,676625529.1846827,-92.11217676800027,-2633.7906853804793,-2508.106388179669,0.0,0.0,0.0,0.6243685545401835,-0.25582774224142507,0.29612472308212645,0.676037146006483,-0.08943214880211398,-0.9957065099910128,0.023883817160448656,0.6926788326791424,-0.04494811296187173,0.7198442205779163,-0.715680044097149,0.08092103003968754,0.6937246293583779
2021-06-10T19:32:00,676625589.1846827,-109.91482709462991,-2485.7441024965165,-2652.2058613124864,0.0,0.0,0.0,0.6346559042631572,-0.2373852038937377,0.2775452221269971,0.6810497763238152,-0.08172029631248595,-0.9962347815707235,0.028949147817029647,0.7326942649933237,-0.04036106571678025,0.6793600653704179,-0.6756337078746828,0.07672838042692193,0.7332338292936087
2021-06-10T19:33:00,676625649.1846827,-126.07637588964371,-2329.667525498482,-2787.796596659151,0.0,0.0,0.0,0.6445162595205753,-0.21872890093920244,0.25871626242728407,0.6854358866175535,-0.07351291821506983,-0.9967265950394658,0.03364439918526285,0.7703717000961933,-0.035329373538526165,0.6366154876032126,-0.633342951761844,0.07271815527368775,0.7704471268991705
2021-06-10T19:34:00,676625709.1846827,-140.47916039680172,-2166.0671151392844,-2914.440508582741,0.0,0.0,0.0,0.6538915698471356,-0.1998598312158452,0.23959718960739074,0.6892568820704387,-0.06496372549844492,-0.9971702370394101,0.037831636656761675,0.8056268215405142,-0.030038003230177274,0.5916613412894847,-0.5888506931165924,0.06891470615703443,0.8052984691972278
2021-06-10T19:35:00,676625769.1846827,-153.01549965985816,-1995.4748179292646,-3031.728145095558,0.0,0.0,0.0,0.662859925216497,-0.1809728242840804,0.22017318814259118,0.6923794650592626,-0.05573111282524701,-0.9975919282408316,0.04128423151760041,0.8382104734816521,-0.024280973530214606,0.5448060539954469,-0.5424917005899024,0.06496752291079178,0.8375452081875411
2021-06-10T19:36:00,676625829.1846827,-163.58821482979715,-1818.446339010804,-3139.2803203240233,0.0,0.0,0.0,0.6712077892241168,-0.16151533480298624,0.20004858397257969,0.6952506485857591,-0.04678580061670612,-0.9979371296221502,0.04396105301465608,0.8686934735533721,-0.018921335470879153,0.4949885171090083,-0.49313561812794504,0.06134711391338665,0.8677867213480901
2021-06-10T19:37:00,676625889.1846827,-172.11116369749425,-1635.5590907360097,-3236.74926454876,0.0,0.0,0.0,0.6793421339724486,-0.1432142011001592,0.18061702978641753,0.696678868750973,-0.03596791522600601,-0.9983004660334853,0.04585290167067363,0.8948327715297035,-0.011743507121784541,0.4462470179586072,-0.44495013211680695,0.057081253996441206,0.8937343623087509
2021-06-10T19:38:00,676625949.1846827,-178.50970004297642,-1447.4102660786243,-3323.8197034260224,0.0,0.0,0.0,0.6868854167553116,-0.12406228316271595,0.16074539182041228,0.6978236834285851,-0.02559394829067213,-0.9985347038613919,0.047680132081786175,0.9187649425928891,-0.0046986865147682355,0.39477702897625777,-0.39397452972645275,0.05391073668090729,0.9175389378099125
2021-06-10T19:39:00,676626009.1846827,-182.72109165270285,-1254.6148060473965,-3400.209881080419,0.0,0.0,0.0,0.6939349179567537,-0.10485023951853899,0.1407126108914017,0.6983270852898259,-0.014921513826517352,-0.998694599185633,0.04885126387896788,0.9396795953646635,0.0026914184470427094,0.3420453395707145,-0.3417303124986537,0.05100837013854126,0.9384127768180599
2021-06-10T19:40:00,676626069.1846827,-184.6948851277516,-1057.8033342428744,-3465.6725209842957,0.0,0.0,0.0,0.7004905657682462,-0.08561887192120522,0.12056700767778913,0.6981733113634799,-0.0039647520812451376,-0.9987732581391631,0.04935848019353095,0.9574820133860127,0.010446872141387287,0.2883037580482244,-0.28846572549126503,0.04840290991812818,0.9562660108611285
2021-06-10T19:41:00,676626129.1846827,-184.39317263176758,-857.6199225457979,-3519.9956525656985,0.0,0.0,0.0,0.7065134624441147,-0.0663274505541402,0.10053599336589479,0.6973750144120087,0.0071212066235668,-0.9987462643662608,0.04954985197418299,0.9720730798507098,0.018537517153677213,0.23394505313712585,-0.2345702791186045,0.046500106152740195,0.9709863666818419
2021-06-10T19:42:00,676626189.1846827,-181.79082199062555,-654.7198855437741,-3563.0032179673008,0.0,0.0,0.0,0.712073079913085,-0.0470217772853262,0.07993959082185792,0.6959529748073907,0.01851823735195471,-0.9986565597633554,0.04839576972211734,0.9836209532197332,0.026876818635345162,0.1782342756238139,-0.1792955528519312,0.04430250852561646,0.9827972285603261
2021-06-10T19:43:00,676626249.1846827,-176.8756787464647,-449.76763429925563,-3594.555613590369,0.0,0.0,0.0,0.7169173082503851,-0.02758799441017907,0.05959436747105273,0.6940583455741827,0.029463048609107118,-0.9984530599088561,0.04715311151238549,0.991876703602178,0.03504383100650482,0.122280557570142,-0.1237438225445402,0.04316731479985303,0.9913748278602982
2021-06-10T19:44:00,676626309.1846827,-169.64868278465087,-243.4345066155006,-3614.5502430079982,0.0,0.0,0.0,0.7212159113867168,-0.008180609484950814,0.039192312771354786,0.6915523475563614,0.040438626417835855,-0.9981583472401585,0.04521759976197265,0.9968758792177803,0.04337685643548084,0.06600704325716233,-0.06784687853701096,0.04240710035561185,0.9967940804961741
2021-06-10T19:45:00,676626369.1846827,-160.12386220389726,-36.39644329802093,-3622.9219518240425,0.0,0.0,0.0,0.7249400351129932,0.011251075822214525,0.018750390776941503,0.6884648005736583,0.05132928243356988,-0.9977694692672004,0.0426777572407967,0.9986133175405104,0.05177926332783134,0.009505257490620117,-0.01169387855207657,0.0421306786970807,0.9990436722771097
2021-06-10T19:46:00,676626429.1846827,-148.32831775111185,170.6682862071185,-3619.64323078114,0.0,0.0,0.0,0.7281687055557076,0.030613981578759917,-0.0017176495461844168,0.6847117423129657,0.06233375923755846,-0.997276494340782,0.03942202803857259,0.9970661579745198,0.060465228141276334,-0.04693647630312575,0.04442498262514641,0.04223209704932179,0.9981196676238637
2021-06-10T19:47:00,676626489.1846827,-134.3022463914906,377.0813513458254,-3604.7244847955176,0.0,0.0,0.0,0.7307259225181927,0.049994732293970744,-0.022197691615146023,0.6804758742157943,0.07291969419441877,-0.9967022571751062,0.03559956096134487,0.992263186575733,0.06890622270620939,-0.10327488096790186,0.10048127569435256,0.042854906538345505,0.9940155784596261
2021-06-10T19:48:00,676626549.1846827,-118.09878077467238,582.1669720937223,-3578.2142334661794,0.0,0.0,0.0,0.7326644449727762,0.06932800841298471,-0.04261803226134235,0.6757071419249573,0.0832071233555537,-0.9960424428034975,0.03124142693499793,0.9842239496068609,0.07722697120218977,-0.15918295115748923,0.15614029474535093,0.043993716062380284,0.9867546611513207
2021-06-10T19:49:00,676626609.1846827,-99.78367841018053,785.2545313577015,-3540.198659921395,0.0,0.0,0.0,0.7340304060082494,0.0885716066869851,-0.06303646213186917,0.670358738278355,0.09329113291149894,-0.9952938751210434,0.02620814122798898,0.9729609121975116,0.08554846500547603,-0.21454259127500352,0.21129086079590725,0.04551441839399911,0.976362949861567
2021-06-10T19:50:00,676626669.1846827,-79.43502984751558,985.6806756740343,-3490.8010221660998,0.0,0.0,0.0,0.7346378435965328,0.10774784430467302,-0.08345489407676729,0.6646299131533034,0.10260471839293576,-0.9945087422442807,0.020606633961074206,0.9585404025104944,0.09331496117905655,-0.26924452598923987,0.2658431276496077,0.04737804997939993,0.9628513654046631
2021-06-10T19:51:00,676626729.1846827,-57.14302083828693,1182.791331982459,-3430.181319790995,0.0,0.0,0.0,0.734641897400702,0.12736633246117202,-0.10301536398436206,0.6583820583233235,0.11184180012222673,-0.9935914672781337,0.016352611335966827,0.9411087108867702,0.10062176526666841,-0.3227842230463894,0.31907022117154954,0.05149035353058673,0.9463313042771191
2021-06-10T19:52:00,676626789.1846827,-33.00958862862308,1375.9439895252547,-3358.5359047636894,0.0,0.0,0.0,0.7305310397766133,0.16261645534580446,-0.10911617847747378,0.6541971782025191,0.12023942325266723,-0.9913108619521992,0.05334094179384369,0.9203345172926513,0.09116388096525505,-0.38035972852952704,0.3721919630722414,0.09482574430470386,0.9232990960904763
2021-06-10T19:53:00,676626849.1846827,-7.147931897840863,1564.5099030633965,-3276.0968114405746,0.0,0.0,0.0,0.7245913757954803,0.19852019106003438,-0.11431653420760224,0.649991385997586,0.12888585627139884,-0.987344585694832,0.09240727867591947,0.8965680248459755,0.07620186374084961,-0.43630156175082346,0.42373837786654983,0.1390825117026641,0.895042927496499
2021-06-10T19:54:00,676626909.1846827,20.318003865421815,1747.876190141279,-3183.1310314258462,0.0,0.0,0.0,0.7192931493850825,0.22513317412101752,-0.12770866528231584,0.6446882316047771,0.13613516168422987,-0.9849425713205315,0.10656147968993374,0.8699367426094661,0.06738427588100221,-0.48853804685205876,0.4740013519086628,0.15920895252620848,0.86601110144401
2021-06-10T19:55:00,676626969.1846827,49.25403630573851,1925.447880587973,-3079.9397925626604,0.0,0.0,0.0,0.7159168430253532,0.24273811707880408,-0.14871711825063785,0.637514312881581,0.1429174392207029,-0.9850130950464087,0.09655986823567542,0.8406158420002261,0.06930741477632502,-0.5371791958325204,0.5224362274429746,0.15794203001138352,0.8379228505125251
2021-06-10T19:56:00,676627029.1846827,79.51633031186975,2096.6501850011086,-2966.8577887165084,0.0,0.0,0.0,0.7117619061166557,0.26050845946955153,-0.1694782046263387,0.6299265589754246,0.1489393369080279,-0.985016468661454,0.08694613497514403,0.8084144446579623,0.070655745684364,-0.5843576398663277,0.5694586548554298,0.15732235081991836,0.806824961402868
2021-06-10T19:57:00,676627089.1846827,110.9521418288482,2260.9307921599184,-2844.2520080788445,0.0,0.0,0.0,0.706854597333824,0.2782567286194812,-0.18995099628212897,0.6219713741141536,0.1541404575879564,-0.9849969360522035,0.07759996973160976,0.7735763647582977,0.07144960552107166,-0.6296622600713975,0.6146709096922617,0.15708593138360455,0.7729836239788221
2021-06-10T19:58:00,676627149.1846827,143.40073654635557,2417.7619370164493,-2712.520135181384,0.0,0.0,0.0,0.7012691173526561,0.29590105163774616,-0.21016143264602044,0.6135929961426179,0.15867161462579463,-0.9849616155047165,0.06836618092582358,0.7362136597701049,0.07189240544880213,-0.6729197048732435,0.6578850704188013,0.15710537234965638,0.7365494797356962
2021-06-10T19:59:00,676627209.1846827,176.69413900688505,2566.6418351467705,-2572.088712570969,0.0,0.0,0.0,0.6949626739150343,0.3133255193763688,-0.23021451436282409,0.6048597177437786,0.16229199845521117,-0.9849740181348393,0.05905498147254801,0.6964456890119977,0.07194368151689026,-0.7139940538592738,0.6990169593751051,0.15700410914719876,0.6976567925684356
2021-06-10T20:00:00,676627269.1846827,210.65755251592032,2707.0959131889076,-2423.411911564549,0.0,0.0,0.0,0.6882892301587374,0.329863771924212,-0.2508764281418914,0.5954064539641727,0.16510434476115196,-0.9851337894086039,0.04745495028377067,0.6541136099135727,0.0733620930994821,-0.7528302521962686,0.7381571246467957,0.15533647434362435,0.6565018195493958
2021-06-10T20:01:00,676627329.1846827,245.1100422510758,2838.6786170092782,-2266.9704261501674,0.0,0.0,0.0,0.6877439305873495,0.33236988321121336,-0.2825312816165979,0.5802711621151875,0.16692290665114495,-0.9859657178280223,-0.002889031499641037,0.6103461615303302,0.10563127830330862,-0.7850602500121895,0.7743476650318806,0.1292812295419632,0.6194126712844942
2021-06-10T20:02:00,676627389.1846827,279.8654781856087,2960.9752317110497,-2103.269826199501,0.0,0.0,0.0,0.687173451617877,0.33423942617165203,-0.314182390154727,0.5633525353636752,0.1678466932319639,-0.9842660960041858,-0.05520633865575619,0.5642175288099696,0.1418358537835276,-0.8133518124188752,0.8083848512649567,0.10537002817773566,0.5791468634182154
2021-06-10T20:03:00,676627449.1846827,314.7335474181415,3073.6031930282,-1932.8385238548358,0.0,0.0,0.0,0.6828547106377844,0.3429899860231861,-0.3393750176241412,0.548536152919948,0.16786537270479468,-0.981945457056074,-0.08720284406840123,0.5163365268499833,0.16293191685519617,-0.8407435884444127,0.8397724737613022,0.09610572218566876,0.5343649338008571
2021-06-10T20:04:00,676627509.1846827,349.52082891659677,3176.213038898912,-1756.226072009591,0.0,0.0,0.0,0.6739676669262933,0.3593846707968383,-0.35799885457560965,0.5370726789334277,0.16677951533164576,-0.9812578417758342,-0.09652792973628632,0.46662063978663176,0.164791191879039,-0.8689701039760807,0.8685906813861497,0.09988448844799558,0.48535895703759935
2021-06-10T20:05:00,676627569.1846827,384.0317890510179,3268.489676711325,-1574.001487984297,0.0,0.0,0.0,0.6645891867078068,0.3753053155027418,-0.37634631216153935,0.5251957600636669,0.16506573386711326,-0.9805683889343613,-0.10601385817704603,0.4155893032380418,0.16663066753306957,-0.8941586837198432,0.8944488999026332,0.10353673386849283,0.4350187469555933
2021-06-10T20:06:00,676627629.1846827,418.0695227908649,3350.1535282297723,-1386.751318309656,0.0,0.0,0.0,0.6545257138474251,0.39083881494705947,-0.39449979884180136,0.51304095290442,0.16231777871340597,-0.9799686596178232,-0.11538788879424378,0.36322532411309094,0.16806800274740577,-0.9164172141418108,0.9174531610041383,0.10683900326821211,0.38322985888911293
2021-06-10T20:07:00,676627689.1846827,451.4365927682968,3420.9615831391484,-1195.0776340199895,0.0,0.0,0.0,0.6437372829607825,0.4059761562533821,-0.4124478826391691,0.5006719636513165,0.15842865784000165,-0.9794904311684678,-0.12449439997214362,0.30971440697368413,0.1690218907345285,-0.9356861581563894,0.9375379173601217,0.10968179293726737,0.33014020932039134
2021-06-10T20:08:00,676627749.1846827,483.9360316609675,3480.7081812962942,-999.5957803034065,0.0,0.0,0.0,0.6323720267813904,0.4206795948441443,-0.43010460805706446,0.48800033233005286,0.15373140354767356,-0.9790679829671858,-0.13338868127329365,0.25532305393500426,0.1697687082550488,-0.9518343993714005,0.9545558096269515,0.11226963269726198,0.2760774092196908
2021-06-10T20:09:00,676627809.1846827,515.3723607527767,3529.225491018525,-800.932212080176,0.0,0.0,0.0,0.6203462683103428,0.4349683157442256,-0.44751392028541775,0.47508353248964613,0.14805385661587234,-0.9787413453885825,-0.1419346130023053,0.20012384067400746,0.1701964029115819,-0.9648749311853028,0.968519748861659,0.11444895483535839,0.22106771089881708
2021-06-10T20:10:00,676627869.1846827,545.5525907656611,3566.384012917663,-599.7223648908063,0.0,0.0,0.0,0.6077151505621856,0.448769455156527,-0.46464958452389027,0.4619405107776003,0.14142345620861202,-0.9784975758869503,-0.1501396017624031,0.14441541234497873,0.17043388124208744,-0.9747289268314487,0.9793587671079689,0.11616706120118642,0.16541347944058027
2021-06-10T20:11:00,676627929.1846827,574.2871597163546,3592.0929003804913,-396.60832446055304,0.0,0.0,0.0,0.5944938686246432,0.46209242876079054,-0.48150507121091074,0.4485537803294438,0.1339047451006815,-0.9783246399414932,-0.15795701352858363,0.08832524867554442,0.17054018686823774,-0.9813840711512235,0.9870502366576508,0.1174603913934153,0.10924690736025872
2021-06-10T20:12:00,676627989.1846827,601.3908064812354,3606.299880559563,-192.23658663810318,0.0,0.0,0.0,0.5806745902206693,0.47489729084515525,-0.49808890189567906,0.434967848499572,0.12542083316002006,-0.9782316945939027,-0.16532503228908782,0.0320674141527178,0.170551067839171,-0.9848268955549889,0.9915852437178585,0.11821626347867709,0.05276001791257745
2021-06-10T20:13:00,676628049.1846827,626.6834949955543,3608.9912535524463,12.743975415838008,0.0,0.0,0.0,0.5688669605093422,0.48418231996905703,-0.5165437594898765,0.4184977978464272,0.11608427545951161,-0.9763418521521943,-0.18243088753569986,-0.024063571189193583,0.18085414845414516,-0.9832155010619741,0.9929478261885989,0.11852579771066285,-0.002499948877107
2021-06-10T20:14:00,676628109.1846827,649.9913711502578,3600.1919428532165,217.68444382991902,0.0,0.0,0.0,0.5590809003827765,0.4902998505070322,-0.5365820926247958,0.39889129007081736,0.10593079316006826,-0.9721972428126557,-0.20883291916733246,-0.08014723638209645,0.200983590596842,-0.9763104100700318,0.9911382787284484,0.1201587174460172,-0.05662857106564645
2021-06-10T20:15:00,676628169.1846827,671.147426508795,3579.965050669704,421.93837068635276,0.0,0.0,0.0,0.5489678304705878,0.49616009210253315,-0.5558783795602474,0.378759437177076,0.09508103177355609,-0.9674628289955588,-0.23446806159642658,-0.1357558430061178,0.22073290350822106,-0.9658402230175177,0.9861693305343531,0.12366349429294043,-0.11035121971544112
2021-06-10T20:16:00,676628229.1846827,689.9919690702147,3548.410950735766,624.8638277493343,0.0,0.0,0.0,0.5354464655743395,0.505085999889357,-0.57222968810315,0.36157765317160867,0.08362956956056739,-0.9652613612067129,-0.24754110700341847,-0.19083945552110423,0.22829946688536107,-0.9547039623025916,0.9780523489627343,0.12708209150475763,-0.16511736646171932
2021-06-10T20:17:00,676628289.1846827,706.3735586517795,3505.6665490371297,825.8248742870968,0.0,0.0,0.0,0.5198235394802097,0.5151267970965723,-0.5870835958142848,0.34606462148139827,0.07114425856941231,-0.9646300575341811,-0.25382542538960023,-0.24505991182482337,0.22976732134392736,-0.9418877946225054,0.9668940655982012,0.1292123451688706,-0.2200455311224072
2021-06-10T20:18:00,676628349.1846827,720.1503697261242,3451.90506009554,1024.193535892854,0.0,0.0,0.0,0.503434906241471,0.5250127056977453,-0.6012756991920314,0.33073023386849254,0.05817009193285205,-0.9643570519638326,-0.25813120061733985,-0.29835247484861505,0.22995834252245012,-0.9263395497634951,0.9526815003747215,0.13089933931060693,-0.27434161516586675
2021-06-10T20:19:00,676628409.1846827,731.1910513245241,3387.3350557496005,1219.3525571128148,0.0,0.0,0.0,0.48617794212177445,0.5346392984434065,-0.6148954561408401,0.3157457951763209,0.0444163416916426,-0.9645118324392079,-0.2602769941341193,-0.35047726870950036,0.22893082677683002,-0.9081609772882812,0.935517435812214,0.13155835829029705,-0.3278712028454188
2021-06-10T20:20:00,676628469.1846827,739.3748378523396,3312.1987777407357,1410.6972735554173,0.0,0.0,0.0,0.46257031241381424,0.548824323619567,-0.6247774164533679,0.3073658207523504,0.030358864246177897,-0.9701426934570865,-0.24062729207949662,-0.4014294785341142,0.20863622807351756,-0.8918101244654517,0.9153866467922238,0.12366923088256171,-0.38310991661324045
2021-06-10T20:21:00,676628529.1846827,744.5917753314867,3226.7712811924875,1597.6367871361017,0.0,0.0,0.0,0.4381741029396898,0.5619461168472184,-0.6345329971240465,0.29931236665748606,0.015559965453338653,-0.9754485630083691,-0.21967700926587352,-0.45084485197277147,0.1892573378524541,-0.8723076174828763,0.8924666979359738,0.11261332511701172,-0.43683112535778573
2021-06-10T20:22:00,676628589.1846827,746.7434350977596,3131.359873442164,1779.595796136609,0.0,0.0,0.0,0.41481231016141695,0.5729550622771454,-0.6448659086223029,0.2894843758241068,0.0006935121009180589,-0.9791217390526662,-0.20327355744279418,-0.4987950082877318,0.17584258552943977,-0.848694836099268,0.8667197117570404,0.10198041590817669,-0.4882590869845515
2021-06-10T20:23:00,676628649.1846827,745.7435888933626,3026.3027595532676,1956.016728768012,0.0,0.0,0.0,0.39597697560805095,0.5793115903673912,-0.6575659677359739,0.27423951963522175,-0.015200632108609835,-0.9790562442359186,-0.203021701810805,-0.5446861019264799,0.17838153427249379,-0.8194492532175058,0.8385022308566836,0.09812695273597305,-0.5359898413170876
2021-06-10T20:24:00,676628709.1846827,741.5186361934113,2911.96724469941,2126.361274374549,0.0,0.0,0.0,0.3767974039619456,0.5852918223528439,-0.6696791115979754,0.25881863639191754,-0.030914398108850605,-0.9789597958165155,-0.20169783876991138,-0.5888710346587349,0.1808927922862307,-0.7877237474132934,0.8076355641807256,0.09442200947753837,-0.5820732596475335
2021-06-10T20:25:00,676628769.1846827,734.0080472914391,2788.7483161392424,2290.1116872252637,0.0,0.0,0.0,0.3572412055234495,0.5905947793424224,-0.6814344774985011,0.24335895415203607,-0.04715305537925574,-0.9787789820614907,-0.19941989279676375,-0.6310275974366939,0.18394845209500493,-0.753635945430634,0.774326004110462,0.09030321836193639,-0.6263102810203598
2021-06-10T20:26:00,676628829.1846827,723.1647949790356,2657.0671325754147,2446.772294788802,0.0,0.0,0.0,0.33745480925812493,0.595333708656347,-0.6926898693054004,0.2277779006130962,-0.06340405409208427,-0.9784927536937457,-0.196295330799076,-0.6710337616753119,0.18739000665954011,-0.7173553346118077,0.7387107800868815,0.08623755778643133,-0.6684829594017062
2021-06-10T20:27:00,676628889.1846827,708.9556225613685,2517.3693288264312,2595.8707478608567,0.0,0.0,0.0,0.31738999355051284,0.5994399440973696,-0.7035221218554117,0.21211310538155675,-0.07987069082909609,-0.9780836770906044,-0.19228362737218468,-0.7087933684944784,0.19135956789187053,-0.6789650039247143,0.7008798995011439,0.082059956039221,-0.7085432450387963
2021-06-10T20:28:00,676628949.1846827,691.3612582143915,2370.1234796903627,2736.9591110357132,0.0,0.0,0.0,0.29711044740110215,0.6030005859806783,-0.7138365739725141,0.19634923226551998,-0.0962313507041509,-0.9775625612902744,-0.18737920350255738,-0.7442129283091883,0.195674544591399,-0.6386380742927965,0.6609740119544169,0.07799302124258789,-0.7463447220677157
2021-06-10T20:29:00,676629009.1846827,670.3765918043929,2215.8196307113662,2869.615095996387,0.0,0.0,0.0,0.27657880439273946,0.6059277998325381,-0.7237135942817562,0.1805389149257415,-0.11271133270156486,-0.9769028462571334,-0.18154058624822378,-0.7771698973110369,0.20051440317507108,-0.5964905069092863,0.6191147762686573,0.07385663879473986,-0.7818197303162374
2021-06-10T20:30:00,676629069.1846827,646.010794742985,2054.967533820146,2993.4433198593697,0.0,0.0,0.0,0.2558610893490413,0.6082565300029471,-0.7331084476693178,0.16465448861716164,-0.12911819333179197,-0.9760933546379653,-0.1748435162719435,-0.8075786473427802,0.20582578617399025,-0.5526775498442691,0.5754521878546817,0.06983916363661813,-0.8148480046706856
2021-06-10T20:31:00,676629129.1846827,618.2874632539733,1888.0946716718045,3108.0762036556403,0.0,0.0,0.0,0.23498354900734875,0.610058617303117,-0.7419566608382577,0.14869945725476835,-0.1452224303002401,-0.9751579616220345,-0.16726444817369535,-0.8353902568172663,0.21143390973269297,-0.5073645835392232,0.5301259893199669,0.06605037244638656,-0.8453424062160966
2021-06-10T20:32:00,676629189.1846827,587.2447312679194,1715.7444018644255,3213.174656730656,0.0,0.0,0.0,0.21387757847896574,0.6112137300637018,-0.7503745158931793,0.13271112803253096,-0.16134831521117965,-0.9740462830092487,-0.15874684165166908,-0.8605105442060097,0.21761106535589847,-0.46061592194033807,0.48320629599456844,0.062283728136145466,-0.8732882758406142
2021-06-10T20:33:00,676629249.1846827,552.9352028159597,1538.4742140134897,3308.428737620542,0.0,0.0,0.0,0.19263840309097283,0.6117623918049613,-0.7583030127678129,0.11667802901528328,-0.1772744432552663,-0.9727558679781032,-0.14939810267437337,-0.8828491912368772,0.22426602703636364,-0.41265246230904273,0.4349150230802866,0.058743258604644466,-0.8985533663993368
2021-06-10T20:34:00,676629309.1846827,515.4257579595505,1356.8540076713805,3393.558242769839,0.0,0.0,0.0,0.17131380604631127,0.6118402207345657,-0.7656288987153771,0.10057590964681176,-0.19260624829880973,-0.9713451925378881,-0.13925282779818393,-0.902425025025227,0.23107206138038847,-0.3636409996928789,0.3853983748337241,0.05562570793213584,-0.9210721325132865
2021-06-10T20:35:00,676629369.1846827,474.79735888831556,1171.4644468720153,3468.31314255127,0.0,0.0,0.0,0.14987248468507955,0.6114008973174722,-0.7723973206817792,0.08443672244538737,-0.20745436218742092,-0.9697983126840113,-0.12827283549004054,-0.9191793471177928,0.2381187653241409,-0.3137017396072499,0.33477158696866505,0.052826946871376956,-0.9408173564740024
2021-06-10T20:36:00,676629429.1846827,431.1449097713039,982.895631603294,3532.4741535974194,0.0,0.0,0.0,0.12833675078309995,0.6103831786480917,-0.7786541924728179,0.06826201115109665,-0.2219241072437766,-0.9680758915645457,-0.1165279313965642,-0.9330337927123399,0.24554534611411896,-0.26297419009956824,0.2831918647858355,0.05036418542185772,-0.9577399524640879
2021-06-10T20:37:00,676629489.1846827,384.57701641710037,791.7454719475471,3585.8538702102496,0.0,0.0,0.0,0.10669429522783028,0.6088464509884955,-0.7843539427851599,0.052069366444429756,-0.23584465296910023,-0.9662132374786524,-0.10396768433944414,-0.9439912200556599,0.2531895603935785,-0.211602511718394,0.23077668019908604,0.04823926024233888,-0.9718102168878247
2021-06-10T20:38:00,676629549.1846827,335.2156172924499,598.617290530528,3628.297298377238,0.0,0.0,0.0,0.08497861973219169,0.6067672043943315,-0.7895100268567489,0.03586239468517052,-0.24922438771979855,-0.9641926572755999,-0.09066269476201017,-0.9520025100730524,0.2610948966378655,-0.1597519194384546,0.17770319462603829,0.04649703867430938,-0.9829850456717133
2021-06-10T20:39:00,676629609.1846827,283.1957378856596,404.11782240391494,3659.68156725841,0.0,0.0,0.0,0.06323515983741168,0.6042034679385013,-0.7940744184915378,0.019629105653386006,-0.2618789677828511,-0.9620475341745862,-0.0767068981356101,-0.9570825356407568,0.26910573508467345,-0.10758774705326206,0.12414679296883835,0.045239864424376275,-0.9912320255431705
2021-06-10T20:40:00,676629669.1846827,228.66531381384902,208.85571161609522,3679.91583894635,0.0,0.0,0.0,0.041453714256100775,0.601176701885732,-0.798032993877953,0.003391661297730463,-0.27373632536833464,-0.9597988804276677,-0.06208488788454841,-0.9592364925945093,0.27715013948687045,-0.05525532967408804,0.07024083889608068,0.044428699195496746,-0.9965401724160299
2021-06-10T20:41:00,676629729.1846827,171.78488936226654,13.43999857850099,3688.9415192579972,0.0,0.0,0.0,0.019638698464217723,0.5976847485207188,-0.8013878027798483,-0.012839488465027325,-0.2847745258167136,-0.9574502330592913,-0.046824359692100026,-0.958458836428889,0.28521617784336306,-0.0028966822061094466,0.01612849395468166,0.04405432000533127,-0.9988989381171758
2021-06-10T20:42:00,676629789.1846827,112.72717508350911,-181.5214788306851,3686.7324722005656,0.0,0.0,0.0,0.0021769956153274814,-0.593734700423246,0.8041331163161923,0.029056796916009618,-0.29494873240681824,-0.9550099828717746,-0.03100286868765223,-0.9547569567938484,0.2932696161326,0.04931618098745352,-0.03800524576109213,0.04414594962949664,-0.9983019264861451
2021-06-10T20:43:00,676629849.1846827,51.676644829285124,-375.42371387738524,3673.295216494914,0.0,0.0,0.0,0.02400827209319284,-0.5893401583758113,0.8062584062952557,0.04526768024658901,-0.3042035611933456,-0.9524945112845258,-0.014642381300139728,-0.9481473161469746,0.30125802970133225,0.10129297322005974,-0.0920698660831818,0.04469681770913253,-0.9947488799923834
2021-06-10T20:44:00,676629909.1846827,-11.170956797529925,-567.6663367064466,3648.669121819158,0.0,0.0,0.0,0.04581758296227995,-0.5844789086696531,0.8077809692054828,0.06144151854631305,-0.31257030882365183,-0.9498920823973185,0.0021985997299356352,-0.938631674904022,0.3092186902381087,0.1528214005769441,-0.14584368655775679,0.04570375702624546,-0.9882513777804353
2021-06-10T20:45:00,676629969.1846827,-75.60939934785529,-757.6555265567732,3612.926307012406,0.0,0.0,0.0,0.0676139208895607,-0.5792406374264046,0.8086352732747514,0.0775734263241028,-0.31981728331158543,-0.9472789092955037,0.019482640968767506,-0.9262987352530634,0.316925294964383,0.20378667885883456,-0.19921736461406175,0.04712775631896399,-0.9788214424605585
2021-06-10T20:46:00,676630029.1846827,-141.42276153584976,-944.8056791754644,3566.171199108731,0.0,0.0,0.0,0.08937634703920705,-0.5736010658371059,0.8088392893117213,0.09366263890246213,-0.32598737172092696,-0.9446446059185698,0.037132223033803424,-0.9111597078419525,0.32441825468872637,0.2540487804144881,-0.25203218104807656,0.04898330872522333,-0.9664783573275086
2021-06-10T20:47:00,676630089.1846827,-208.3860322940816,-1128.540926105003,3508.540138447657,0.0,0.0,0.0,0.1110952840660598,-0.5675192341106585,0.8084237013108038,0.10968534966746299,-0.331159513545466,-0.9419630497680056,0.055127030212841766,-0.8932209494512383,0.331782085965556,0.3034418937684329,-0.30412121275859505,0.05124705166252769,-0.9512539238532156
2021-06-10T20:48:00,676630149.1846827,-276.2656783358141,-1308.2966271689174,3440.2009519662047,0.0,0.0,0.0,0.13276181276081836,-0.5610950231513138,0.8073161162633965,0.1256477794816696,-0.33509335213457636,-0.9393245638371941,0.07336081465794725,-0.8725996559437625,0.33877002101230513,0.3518589395058058,-0.3553621896066612,0.05389096988723896,-0.9331738731675745
2021-06-10T20:49:00,676630209.1846827,-344.8202345704474,-1483.5207353476671,3361.35261803689,0.0,0.0,0.0,0.15436730354707562,-0.5543002555213765,0.8055426634181052,0.1415025785553293,-0.3378439246490836,-0.9367117513251405,0.09182906678765945,-0.8493382653389632,0.34545649398225914,0.39910439962055905,-0.4055687285882702,0.056841056419399405,-0.9122955117155962
2021-06-10T20:50:00,676630269.1846827,-413.8009847432095,-1653.6752542242696,3272.2250153970826,0.0,0.0,0.0,0.17591009246006153,-0.5471543757546096,0.8030855121785152,0.1572621651645689,-0.33935545692655233,-0.9341515082163503,0.11044832978044095,-0.8234955001580752,0.35178140100067085,0.4450898865728212,-0.454635057022193,0.06008997925713894,-0.8886485015568892
2021-06-10T20:51:00,676630329.1846827,-482.952712612205,-1818.2377935841025,3173.078591521418,0.0,0.0,0.0,0.1973580440125707,-0.5396309721975022,0.7999674492374141,0.17291702191888517,-0.3396964326174218,-0.931627555161463,0.12913726081527344,-0.7951212942719034,0.357796234751765,0.48965700423136294,-0.5023827834056124,0.06365495158535928,-0.8622990119884719
2021-06-10T20:52:00,676630389.1846827,-552.014525471955,-1976.703111664242,3064.203902720986,0.0,0.0,0.0,0.21871028158500339,-0.5318429634064433,0.7961161598940216,0.18843549283417396,-0.3386177500081223,-0.9292431147843303,0.14780139716982477,-0.7643919959908463,0.3632702546307893,0.5326721304570113,-0.548673760849347,0.06739403331450827,-0.833315755538701
2021-06-10T20:53:00,676630449.1846827,-620.7207785151495,-2128.5846104841553,2945.9211086921005,0.0,0.0,0.0,0.23995201301330824,-0.5236866055843459,0.7916047586767921,0.20380695921058406,-0.3363507411648138,-0.9269133983291307,0.16643236138390471,-0.7312978378143274,0.3684301250177622,0.5739884279212307,-0.5933562600377367,0.07134980712895006,-0.801771509656393
2021-06-10T20:54:00,676630509.1846827,-688.8021286370531,-2273.415921097813,2818.5793086316426,0.0,0.0,0.0,0.2610939395622488,-0.5152512444814152,0.7863716626245185,0.21901077143685943,-0.33269221956843525,-0.924722725826439,0.18494260563414888,-0.6959931853423721,0.37310087410996917,0.6135056835069714,-0.6363248957848556,0.0753897743629548,-0.7677284734369934
2021-06-10T20:55:00,676630569.1846827,-755.9865816285243,-2410.752302463573,2682.555511110406,0.0,0.0,0.0,0.2820912641433949,-0.5065660021305647,0.7804128036209884,0.23403260483075197,-0.32763080835887654,-0.9226982945785358,0.20318934665963878,-0.6586240811886225,0.3772392507231801,0.6510797703755334,-0.6774011906489038,0.07948839472322661,-0.7313065171402293
2021-06-10T20:56:00,676630629.1846827,-822.0003372094726,-2540.171593453185,2538.253722294751,0.0,0.0,0.0,0.3029707822937617,-0.4975116985437559,0.7737900309187886,0.24887708399752925,-0.321381629776826,-0.920744154864707,0.22123302042070317,-0.6191342155298206,0.3810846137459875,0.686620230059052,-0.7165100635736146,0.08369419602665246,-0.6925378042743858
2021-06-10T20:57:00,676630689.1846827,-886.568556535438,-2661.2753698190268,2386.1047598608498,0.0,0.0,0.0,0.32369082657246,-0.48825487933654815,0.7664264150457452,0.2634804962744256,-0.3136628431937809,-0.9189953128465886,0.2388791237542419,-0.5778504343474253,0.38437040177407,0.7199640753291316,-0.7534616754182563,0.08778957344719562,-0.6516045537516402
2021-06-10T20:58:00,676630749.1846827,-949.4164309038416,-2773.691066582126,2226.565990890554,0.0,0.0,0.0,0.34424648599627955,-0.4787067392245561,0.7583683297658645,0.2778699176023542,-0.30466842940041217,-0.9173835459441521,0.256094860857495,-0.5347605751494074,0.3872563334253074,0.7510417162101332,-0.7881676695935713,0.09186926500696985,-0.6085653315417484
2021-06-10T20:59:00,676630809.1846827,-1010.2705920820463,-2877.074302521236,2060.119853049238,0.0,0.0,0.0,0.3646440921134248,-0.4688978159575117,0.7496023925976167,0.2920030432871893,-0.29433904855410337,-0.915928218678724,0.2728369892889984,-0.4900194802234669,0.3897381218025906,0.7797339965753143,-0.8205153462902374,0.09581072300013588,-0.5635378175955923
2021-06-10T21:00:00,676630869.1846827,-1068.8603949338783,-2971.1100270925426,1887.2714871770527,0.0,0.0,0.0,0.3848426683085776,-0.4588793538217039,0.7401219646319789,0.3058518215649691,-0.28265171857061905,-0.914663039995348,0.2889628509956666,-0.4438437155229414,0.39176880376313183,0.8059280120387895,-0.8503591959753629,0.0995425922129477,-0.5167015677890487
2021-06-10T21:01:00,676630929.1846827,-1124.9188790901285,-3055.512818272977,1708.5471560604794,0.0,0.0,0.0,0.404852350138676,-0.4486092120792733,0.7299411668305945,0.3194217312438132,-0.2696886988496089,-0.9135539405910411,0.3044457313600982,-0.396279386273352,0.3934390648936376,0.829559130038622,-0.8776278560572357,0.10307715482200797,-0.4681286643927921
2021-06-10T21:02:00,676630989.1846827,-1178.1838775282563,-3130.0277334251787,1524.4933313298386,0.0,0.0,0.0,0.42464517675176505,-0.43816603775407464,0.7190502540318608,0.3326465532619775,-0.2553739944407144,-0.9126403103219982,0.3191736000028212,-0.3476132926988067,0.3947135879236426,0.8505093663490946,-0.902191288864223,0.10624898815429662,-0.41804548892877713
2021-06-10T21:03:00,676631049.1846827,-1228.3992179294116,-3194.4315989291954,1335.6753965107403,0.0,0.0,0.0,0.44419655833383137,-0.42743873084385564,0.7074967314116948,0.34559213529931704,-0.23997109787794618,-0.9118446840759749,0.33309629884710357,-0.29780133572718903,0.3957244147877052,0.8687442385305528,-0.9239741536549357,0.10927698597286678,-0.36651098716727537
2021-06-10T21:04:00,676631109.1846827,-1275.3157664887608,-3248.5341953827647,1142.6758449301074,0.0,0.0,0.0,0.46355523320231845,-0.4166540182700035,0.6951755986212287,0.3581157102276026,-0.22303194966040757,-0.9113082362735203,0.34608387412695646,-0.24728259000163982,0.39630513429527886,0.8841909076739493,-0.9429252728147435,0.11162230525861111,-0.3137393677178481
2021-06-10T21:05:00,676631169.1846827,-1318.6923959484782,-3292.1790141309366,946.0922929520718,0.0,0.0,0.0,0.48267972877864734,-0.4058076491519461,0.6820976172886082,0.37024758176812705,-0.20468086263188506,-0.9110228658256472,0.357970784303821,-0.19617885643048846,0.39647376016925046,0.8968402387197408,-0.9589679873498871,0.11333973460389346,-0.2598740152420511
2021-06-10T21:06:00,676631229.1846827,-1358.297055493237,-3325.243655166746,746.5356468404351,0.0,0.0,0.0,0.5014838387775248,-0.3945421518591062,0.6684909854620527,0.38206053474196644,-0.18570089970268738,-0.9106901110208157,0.36899688012028875,-0.1443013765896353,0.39673247639813775,0.9065210724993311,-0.9719528221904336,0.11509502100393265,-0.20508741447528095
2021-06-10T21:07:00,676631289.1846827,-1393.9081159413768,-3347.6400186037154,544.6283793074953,0.0,0.0,0.0,0.5197355610436301,-0.38224047241410547,0.6547365350603865,0.393811169842126,-0.16753433567060894,-0.9098889435428047,0.3795185855659333,-0.09117826633022219,0.3976099675124353,0.9130130543884762,-0.9816408559755562,0.11835718885356705,-0.14957541818847864
2021-06-10T21:08:00,676631349.1846827,-1425.3156924536888,-3359.314550236693,341.00257868754795,0.0,0.0,0.0,0.538098152427261,-0.3708588396357272,0.6396858872702564,0.40461841906378293,-0.14582819883682074,-0.9099151792413173,0.38831495336936217,-0.0390174842962742,0.3974953120367337,0.9167742976480143,-0.9885402229263098,0.11854047197080386,-0.09346862661738645
2021-06-10T21:09:00,676631409.1846827,-1452.3224412561813,-3360.2482146114007,136.29787443930957,0.0,0.0,0.0,0.5560465131025338,-0.3592899983628541,0.6240448664070567,0.41507948281495766,-0.12344594468586795,-0.9100331562187984,0.39572813056828005,0.013180840099842862,0.3972394400449754,0.9176203423677011,-0.9922637573724418,0.11849253923858061,-0.03704259642516189
2021-06-10T21:10:00,676631469.1846827,-1474.7443501269513,-3350.4566898916587,-68.83937906508811,0.0,0.0,0.0,0.5736170822464843,-0.347404848066876,0.6078845784849547,0.4251466261595284,-0.10054662898932148,-0.9101068337106564,0.4019899583721556,0.06537863518760577,0.39712043560960203,0.9154348658873801,-0.9927819546405392,0.1183254446617617,0.019572421559599484
2021-06-10T21:11:00,676631529.1846827,-1492.4129009482956,-3329.992681169993,-273.75772799872414,0.0,0.0,0.0,0.5908367367115112,-0.33533198267431447,0.5911461331568862,0.43475356375936336,-0.07692882389561156,-0.9101971635340698,0.4069681554477834,0.1172763440070588,0.397083600388493,0.910258684901633,-0.9901152534883888,0.11775286746846109,0.07619742129874899
2021-06-10T21:12:00,676631589.1846827,-1505.1762573317897,-3298.9461182514005,-477.80490441382983,0.0,0.0,0.0,0.6076803091090852,-0.32310151642217116,0.5738514390088251,0.44387450698849656,-0.05266010401356053,-0.9102921355144173,0.4106033870608986,0.16864305493523174,0.39716166426282523,0.9021209078954411,-0.9842694922974058,0.1167511904032848,0.132599872066388
2021-06-10T21:13:00,676631649.1846827,-1512.899199839127,-3257.4427483692766,-680.3299602422524,0.0,0.0,0.0,0.6241598413213227,-0.3107532627985389,0.5559879359033325,0.4524757642921391,-0.027713804283607313,-0.9103845328018223,0.4128340435178979,0.2192842721674804,0.3973961847766137,0.891061546866977,-0.9752673238820769,0.11522271807329992,0.18861964958002808
2021-06-10T21:14:00,676631709.1846827,-1515.4634018968309,-3205.644067533865,-880.6852439833143,0.0,0.0,0.0,0.6401952198698296,-0.29820899129483674,0.5376207092344522,0.46063592018966704,-0.002442955933473212,-0.9104404872115716,0.4136328700819886,0.2691471696114892,0.39777189308386973,0.877118761720783,-0.9630959625377067,0.11347087872415051,0.2440707410263216
2021-06-10T21:15:00,676631769.1846827,-1512.7681652312456,-3143.746682762006,-1078.2292264955042,0.0,0.0,0.0,0.6558819080821124,-0.2855906985116278,0.5186980230183038,0.46819786040851497,0.02348624885158429,-0.9104356735101944,0.41298339011989427,0.31789435066860305,0.3984574328650584,0.8603341536912121,-0.947835206102764,0.11107906460997302,0.2987806276810876
2021-06-10T21:16:00,676631829.1846827,-1504.7315441605165,-3071.980870595666,-1272.3289541078293,0.0,0.0,0.0,0.6711084716033562,-0.27284432630419525,0.49929991379484,0.4752567611620927,0.049661214108365936,-0.9103599744114985,0.41082658239551506,0.3654353799991148,0.3993739691466547,0.8408075973806072,-0.9295110256786552,0.10837504213398358,0.35251113937615053
2021-06-10T21:17:00,676631889.1846827,-1491.2910042188707,-2990.6093186679545,-1462.3618467700333,0.0,0.0,0.0,0.685889274011085,-0.25996128427808995,0.4794420602946074,0.4817793533283623,0.07604793105393393,-0.9101673292380799,0.40720037447187674,0.4116218343136016,0.4006175707659823,0.8185798846232842,-0.9081762921915115,0.10536125844533084,0.4051108829938962
2021-06-10T21:18:00,676631949.1846827,-1472.4038845102418,-2899.9263320221944,-1647.717494233846,0.0,0.0,0.0,0.7002192063663358,-0.24701029742033195,0.4591173503257429,0.48773992519978016,0.10264204799196414,-0.909863153182725,0.4020120053734771,0.4562363001635393,0.402191356668864,0.793782433059553,-0.8839191413229496,0.10193701536364336,0.45639434319637684
2021-06-10T21:19:00,676632009.1846827,-1448.0478467873581,-2800.256875900139,-1827.7996602865733,0.0,0.0,0.0,0.7139593493522236,-0.23432491864779617,0.43917255994374294,0.49242394597106354,0.1292922400534935,-0.9089595089042339,0.3963283081417775,0.4973232113795858,0.4052209798699817,0.767115102769009,-0.8578771124613627,0.09792123694983595,0.5044385901863263
2021-06-10T21:20:00,676632069.1846827,-1418.2212702297302,-2691.955479982735,-2002.02824115365,0.0,0.0,0.0,0.7274477136902776,-0.22053842949208635,0.4170747581403222,0.4982281315684048,0.15563475007209615,-0.9088318546933465,0.3870432591644607,0.5409078061291129,0.4062630600620407,0.7364571075749193,-0.8265570578239507,0.09473640231546854,0.5548228944787115
2021-06-10T21:21:00,676632129.1846827,-1382.9435203178782,-2575.4050043199563,-2169.8413388231397,0.0,0.0,0.0,0.7402894013534772,-0.2074611287706215,0.39548421974012,0.5025173770423054,0.18213703541414028,-0.9081117817172433,0.37703990801622345,0.5799213711642278,0.40887233163948233,0.7046379351742956,-0.7940511970884183,0.09031283588741545,0.6011042239715361
2021-06-10T21:22:00,676632189.1846827,-1342.255094803721,-2451.0151837355547,-2330.697261555286,0.0,0.0,0.0,0.7526269033052067,-0.19426968807950634,0.3736491008856357,0.5061604312093771,0.20837593457058723,-0.9070773043939642,0.3657734732661933,0.6167225272730023,0.41212181234285766,0.6706779675412332,-0.7590999896231295,0.08582759255984412,0.6452912754016948
2021-06-10T21:23:00,676632249.1846827,-1296.2177163930346,-2319.2210576907714,-2484.0763837346813,0.0,0.0,0.0,0.7644546739317035,-0.18094833667535493,0.3515390451835261,0.5092023671094335,0.23426649808320935,-0.9057450700325897,0.35319268960085876,0.6513034480229838,0.41594129756914444,0.6346626313009681,-0.7217499750392803,0.08135542445439797,0.6873559983317542
2021-06-10T21:24:00,676632309.1846827,-1244.9143079261612,-2180.481383212455,-2629.4828600343944,0.0,0.0,0.0,0.7757252022115241,-0.16741760426449026,0.3291650438011003,0.5117344334473188,0.259556487127543,-0.9041466398106346,0.3393365345923549,0.6837145476474498,0.42019843081338065,0.5966302842441169,-0.6820299460619399,0.0771500645567545,0.7272434394435165
2021-06-10T21:25:00,676632369.1846827,-1188.4489062596663,-2035.2770415165662,-2766.446299571332,0.0,0.0,0.0,0.7864344906854258,-0.15374917900935275,0.3064982162396823,0.5137517155749437,0.2842360363713902,-0.9023118357832536,0.32410372820030403,0.7138164393245248,0.4248407293955042,0.5567552834026391,-0.6400593461374803,0.07310065425254836,0.7648400667916859
2021-06-10T21:26:00,676632429.1846827,-1126.9464952830344,-1884.109320035398,-2894.5234135966434,0.0,0.0,0.0,0.7965776568513993,-0.13998972720780598,0.2835099913362231,0.5152562446918555,0.308266174237163,-0.9002601968450696,0.3074142869120754,0.7415062514536883,0.4298277571646615,0.515185964701967,-0.595936611458201,0.06913520917212435,0.8000499221776376
2021-06-10T21:27:00,676632489.1846827,-1060.552696898254,-1727.4980497391232,-3013.2996059909083,0.0,0.0,0.0,0.8060794011869216,-0.1261074758454367,0.26019809419961826,0.516362135804818,0.33133419296394667,-0.8980836122089092,0.28924639678780456,0.766831912691681,0.43493409848595854,0.4720181645358838,-0.5497148990618215,0.06540761007714868,0.8327877126215586
2021-06-10T21:28:00,676632549.1846827,-989.4333564714784,-1565.9796013384869,-3122.3902860055896,0.0,0.0,0.0,0.8149982465341349,-0.11154804139675081,0.23583265070785295,0.5174145856727874,0.35333021478633136,-0.8959973006767454,0.268973226360973,0.7907706195412852,0.43967836198721316,0.4258694227935758,-0.499839560848616,0.062223590222899805,0.8638799906413133
2021-06-10T21:29:00,676632609.1846827,-913.7741878522895,-1400.1050211694164,-3221.4420597909548,0.0,0.0,0.0,0.8233125640701487,-0.09872410462430274,0.21284224989061176,0.516825066799076,0.375180053979266,-0.8930424629374919,0.24842521306552928,0.8089918207508008,0.4462908029885209,0.3825660114622907,-0.45251758093406624,0.05744282860723343,0.8899034556552642
2021-06-10T21:30:00,676632669.1846827,-833.7803487467604,-1230.4380525569638,-3310.1339528077597,0.0,0.0,0.0,0.8310219765106945,-0.08485792513535932,0.1890488309224482,0.5161997158318049,0.39559678580403923,-0.8900311993322993,0.22660019257852004,0.8258620331669221,0.45267397183377145,0.33621150693817103,-0.401814739942316,0.05413630426383964,0.9141193441371549
2021-06-10T21:31:00,676632729.1846827,-749.675885693056,-1057.5530953052253,-3388.178463070368,0.0,0.0,0.0,0.8380896054170721,-0.07089769350969968,0.16505112056790233,0.5151091709008305,0.4148413393062776,-0.8868187710928954,0.20361515277567233,0.840011796055073,0.45927211821772745,0.2888759317010198,-0.3496953612659229,0.05120145178692098,0.9354632893085689
2021-06-10T21:32:00,676632789.1846827,-661.7030491120522,-882.033220010097,-3455.3224948930037,0.0,0.0,0.0,0.8445175648207828,-0.05693423725316671,0.14093198811590008,0.5135043817371717,0.43290284932484957,-0.8833746504748579,0.17956711821725324,0.8512792294830536,0.4661434851302503,0.2409023136488375,-0.2965110394187125,0.048574460048945334,0.9537933347081999
2021-06-10T21:33:00,676632849.1846827,-570.1215686113023,-704.4681023547407,-3511.34829132105,0.0,0.0,0.0,0.8502221037808809,-0.04264739775149881,0.11663859579037558,0.5115652565210893,0.449392852585123,-0.8798368424168299,0.15470357064847706,0.8599395120654362,0.4729643755710751,0.19185602682564484,-0.24197127853128667,0.04681698587740751,0.9691532748741496
2021-06-10T21:34:00,676632909.1846827,-475.20783000796587,-525.451853263724,-3556.0740761791685,0.0,0.0,0.0,0.8555070555209378,-0.029080477939875077,0.0923288279580378,0.5086623548922987,0.46547599248663274,-0.8756983998658098,0.12839163871157955,0.8649585340872168,0.48083386903641945,0.143685506218131,-0.187560216272741,0.044171289996194574,0.981259426661367
2021-06-10T21:35:00,676632969.1846827,-377.2540476513127,-345.58103611912475,-3589.3545181650725,0.0,0.0,0.0,0.8598482547869569,-0.014953930838648105,0.0679773655351851,0.5057829934539055,0.4791252826154051,-0.8718263060901401,0.10177355043393965,0.8677601907989134,0.4879198869705593,0.09447981352262536,-0.13202732604783604,0.04304736818735966,0.9903109154547376
2021-06-10T21:36:00,676633029.1846827,-276.567405489051,-165.4527749365107,-3611.081325866854,0.0,0.0,0.0,0.8635236984811338,-0.0008715144470891841,0.04353804689224056,0.502424622303527,0.4913478747519347,-0.867787024192786,0.07431652992024351,0.8676352480453274,0.49513747873145364,0.04525432028859484,-0.07606801118788689,0.04224402677407407,0.9962073578707551
2021-06-10T21:37:00,676633089.1846827,-173.46896289012693,14.33738445681169,-3621.183802764969,0.0,0.0,0.0,0.8665062157861665,0.013190739932573838,0.019106527580428214,0.4986260352085388,0.5020140352320628,-0.8636210592493658,0.04626634252915429,0.8646291761946774,0.5023961627844885,-0.0038056920967250996,-0.0199573571129692,0.04191374047285101,0.998921889967699
2021-06-10T21:38:00,676633149.1846827,-68.29255571573958,193.1975605226625,-3619.629012129888,0.0,0.0,0.0,0.8688381452977056,0.027219722948276393,-0.005383691235916368,0.4943180957915039,0.5112412720834761,-0.859257920236929,0.01755529061499045,0.8586717499014063,0.5098174137113617,-0.052621579203930985,0.03626551584806681,0.04197655520366045,0.9984602051025908
2021-06-10T21:39:00,676633209.1846827,38.61620456807532,370.5415083926506,-3606.42205830459,0.0,0.0,0.0,0.8704733663887695,0.04123155587857642,-0.029885201393926288,0.4895742558032228,0.5188478455847301,-0.8547871277950483,-0.011656727155428648,0.8498582743901832,0.5172340137091048,-0.10104399295806399,0.0924003602948808,0.04251989203022033,0.9948136670749526
2021-06-10T21:40:00,676633269.1846827,146.9011911028647,545.7909571581785,-3581.606352001362,0.0,0.0,0.0,0.8712637204849547,0.05521131327092702,-0.05429098091504509,0.4846686802805569,0.5242975194927713,-0.8505434278777146,-0.041085135362486536,0.8385535224573688,0.5240959624840059,-0.14883350456904001,0.14812191272079284,0.04358095228411285,0.9880084005563634
2021-06-10T21:41:00,676633329.1846827,256.1972395433763,718.3778917407435,-3545.2631331294147,0.0,0.0,0.0,0.8714865662987858,0.06912617853612588,-0.07871286807643889,0.4791002197880156,0.5285345275965126,-0.8459410504555874,-0.07095767958740307,0.8241765713686174,0.5313691016801335,-0.19590777673874413,0.20343114890645703,0.04506236715647649,0.9780517116803453
2021-06-10T21:42:00,676633389.1846827,366.1314347086379,887.7461887082915,-3497.510692334965,0.0,0.0,0.0,0.8708821967946113,0.0829694934487481,-0.1030751850163452,0.47334529542068593,0.5306394750738999,-0.8415601732126065,-0.10098624834928682,0.807351789660838,0.5381205889199235,-0.24209361724737116,0.2580791258988959,0.046933001638956195,0.9649831387814086
2021-06-10T21:43:00,676633449.1846827,476.32418529789265,1053.3531065852812,-3438.50420938825,0.0,0.0,0.0,0.8695230762793644,0.09676266277790328,-0.12735930437525086,0.467275309104657,0.5308667861803991,-0.8372605793259258,-0.13105410194766715,0.7879660776423627,0.544581545186554,-0.2872984530538493,0.3119133145850049,0.04925101977665142,0.9488331893623638
2021-06-10T21:44:00,676633509.1846827,586.3906868008557,1214.6713623405797,-3368.4356316582334,0.0,0.0,0.0,0.8674129502885428,0.11051612480303474,-0.15150941082998748,0.4608967978411178,0.5292380803395077,-0.8330641683000541,-0.16096939402598065,0.7660872364755698,0.5507206557966478,-0.33138664032838544,0.36471550615209264,0.05206583115104313,0.9296621691769402
2021-06-10T21:45:00,676633569.1846827,695.9424695283565,1371.1910767517466,-3287.532737231925,0.0,0.0,0.0,0.8646670108371156,0.12412830803160259,-0.17566113595791807,0.4539672772669776,0.5261137529695619,-0.8286700964913346,-0.19107639864024378,0.7414520181178718,0.5570117486320373,-0.37414812135678993,0.416477158755697,0.05517049090702825,0.9074706569183708
2021-06-10T21:46:00,676633629.1846827,804.5886281695509,1522.4212071353802,-3196.058129977375,0.0,0.0,0.0,0.8610316753292583,0.13766192425381005,-0.19966514968312185,0.4469982960733134,0.520652702619142,-0.8247319608982647,-0.22076674552179787,0.7147868060510505,0.5624834358365854,-0.415562517925772,0.46690532782430433,0.058562591151458065,0.8823660452255095
2021-06-10T21:47:00,676633689.1846827,911.9371206906983,1667.8909511594877,-3094.3086707495613,0.0,0.0,0.0,0.8566460362741259,0.15104173971339319,-0.22351727873107638,0.439754462750334,0.5133120771996391,-0.8209487121689529,-0.2501078235264333,0.6859069576267725,0.5676048107110336,-0.4553640569224552,0.5157929399285891,0.0621931736272508,0.8544528379460118
2021-06-10T21:48:00,676633749.1846827,1017.5963246196628,1807.151459134699,-2982.615170983522,0.0,0.0,0.0,0.8515010368484546,0.16428811918514882,-0.2472347367758806,0.4322388032927796,0.5040892037187737,-0.8173390381441635,-0.27901786935561357,0.6548681185355846,0.5723580616452643,-0.4935119011688973,0.5630646694828547,0.06605411414324946,0.8237687976519348
2021-06-10T21:49:00,676633809.1846827,1121.17711111948,1939.7783091843396,-2861.3413378531113,0.0,0.0,0.0,0.8456400733801993,0.17737342461357986,-0.2707768418248637,0.42439537752635176,0.49313693093123656,-0.8138287078682542,-0.3074065737768287,0.6217142449061518,0.5768544635502324,-0.5298210316351623,0.6085124197849168,0.0701552715885374,0.7904371403444068
2021-06-10T21:50:00,676633869.1846827,1222.294170862679,2065.3727308344023,-2730.8810856112664,0.0,0.0,0.0,0.8389803218645581,0.19028737065176174,-0.2941593899068534,0.416380822594064,0.48019452781103666,-0.8106202668321976,-0.33512385540458367,0.5867209994005916,0.5808354542926595,-0.5642593764387183,0.652051903089552,0.07433006146598381,0.7545219398001338
2021-06-10T21:51:00,676633929.1846827,1320.5668812076358,2183.562018836612,-2591.657487338792,0.0,0.0,0.0,0.8316060775633256,0.2030203455468997,-0.31730442339137044,0.40808329290725404,0.4655718578924844,-0.8075676004284056,-0.3620461515840857,0.5498905857065027,0.5845015306879795,-0.5966391743547923,0.6934429961358752,0.07869263854844039,0.7162012843805747
2021-06-10T21:52:00,676633989.1846827,1415.6211241051242,2294.0008858636174,-2444.121796489454,0.0,0.0,0.0,0.8233946850546152,0.21552705611258496,-0.34029606139000884,0.3997097338190568,0.4488614385854923,-0.8049237574186046,-0.3880994121279721,0.5115517241462205,0.5875604335474829,-0.6269669612128882,0.7326924610462369,0.08288836874139266,0.6754933573717802
2021-06-10T21:53:00,676634049.1846827,1507.0908620748348,2396.3725194095327,-2288.751787535055,0.0,0.0,0.0,0.8144760275440616,0.22781921616806358,-0.363020787433093,0.39107942056834366,0.4305455893987715,-0.8024558483289166,-0.4131526436221644,0.4716434033460345,0.5903105831049955,-0.6550464987727279,0.7695342718355266,0.08716666195833705,0.6326286252720525
2021-06-10T21:54:00,676634109.1846827,1594.6195536116356,2490.389588897938,-2126.050202464363,0.0,0.0,0.0,0.8052863389828735,0.23829112300875951,-0.38622375554586297,0.3815264913408169,0.41053749411443,-0.7985435277570234,-0.4402126761050984,0.4304087579902861,0.5953097542007798,-0.6784943607714559,0.8038701804218784,0.08907598346791001,0.5880971026945474
2021-06-10T21:55:00,676634169.1846827,1677.861685772112,2575.795147434349,-1956.5428992757268,0.0,0.0,0.0,0.7958011596388816,0.24716990870670738,-0.4098277374189422,0.371010479891606,0.38878489890534174,-0.7930953091584689,-0.46887752449226644,0.3879069713852033,0.6025165200810364,-0.6974969710186542,0.8356880302684266,0.08929542888788272,0.5418965237439772
2021-06-10T21:56:00,676634229.1846827,1756.483988395422,2652.363159321109,-1780.7768295527821,0.0,0.0,0.0,0.7856922884850077,0.25583038217343124,-0.4330433988365787,0.36015532495890085,0.3655231132556245,-0.7875138393981278,-0.4962003692384109,0.3443712065099536,0.609677914921489,-0.7139336889262643,0.8647550669425387,0.09008214480908472,0.4940484605621198
2021-06-10T21:57:00,676634289.1846827,1830.1663866894723,2719.898949702228,-1599.3184917378362,0.0,0.0,0.0,0.7751066741035701,0.26364639954210717,-0.4561975237439857,0.34868902922007905,0.34059956046282913,-0.7810920567006099,-0.5233422764995577,0.29999271824010243,0.617813073820085,-0.7268503111507161,0.8910647049543832,0.09056602440313882,0.44474879067667833
2021-06-10T21:58:00,676634349.1846827,1898.603488020065,2778.2400422122164,-1412.7524373059634,0.0,0.0,0.0,0.763767449083046,0.27165775139273635,-0.47876414460411126,0.3371145853725594,0.3142773003411619,-0.7750742757786163,-0.5481693584254089,0.25483431189613737,0.625111644874659,-0.7377634478086591,0.9144885193214256,0.09216994341080698,0.39397391989947184
2021-06-10T21:59:00,676634409.1846827,1961.5062260626955,2827.2568154548244,-1221.6790569979692,0.0,0.0,0.0,0.7513099094820452,0.2807549541900611,-0.5003450771946705,0.3261362895154066,0.2865798487763641,-0.7710075707632849,-0.5686996712686003,0.2091101338552357,0.629623552717719,-0.7482293323454801,0.9349571873590583,0.09550658453120187,0.3416629188495917
2021-06-10T22:00:00,676634469.1846827,2018.603107444926,2866.8526276363286,-1026.7121646987885,0.0,0.0,0.0,0.7376154319240635,0.2916189638356631,-0.5206480684151504,0.3159231605540571,0.2582362909622169,-0.7697212975223233,-0.5838177302640171,0.1623978965852608,0.6303018731138995,-0.7591748625539392,0.9523344691938648,0.10123572931362257,0.28776793757397423
2021-06-10T22:01:00,676634529.1846827,2069.6412249222208,2896.963751007203,-828.476870890352,0.0,0.0,0.0,0.7212569338801911,0.3061483980640406,-0.5388253075706522,0.30940084294319503,0.22787681261486453,-0.7762360161405489,-0.5878178336174729,0.11639399714407239,0.6210885534977242,-0.7750493185229763,0.9667081233243646,0.10819730107703196,0.23188089256842745
2021-06-10T22:02:00,676634589.1846827,2114.387229333678,2917.5593700446107,-627.6074555059424,0.0,0.0,0.0,0.7035883781482509,0.3207240292497483,-0.5566684144102939,0.30367707782190273,0.19580101760695884,-0.7844011989825015,-0.588537781742934,0.07025345167954906,0.6098326589347133,-0.7894102739537449,0.978123925702254,0.1132205243382653,0.17451274691947186
2021-06-10T22:03:00,676634649.1846827,2152.6282994913977,2928.641460016777,-424.7451742549532,0.0,0.0,0.0,0.6856241094035298,0.3344780836658419,-0.5742563289048676,0.29710883673251376,0.16391201569631442,-0.7915622760114598,-0.588695179448523,0.023257650311133943,0.5997015013653572,-0.7998857361912022,0.9862007568504376,0.11741921672236633,0.11670816051986152
2021-06-10T22:04:00,676634709.1846827,2184.173091794114,2930.244476191551,-220.5360021967823,0.0,0.0,0.0,0.6692035053429447,0.3428142470071703,-0.5934524549617901,0.2871571767959961,0.1307098790287552,-0.7912210915570939,-0.5973977835575632,-0.022554734372036866,0.60003829572692,-0.799653254616362,0.9911640689016601,0.1179967284984394,0.06058515149746288
2021-06-10T22:05:00,676634769.1846827,2208.8525514860467,2922.43486826812,-15.628355293582672,0.0,0.0,0.0,0.6520528097885855,0.35097037706157075,-0.6122223213773033,0.2771836158207333,0.09670614465586047,-0.7912205090051423,-0.6038360934189373,-0.06826708691206676,0.5999780750916061,-0.7970984344821603,0.9929690460585061,0.11830644758006548,0.004007247265289754
2021-06-10T22:06:00,676634829.1846827,2226.520556907724,2905.310495024712,189.32914913023978,0.0,0.0,0.0,0.6343497259420069,0.3587618308210261,-0.6305134688432797,0.26710136568437975,0.062219252113507595,-0.791279689120306,-0.6082805423915083,-0.11353697663781773,0.5998936183909692,-0.7919829553404122,0.9915836422624063,0.11833892089866993,-0.05251457129367962
2021-06-10T22:07:00,676634889.1846827,2237.0544630903446,2878.999884515667,393.68988682344866,0.0,0.0,0.0,0.6160409445502291,0.3660302875081633,-0.6484206794357675,0.2570330829765125,0.02696923347129382,-0.7913690218752412,-0.6107435891290179,-0.15799740900520876,0.5999116457645614,-0.784310420703242,0.9870711621730275,0.117648155498841,-0.10885509778650218
2021-06-10T22:08:00,676634949.1846827,2240.3555611580405,2843.661345726066,596.8112917647939,0.0,0.0,0.0,0.597257907812518,0.37289543947448106,-0.6658066928593844,0.246846977940174,-0.008463965549094898,-0.7914151778664842,-0.6112204001256377,-0.20168993948891983,0.6000311214018736,-0.7741342400760772,0.9794128494134329,0.11672475997735476,-0.16469912207443405
2021-06-10T22:09:00,676635009.1846827,2236.349501535612,2799.482105128296,798.0568759964434,0.0,0.0,0.0,0.5779677916469143,0.3793054124459588,-0.6827172732127716,0.23659619769748635,-0.044161271815980785,-0.7914066775904471,-0.6096927527343956,-0.24442675000935563,0.6002992866485859,-0.7615092450713009,0.9686616261375585,0.11539600129314981,-0.2199509421077624
2021-06-10T22:10:00,676635069.1846827,2224.9866559523957,2746.6773419317074,996.7982847370948,0.0,0.0,0.0,0.5581416092223223,0.3851798724622324,-0.6991903772969202,0.22637850207138788,-0.08022881980938984,-0.791330643587022,-0.6061015995624347,-0.28592559782916904,0.6007784792997861,-0.7465331682626491,0.954887369786628,0.11340648716182783,-0.2744614357092621
2021-06-10T22:11:00,676635129.1846827,2206.2423593510457,2685.4890786313435,1192.4173060286305,0.0,0.0,0.0,0.5378416562818386,0.39056963476309925,-0.7151697761022723,0.21613399667533462,-0.11636342633805585,-0.7911389299930947,-0.6004654415203667,-0.3261554629903932,0.6014829117643314,-0.7292742425295327,0.9381269460858643,0.11098423448797956,-0.3280248964983103
2021-06-10T22:12:00,676635189.1846827,2180.11701521501,2616.185001511416,1384.3078100573673,0.0,0.0,0.0,0.5171514530997057,0.39552240436906777,-0.7305875544036454,0.2058111453480479,-0.15223280439794945,-0.790798558001409,-0.5928429926447876,-0.3650564264779783,0.602407600185273,-0.7098160950035922,0.9184546688608339,0.10836384960821854,-0.3803922940147754
2021-06-10T22:13:00,676635249.1846827,2146.6360823314462,2539.0571921392275,1571.8776288237534,0.0,0.0,0.0,0.49603500362347935,0.399983091122568,-0.7454955008723231,0.19544631021181885,-0.18792560399258051,-0.790267612101988,-0.5832332883389332,-0.4024747673255271,0.6036285332812421,-0.6882199179586413,0.8959341655670278,0.10540253825861229,-0.43150003000968046
2021-06-10T22:14:00,676635309.1846827,2105.8499868760473,2454.420765065337,1754.5503104137288,0.0,0.0,0.0,0.47450826454315664,0.4039273813422904,-0.7598838072472879,0.18509774975825155,-0.22336915496440357,-0.7895365767888762,-0.5716101945583121,-0.4382149287543506,0.6051629872727833,-0.664639327042796,0.8706743919671164,0.10202819584597217,-0.4811614598293469
2021-06-10T22:15:00,676635369.1846827,2057.833950197057,2362.6124412583404,1931.766782587048,0.0,0.0,0.0,0.4503956682859012,0.40980575373695793,-0.7727925108691076,0.17887068328264563,-0.25840597238676055,-0.7945147966656676,-0.5495203283902838,-0.47226447293029566,0.6001290457321664,-0.6456093215532663,0.842729269126641,0.09268962373379197,-0.5302980413025917
2021-06-10T22:16:00,676635429.1846827,2002.687711368581,2263.989071398083,2102.9868274069972,0.0,0.0,0.0,0.424208572377848,0.4167321711519455,-0.7844804386396629,0.17598814175919894,-0.2927627692962674,-0.8031478295832747,-0.518886813042744,-0.5045251160988742,0.5907249429742593,-0.6296812280618465,0.8122464946919732,0.07744420949130432,-0.5781505221625842
2021-06-10T22:17:00,676635489.1846827,1940.5353175057244,2158.926305651207,2267.690470144307,0.0,0.0,0.0,0.39763592288967964,0.42267595326613877,-0.7957367518785993,0.17330243237742002,-0.3264614227164675,-0.8105001255732192,-0.4863254938040326,-0.5348550350235325,0.5826226109252615,-0.6119485147858499,0.7793285770378986,0.060336056255174686,-0.6237038795194854
2021-06-10T22:18:00,676635549.1846827,1871.524874227999,2047.8172450563166,2425.3795979595798,0.0,0.0,0.0,0.3709549228013069,0.4274390428128972,-0.8066502568658612,0.17030464769615372,-0.35937661985734154,-0.8159383222367036,-0.4528720563309965,-0.563236932481382,0.5765843833045665,-0.5918738098769504,0.7440514787223231,0.042368658638740786,-0.666777544445131
2021-06-10T22:19:00,676635609.1846827,1795.8280357185427,1931.0707676265342,2575.5795284765964,0.0,0.0,0.0,0.3443380829100741,0.4314385694373417,-0.8170032122147008,0.16672671258840213,-0.3905840909193501,-0.8197941073724253,-0.418785970918503,-0.5901526810420685,0.5721259282226487,-0.5695539792804819,0.7065153083830271,0.024688940293594974,-0.7072669759345588
2021-06-10T22:20:00,676635669.1846827,1713.6392781498007,1809.1097316133823,2717.840178787206,0.0,0.0,0.0,0.3178688711604668,0.43324394640978214,-0.8275295807713219,0.16264641586856068,-0.42251812729289695,-0.8204448279092704,-0.3851606372227452,-0.6136438974675298,0.5716916526087784,-0.5446189690401024,0.6670229375439526,0.006240087689430074,-0.7450110483045636
2021-06-10T22:21:00,676635729.1846827,1625.1751799326908,1682.3693943479705,2851.7369757531096,0.0,0.0,0.0,0.2923981879887223,0.43398916232366924,-0.8377047948665949,0.15622862511085436,-0.4523134132930234,-0.8184715381861158,-0.354283667891237,-0.635747670608583,0.5744920473631442,-0.5155422260419253,0.6254897884625896,-0.007951647361188252,-0.7801918327137678
2021-06-10T22:22:00,676635789.1846827,1530.6737266626787,1551.2958581683642,2976.8717442664793,0.0,0.0,0.0,0.26821498032901425,0.4331095082115427,-0.8478698405881827,0.14694764933414872,-0.4809537564477243,-0.813268101120201,-0.3275339369579369,-0.6556138576179867,0.5816450845038474,-0.4815178764820416,0.5821116335017587,-0.01685204358096981,-0.8129342253645495
2021-06-10T22:23:00,676635849.1846827,1430.3936658092964,1416.344520610004,3092.873390299306,0.0,0.0,0.0,0.24549335579386877,0.43078095404180977,-0.8579572949228685,0.13442493066588176,-0.5083215637917862,-0.8051841787310582,-0.3054302311583845,-0.6731824694049565,0.592715415300602,-0.44216942380820456,0.5370610306753953,-0.019153975728971706,-0.8433259005530759
2021-06-10T22:24:00,676635909.1846827,1324.6140482188164,1277.9786911298409,3199.3986721481097,0.0,0.0,0.0,0.22653417830725692,0.42628924553093966,-0.8683497547976242,0.11370333568644396,-0.5339194904066363,-0.7918517071003569,-0.2964807780045249,-0.6888209402182658,0.6106980611968762,-0.3906066952411349,0.4903628147410264,-0.004330359410847362,-0.8715076350248638
2021-06-10T22:25:00,676635969.1846827,1213.633596508686,1136.668171871961,3296.1332327468563,0.0,0.0,0.0,0.2099238633769045,0.4204801592181732,-0.8783384907471418,0.087463723684781,-0.5582568145775488,-0.7753692624360949,-0.295214897738977,-0.7019263713111376,0.6310930654861041,-0.33018314910566093,0.442321939582141,0.022892128879998586,-0.8965641372482143
2021-06-10T22:26:00,676636029.1846827,1097.7697458050702,992.887749162121,3382.7925171299007,0.0,0.0,0.0,0.19295313088497526,0.4146613710025001,-0.887183233202284,0.06108148168434096,-0.5816500733600254,-0.7593329578803534,-0.2917133031538858,-0.712189505360006,0.6486499999871453,-0.2684013524029767,0.3930258269062575,0.05163948676497787,-0.9180762837538624
2021-06-10T22:27:00,676636089.1846827,977.3576271846425,847.1156547064005,3459.122413815512,0.0,0.0,0.0,0.16927689998585474,0.41217740447329343,-0.8939267822649142,0.04847707006755365,-0.602910236745676,-0.7533249380890958,-0.2626800031984413,-0.7205007455233658,0.6555195218386491,-0.22621412906514787,0.3426046148660983,0.052874324028671704,-0.9379906096176893
2021-06-10T22:28:00,676636149.1846827,852.7491813118556,699.8320268649259,3524.899769724446,0.0,0.0,0.0,0.14454464503787115,0.40978615132421825,-0.8998580159489742,0.03791710571940595,-0.6223643115475217,-0.7484601353621041,-0.22906350535543712,-0.7265372770138044,0.6612752065534967,-0.18670481061557323,0.29121512464387267,0.050224764522804666,-0.9553382773694785
2021-06-10T22:29:00,676636209.1846827,724.3121933145947,551.5173257928639,3579.932916051266,0.0,0.0,0.0,0.11972704745840143,0.4069807233492492,-0.9051451484571695,0.027283422686024957,-0.6400642498580311,-0.7432863817958393,-0.1945330580917432,-0.7302201272248099,0.6672446113373149,-0.14684411611330378,0.2389483664925501,0.04806228540305674,-0.9698420979068588
2021-06-10T22:30:00,676636269.1846827,592.4290884452607,402.65076155651303,3624.061999205324,0.0,0.0,0.0,0.09486821850912547,0.4038885709515437,-0.9097238076150912,0.016632415035865128,-0.6557480867432494,-0.7380098724044264,-0.15917246924694717,-0.7316983220685987,0.6731947700495889,-0.10689418627726237,0.18604303860818122,0.046370570532215494,-0.9814467677739591
2021-06-10T22:31:00,676636329.1846827,457.4957500581861,253.70889411452742,3657.1590733637013,0.0,0.0,0.0,0.06992400518664832,0.40034660825065543,-0.9136723156068437,0.006010528635832016,-0.6696664535217076,-0.7324117856824574,-0.12296266596448224,-0.7307306647404319,0.6793729336154283,-0.06697098385699551,0.13258784497707746,0.04500436939010799,-0.9901490140883511
2021-06-10T22:32:00,676636389.1846827,319.9204927169776,105.16439929173595,3679.1281633621525,0.0,0.0,0.0,0.044947168585624794,0.39652606503122234,-0.9169108696768883,-0.004613984759691787,-0.6814936635739803,-0.726743347172974,-0.08608422531646714,-0.7275728893763556,0.6854915817909844,-0.027184222229735655,0.07876596443296857,0.04410667334447527,-0.9959169263615456
2021-06-10T22:33:00,676636449.1846827,180.12308941494962,-42.51512274701008,3689.905450745701,0.0,0.0,0.0,0.019937383304874347,0.392373231592365,-0.9194637866111189,-0.015234598368900999,-0.6912914957534377,-0.7209384785151616,-0.048618701085269056,-0.7221534306238682,0.6916223082846052,0.012369531973880216,0.024708106709199235,0.043661114041196936,-0.9987408155189861
2021-06-10T22:34:00,676636509.1846827,38.533707849504026,-188.8683935897509,3689.459486830705,0.0,0.0,0.0,0.00507183269013417,-0.387939927689766,0.9213081792733981,0.025848168622913618,-0.698953778034445,-0.7150866520678276,-0.010709631450318335,-0.7145622617214203,0.6976689693658011,0.05156339115718711,-0.02940051521562559,0.04369312552892618,-0.9986122973840097
2021-06-10T22:35:00,676636569.1846827,-104.40818133302037,-333.44168519922556,3677.79144921018,0.0,0.0,0.0,0.030090004510233997,-0.3832179723326712,0.9224480527889808,0.03644402853181846,-0.7044771546196206,-0.709190546709815,0.02758091870255902,-0.7048041427782412,0.7036316369312164,0.09029750734170952,-0.08344494557294899,0.044173385278138466,-0.9955328488258924
2021-06-10T22:36:00,676636629.1846827,-248.25513852315976,-475.79023203312136,3654.9354702183496,0.0,0.0,0.0,0.05508759447146689,-0.37823316308288485,0.9228734404286132,0.047006853022917024,-0.7078100625593263,-0.70330166991041,0.06611865425877739,-0.6929436920835849,0.7094600602263954,0.12843466255310348,-0.1372368570804982,0.04509084213882286,-0.9895114254084585
2021-06-10T22:37:00,676636689.1846827,-392.5533173740655,-615.4797810236701,3620.958360993569,0.0,0.0,0.0,0.08006044825359976,-0.3729452368787636,0.9226000406352172,0.05754424328089873,-0.7090043498297511,-0.6973726172210819,0.10480584274128174,-0.67894454557515,0.7152010207093432,0.16589696805567739,-0.19064924850689763,0.046464316701442576,-0.9805579693813229
2021-06-10T22:38:00,676636749.1846827,-536.8436763404745,-752.0877694155653,3575.9590085850655,0.0,0.0,0.0,0.1049921806056501,-0.3674422153885285,0.921593090525205,0.06803701829329493,-0.7079257207240813,-0.6915511235637231,0.14352079095044684,-0.6629777039136447,0.7207143649842562,0.20256201079850025,-0.24351948187091932,0.048247773037650044,-0.9686952123068568
2021-06-10T22:39:00,676636809.1846827,-680.6631463706262,-885.2043307856568,3520.0680851458765,0.0,0.0,0.0,0.12986382482810344,-0.361703646846276,0.9198616207665867,0.078488581970809,-0.7046117177182402,-0.6858202605705277,0.18213428410138566,-0.6450489507302741,0.7260200287166322,0.23834170651414083,-0.29569270943992354,0.05045283037921694,-0.9539498590024543
2021-06-10T22:40:00,676636869.1846827,-823.5458635803141,-1014.433247529911,3453.4477136243904,0.0,0.0,0.0,0.15468907816195301,-0.3557471320136349,0.9173956186564494,0.0888850157868534,-0.6990305343229574,-0.6802208028267702,0.22058098622924194,-0.6252226382088544,0.7310868640652887,0.2731458399140329,-0.34706334400988104,0.053025056274241644,-0.9363414861319521
2021-06-10T22:41:00,676636929.1846827,-965.0243280722289,-1139.3928448445852,3376.291246337295,0.0,0.0,0.0,0.17941780831218265,-0.3495989781786684,0.9141928850495,0.09920268868208944,-0.6911796090337676,-0.6747992549070605,0.2586826504286748,-0.6036043389789958,0.7358787620293505,0.30682934924788396,-0.397407284812015,0.05593221943590293,-0.9159361532373949
2021-06-10T22:42:00,676636989.1846827,-1104.6307304068025,-1259.71702210778,3288.8231251104207,0.0,0.0,0.0,0.20405576253999133,-0.3433148071761439,0.9102289073625043,0.10945101712406045,-0.6809923778956594,-0.6696583451546763,0.2963225978772385,-0.5803219021145649,0.7403108360482316,0.3393616889922929,-0.44662721723395715,0.05914022991390028,-0.8927634412494625
2021-06-10T22:43:00,676637049.1846827,-1241.8984277400482,-1375.056322120839,3191.298580537281,0.0,0.0,0.0,0.22858849551873725,-0.336793413665313,0.9055461218132947,0.11959815005695992,-0.668634992456291,-0.664641461570459,0.33343511276477666,-0.5552864168170806,0.7445329580292364,0.37057748138099633,-0.4945545896677363,0.06262908245950183,-0.8668871644388663
2021-06-10T22:44:00,676637109.1846827,-1376.3634535491078,-1485.078962471479,3084.003171202648,0.0,0.0,0.0,0.2530260475699731,-0.33009847685787747,0.9001128865962488,0.12965186543430754,-0.6540256296544543,-0.6598623838729719,0.3699082455212018,-0.5286411875893047,0.7484507787310272,0.4004496555137599,-0.5410997787277914,0.06635560388089196,-0.8383364260810442
2021-06-10T22:45:00,676637169.1846827,-1507.5660166991092,-1589.4718080338066,2967.2521976176376,0.0,0.0,0.0,0.27730486634012863,-0.3232926740231256,0.8939218052172866,0.13959822414389064,-0.6371677160541207,-0.6554192753276342,0.40551556708389624,-0.5005742077774706,0.7519883654776981,0.42888105658111964,-0.5860398997733285,0.07027852954621688,-0.8072286938399111
2021-06-10T22:46:00,676637229.1846827,-1635.0519955196733,-1687.9412890986127,2841.390067357948,0.0,0.0,0.0,0.301427669284013,-0.3163952271969697,0.8869696159612588,0.14939986866969707,-0.6180708407939713,-0.6513324147266317,0.44017555734798414,-0.47119939790885396,0.7551474788969104,0.45576684009038404,-0.629253178911769,0.0742857364641108,-0.7736420788629698
2021-06-10T22:47:00,676637289.1846827,-1758.3744672065634,-1780.2143106491426,2706.7896159481434,0.0,0.0,0.0,0.3254186109526855,-0.30932975125603757,0.8792705154569841,0.15906348820993588,-0.5968356652670054,-0.6474934984392857,0.4738558410995327,-0.44044462089302117,0.7580278234127311,0.4810429864976312,-0.6706681180671211,0.07839635457731348,-0.7376030687282248
2021-06-10T22:48:00,676637349.1846827,-1877.0953454761047,-1866.0391448184218,2563.8512951328244,0.0,0.0,0.0,0.3492117962196862,-0.30219635946983,0.8708108476171736,0.16857327598543445,-0.5734569634084035,-0.6440472888765141,0.5063103799145587,-0.4085761828704726,0.7605208218934397,0.5046519416959783,-0.7100793011413635,0.08252980768994117,-0.6992683440091181
2021-06-10T22:49:00,676637409.1846827,-1990.7870718256167,-1945.1862124524353,2413.0021435232675,0.0,0.0,0.0,0.3728353147166602,-0.2949160714184452,0.8616063751096418,0.1779123191059655,-0.548036677838479,-0.6408671254845324,0.5375361636364158,-0.37553914354115847,0.7627434350588953,0.5264910293090757,-0.7474129724671201,0.0866705240998874,-0.6586820696209321
2021-06-10T22:50:00,676637469.1846827,-2099.0343141039784,-2017.448739725799,2254.6945344808805,0.0,0.0,0.0,0.3962331713658909,-0.28759715756795834,0.8516447426436982,0.1870518141999935,-0.5205742977363189,-0.6380934815844594,0.5673086543459046,-0.34162894738363214,0.7645989875266441,0.5465144559687164,-0.7824909346732967,0.09069232069284455,-0.6160217854276392
2021-06-10T22:51:00,676637529.1846827,-2201.435479888079,-2082.643232756329,2089.4046867131046,0.0,0.0,0.0,0.419405680184408,-0.2801779240821116,0.8409402563715173,0.19600686595091396,-0.4911984125721852,-0.6356385764844151,0.5955566468199576,-0.30681300474458645,0.7661632787142778,0.564676553851305,-0.8152238340518285,0.09464370256205162,-0.5713603678583091
2021-06-10T22:52:00,676637589.1846827,-2297.6038320460107,-2140.609779403633,1917.631165351375,0.0,0.0,0.0,0.4423399743185894,-0.27270537376111004,0.8294888995341587,0.20473224414159444,-0.4599342524832863,-0.6335346719878693,0.6221690307158209,-0.2712896495247492,0.7674329746611199,0.5809032238364014,-0.8454953633541581,0.09838927173227818,-0.5248401106571526
2021-06-10T22:53:00,676637649.1846827,-2387.168288424653,-2191.212336910018,1739.8939163179743,0.0,0.0,0.0,0.46502663762942736,-0.2650999908357956,0.8173127072765894,0.21324202137041945,-0.426944442307861,-0.6316656228163835,0.647083444491064,-0.23501274201962913,0.7684996703614374,0.5951279423307038,-0.873205276135483,0.10201371283485572,-0.47655613323385393
2021-06-10T22:54:00,676637709.1846827,-2469.774719557073,-2234.339706804422,1556.7337623763292,0.0,0.0,0.0,0.48742229986901375,-0.25756317337587886,0.804379290124916,0.22148289082699918,-0.3921614266218967,-0.6302683651818874,0.6700531346996521,-0.19844556506775296,0.7692130815829251,0.6073965696533365,-0.8982364795391129,0.10522843233960699,-0.4267296613226337
2021-06-10T22:55:00,676637769.1846827,-2545.08744652898,-2269.906600624549,1368.7108920270794,0.0,0.0,0.0,0.509532604387725,-0.2499682209148504,0.7907269473355536,0.22944129609972858,-0.35578482719705307,-0.6291288588213778,0.6910962564899874,-0.16149757419821814,0.7697451603534824,0.6175847485491227,-0.9205083868517737,0.10811691408148283,-0.37546643341987745
2021-06-10T22:56:00,676637829.1846827,-2612.790422481833,-2297.8533900691964,1176.404151930053,0.0,0.0,0.0,0.5313284864719293,-0.24231500169372475,0.7763639816565983,0.23713381750381377,-0.3179469588352378,-0.6282411837513551,0.7100864358696903,-0.12425737436890655,0.7701019851004764,0.6257020356841199,-0.9399307614299947,0.11070658328664063,-0.3229151841190332
2021-06-10T22:57:00,676637889.1846827,-2672.5913945539305,-2318.1461459147426,980.4113627096882,0.0,0.0,0.0,0.5528052178665407,-0.23502033181165105,0.7611928633795396,0.24445298008968028,-0.27834366946933603,-0.6280613644814418,0.7266799323719175,-0.08752183281503845,0.7700163683208319,0.6319926592126637,-0.9564856143440119,0.11231079629183788,-0.2692982632496016
2021-06-10T22:58:00,676637949.1846827,-2724.2265759638394,-2330.777489651681,781.3451305951878,0.0,0.0,0.0,0.5739438911455401,-0.22735716787457796,0.7454258473069116,0.25147054340327873,-0.2377942560655349,-0.6276157833871365,0.741317961623479,-0.05029585462969169,0.7701425680330214,0.6358858009977673,-0.9700124838316814,0.11392477055870698,-0.2147019512343523
2021-06-10T22:59:00,676638009.1846827,-2767.459559110958,-2335.7663222737965,579.8270557620368,0.0,0.0,0.0,0.5945272790764479,-0.21858936293302328,0.729283817380189,0.25865250540806595,-0.197512009692981,-0.626379310610125,0.7540808744866987,-0.011275429543870286,0.7706351437173309,0.6371768513971375,-0.9802356199994169,0.11734749467863964,-0.15927239176017166
2021-06-10T23:00:00,676638069.1846827,-2802.078781950677,-2333.1570020163367,376.48648121140616,0.0,0.0,0.0,0.614989067458311,-0.21109217601903538,0.7120737741497412,0.2649140998483271,-0.15445708026061156,-0.6264649553872728,0.7639925850615235,0.025212145501849192,0.7705212258501983,0.6369155267643435,-0.9876777602419529,0.11763800485357484,-0.10321793321661538
2021-06-10T23:01:00,676638129.1846827,-2827.898313275028,-2323.019069878623,171.96063957474666,0.0,0.0,0.0,0.6349643501260837,-0.20356107051966132,0.694264716749288,0.27088681716702423,-0.11076632927569946,-0.6266574815713943,0.7713826683879961,0.061356405709336787,0.7703664457080175,0.6346423644901338,-0.9919507103567289,0.11762627307618728,-0.046881212708158815
2021-06-10T23:02:00,676638189.1846827,-2844.7597654672386,-2305.4473248943154,-33.10665820070085,0.0,0.0,0.0,0.654492870363632,-0.19591382836137336,0.6758512097862698,0.2765537863244685,-0.06651370899992853,-0.6268221586666516,0.7763181744101779,0.09718776701907614,0.770271550252781,0.6302668298530577,-0.9930410185168179,0.1173700143804049,0.009685828174451544
2021-06-10T23:03:00,676638249.1846827,-2852.5339445287286,-2280.5618588805837,-238.06732543004784,0.0,0.0,0.0,0.6735576317054338,-0.18810017532950485,0.6568517664636884,0.2819294197239957,-0.021876881624753486,-0.6268992893893932,0.778793093840367,0.1326835596401339,0.7702682526702013,0.6237642919642147,-0.9909169869628836,0.11697905749094206,0.06632816186908336
2021-06-10T23:04:00,676638309.1846827,-2851.1218307842855,-2248.5075875820044,-442.2717949055203,0.0,0.0,0.0,0.6921667599895511,-0.18037791100081887,0.6372499079522895,0.28684759089688466,0.0232620288229044,-0.626984349567606,0.7786844697387566,0.1672011208400137,0.7703645376392684,0.6152903902529923,-0.9856483466251469,0.11588401332851062,0.1227527280755589
2021-06-10T23:05:00,676638369.1846827,-2840.454990715078,-2209.453276386734,-645.0713637281347,0.0,0.0,0.0,0.7102838949547364,-0.17257832382127156,0.6170818093574649,0.2914164567677789,0.06857297857006106,-0.6269667205728705,0.7760222148264376,0.2009869432948355,0.7705863417439072,0.6048147968946698,-0.977190869398107,0.11449638078053975,0.1788535254143151
2021-06-10T23:06:00,676638429.1846827,-2820.496172246302,-2163.590688172156,-845.8200441133631,0.0,0.0,0.0,0.7278955309758813,-0.16477795312719196,0.5963595853592446,0.295586818208632,0.11396735570289424,-0.6268464715854412,0.7707625723236519,0.2337788243723325,0.7709533181290202,0.5924343360583889,-0.9655873358268425,0.11266979331984395,0.23440694222672587
2021-06-10T23:07:00,676638489.1846827,-2791.239909089916,-2111.133928569583,-1043.8767063330042,0.0,0.0,0.0,0.7449940262761073,-0.15701207796212785,0.5751006651590965,0.29931644311747096,0.15933778362614148,-0.6265734251255195,0.7629005266976712,0.2653824232293931,0.7715137485070409,0.5782202913297921,-0.9508857135060997,0.11032805078985741,0.28921286461515927
2021-06-10T23:08:00,676638549.1846827,-2752.712857246363,-2052.31861406402,-1238.6073544196497,0.0,0.0,0.0,0.7615424379588477,-0.1491315277338193,0.5533291566703672,0.3027205757822421,0.2043741947530561,-0.6261067755508648,0.7524769060431947,0.2960314856551939,0.7722400808676899,0.5621482162225925,-0.9330576338146634,0.10786826739483157,0.34317326362847456
2021-06-10T23:09:00,676638609.1846827,-2704.974004602608,-1987.400968304255,-1429.3873719094786,0.0,0.0,0.0,0.7775418598661724,-0.14138114166209614,0.5310763159458626,0.30561082372773746,0.24911994212364857,-0.625418768269248,0.7394529185369997,0.32508206483674373,0.7732267944055522,0.5444648524329124,-0.9122833471886841,0.10474582908111635,0.39593863884738567
2021-06-10T23:10:00,676638669.1846827,-2648.1147154618675,-1916.6568109469715,-1615.6038439475446,0.0,0.0,0.0,0.7929666559414785,-0.13354188657681884,0.5083537421792732,0.30813458083574746,0.29325910581101433,-0.6244539318485156,0.7239173874537438,0.3529078607324918,0.7744392892453645,0.5250712609792606,-0.8885128804311957,0.10149420807151555,0.44748607468366625
2021-06-10T23:11:00,676638729.1846827,-2582.25851167789,-1840.380367518597,-1796.6576930824353,0.0,0.0,0.0,0.8078075290810693,-0.12576732198567944,0.48518929779184605,0.3101949741513282,0.33674084663902404,-0.623197588483887,0.705854353186761,0.3791137539263152,0.7759233174636143,0.5041981425988753,-0.8619039179564798,0.09781498414929563,0.4975478520576113
2021-06-10T23:12:00,676638789.1846827,-2507.5608833399847,-1758.8830909399617,-1971.9656829938792,0.0,0.0,0.0,0.8220367836049152,-0.11793805948341546,0.46161248764695306,0.3118654385695276,0.3793077189484554,-0.6216130861312488,0.6853632799446611,0.4038463620256741,0.7776611247022449,0.4818208079830795,-0.8324864985239986,0.0940231156536715,0.5460090507473558
2021-06-10T23:13:00,676638849.1846827,-2424.20894007302,-1672.492357549354,-2140.96252799605,0.0,0.0,0.0,0.8356555651361554,-0.11018094170425102,0.43764647622654773,0.31305829870588503,0.42092012691572556,-0.6196584208196356,0.6624573105223952,0.4267772172828832,0.7797093233930826,0.4581643567784165,-0.8004295431613756,0.08987108835001778,0.5926514438633009
2021-06-10T23:14:00,676638909.1846827,-2332.4208331238815,-1581.5500446837038,-2303.102790955795,0.0,0.0,0.0,0.8486330405357015,-0.10235877491095748,0.41330421933656597,0.3138857530829495,0.4613107125802831,-0.6173582691528849,0.6372293103485007,0.4481370149256024,0.7819968304205555,0.4331906890340276,-0.7657451549387968,0.08573053552124638,0.6374046069546395
2021-06-10T23:15:00,676638969.1846827,-2232.445130412298,-1486.4111401675427,-2457.862629587663,0.0,0.0,0.0,0.8609641852364417,-0.09454279045020537,0.3886225606894745,0.31428464460930094,0.5003953349719223,-0.6146585685957172,0.6097535180629969,0.46769272331776834,0.7845736458733878,0.40707211984677727,-0.7286069072510548,0.08148029364701453,0.6800683321940887
2021-06-10T23:16:00,676639029.1846827,-2124.5602350036384,-1387.4423966752836,-2604.741468727893,0.0,0.0,0.0,0.8726400933744682,-0.08677645883933657,0.36363499926497156,0.3142271486302042,0.5380617727465913,-0.6115243317354266,0.580109920966997,0.4853045015503906,0.787462290510073,0.37997721221088554,-0.6891799978842409,0.07707874363382805,0.7204788670017381
2021-06-10T23:17:00,676639089.1846827,-2009.0737743115305,-1285.020965130266,-2743.2637715965475,0.0,0.0,0.0,0.8836386005010491,-0.07893599179022384,0.3383364264462911,0.31381586232087544,0.5740961341907176,-0.6080134615530927,0.5483915200634483,0.5011857760319002,0.790577427511798,0.3518524534689639,-0.6474769853906588,0.07284889621026114,0.7585951434792942
2021-06-10T23:18:00,676639149.1846827,-1886.3217464339032,-1179.5329440855564,-2872.9809015199266,0.0,0.0,0.0,0.8939508023875454,-0.07109625305762093,0.3127689793599153,0.31300615211523763,0.6084054285763391,-0.6040976066816023,0.5146930309227056,0.5151507966610168,0.7939449430783591,0.322910334396131,-0.6037072893202142,0.06868412452569811,0.7942417767026472
2021-06-10T23:19:00,676639209.1846827,-1756.6672849682286,-1071.3717367274157,-2993.47278585505,0.0,0.0,0.0,0.9035706563248028,-0.06327200916994871,0.28695824429064853,0.3117878893061619,0.6408865562312741,-0.599757624877288,0.47911920588051204,0.5271319262206868,0.797569929875213,0.2932816723181255,-0.5580289906455456,0.06459874890740752,0.827303237778453
2021-06-10T23:20:00,676639269.1846827,-1620.49942740101,-960.936494308929,-3104.34917960066,0.0,0.0,0.0,0.9124774457042609,-0.05541121097592143,0.26092447032525,0.31021432843229074,0.6713709824415812,-0.5950434378054648,0.44179668520721177,0.5372108743095727,0.8013933362669696,0.26300797917637464,-0.5105540916092736,0.06076205815761987,0.8576960369673394
2021-06-10T23:21:00,676639329.1846827,-1478.2319215545608,-848.6306580072862,-3205.2510260518097,0.0,0.0,0.0,0.9206740560044739,-0.047588174112878974,0.23469765056810246,0.30823961637447933,0.6998107034302536,-0.5899141009757468,0.4028229547014799,0.545238770339273,0.8054474091638324,0.23231262210690978,-0.46149719683154256,0.0570598329935042,0.8853047570048307
2021-06-10T23:22:00,676639389.1846827,-1330.3017326968397,-734.8603552548676,-3295.8517209968804,0.0,0.0,0.0,0.9281419442444974,-0.03972692720276534,0.2082855540036025,0.30592716548630156,0.7260513948218592,-0.5844367584259056,0.3623300256366465,0.5513385782607505,0.8096606813450865,0.20118487320180062,-0.4109442105671369,0.053695963390463675,0.9100777984968771
2021-06-10T23:23:00,676639449.1846827,-1177.1675186313882,-620.0328025973478,-3375.858003586027,0.0,0.0,0.0,0.934875397689331,-0.03186945673472482,0.18171862174537723,0.30326666653888823,0.7500153429547027,-0.578615638480138,0.32043864972684266,0.5554505434657055,0.8140273333876487,0.16980634340756098,-0.3590984253602239,0.05063045925148579,0.9319253604767879
2021-06-10T23:24:00,676639509.1846827,-1019.3082418388994,-504.55480238025496,-3445.0107933338686,0.0,0.0,0.0,0.9408649037354063,-0.023986518942306214,0.15501318383642013,0.3002811893290873,0.7716042403440102,-0.5724845179241291,0.27728752770422366,0.5576116112425311,0.8185117084882785,0.13823123407937823,-0.30609832944766535,0.047958938736976486,0.9507911194918532
2021-06-10T23:25:00,676639569.1846827,-857.2217009302976,-388.83123450459595,-3503.086101687327,0.0,0.0,0.0,0.9461074810709772,-0.015858655024742284,0.12835493564321998,0.2969076418995672,0.7907417253553264,-0.5658841556668242,0.23345801795467858,0.5577420090864689,0.823188710484889,0.10622710685326336,-0.25229224142305845,0.046211138218733294,0.9665470271136621
2021-06-10T23:26:00,676639629.1846827,-691.4228383164718,-273.2635711450524,-3549.895764360874,0.0,0.0,0.0,0.950672937652624,-0.00845214170124782,0.10129438540841344,0.2930682077611354,0.8077009461688156,-0.5589363370077616,0.18764155384761133,0.5555117190117109,0.8280791738006759,0.07544277273698188,-0.19754976992812265,0.043301883214655834,0.9793360175707876
2021-06-10T23:27:00,676639689.1846827,-522.4421102504016,-158.24857870777794,-3585.2879766597857,0.0,0.0,0.0,0.9543208607150861,-0.0004273151464571451,0.07427413410535356,0.2894043282480115,0.8214569755884344,-0.5524326521816137,0.14151537747075615,0.552305698331641,0.8324899043861655,0.04380610329065229,-0.14201004488239882,0.04217492025719799,0.9889663408093311
2021-06-10T23:28:00,676639749.1846827,-350.82380405118556,-44.176974304435475,-3609.148096187573,0.0,0.0,0.0,0.9572551882446099,0.007467146728201245,0.04725844153148281,0.2852602075343347,0.8327865074029673,-0.5454278558898285,0.09473693633948482,0.5468393987580753,0.8371417114344155,0.012665975784131284,-0.08621661703798097,0.0412578355719489,0.9954217628475098
2021-06-10T23:29:00,676639809.1846827,-177.12398343836117,68.56810472012933,-3621.399107330198,0.0,0.0,0.0,0.9593964725171952,0.015368915550731924,0.020188321894509302,0.28091749076097255,0.8413555900872852,-0.538401954180302,0.047372004007725566,0.5396430446375332,0.8416983196387069,-0.018147261273013027,-0.030102415238809965,0.040832272190134467,0.9987124561877565
2021-06-10T23:30:00,676639869.1846827,-1.908565548706747,179.6124273855496,-3622.001684731196,0.0,0.0,0.0,0.960774141314622,0.023217334392853214,-0.006889850282774121,0.2762725732459196,0.847251990470318,-0.5311910165741225,-0.0004105545451881243,0.5305511607423952,0.8462688413115365,-0.04842018236361825,0.026067805411686323,0.040806275696013694,0.9988269706935428
2021-06-10T23:31:00,676639929.1846827,174.24844860805388,288.59190910530765,-3610.954460481931,0.0,0.0,0.0,0.9613842455618722,0.031017671354368753,-0.033958156388942416,0.27133941855883464,0.8504435271016353,-0.5238294902741095,-0.04846103930062401,0.5196162785354194,0.850825647999812,-0.07806817396802304,0.08212630694199785,0.04121142832840052,0.995769495356833
2021-06-10T23:32:00,676639989.1846827,350.76709808569535,395.1540854237994,-3588.294336975182,0.0,0.0,0.0,0.9611466527358596,0.038891762198005574,-0.06102659058411641,0.26638374201415754,0.8506309144644271,-0.5168145472578257,-0.09659074023995146,0.5073208206628155,0.8550542656473369,-0.1072743572355499,0.1380312728312694,0.042248390986898476,0.9895263721496248
2021-06-10T23:33:00,676640049.1846827,527.0637950024015,498.95952195858,-3554.0960498821646,0.0,0.0,0.0,0.9601595115711945,0.04666708704725727,-0.08800858797687404,0.2610945877803786,0.848168209348222,-0.5095991126262271,-0.14463551798086238,0.4931706948821354,0.859303598436636,-0.13557282700940015,0.19337361340292114,0.043658563013579677,0.980153342857681
2021-06-10T23:34:00,676640109.1846827,702.5531754043459,599.682810570251,-3508.471425694847,0.0,0.0,0.0,0.9583773195132033,0.05438477603538613,-0.11495154620044072,0.25561954464476405,0.8428895808434631,-0.5024631762137337,-0.1925302860714073,0.4774567198336046,0.8634018890623689,-0.16300999555017487,0.24813753281449882,0.045474547966302126,0.9676568763234178
2021-06-10T23:35:00,676640169.1846827,876.6499605363456,697.0133904497823,-3451.5690747500057,0.0,0.0,0.0,0.9557481846785486,0.06203058724577307,-0.14183121389292813,0.2501629878604387,0.8346047725407929,-0.4957813900178705,-0.24007433632956152,0.46058989606763384,0.8671413715013649,-0.1895330827880396,0.3021453645061225,0.04760940183072815,0.9520722260232062
2021-06-10T23:36:00,676640229.1846827,1048.7709867324668,790.656536298904,-3383.5740170493737,0.0,0.0,0.0,0.9524000076353416,0.06969281092461614,-0.16854164868133306,0.24427617612326633,0.8238457248767459,-0.4887895465188043,-0.2869895482700553,0.44180498150091935,0.8709441237680411,-0.21509228622823962,0.3550867216938434,0.050409448398691714,0.9334732495304077
2021-06-10T23:37:00,676640289.1846827,1218.3371693286128,880.3343206848156,-3304.707164415512,0.0,0.0,0.0,0.9482088787361961,0.07725190504861745,-0.1951952799593138,0.23839225686630483,0.8101358690955895,-0.48224972363189056,-0.3333392831061148,0.42193289469847006,0.8744025500650981,-0.23956797117107137,0.4070043070731605,0.053435797894467174,0.911861891695929
2021-06-10T23:38:00,676640349.1846827,1384.7755669006547,965.78646799745,-3215.224726775959,0.0,0.0,0.0,0.9432058228262573,0.08475748705197851,-0.22170614597106786,0.23243349374376363,0.7936421116494468,-0.4760477610309102,-0.3788280979996924,0.400882737844963,0.8775816787494031,-0.2629513788161349,0.4576300133454251,0.05682364244605409,0.8873251064545784
2021-06-10T23:39:00,676640409.1846827,1547.5215694226538,1046.771209578046,-3115.417415018329,0.0,0.0,0.0,0.9373758983498,0.09216258242181342,-0.2480826457669231,0.22646740265109103,0.774335032811504,-0.4702980445898558,-0.42334974455615904,0.37884229543819353,0.8804371478756219,-0.2851472318430612,0.5068370272068999,0.060416702124478194,0.8599221185412517
2021-06-10T23:40:00,676640469.1846827,1706.0210047333999,1123.0660787919944,-3005.6092912758827,0.0,0.0,0.0,0.9307736102385585,0.09944109965217231,-0.27425506772445346,0.22035451438738918,0.7524560916331068,-0.46474478481683046,-0.46671416857621495,0.35565588273802795,0.8831107113781292,-0.30598098719209427,0.5543633494722247,0.06424761812528446,0.8297912510548443
2021-06-10T23:41:00,676640529.1846827,1859.731969136048,1194.4684842618972,-2886.156574284618,0.0,0.0,0.0,0.9233467733496633,0.1066461925565691,-0.3002556547197528,0.21425187879401533,0.7278853484840946,-0.4596998066759974,-0.5087818856880022,0.3316153171982314,0.8854454440928438,-0.3256035118587383,0.6001784741738951,0.06828215928980153,0.7969462628439996
2021-06-10T23:42:00,676640589.1846827,2008.126690226036,1260.7963097917918,-2757.446606408771,0.0,0.0,0.0,0.9151647635292839,0.1136965399416708,-0.32601754013576234,0.20798825910014387,0.7009068952006361,-0.4548211844599633,-0.5494244392331313,0.30655291936503914,0.8876279617635671,-0.34371777539753073,0.6440146208658437,0.07248649296173698,0.7615713206582374
2021-06-10T23:43:00,676640649.1846827,2150.6935888476564,1321.8884878180634,-2619.8965978248784,0.0,0.0,0.0,0.906146454934948,0.12062641218177435,-0.3515926630682359,0.20181791340107746,0.6713042582140424,-0.4505758965322229,-0.588499748825671,0.2809304505507958,0.8894375970291757,-0.3605257867951922,0.6858780320560072,0.07669499628495441,0.7236637359214775
2021-06-10T23:44:00,676640709.1846827,2286.939178751298,1377.6052846459113,-2473.9520652379633,0.0,0.0,0.0,0.8963783727669334,0.1274036918040302,-0.3768794825525713,0.19554019479716783,0.6394517756991834,-0.44658767813040934,-0.6258281491729587,0.25452432836084865,0.8910646630667788,-0.37579400275436425,0.7254783200259124,0.0810136530208217,0.6834603098912196
2021-06-10T23:45:00,676640769.1846827,2416.389755898662,1427.8285394078398,-2320.085362415508,0.0,0.0,0.0,0.8858295143857621,0.1340090418359074,-0.4019008952870444,0.18927049034854612,0.6053047037013859,-0.44303948088683565,-0.6613034356878091,0.22760606532519512,0.8924365163788858,-0.38955428795060354,0.7627592639254932,0.08528236986060894,0.641034494147388
2021-06-10T23:46:00,676640829.1846827,2538.593187724685,1472.4619731207404,-2158.7941518455245,0.0,0.0,0.0,0.8713982375673865,0.15847439028156957,-0.4228001038053906,0.19180993564330398,0.568898041621325,-0.46829165705806497,-0.6760606053966114,0.20027970241189055,0.8761896324267928,-0.43838313018364006,0.7976484558006902,0.11399408738006339,0.5922518796940716
2021-06-10T23:47:00,676640889.1846827,2653.1206617161934,1511.4313147256198,-1990.5996323075492,0.0,0.0,0.0,0.8534371671294305,0.19228663510399788,-0.44103353830257713,0.20040027398879465,0.5306582965550507,-0.5116677943463426,-0.675720238357592,0.1724483741534917,0.8457311602911961,-0.5049756061081809,0.8298574157944901,0.1514426384518447,0.5370305361053826
2021-06-10T23:48:00,676640949.1846827,2759.5682437376645,1544.6842765624447,-1816.0446937632123,0.0,0.0,0.0,0.8334505438519795,0.22471909218124736,-0.4588760984431554,0.2104619843099065,0.49027695887584855,-0.5570557510981539,-0.6703114155106724,0.14458287003487952,0.8104141655391457,-0.5677364476462367,0.859490719721817,0.18143255072329828,0.4778681117736474
2021-06-10T23:49:00,676641009.1846827,2857.558356558098,1572.190499150454,-1635.6920413165137,0.0,0.0,0.0,0.8116006723232353,0.25575299532035267,-0.4761121308643398,0.22183776259455423,0.44821049186171996,-0.6036215616906663,-0.6593545065040477,0.11655314738302361,0.7707568249434197,-0.6263779056115003,0.8862971955389377,0.20389930619121766,0.41581528845697063
2021-06-10T23:50:00,676641069.1846827,2946.7411384296233,1593.9413892724824,-1450.1222027225654,0.0,0.0,0.0,0.7889097182519758,0.2823940987087851,-0.49369973908544673,0.23267057632842852,0.4042499410759177,-0.6459479433371649,-0.6475594487293073,0.08827637192997664,0.7322359518508996,-0.6753057033491479,0.9103786395225877,0.2158280920443253,0.35302828128282976
2021-06-10T23:51:00,676641129.1846827,3026.7956857967665,1609.9498199200061,-1259.931553355561,0.0,0.0,0.0,0.7697459981408682,0.2950584763906617,-0.514278379406276,0.236536133246899,0.3591368122877196,-0.6676298741015799,-0.6521434667823667,0.06066109382848264,0.7139823063572535,-0.6975310013929916,0.9313114311310408,0.2109493242840227,0.29691648797055215
2021-06-10T23:52:00,676641189.1846827,3097.4312292739223,1620.249786221037,-1065.7303197078745,0.0,0.0,0.0,0.750178294705076,0.30562558305119997,-0.5350031937343747,0.23999398290794208,0.31234894172400324,-0.6870978797133629,-0.6559989651648058,0.033055227636073464,0.6979917823051931,-0.7153424520887511,0.949392168984884,0.2017522627576237,0.2407291713572665
2021-06-10T23:53:00,676641249.1846827,3158.3882137729183,1624.8960478602805,-868.1405252401831,0.0,0.0,0.0,0.7311961947575223,0.31254519773114375,-0.5561930385479747,0.2414889811525388,0.2646647517053602,-0.7008225746085393,-0.6624200239453806,0.005480721769890118,0.6879971427142182,-0.7256926989476695,0.964324909402231,0.18843473813532896,0.18592960649194318
2021-06-10T23:54:00,676641309.1846827,3209.439352704641,1623.963704664994,-667.7938712107169,0.0,0.0,0.0,0.7133532581285694,0.314698274273812,-0.5783436370683855,0.24002242134632085,0.21581574942712145,-0.7064490416279342,-0.6740573520719014,-0.0215659364627091,0.6867084668402675,-0.7266129588401071,0.9761959192107372,0.17135119828254053,0.13296726726319233
2021-06-10T23:55:00,676641369.1846827,3250.390524879449,1617.5476103926044,-465.3293969252959,0.0,0.0,0.0,0.6975234270128207,0.3104705658285419,-0.6021511589561989,0.23341610546425867,0.16586180695520947,-0.6995268256777177,-0.695091419275773,-0.048274018464055046,0.6982498989280062,-0.7142245429753595,0.9849667406237052,0.15201742927797673,0.08204401904362345
2021-06-10T23:56:00,676641429.1846827,3281.081320624226,1605.7616154889097,-261.3911968317226,0.0,0.0,0.0,0.6902574536011483,0.2852541130648859,-0.6317457354845177,0.2075381035490823,0.11565052254475211,-0.6469255846783222,-0.7537322100877317,-0.07390669315431819,0.7511160531096313,-0.6560201791621987,0.9905366007079796,0.13157493169149015,0.03905483335338211
2021-06-10T23:57:00,676641489.1846827,3301.3855189099086,1588.7378724371529,-56.62631719886633,0.0,0.0,0.0,0.6823261495993782,0.2581452048981849,-0.6605571663568645,0.17735926458899967,0.06441584247807786,-0.5830730583178934,-0.809861968425273,-0.09900560190673541,0.8038094889050467,-0.5865903138795361,0.992999743216948,0.11796658090334816,-0.005949433674672405
2021-06-10T23:58:00,676641549.1846827,3311.211551983928,1566.6260772026228,148.31748398043408,0.0,0.0,0.0,0.6728939072757388,0.23194690930718403,-0.6872913728776633,0.14506891321703425,0.01317115837193128,-0.5140621951426412,-0.8576517825506288,-0.12359824378722023,0.8503112833617472,-0.5115605492220969,0.9922449267796014,0.1127420991148731,-0.05233759993843609
2021-06-10T23:59:00,676641609.1846827,3310.5027010763556,1539.5925281924158,352.79399741106033,0.0,0.0,0.0,0.6616267033835376,0.20753268521618765,-0.7117366761430923,0.11229957154670792,-0.038360579873582434,-0.44401803776130433,-0.8951963181639901,-0.14681645650597602,0.8886379815947693,-0.43447378029773387,0.9884196446908525,0.1147628851579448,-0.09927782320051662
